TICKER,Type,YEARREPORT,LENGTHREPORT,ENDDATE_x,Date_Quarter,TOI,PBT,NIM,Loan yield,Deposit yield,ROA,ROE,NPL,GROUP 2,NPL Formation (%),G2 Formation (%),NPL Coverage ratio,Provision/ Total Loan,Loan,Deposit,Total Assets,Total Equity,Leverage Multiple,Net Interest Income,OPEX,PPOP,Provision expense,NPATMI,LDR,CASA,CIR,Individual %,Fees/ Total asset,Provision on Balance Sheet,Write-off,Overdue_loan,Fees Income
ABB,Private_3,2020,4,2020-12-31,2020-Q4,1195259000000.0,457609000000.0,,,,,,0.02091515399509814,0.01640493455603119,,,0.532652558646186,0.011140510289968025,63293151000000.0,72508223000000.0,116598358000000.0,8912270000000.0,13.082902335768553,681721000000.0,-627516000000.0,567743000000.0,-110134000000.0,365546000000.0,0.8729099732591709,0.18439354112981088,0.5250042041097369,0.0,,-705118000000.0,0.0,0.03732008855112933,54399000000.0
ABB,Private_3,2021,1,2021-03-31,2021-Q1,999062000000.0,477952000000.0,0.026752816026451624,0.08371137115425861,0.004523390965452485,0.017716998281420412,0.2084965268400482,0.020413041772174484,0.015066041067894697,0.0009023409183720368,0.0006000175279628596,0.5326323884892294,0.010872647195443709,67647831000000.0,71999837000000.0,98009102000000.0,9324005000000.0,10.511481064199344,688378000000.0,-400010000000.0,599052000000.0,-121100000000.0,475275000000.0,0.9395553353822176,0.16727278146476915,0.4003855616568341,0.0,0.002040562802430074,-735511000000.0,0.0,0.03547908284006918,54740000000.0
ABB,Private_3,2021,2,2021-06-30,2021-Q2,1319217000000.0,713463000000.0,0.029118182994225045,0.08255556072985133,0.0007301636766766661,0.018125000498024013,0.20274278666123097,0.023230208776286117,0.013984854219602742,0.002597348612699792,0.0013838285517240013,0.5549025666788513,0.012890502474446746,67007706000000.0,67136580000000.0,112824106000000.0,9524271000000.0,11.845957134147065,740195000000.0,-396987000000.0,922230000000.0,-208767000000.0,477669000000.0,0.9980804205397416,0.18702537424456236,0.30092623124171386,0.5281259993828913,0.0032015829309014737,-863763000000.0,0.0,0.03721506299588886,84375000000.0
ABB,Private_3,2021,3,2021-09-30,2021-Q3,878898000000.0,407895000000.0,0.028007180048904203,0.08008851472693931,0.004214712812585576,0.01151312135066357,0.13378781816219057,0.029089496544110246,0.024478853462993194,0.005710462614553616,0.0160792252759705,0.4555802042853725,0.013252598778124382,66664887000000.0,67053917000000.0,113875841000000.0,9984411000000.0,11.405363921817722,768197000000.0,-386048000000.0,492850000000.0,-84955000000.0,326253000000.0,0.9941982509388676,0.20792631696668817,0.43924095856401996,0.0,0.002436065854042745,-883483000000.0,0.0,0.053568350007103444,69032000000.0
ABB,Private_3,2021,4,2021-12-31,2021-Q4,1356447000000.0,359499000000.0,0.030609963165887502,0.08030159665503132,0.003388222147632422,0.009535359607013362,0.10344949868454952,0.02062082541779,0.024366520125920794,-0.007751321921538695,-0.00701600229218119,0.5209408459852921,0.010742230238058538,68983999000000.0,67839732000000.0,121694509000000.0,11729063000000.0,10.375467247468958,869218000000.0,-716073000000.0,640374000000.0,-280875000000.0,280781000000.0,1.0168672099117373,0.1708172137236627,0.5279034123707008,0.0,0.004841695909523418,-741042000000.0,0.0,0.0449873455437108,142570000000.0
ABB,Private_3,2022,1,2022-03-31,2022-Q1,1056939000000.0,575596000000.0,0.02751750390762031,0.07722096409209865,0.005009633882934063,0.014716048463697392,0.15456710638668583,0.0231630277544141,0.02440499629047586,0.004037284066410821,0.005651006112301492,0.47849137132829517,0.011083308914324965,73436643000000.0,71321893000000.0,128599312000000.0,12100949000000.0,10.62720882469631,827949000000.0,-437105000000.0,619834000000.0,-44238000000.0,460417000000.0,1.029650783385685,0.1865772547568248,0.413557452227612,0.0,0.0020282082792607175,-813921000000.0,0.0,0.04756802404488996,63456000000.0
ABB,Private_3,2022,2,2022-06-30,2022-Q2,1749041000000.0,1085140000000.0,0.031305179668203134,0.08238088782777857,0.005908227021562628,0.026819802713642028,0.2859727103342355,0.023033660235588293,0.014217180132686098,0.0012098592251827197,-0.008151339379715383,0.5268855772760261,0.012136103370007787,77706408000000.0,73707270000000.0,130198714000000.0,12170290000000.0,10.698078188769536,977229000000.0,-491477000000.0,1257564000000.0,-172424000000.0,867614000000.0,1.0542570359748773,0.17180192672988703,0.28099798689681943,0.5272874016514781,0.0026761564247789124,-943053000000.0,0.0,0.03725084036827439,86573000000.0
ABB,Private_3,2022,3,2022-09-30,2022-Q3,936305000000.0,85811000000.0,0.031000007564530516,0.08669381019106824,0.01839042766712302,0.002092358239714779,0.02217889645794024,0.023455469951914512,0.012754979080872775,0.0013644691953847616,0.00041488212915465094,0.5078171688140299,0.011911090344183778,80829376000000.0,74747519000000.0,132035539000000.0,12568903000000.0,10.504937383954669,979952000000.0,-540891000000.0,395414000000.0,-309603000000.0,68586000000.0,1.0813653360187112,0.17546713490249757,0.5776867580542665,0.0,-0.003261755435129979,-962766000000.0,0.0,0.036210449032787285,-106918000000.0
ABB,Private_3,2022,4,2022-12-31,2022-Q4,776822000000.0,-45375000000.0,0.030363538393595846,0.09505287807242932,0.0275601147668864,-0.001230829403921013,-0.012595151506730904,0.02884514318944812,0.020227067576538717,0.005811228828489286,0.013578924573165082,0.43393984382034395,0.012517056930604576,82010652000000.0,84124614000000.0,130161642000000.0,13053655000000.0,9.971279461576087,951123000000.0,-573133000000.0,203689000000.0,-249064000000.0,-40340000000.0,0.9748710644901146,0.12712612268271448,0.7377919265932221,0.0,0.005764547102434332,-1026532000000.0,0.0,0.049072210765986835,188931000000.0
ABB,Private_3,2023,1,2023-03-31,2023-Q1,1267175000000.0,611672000000.0,0.025040192808100156,0.10195862519887428,0.02374663008063494,0.014786445225601845,0.14758087940901704,0.04025142780130675,0.0319562330016874,0.010151022820791621,0.02088361643558205,0.35688022360769717,0.014364938554259432,79453107000000.0,75429560000000.0,134282715000000.0,13441593000000.0,9.990089344321019,790381000000.0,-538657000000.0,728518000000.0,-116846000000.0,488774000000.0,1.0533417800660643,0.09686583084933811,0.42508493302030104,0.0,0.0040531475587508945,-1141339000000.0,0.0,0.07220766080299415,133979000000.0
ABB,Private_3,2023,2,2023-06-30,2023-Q2,1315798000000.0,67047000000.0,0.022309635819014975,0.10213143382158427,0.025299142814000582,0.001455051022843688,0.015715406159195807,0.045467858234003324,0.03655164583185304,0.007830128027592427,0.014526694343117381,0.3350717980518969,0.015234997012036238,84020430000000.0,87481537000000.0,154449428000000.0,13291410000000.0,11.620244052361638,776538000000.0,-550868000000.0,764930000000.0,-697883000000.0,52515000000.0,0.9604361432287135,0.10367107518927109,0.41865696710285316,6.953074266193535e-05,0.005128324074399988,-1280051000000.0,0.0,0.08201950406585637,185089000000.0
ABB,Private_3,2023,3,2023-09-30,2023-Q3,820343000000.0,29501000000.0,0.01802941603326961,0.10242927212698455,0.030600370123397076,0.0006355935980659412,0.007112577149557397,0.035061836408534774,0.025172226291448285,-0.01141253383254525,-0.023514566635757517,0.4032103106827808,0.014137293951394141,81608475000000.0,92839194000000.0,141702076000000.0,13173259000000.0,10.756797235976306,647727000000.0,-554982000000.0,265361000000.0,-235860000000.0,23529000000.0,0.879030412521677,0.08946916320708256,0.6765243318953169,0.0,0.005115381754063285,-1153723000000.0,0.0,0.06023406269998306,189366000000.0
ABB,Private_3,2023,4,2023-12-31,2023-Q4,922289000000.0,-124179000000.0,0.017819379497871563,0.08995266740856528,0.02873402038967758,-0.0029220709229660384,-0.03330648939864684,0.029122891289852366,0.016408073826271793,-5.119566319551983e-05,-0.005498142196628475,0.46394765440567837,0.013511497103438566,98107189000000.0,100034291000000.0,162093425000000.0,13479565000000.0,12.02512284335585,658811000000.0,-607852000000.0,314437000000.0,-438616000000.0,-110964000000.0,0.9807355859602184,0.1159715921813251,0.6590689035649346,0.0,0.007135062872441946,-1325575000000.0,0.0,0.04553096511612416,270950000000.0
ABB,Private_3,2024,1,2024-03-31,2024-Q1,877929000000.0,192296000000.0,0.01767455283000872,0.08129219929415842,0.01943686246886363,0.004008465497993849,0.04536942045441343,0.03919513733810569,0.02009204660804145,0.0024917847763429447,0.0022898933532791363,0.40265093126929835,0.0157819585504163,79132954000000.0,83524474000000.0,144777122000000.0,13632970000000.0,10.619631819038698,660703000000.0,-508603000000.0,369326000000.0,-177030000000.0,153760000000.0,0.9474223567094837,0.1301410530283615,0.5793213346409561,0.0,0.002716037782537664,-1248873000000.0,0.0,0.05928718394614714,104184000000.0
ABB,Private_3,2024,2,2024-06-30,2024-Q2,1377373000000.0,331283000000.0,0.02218224793508187,0.07933464766069866,0.02894337518265396,0.007148176480234644,0.07848813594041967,0.035453698923129814,0.011682596879777652,0.0015922570007938792,-0.005059649359229026,0.44146396098433927,0.015651530358151092,91037807000000.0,85515818000000.0,152175815000000.0,13411525000000.0,11.346645142890164,802290000000.0,-582673000000.0,794700000000.0,-463417000000.0,265334000000.0,1.0645727203357862,0.11132857315356558,0.4230321053193289,0.5826859062720483,0.002279984184833976,-1424881000000.0,0.0,0.047136295802907464,84631000000.0
ABB,Private_3,2024,3,2024-09-30,2024-Q3,742702000000.0,-343493000000.0,0.019153420342473592,0.07110507919368234,0.034229740574347474,-0.007200268390122458,-0.08558055435772394,0.031974746220758375,0.011242701341237974,-0.0007640452059659126,-0.0002493469553808562,0.5351410830032266,0.017111000321329964,98767633000000.0,91089556000000.0,164193503000000.0,13206017000000.0,12.433234259807481,737633000000.0,-560386000000.0,182316000000.0,-525809000000.0,-284743000000.0,1.0842915185578466,0.11405287780741845,0.7545233485300968,0.0,0.0020768385637193808,-1690013000000.0,0.0,0.04321744756199635,82131000000.0
ABB,Private_3,2024,4,2024-12-31,2024-Q4,1527033000000.0,505519000000.0,0.020210015201254466,0.06874866919592143,0.027423045556299902,0.009505289272532042,0.11900060113295328,0.037383828115277316,0.014577137823570896,0.005397932336801066,0.00872802125368338,0.46214914292355547,0.017276904122676927,98738176000000.0,90719121000000.0,176713113000000.0,14024232000000.0,12.600555452876137,842949000000.0,-775229000000.0,751804000000.0,-246285000000.0,405052000000.0,1.0883943198700083,0.12594090280041403,0.507670102741722,0.44645358556223236,0.00536928271289402,-1705890000000.0,0.0,0.05196096593884821,228803000000.0
ABB,Private_3,2025,1,2025-03-31,2025-Q1,1306580000000.0,415732000000.0,0.018748806218856807,0.07178936745721477,0.03816783885172116,0.007379994219544569,0.09373317755767893,0.03803664375930239,0.011667989056098713,0.0017804663517381565,-0.0012106259690274205,0.45904679519683755,0.017460599417751552,98044744000000.0,89748551000000.0,183753294000000.0,14356754000000.0,12.79908355328788,832067000000.0,-550723000000.0,755857000000.0,-340125000000.0,332530000000.0,1.0924381832081056,0.10752066626680135,0.4214996402822636,0.0,0.003592257072654207,-1711920000000.0,-137718000000.0,0.0497046328154011,161861000000.0
ABB,Private_3,2025,2,2025-06-30,2025-Q2,2368951000000.0,1256728000000.0,0.019477880088541958,0.07347899958073384,0.03711440141155264,0.020633717870069852,0.27017149953651504,0.0274657283780641,0.0070147520550645,-0.005951568398199908,-0.00942502333424421,0.5690445559803584,0.015629223209572614,114534483000000.0,123056541000000.0,204917330000000.0,15327058000000.0,13.3696453683414,932985000000.0,-587382000000.0,1781569000000.0,-524841000000.0,1002465000000.0,0.9307468101187729,0.128104584054577,0.24795025308670376,0.0,0.008867930291536517,-1790085000000.0,0.0,0.034480480433128596,430838000000.0
ACB,Private_1,2018,1,2018-03-31,2018-Q1,3303376000000.0,1490087000000.0,0.03879391482875785,0.11531383441151195,0.006475130140759586,0.018138642224638412,0.28168220603797933,0.006982051210411088,0.0029700101834778743,,,1.3465074941149326,0.009401384279112766,211670318000000.0,258252752000000.0,299855182000000.0,17177260000000.0,17.456519957199227,2372811000000.0,-1679283000000.0,1624093000000.0,-134006000000.0,1144486000000.0,0.8196246365653443,0.16209612744029925,0.5083535752515003,0.0,0.005593711885800945,-1989994000000.0,,0.009952061393888963,352944000000.0
ACB,Private_1,2018,2,2018-06-30,2018-Q2,3205045000000.0,1660929000000.0,0.03403098470141948,0.09248455789213632,0.008479935665573504,0.017289113375778088,0.2970270096060098,0.007830126380384635,0.0037723951424217224,,,1.307943064734593,0.010241359495219465,221861170000000.0,267801485000000.0,309968108000000.0,18318852000000.0,16.920716865882206,2488262000000.0,-1232830000000.0,1972215000000.0,-311286000000.0,1317913000000.0,0.828453845205526,0.16081784983380507,0.38465294559046753,0.5722402364307758,0.005164892931524475,-2272160000000.0,,0.011602521522806358,393709000000.0
ACB,Private_1,2018,3,2018-09-30,2018-Q3,3360441000000.0,1625331000000.0,0.034279488928970335,0.09304420576873107,0.011315347306689663,0.01682126513774215,0.27685067039064803,0.008371767558813106,0.0025397420805465883,,,1.2954997504937413,0.010845622783633975,220939364000000.0,267975270000000.0,312777917000000.0,19518788000000.0,16.024453823669788,2563243000000.0,-1520206000000.0,1840235000000.0,-214904000000.0,1309422000000.0,0.8244766914499237,0.15969896401261205,0.452382886650889,0.0,0.0042190168937649986,-2396225000000.0,,0.010911509639359693,328422000000.0
ACB,Private_1,2018,4,2018-12-31,2018-Q4,4164337000000.0,1612224000000.0,0.03818498325860199,0.09884957509944967,0.018572569486695206,0.017009279256287275,0.2694311945127632,0.007265857801955014,0.0016620683665902881,,,1.5189286068234926,0.011036319268501134,230527220000000.0,269998503000000.0,329333241000000.0,21017899000000.0,15.669179921361312,2938604000000.0,-2279898000000.0,1884439000000.0,-272215000000.0,1365231000000.0,0.8538092524164846,0.17468155740107938,0.547481627927807,0.0,0.005263275614967588,-2544172000000.0,,0.008927926168545302,422451000000.0
ACB,Private_1,2019,1,2019-03-31,2019-Q1,3490162000000.0,1706894000000.0,0.035857937935774666,0.09422900937590947,0.0197886145534636,0.016428390838185862,0.2517689774768265,0.006838871235109559,0.0029132524127494525,,,1.5809990888699832,0.01081224919160735,237357737000000.0,275070155000000.0,335802627000000.0,22383445000000.0,15.002276325203738,2856540000000.0,-1798929000000.0,1691233000000.0,15661000000.0,1365889000000.0,0.8628989102798157,0.16901674411024345,0.5154285101952287,0.0,0.004467622545954776,-2566371000000.0,,0.009752123647859011,371447000000.0
ACB,Private_1,2019,2,2019-06-30,2019-Q2,3948649000000.0,1915339000000.0,0.035201348907041005,0.09689067812006062,0.01928595828020803,0.017855272375997676,0.2653115564244009,0.0066071196211844796,0.0024295703841758567,,,1.614757364313942,0.01066889506521078,250704406000000.0,291279937000000.0,350938171000000.0,23833705000000.0,14.724448884468446,2903004000000.0,-1922154000000.0,2026495000000.0,-111156000000.0,1532743000000.0,0.8606991905522143,0.17358920604270797,0.4867877595602952,0.5939851259809175,0.006058798329904961,-2674739000000.0,,0.009036690005360337,520103000000.0
ACB,Private_1,2019,3,2019-09-30,2019-Q3,3848856000000.0,1938773000000.0,0.035403998805555316,0.09331637218048622,0.020160688021246386,0.017477737658016836,0.2519145589901251,0.0066568775623991544,0.002334990293457078,,,1.5893768696755133,0.01058028722193913,256052028000000.0,298007119000000.0,358175116000000.0,25364309000000.0,14.121225064715937,3023025000000.0,-1843617000000.0,2005239000000.0,-66466000000.0,1549212000000.0,0.8592144672892865,0.17231695058935823,0.47900389102632057,0.0,0.005856756707479379,-2709104000000.0,,0.008991867855856232,519138000000.0
ACB,Private_1,2019,4,2019-12-31,2019-Q4,4809686000000.0,1954930000000.0,0.03728124274048784,0.10150327439368859,0.014566618053932513,0.01671039846314136,0.2333334136594332,0.0053939303382347864,0.0023486480438459556,,,1.7495328947005282,0.009436858558464904,268700541000000.0,308129391000000.0,383514439000000.0,27752507000000.0,13.819091695031371,3329591000000.0,-2742896000000.0,2066790000000.0,-111860000000.0,1549241000000.0,0.8720380101617765,0.19078455582966442,0.5702858772901184,0.0,0.005239971324660221,-2535689000000.0,,0.007742578382080742,485804000000.0
ACB,Private_1,2020,1,2020-03-31,2020-Q1,4378224000000.0,1924923000000.0,0.03675350475988253,0.10010428778073976,0.01010937137278263,0.015950521010680445,0.21510454882152102,0.006521890841126913,0.003225071225361523,0.0012758515435962595,0.0022254067586711707,1.4832945908154007,0.009673885406532053,274793621000000.0,312653631000000.0,387396053000000.0,29412365000000.0,13.171196977869682,3419444000000.0,-2360635000000.0,2017589000000.0,-92666000000.0,1537053000000.0,0.8789074993982718,0.16547609837289878,0.5391763875032434,0.0,0.0038470043290058115,-2658322000000.0,0.0,0.009746962066488436,370712000000.0
ACB,Private_1,2020,2,2020-06-30,2020-Q2,4102100000000.0,1894664000000.0,0.03273025662784703,0.09520574592177729,0.008552353312249369,0.01552399351296307,0.20206288309316603,0.006761216065886693,0.003417462006487145,0.00047311869732230793,0.0007769576281394102,1.441074906868752,0.009743418812467177,283755020000000.0,330551052000000.0,396760420000000.0,30832445000000.0,12.868276258986272,3111946000000.0,-1767906000000.0,2334194000000.0,-439530000000.0,1521655000000.0,0.8584302433259235,0.18090885398240997,0.43097584164208574,0.6144037810048629,0.0043527945219168016,-2764744000000.0,-3655000000.0,0.010178678072373838,426659000000.0
ACB,Private_1,2020,3,2020-09-30,2020-Q3,4485580000000.0,2591572000000.0,0.03671745854357329,0.09550055743312195,0.00477303831468276,0.02035119341793439,0.2603326768616093,0.008338031331220113,0.0027846612289623516,0.002038575388023091,0.0015395392828644935,1.1747895838458466,0.009795432357697708,297385546000000.0,334729380000000.0,418748315000000.0,32918968000000.0,12.720578451912587,3635001000000.0,-1732012000000.0,2753568000000.0,-161996000000.0,2074572000000.0,0.8884357447201079,0.1912725408208864,0.38612888411309126,0.0,0.004822285563869527,-2913020000000.0,-17375000000.0,0.011122692560182465,491577000000.0
ACB,Private_1,2020,4,2020-12-31,2020-Q4,5195405000000.0,3184729000000.0,0.042234446217360826,0.09591390636670931,0.0036703687185148898,0.023626611706136023,0.29833552617558284,0.005908533368200961,0.0018493735383223553,-0.0014569100812989748,-0.002304553833292221,1.6031241306162192,0.009472112419114087,311478989000000.0,353195838000000.0,444530104000000.0,35448163000000.0,12.540286050930199,4415732000000.0,-1763715000000.0,3431690000000.0,-246961000000.0,2549543000000.0,0.8818874841894372,0.2162259029790719,0.3394759407591901,0.0,0.0037596769808744632,-2950364000000.0,-205962000000.0,0.007757906906523316,405706000000.0
ACB,Private_1,2021,1,2021-03-31,2021-Q1,5675377000000.0,3104319000000.0,0.042862838412655604,0.09119053513550587,0.0036273278211022427,0.022221713274344107,0.27075341271516234,0.009109330038784948,0.0031635949130908144,0.003576077486240974,0.005020630781615899,1.2037290594555585,0.010965165279856873,324311117000000.0,352217653000000.0,449514732000000.0,37929335000000.0,11.851373929967398,4639572000000.0,-1965297000000.0,3710080000000.0,-605761000000.0,2483401000000.0,0.9207690592384931,0.22052666110974284,0.3462848371130235,0.0,0.005594412940605587,-3556125000000.0,0.0,0.012272924951875763,625207000000.0
ACB,Private_1,2021,2,2021-06-30,2021-Q2,6227217000000.0,3248434000000.0,0.044617823151051936,0.0917408553974639,0.0031774326151508088,0.022487077593367443,0.26441056126210866,0.0068192233677478835,0.0025316777276152987,-0.0016090752757020044,-0.002105502908184304,2.0772764749837656,0.014165412279482245,341667500000000.0,358474148000000.0,471275438000000.0,40380245000000.0,11.670940530449975,4990387000000.0,-1592538000000.0,4634679000000.0,-1386245000000.0,2588235000000.0,0.9531161505124771,0.2207872323334178,0.25573831777501893,0.6376417554023825,0.007701029214940468,-4839861000000.0,-102509000000.0,0.009350901095363183,886379000000.0
ACB,Private_1,2021,3,2021-09-30,2021-Q3,5690182000000.0,2615599000000.0,0.03903863853664479,0.08802341489475429,0.004083619819853782,0.017695350037648584,0.20299508538608127,0.008387980511917798,0.0072279099553872374,0.0016746720129950903,0.006261409118514345,1.9771031555526424,0.016583902738826747,336491602000000.0,365770473000000.0,479308753000000.0,42483436000000.0,11.282250169218893,4520511000000.0,-2254497000000.0,3435685000000.0,-820086000000.0,2102615000000.0,0.9199528853166887,0.22543855528764892,0.3962082407908921,0.0,0.005348786617891481,-5580344000000.0,-79603000000.0,0.015615890467305035,635559000000.0
ACB,Private_1,2021,4,2021-12-31,2021-Q4,5971221000000.0,3029760000000.0,0.03903681630986739,0.0850898506987659,0.005008999463674728,0.019291402010462744,0.22232769496641533,0.007734918539904246,0.005244231135203169,0.0006527711202730105,-0.0009347216932920661,2.0938999001201704,0.016196145158143153,361912538000000.0,379920669000000.0,527769944000000.0,44900909000000.0,11.754103775493721,4794322000000.0,-2417444000000.0,3553777000000.0,-524017000000.0,2428495000000.0,0.9526002861402626,0.25465234427664163,0.40484919248508805,0.0,0.005932549281200811,-5861588000000.0,-242773000000.0,0.012979149675107415,746818000000.0
ACB,Private_1,2022,1,2022-03-31,2022-Q1,6849763000000.0,4114005000000.0,0.042204755111130594,0.08564445131117983,0.00796322066858131,0.02489598765880977,0.2824820806768396,0.008208886740839293,0.004230218750604468,0.0008850315100163786,8.22353383070691e-05,1.8781240412318783,0.015417307539719875,379982950000000.0,386050921000000.0,528636428000000.0,48203333000000.0,10.966802399327864,5440672000000.0,-2738601000000.0,4111162000000.0,2843000000.0,3287535000000.0,0.9842819413970522,0.2690561175995744,0.39980959925182813,0.0,0.005597535339364652,-5858314000000.0,-431000000.0,0.012439105491443761,739159000000.0
ACB,Private_1,2022,2,2022-06-30,2022-Q2,6923347000000.0,4914360000000.0,0.042855374808244064,0.08609051054577557,0.013277494367488048,0.029416238017058307,0.31460440897979564,0.007578863053301969,0.0038067394724255518,-0.00020889095155453687,-0.0004759292489307744,1.8508765961307296,0.014027540250636497,395598651000000.0,388131932000000.0,543736728000000.0,52066031000000.0,10.443214463572229,5606390000000.0,-2276351000000.0,4646996000000.0,267364000000.0,3943148000000.0,1.0192375797619249,0.25018463051888246,0.32879342895856584,0.6579164496802488,0.0074098609756695554,-5549276000000.0,-41674000000.0,0.01138560252572752,993267000000.0
ACB,Private_1,2022,3,2022-09-30,2022-Q3,7090961000000.0,4474760000000.0,0.04488089404214083,0.09072229356635797,0.023199085586400995,0.02597268793080061,0.26619418515798615,0.01008341730848598,0.004363858141076621,0.0026752037635234503,0.0033057038912905697,1.377923277344736,0.013894175424543641,402250931000000.0,392023517000000.0,561113724000000.0,55734731000000.0,10.067577503872764,6032250000000.0,-2525765000000.0,4565196000000.0,-90436000000.0,3586992000000.0,1.026088776709791,0.24127279588688552,0.35619502067491277,0.0,0.006276215923564649,-5588945000000.0,-431000000.0,0.014447275449562601,866785000000.0
ACB,Private_1,2022,4,2022-12-31,2022-Q4,7925996000000.0,3611083000000.0,0.04547947952687743,0.09966953473998191,0.03728535177563048,0.019644449851662363,0.20113393493408807,0.007360089542182496,0.0056685704748512325,-5.225345270860293e-05,0.0014138885858787484,1.5927328020650824,0.011722656039970235,413706244000000.0,413952789000000.0,607875185000000.0,58438663000000.0,10.401935188010718,6454217000000.0,-4064328000000.0,3861668000000.0,-250585000000.0,2870518000000.0,0.9994044127578037,0.22300461176503875,0.5127845131387904,0.0,0.00634416968621556,-4849736000000.0,-990130000000.0,0.01302866001703373,927033000000.0
ACB,Private_1,2023,1,2023-03-31,2023-Q1,7920151000000.0,5156497000000.0,0.04201012227403002,0.1085334577614339,0.037200604528449345,0.027134990614722233,0.2734607960325118,0.009732709908872126,0.008814695016966616,0.0033746964669936186,0.006469307724540894,1.1660529529207444,0.011348855129161332,411288535000000.0,422755092000000.0,611223523000000.0,62530165000000.0,9.774858630230705,6215154000000.0,-2507640000000.0,5412511000000.0,-256014000000.0,4135029000000.0,0.9728765963627943,0.20161023867691225,0.3166151756450098,0.0,0.004114948172022835,-4667654000000.0,-438096000000.0,0.018547404925838742,627066000000.0
ACB,Private_1,2023,2,2023-06-30,2023-Q2,8023520000000.0,4832447000000.0,0.0413289871265413,0.10959202584374624,0.030891062237496162,0.024898440037308154,0.24663016392707388,0.01064850420019544,0.008709158472865037,0.0029502621559825393,0.0033263241826082023,1.07612849650709,0.011459158815005751,434031946000000.0,432410465000000.0,630893170000000.0,62867181000000.0,10.035334175394313,6245672000000.0,-2485180000000.0,5538340000000.0,-705893000000.0,3865846000000.0,1.0037498653044856,0.20854636577771077,0.3097368735916406,0.6573565100901613,0.005180743513282774,-4973641000000.0,-594570000000.0,0.019357662673060477,804386000000.0
ACB,Private_1,2023,3,2023-09-30,2023-Q3,8424382000000.0,5035481000000.0,0.03979292426872634,0.10194892156579992,0.021958847071829754,0.02524664181134692,0.24905556968727638,0.012008269586206849,0.008145315399569022,0.002231232076175333,0.0019623947219774463,0.9462005107078865,0.011362230815186902,449751645000000.0,445499845000000.0,648509938000000.0,66825289000000.0,9.704558673887666,6209128000000.0,-2868218000000.0,5556164000000.0,-520683000000.0,4037579000000.0,1.0095438865977608,0.20641303477894588,0.3404662799004129,0.0,0.004774645271535483,-5110182000000.0,-189478000000.0,0.020153584985775873,763587000000.0
ACB,Private_1,2023,4,2023-12-31,2023-Q4,8378463000000.0,5043574000000.0,0.0377060829090139,0.09105483499359047,0.02511110068720118,0.023440448976148238,0.23261678929462462,0.012073836421769785,0.006512009720586541,0.0012259143599130137,0.0001406465116986954,0.9116267851152283,0.01100683268118514,487601852000000.0,482702731000000.0,718794589000000.0,70955961000000.0,10.13015085511984,6289616000000.0,-3013248000000.0,5365215000000.0,-321641000000.0,4006279000000.0,1.0101493542202478,0.2200748000325691,0.3596420966470819,0.0,0.004255368050865818,-5366952000000.0,-64871000000.0,0.018585846142356324,727298000000.0
ACB,Private_1,2024,1,2024-03-31,2024-Q1,8168451000000.0,4892313000000.0,0.03804853587075904,0.08252299795357229,0.022704237678228323,0.021605361184360208,0.214367484825196,0.014519262265742268,0.007795206033912447,0.003215324128834523,0.004794442413233492,0.7855507121573528,0.011405616812853219,506112216000000.0,492804396000000.0,727297968000000.0,74790732000000.0,9.72443976079817,6721518000000.0,-2763921000000.0,5404530000000.0,-512217000000.0,3905419000000.0,1.0270042639798205,0.22962892766078327,0.3383653767403391,0.0,0.0041225687603065365,-5772522000000.0,-106647000000.0,0.022314468299654715,745202000000.0
ACB,Private_1,2024,2,2024-06-30,2024-Q2,8652011000000.0,5598243000000.0,0.038804014281030176,0.07878506149710088,0.0342135923921878,0.0238806126803307,0.23898853489167013,0.014764056829739334,0.005337128091254134,0.0016119271066952472,-0.0003815221089229745,0.7779675049475087,0.011485956454735534,550172293000000.0,511695775000000.0,769678700000000.0,74792678000000.0,10.290829538153455,7111506000000.0,-2465618000000.0,6186393000000.0,-588150000000.0,4468590000000.0,1.0751941287770062,0.2157350683616647,0.2849762904832183,0.6679763954908715,0.004689820589775551,-6319255000000.0,-41417000000.0,0.020101184920993467,877569000000.0
ACB,Private_1,2024,3,2024-09-30,2024-Q3,8136001000000.0,4844044000000.0,0.03626375954438126,0.07804455436694792,0.03843734705421539,0.02001404431423279,0.20152148947139129,0.0149131926934675,0.006264261878977902,0.0003074127907782517,0.0012884727366668754,0.8049162722977111,0.012003871470883323,554908474000000.0,512123668000000.0,777392922000000.0,78854261000000.0,9.858603861622646,6881387000000.0,-2933714000000.0,5202287000000.0,-358243000000.0,3870395000000.0,1.0835438951046488,0.21435280745509305,0.36058427229790163,0.0,0.0038637590626040197,-6661050000000.0,-16448000000.0,0.021177454572445402,747189000000.0
ACB,Private_1,2024,4,2024-12-31,2024-Q4,8558296000000.0,5671271000000.0,0.03513077274728986,0.07652973223311617,0.03323634083612296,0.02215361426905058,0.2240255160646916,0.014895537874008685,0.004786393701543282,0.0007975098971006163,-0.00045801066645812297,0.7791723904155945,0.011606191851817368,580686248000000.0,537304578000000.0,864005703000000.0,83461678000000.0,10.352124755986814,7080291000000.0,-2739350000000.0,5818946000000.0,-147675000000.0,4545364000000.0,1.0807394386280476,0.22511863838986312,0.320081240471234,0.6486926385142403,0.004234559414231263,-6739556000000.0,-68367999999.99997,0.019681931575551967,868825000000.0
ACB,Private_1,2025,1,2025-03-31,2025-Q1,7914628000000.0,4596608000000.0,0.029489936808016974,0.07261150370014259,0.029765453622073522,0.016760527853424082,0.17255056996531323,0.014769925450262707,0.00706390875603079,0.002041708416693898,0.004539644272753641,0.720813634245173,0.010646363641334134,598805866000000.0,550375020000000.0,891674563000000.0,87074577000000.0,10.24035480528375,6358865000000.0,-2691892000000.0,5222736000000.0,-626128000000.0,3678266000000.0,1.087996083107115,0.21296072630621934,0.3401160484106139,0.0,0.0039748148539023335,-6375105000000.0,-990908000000.0,0.021833834206293496,872313000000.0
ACB,Private_1,2025,2,2025-06-30,2025-Q2,9292544000000.0,6093345000000.0,0.029844545224751863,0.07329112701201836,0.036473206032177755,0.02139432941838314,0.22405385342918893,0.012567260830110475,0.00473828834765405,-0.00021278348666009896,-0.00226190502950083,0.7632994474846773,0.009592583248019152,633748683000000.0,567406860000000.0,933541420000000.0,87210629000000.0,10.704445440933581,6683848000000.0,-2736160000000.0,6556384000000.0,-463039000000.0,4881159000000.0,1.1169210802280396,0.21812030436149468,0.29444681671671397,0.0,0.0025629010722946315,-6079287000000.0,-752417000000.0,0.017305549177764525,584731000000.0
BAB,Private_3,2018,1,2018-03-31,2018-Q1,495946000000.0,210409000000.0,0.003518503328206303,0.01591141100559866,0.005105581460678635,0.001327228432891401,0.014449385074294718,0.007686619279233991,0.0007207624607526446,,,1.4144282602274405,0.010872171534157638,56376410000000.0,64673931000000.0,87154013000000.0,6543949000000.0,13.318259815288902,439450000000.0,-189969000000.0,305977000000.0,-95568000000.0,169337000000.0,0.871702231924019,0.011382159528852513,0.3830437184693495,0.0,4.589811856246446e-05,-612934000000.0,,0.008407381739986636,5856000000.0
BAB,Private_3,2018,2,2018-06-30,2018-Q2,584491000000.0,223986000000.0,0.02127591443324565,0.10108859231787096,0.018948372730848203,0.008144186303930732,0.10866096319529533,0.007323174702669978,0.0006939634576795986,,,1.6221662064461428,0.011879406526572517,59589593000000.0,65866104000000.0,89772195000000.0,6716747000000.0,13.365427490420586,452306000000.0,-247177000000.0,337314000000.0,-113328000000.0,180115000000.0,0.904708027060474,0.011932981492271047,0.42289273915252756,0.7355350653574836,0.001083434739074948,-707889000000.0,,0.008017138160349576,23961000000.0
BAB,Private_3,2018,3,2018-09-30,2018-Q3,374833000000.0,148780000000.0,0.015191993266962966,0.10079736735718048,0.021699204900329675,0.005426067467945446,0.0716313362672115,0.0070756594013757865,0.0006290473563373864,,,1.6985854971156007,0.012018612441706565,60977921000000.0,70460260000000.0,89675629000000.0,6876410000000.0,13.041053253078278,327629000000.0,-201072000000.0,173761000000.0,-24981000000.0,121712000000.0,0.8654228780875916,0.012170817990169211,0.5364308905565945,0.0,0.0003083681861753866,-732870000000.0,,0.007704706757713173,6917000000.0
BAB,Private_3,2018,4,2018-12-31,2018-Q4,541521000000.0,259408000000.0,0.02136847226002973,0.10195454230874448,0.032845519342277855,0.008932836867755386,0.11945996990537268,0.007628625550890079,0.0006281707952471901,,,1.2162434052143625,0.009278265517119843,63979415000000.0,72534422000000.0,97030568000000.0,7084886000000.0,13.695431090916635,479343000000.0,-241639000000.0,299882000000.0,-40474000000.0,208477000000.0,0.8820559016793433,0.010784383171895959,0.44622276883075634,0.0,0.0015540994603408906,-593618000000.0,,0.008256796346137268,36270000000.0
BAB,Private_3,2019,1,2019-03-31,2019-Q1,453493000000.0,244945000000.0,0.017236692819266902,0.10148217907383142,0.028473487214753297,0.008069223977997366,0.10911460340409102,0.004253572589771669,0.0038590182567904076,,,2.1280113842062063,0.009051650894581587,65587925000000.0,74930802000000.0,97193809000000.0,7278361000000.0,13.353804379859696,401745000000.0,-208548000000.0,244945000000.0,0.0,195905000000.0,0.8753132656981304,0.011419976527143003,0.45987038388685164,0.0,0.0013578110228666096,-593679000000.0,,0.008112590846562077,32965000000.0
BAB,Private_3,2019,2,2019-06-30,2019-Q2,573106000000.0,191062000000.0,0.022624535661615486,0.10785098829954322,0.03145378384024323,0.006185759605046915,0.08386323836103159,0.007247054102261749,0.0007092216098562132,,,1.2200163431259219,0.008841524444277089,69233649000000.0,77033667000000.0,102017295000000.0,7415467000000.0,13.757366191502166,541069000000.0,-268742000000.0,304364000000.0,-113302000000.0,154034000000.0,0.898745336892764,0.020378206842989834,0.46892197952909237,0.0,0.0008412784058462925,-612131000000.0,,0.007956275712117962,20949000000.0
BAB,Private_3,2019,3,2019-09-30,2019-Q3,540908000000.0,210222000000.0,0.020118486626768933,0.11373275222536726,0.025913421569089188,0.00666916569146703,0.0899016993506581,0.007210756661246376,0.0005958974013377161,,,1.272027851203397,0.009172283301355806,69830813000000.0,75679700000000.0,100178911000000.0,7584027000000.0,13.209197567466466,487298000000.0,-302308000000.0,238600000000.0,-28378000000.0,168560000000.0,0.9227152459642414,0.014019386969028682,0.5588898666686387,0.0,0.0004529066188314137,-640508000000.0,,0.007806654062584092,11447000000.0
BAB,Private_3,2019,4,2019-12-31,2019-Q4,625336000000.0,289951000000.0,0.02150800854093074,0.11038168027156682,0.026755114974476007,0.009005434833672828,0.12165577855793659,0.006830596147889184,0.0006584782547651202,,,1.3106038403943971,0.00895220554360674,72933312000000.0,76163271000000.0,107892774000000.0,7818250000000.0,13.800118185015828,536900000000.0,-322994000000.0,302342000000.0,-12391000000.0,234222000000.0,0.9575916454533577,0.018666005035419236,0.5165127227602441,0.0,0.00028313319037138573,-652914000000.0,,0.007489074402654304,7364000000.0
BAB,Private_3,2020,1,2020-03-31,2020-Q1,464550000000.0,178619000000.0,0.01680294598758467,0.10873238789801239,0.024882139560976645,0.005248429880568292,0.07243222520789712,0.007900151519759207,0.000767626720538421,0.0011195707113917986,0.0012335789714307778,1.1291977676292444,0.008920833460044878,73395048000000.0,82476400000000.0,109828721000000.0,7957822000000.0,13.801354315288782,440798000000.0,-241768000000.0,222782000000.0,-44163000000.0,142837000000.0,0.8898915083587547,0.010701861380952611,0.5204348294048003,0.0,0.0002751037512396284,-654745000000.0,0.0,0.008667778240297628,7487000000.0
BAB,Private_3,2020,2,2020-06-30,2020-Q2,552487000000.0,174807000000.0,0.0191790740197489,0.1109025237137925,0.018522275084358764,0.005068533686257859,0.06969022717935801,0.008033312035412906,0.0007526982586285052,0.00020102173650734585,0.00019245167603133115,1.2191726680412927,0.009793994467422578,74015051000000.0,84278168000000.0,110927827000000.0,8097686000000.0,13.698706889844827,511102000000.0,-259884000000.0,292603000000.0,-117796000000.0,139864000000.0,0.8782233021486656,0.012114976205937461,0.4703893485276577,0.0,0.001039443686173241,-724903000000.0,0.0,0.008786010294041411,28683000000.0
BAB,Private_3,2020,3,2020-09-30,2020-Q3,520865000000.0,168660000000.0,0.017705039916954508,0.11220812629173467,0.010352337312059506,0.004862293580726502,0.06654581571111118,0.008077123385479544,0.0008844667012190297,3.161519134804082e-05,0.00016204812180700923,1.239652821287731,0.010012828792698826,73903291000000.0,86904471000000.0,112041844000000.0,8194007000000.0,13.673632936852506,478207000000.0,-337126000000.0,183739000000.0,-15079000000.0,135518000000.0,0.8503968800408439,0.014690958765516219,0.6472425676518868,0.0,0.0005303680965650256,-739981000000.0,0.0,0.008961590086698574,14782000000.0
BAB,Private_3,2020,4,2020-12-31,2020-Q4,693529000000.0,214629000000.0,0.021170414997990338,0.11085423429877275,0.006017898337056069,0.006141390173325528,0.0849925549348249,0.007905295267624644,0.0005590227030890809,0.00042046842000581546,0.00013690865268774026,1.3085716560509555,0.010344645319927362,79440423000000.0,86442223000000.0,117192248000000.0,8369985000000.0,14.001488413659045,587986000000.0,-401612000000.0,291917000000.0,-77288000000.0,175977000000.0,0.919000232097224,0.016835557317863053,0.5790846525523806,0.0,0.0003074586305426158,-821783000000.0,0.0,0.008464317970713725,8810000000.0
BAB,Private_3,2021,1,2021-03-31,2021-Q1,503154000000.0,229847000000.0,0.016579850282742066,0.10517832375173117,0.004633001666556786,0.006506649382999452,0.0869231472649342,0.004182418241902642,0.0006062114319501681,-0.0038787431934998633,-0.0038541461442117447,2.5691075464796747,0.010745082267806332,76479917000000.0,89642999000000.0,108809172000000.0,8547396000000.0,12.730096043286165,453181000000.0,-273307000000.0,229847000000.0,0.0,183814000000.0,0.85316107061523,0.019131376896482456,0.5431875727908354,0.0,0.0005553947404401265,-821783000000.0,0.0,0.00478862967385281,15690000000.0
BAB,Private_3,2021,2,2021-06-30,2021-Q2,591575000000.0,205623000000.0,0.021687192303843427,0.10887994251935044,0.0057351160306164705,0.005980587924306624,0.0764365874746502,0.008204313938742241,0.0016876947856912085,0.004200776002411195,0.005319056504729209,1.3701247453778078,0.011240933546318815,78147424000000.0,89026903000000.0,111282902000000.0,8673153000000.0,12.830732030208623,575739000000.0,-329285000000.0,262290000000.0,-56667000000.0,164535000000.0,0.8777956029763273,0.01614500731312646,0.5566242657313105,0.6992172951591152,0.0007253691470961376,-878450000000.0,0.0,0.00989200872443345,19956000000.0
BAB,Private_3,2021,3,2021-09-30,2021-Q3,636748000000.0,266603000000.0,0.019904081090477043,0.10629948029557444,0.004676676452892964,0.007663573365800927,0.09716452736874015,0.008211288003964364,0.002057894438077529,1.4267904723257417e-05,0.0003862955226777533,1.3584757598546386,0.011154835710570767,78216840000000.0,90970498000000.0,111350577000000.0,8886424000000.0,12.530414596467601,533871000000.0,-376100000000.0,260648000000.0,5955000000.0,213271000000.0,0.8598044610022911,0.019597441359505363,0.5906575285670312,0.0,0.00035405277029336636,-872496000000.0,0.0,0.010269182442041893,9853000000.0
BAB,Private_3,2021,4,2021-12-31,2021-Q4,732611000000.0,206292000000.0,0.019813881483425704,0.10328361257186897,0.005490505046203288,0.00570104012469232,0.07346325173308063,0.007746046765269581,0.0018366427564764569,0.0001667415865943958,9.533752578089321e-05,1.617743242438994,0.012531114810131291,84598379000000.0,93440398000000.0,119791806000000.0,9051143000000.0,13.23499208884447,554437000000.0,-333442000000.0,399169000000.0,-192877000000.0,164719000000.0,0.905372631225308,0.033408397939400904,0.4551419511855541,0.0,0.0006700631791963484,-1060112000000.0,0.0,0.009582689521746037,19360000000.0
BAB,Private_3,2022,1,2022-03-31,2022-Q1,546051000000.0,245865000000.0,0.018456127641545025,0.09749184339992273,0.006436194783973162,0.006640478594993127,0.08595750717720659,0.007520687852766853,0.0019359034579440886,-1.3676384981324523e-05,0.00014007360590207054,1.6321417542872692,0.012274828665461847,86979544000000.0,95031417000000.0,117077868000000.0,9247759000000.0,12.660133984892989,530896000000.0,-292639000000.0,253412000000.0,-7547000000.0,196616000000.0,0.9152714622786273,0.048258966821467054,0.5359188061188424,0.0,0.0005589571588636542,-1067659000000.0,0.0,0.009456591310710942,16550000000.0
BAB,Private_3,2022,2,2022-06-30,2022-Q2,547123000000.0,185275000000.0,0.01717396321562299,0.0978974641675917,0.00918789234876025,0.004911734677330024,0.063847272396951,0.007352648999971454,0.004602315504564611,3.3594105758935684e-05,0.0028262162422925557,1.6948915485155265,0.012461942649252756,89364799000000.0,97167705000000.0,124187607000000.0,9312658000000.0,13.335355706179696,502531000000.0,-315848000000.0,231275000000.0,-46000000000.0,148129000000.0,0.9196965082174164,0.06007781083231306,0.5772888363311358,0.6910944946433553,0.0006443690295928168,-1113659000000.0,0.0,0.011954964504536064,19433000000.0
BAB,Private_3,2022,3,2022-09-30,2022-Q3,769013000000.0,284112000000.0,0.021110085016444444,0.10066429425801435,0.01298331154791787,0.007351272699175449,0.09680852796114964,0.0058603813317499795,0.003645637325148758,-0.001288941521593978,-0.002119134179443519,1.8993138727619667,0.011130703563067985,92465314000000.0,95698678000000.0,124092667000000.0,9540805000000.0,13.006519575654256,636733000000.0,-465739000000.0,303274000000.0,-19162000000.0,228147000000.0,0.9662130755871048,0.06880169232849799,0.6056321544629285,0.0,0.0007609786994193506,-1029204000000.0,0.0,0.009506018656898738,23617000000.0
BAB,Private_3,2022,4,2022-12-31,2022-Q4,1005630000000.0,357397000000.0,0.02765208858301566,0.1104391192145405,-0.020010844810386046,0.009064656617859185,0.11837101126858124,0.005307159112882833,0.004491747821412103,-0.00045821506646265216,0.0004683053366368279,2.0381911982270733,0.010817004991468393,94120600000000.0,96904601000000.0,128827228000000.0,9827383000000.0,13.109006538159752,847714000000.0,-642107000000.0,363523000000.0,-6126000000.0,286579000000.0,0.9712707036480136,0.07280590319958079,0.6385121764466056,0.0,0.0009973118168501533,-1018103000000.0,0.0,0.009798906934294936,31530000000.0
BAB,Private_3,2023,1,2023-03-31,2023-Q1,679853000000.0,335087000000.0,0.018249592959589993,0.11969303453563233,0.02904571264474451,0.008195041238360231,0.10819094052705806,0.005662806528339247,0.00582066773385169,0.0003468847414912357,0.0016667977042220301,1.9502970899838772,0.011044155093361735,93974957000000.0,101654531000000.0,133851621000000.0,10069514000000.0,13.292758816363929,578270000000.0,-354010000000.0,325843000000.0,9244000000.0,269083000000.0,0.9244541888644393,0.040539294800346876,0.5207155076170878,0.0,0.0009302309680822455,-1037874000000.0,0.0,0.011483474262190936,30544000000.0
BAB,Private_3,2023,2,2023-06-30,2023-Q2,717601000000.0,138993000000.0,0.01976854959895577,0.11664526446199952,0.01619754294915543,0.0033061523724661657,0.043478460583840375,0.00702875079194079,0.004494084754347571,0.0015619054765835115,0.0003606173504287956,1.57750441127519,0.011087885380040581,96594974000000.0,105366284000000.0,135266042000000.0,10394504000000.0,13.013227182364835,640874000000.0,-545448000000.0,172153000000.0,-33160000000.0,111218000000.0,0.916754110831127,0.04809864984894029,0.7600992752239755,0.6727778188378746,0.000669446954880847,-1071034000000.0,0.0,0.01152283554628836,22520000000.0
BAB,Private_3,2023,3,2023-09-30,2023-Q3,512192000000.0,77115000000.0,0.0125896907546575,0.11144173696476144,0.004834289485135458,0.001822236080611932,0.02449160140521997,0.00772850664512746,0.0058667101911384955,0.0008635231891050563,0.00236046442747632,1.4417422877036128,0.011142514851078637,98641825000000.0,114585854000000.0,145000607000000.0,10458032000000.0,13.864999361256496,426239000000.0,-406994000000.0,105198000000.0,-28083000000.0,63839000000.0,0.8608551715292885,0.0432450763075868,0.7946121766837436,0.0,0.0006647383863357927,-1099118000000.0,0.0,0.013595216836265956,23288000000.0
BAB,Private_3,2023,4,2023-12-31,2023-Q4,1136667000000.0,509639000000.0,0.020655459619469567,0.11366483321057674,0.005515238499401206,0.01103988821543664,0.1540287849099273,0.009170060580963351,0.009370152765575932,0.001554239289469756,0.005172826029932029,1.310177171395278,0.012014404033489903,99853975000000.0,118476923000000.0,152268345000000.0,10848479000000.0,14.035916463496864,743888000000.0,-526460000000.0,610207000000.0,-100568000000.0,410227000000.0,0.8428137098057484,0.04429990134028042,0.46316115449819517,0.0,0.0007669822175038314,-1199686000000.0,0.0,0.018540213346539283,28500000000.0
BAB,Private_3,2024,1,2024-03-31,2024-Q1,838629000000.0,338590000000.0,0.02228351736671325,0.1039748453743258,0.0025428023355720687,0.007184435564548773,0.09855441314449365,0.011117959940732062,0.005453412910248723,0.0020245864022939495,-0.0018545380892448198,1.057329826538919,0.011755350655600884,100542726000000.0,118124713000000.0,149352566000000.0,11139131000000.0,13.407918983985375,812714000000.0,-499325000000.0,339304000000.0,-714000000.0,270872000000.0,0.8511574203782404,0.025846191897202747,0.5954063119687013,0.0,0.0006099842328239636,-1181915000000.0,0.0,0.016571372850980787,22998000000.0
BAB,Private_3,2024,2,2024-06-30,2024-Q2,845384000000.0,203391000000.0,0.025089255011844187,0.09957710113777811,0.00812977484249929,0.004286905213920096,0.05829355981369863,0.014820745658090348,0.005782858317141545,0.003936982969807283,0.004357809037324092,0.8608225730263962,0.012758032411567123,102131501000000.0,119743739000000.0,154482470000000.0,11204881000000.0,13.787069224563831,921793000000.0,-520911000000.0,324473000000.0,-121082000000.0,162814000000.0,0.8529172535693077,0.025583934705763613,0.6161827051375469,0.6884697505776739,0.000690032337152849,-1302997000000.0,0.0,0.020603603975231893,26207000000.0
BAB,Private_3,2024,3,2024-09-30,2024-Q3,898285000000.0,271259000000.0,0.019833863057760744,0.09943515174522106,0.006786609094877451,0.00558913426217606,0.07672610036970534,0.01327354462268506,0.005151987849047389,-0.0013531672270243047,-0.0019087254969453549,0.9771495291770631,0.012970237878567444,103624468000000.0,120001879000000.0,156130215000000.0,11421787000000.0,13.669508545379108,747642000000.0,-585989000000.0,312296000000.0,-41037000000.0,217007000000.0,0.8635237119912097,0.027702457892346835,0.6523419627401104,0.0,0.0007884803545611796,-1344034000000.0,0.0,0.01842553247173245,30614000000.0
BAB,Private_3,2024,4,2024-12-31,2024-Q4,1078665000000.0,447038000000.0,0.02150625704241067,0.09629807064985801,0.010848554077920368,0.008971244758064772,0.1243438428938646,0.012406446484016967,0.0035545507351870246,-0.00015707037453741138,-0.0015511523205117925,0.9744489431347721,0.012089448664408444,109552804000000.0,122549687000000.0,165486693000000.0,11782450000000.0,14.045185254340142,839061000000.0,-643047000000.0,435618000000.0,11420000000.0,360663000000.0,0.8939460122815328,0.029232828640353852,0.5961507975135932,0.6831738602071356,0.0006408120806882454,-1324433000000.0,-26666000.0,0.015960997219203993,25762000000.0
BAB,Private_3,2025,1,2025-03-31,2025-Q1,956564000000.0,367301000000.0,0.021200277306383266,0.0901389733523411,0.01966920376866717,0.0068818090832873935,0.09831793046473505,0.012643452378018323,0.004478293218436267,0.00042408773033321905,0.0014140943393835907,0.9807586824613462,0.012400175696028026,111173828000000.0,124794490000000.0,175365541000000.0,12075660000000.0,14.522232408000887,873981000000.0,-535121000000.0,421443000000.0,-54142000000.0,293210000000.0,0.8908552613180277,0.028171748608452184,0.5594199656269732,0.0,0.0005056501991417196,-1378575000000.0,0.0,0.017121745596454588,21544000000.0
BAB,Private_3,2025,2,2025-06-30,2025-Q2,990879000000.0,303837000000.0,0.0205006001116228,0.09191789943525379,0.01382814341910903,0.005400725750761278,0.08014971212738826,0.012531901665704033,0.004379122729006451,0.00033210154461893676,0.00038796001519350397,1.0113882299440848,0.01267461784350973,115109585000000.0,131084670000000.0,184957884000000.0,12204003000000.0,15.15550954879313,892223000000.0,-606647000000.0,384232000000.0,-80395000000.0,243251000000.0,0.8781315542084365,0.03165847692182465,0.6122311604141374,0.0,0.0009449954579000796,-1458970000000.0,0.0,0.016911024394710483,42563000000.0
BID,SOCB,2018,1,2018-03-31,2018-Q1,11278347000000.0,2485665000000.0,0.05320474287917503,0.1495536683672767,0.025769982985621262,0.011451848688466841,0.25116894089440406,0.016169631707546407,0.031836529414113156,,,0.8067619566937048,0.01304504371539671,878752977000000.0,910053496000000.0,1226942713000000.0,50803246000000.0,24.150872426537468,9165640000000.0,-2779640000000.0,8498707000000.0,-6013042000000.0,1978183000000.0,0.9656058471973608,0.17736568202799366,0.24645810241518548,0.0,0.0042227108711959845,-11463371000000.0,,0.04800616112165956,745256000000.0
BID,SOCB,2018,2,2018-06-30,2018-Q2,10722054000000.0,2484580000000.0,0.027186670596520635,0.08134821679173511,0.017622636423939637,0.006365118610867322,0.14711524490067338,0.014893717449722298,0.029841796438361032,,,0.8500843825297995,0.012660916601820478,929167956000000.0,964542964000000.0,1268266720000000.0,53199898000000.0,23.839645707591394,8299299000000.0,-4224777000000.0,6497277000000.0,-4012697000000.0,1912556000000.0,0.9633245906918461,0.17993546423298568,0.3940268347837084,0.0,0.0031292507541590396,-11764118000000.0,,0.044735513888083334,976017000000.0
BID,SOCB,2018,3,2018-09-30,2018-Q3,10865893000000.0,2283790000000.0,0.026198992851529948,0.07828497374791486,0.019850739557131538,0.005709287639012348,0.1311666930696277,0.017591727441032136,0.02736340145670648,,,0.8700373494303231,0.015305459914696277,968752333000000.0,953512834000000.0,1268412620000000.0,53719928000000.0,23.61158451292042,8150983000000.0,-4242377000000.0,6623516000000.0,-4339726000000.0,1753040000000.0,1.0159824791618903,0.17226997387221324,0.3904305886317857,0.0,0.002586748705888857,-14827200000000.0,,0.04495512889773862,820219000000.0
BID,SOCB,2018,4,2018-12-31,2018-Q4,11624317000000.0,2218468000000.0,0.02951705615886553,0.0814008334146649,0.021349943380939238,0.005346163756116855,0.12648589836532018,0.01688783765515903,0.024007985203129183,,,0.742912000843232,0.012546177262309869,988738780000000.0,989671155000000.0,1313037674000000.0,54693106000000.0,24.007370764425044,9339940000000.0,-4877679000000.0,6746638000000.0,-4528170000000.0,1714090000000.0,0.999057894134542,0.17140916368326406,0.419609943534747,0.0,0.0031278758373799623,-12404892000000.0,,0.04089582285828822,1009307000000.0
BID,SOCB,2019,1,2019-03-31,2019-Q1,10705259000000.0,2520735000000.0,0.0262925705670463,0.07916497546884824,0.023697829310519728,0.006098635857117082,0.14149555229075994,0.017449680147476578,0.026239716162433344,,,0.7017065615458259,0.01224455505636025,1024434938000000.0,1014934561000000.0,1342938577000000.0,56652302000000.0,23.704925123784026,8545052000000.0,-2997973000000.0,7707286000000.0,-5186551000000.0,1969360000000.0,1.0093605808345312,0.15248168103322673,0.2800467508539494,0.0,0.002639981437093053,-12543750000000.0,,0.04368939630990992,876466000000.0
BID,SOCB,2019,2,2019-06-30,2019-Q2,11965523000000.0,2188103000000.0,0.02708808136018885,0.0820184378835971,0.024748378594018024,0.005092855520838688,0.12002482694613298,0.01983110410158325,0.024819586293804097,,,0.7267059639232133,0.014411381621802645,1065030363000000.0,1059790493000000.0,1400111946000000.0,57528475000000.0,24.337720511451067,9101188000000.0,-4218138000000.0,7747385000000.0,-5559282000000.0,1713066000000.0,1.0049442508067488,0.14981038992958773,0.352524331782238,0.0,0.0031846063084708266,-15348559000000.0,,0.04465069039538735,1091942000000.0
BID,SOCB,2019,3,2019-09-30,2019-Q3,11588064000000.0,2319195000000.0,0.025269562554008886,0.08106331889475522,0.025691051210295555,0.005306433655303305,0.12412626525832088,0.0209001094586355,0.02527206649249977,,,0.7817844753599583,0.01633938110808506,1073510550000000.0,1084798261000000.0,1425398552000000.0,59377000000000.0,24.005903834818195,8751685000000.0,-3512899000000.0,8075165000000.0,-5755970000000.0,1813880000000.0,0.9895946450083772,0.1531550611510429,0.30314804957929126,0.0,0.002973837119326817,-17540498000000.0,,0.04617217595113527,1050326000000.0
BID,SOCB,2019,4,2019-12-31,2019-Q4,13906608000000.0,3848195000000.0,0.026885490005875194,0.08327936883456974,0.018548737635497584,0.00828603690553111,0.17443041796243436,0.01741469848662938,0.022334363276368563,,,0.7419135659976834,0.012920201054989661,1116924879000000.0,1114231270000000.0,1490104755000000.0,77766282000000.0,19.161321805252307,9596941000000.0,-6551168000000.0,7355440000000.0,-3507245000000.0,2990245000000.0,1.002417459527949,0.17134108882081545,0.471083099487668,0.0,0.003471260682744271,-14430894000000.0,,0.039749061762997945,1265059000000.0
BID,SOCB,2020,1,2020-03-31,2020-Q1,11338856000000.0,1814243000000.0,0.025492374626474416,0.08170955008487861,0.017040466037470094,0.003935639725860273,0.07179656077984864,0.017448787779582583,0.02267570005457015,0.0016543171655862094,0.0017648975656848987,0.86136128689856,0.015029710296641118,1105558635000000.0,1100292897000000.0,1446044081000000.0,79269318000000.0,18.242166294404097,9148651000000.0,-3483949000000.0,7854907000000.0,-6040664000000.0,1409327000000.0,1.0047857602410752,0.1499588359153063,0.3072575399140795,0.0,0.002958738294695903,-16616226000000.0,-2008000000000.0,0.04012448783415273,1085912000000.0
BID,SOCB,2020,2,2020-06-30,2020-Q2,10823487000000.0,2544599000000.0,0.019637636320405993,0.07127090594273174,0.020428311531793093,0.0056659007839117,0.0998287768855214,0.019986908222664496,0.01809900537559903,0.00538729996894285,0.0013617794229430445,0.8099878803401867,0.016189153425829862,1139226525000000.0,1131397775000000.0,1446040448000000.0,79646142000000.0,18.155812845272532,6939043000000.0,-3958402000000.0,6865085000000.0,-4320486000000.0,1983042000000.0,1.0069195380908365,0.1583577411578346,0.3657233569920673,0.0,0.0033555423096003154,-18443113000000.0,-2477018000000.0,0.03808591359826352,1213064000000.0
BID,SOCB,2020,3,2020-09-30,2020-Q3,12392568000000.0,2703079000000.0,0.025660303907614944,0.07524099093278164,0.015141989169053703,0.005968921350165251,0.10470668598949162,0.01966680645108877,0.021588232111452294,0.003801602144051202,0.0074070369806391225,0.870954638536716,0.017128896303779572,1145358910000000.0,1145003968000000.0,1467805954000000.0,81440725000000.0,18.022997143014138,9144289000000.0,-3931394000000.0,8461174000000.0,-5758095000000.0,2108359000000.0,1.0003099919388228,0.17310279050491464,0.31723804138093087,0.0,0.0037553056991917588,-19618734000000.0,-4574950000000.0,0.04125503856254106,1367798000000.0
BID,SOCB,2020,4,2020-12-31,2020-Q4,15479678000000.0,2152009000000.0,0.028925684757857662,0.07960725689647657,0.013355522257009797,0.0045454637789834875,0.08120892159584361,0.017575906087807427,0.011203025398956356,0.005762238318816588,-0.003948679283422172,0.8838206250098689,0.015533948303640717,1214295917000000.0,1226673942000000.0,1516869903000000.0,79788457000000.0,19.011144719843372,10565402000000.0,-6322110000000.0,9157568000000.0,-7005559000000.0,1636656000000.0,0.9899092785978493,0.18573826116214998,0.4084135341833338,0.0,0.004268555987451739,-18862810000000.0,-7783032000000.0,0.028778931486763783,1592532000000.0
BID,SOCB,2021,1,2021-03-31,2021-Q1,14605044000000.0,3396023000000.0,0.028707358039736192,0.06803460207414556,0.011529198593965099,0.007078683330837959,0.13073043561251,0.01764441198693636,0.011891537551468408,0.0026585834266623825,0.003535608528279355,1.0761355173099798,0.01898777842119217,1233545783000000.0,1225957672000000.0,1558887407000000.0,82263294000000.0,18.94997551398805,10830069000000.0,-4036501000000.0,10568543000000.0,-7172520000000.0,2648137000000.0,1.0061895375128416,0.18285290358703346,0.2763771885932011,0.0,0.003730676657320535,-23422294000000.0,-2805468000000.0,0.02953594953840477,1434332000000.0
BID,SOCB,2021,2,2021-06-30,2021-Q2,17291664000000.0,4663527000000.0,0.03279567316281678,0.07504083963763962,0.012398018999086807,0.009344362431616947,0.17546537653894084,0.016321549337370917,0.010850197932114872,0.002666200999853769,0.0021869159922376386,1.3231173753845924,0.02159532552147234,1297445087000000.0,1293956654000000.0,1642336884000000.0,84548510000000.0,19.42478801814485,12929461000000.0,-4108256000000.0,13183408000000.0,-8519881000000.0,3658712000000.0,1.0026959427035027,0.18557680062751158,0.23758592579638374,0.0,0.004352457289285264,-28018749000000.0,-3877757000000.0,0.02717174726948579,1741649000000.0
BID,SOCB,2021,3,2021-09-30,2021-Q3,15246776000000.0,2673837000000.0,0.02971199158155682,0.06979646529250617,0.012706590822251198,0.005100165591080861,0.0960569847982039,0.01613081638386648,0.011010612846640493,0.004393038331340184,0.004818524546927511,1.4022865908637798,0.022620027514781732,1328679993000000.0,1309952776000000.0,1686678164000000.0,86018243000000.0,19.6083773066604,12204661000000.0,-5070807000000.0,10175969000000.0,-7502132000000.0,2048016000000.0,1.0142961008542495,0.18952753912099804,0.3325822455842468,0.0,0.0038310935264958285,-30054778000000.0,-5443347000000.0,0.027141429230506973,1594221000000.0
BID,SOCB,2021,4,2021-12-31,2021-Q4,15251735000000.0,2868211000000.0,0.02547606864192716,0.06797368802760709,0.011960006084179716,0.0053253021118075915,0.10291871988222076,0.009777387300122812,0.011466802516732206,-0.004050980693889323,-0.0033708139082365184,2.1937025246497335,0.021448679204757654,1354632643000000.0,1380401585000000.0,1761938950000000.0,86366645000000.0,20.400687672885752,10853341000000.0,-6145777000000.0,9105958000000.0,-6237747000000.0,2217704000000.0,0.9813322859956003,0.19749397998554166,0.40295592599792746,0.0,0.004278245891695126,-29055081000000.0,-2805468000000.0,0.021244189816855018,1844254000000.0
BID,SOCB,2022,1,2022-03-31,2022-Q1,16226800000000.0,4513501000000.0,0.028682262095873514,0.06889186440451894,0.01278070448356031,0.008062103898959566,0.1621371819552489,0.009683973509582717,0.01392573491552513,0.0010108061451757,0.0041196608016480524,2.5921634683523394,0.025102442360032114,1417854147000000.0,1396301169000000.0,1847704434000000.0,89837725000000.0,20.567132949994004,12825927000000.0,-4322027000000.0,11904773000000.0,-7391272000000.0,3571160000000.0,1.0154357659210698,0.20307975406414633,0.26635115980969754,0.0,0.0028259722401430447,-35591602000000.0,-883577000000.0,0.023609708425107845,1275094000000.0
BID,SOCB,2022,2,2022-06-30,2022-Q2,18131442000000.0,6489854000000.0,0.030757247019834656,0.07170583623105693,0.013817407670291102,0.010869378429438982,0.2245534146983675,0.01029345447372271,0.011619561415590887,0.002624941365002052,0.0008529671423248304,2.6076546523711626,0.026841774447373783,1483038764000000.0,1406297004000000.0,1979292691000000.0,93917539000000.0,21.074792973440243,14607145000000.0,-5195589000000.0,12935853000000.0,-6445999000000.0,5157859000000.0,1.054570094213185,0.19791381920628767,0.2865513399320363,0.0,0.003139252946263972,-39807392000000.0,-2186654000000.0,0.021913015889313596,1501739000000.0
BID,SOCB,2022,3,2022-09-30,2022-Q3,17554528000000.0,6673383000000.0,0.028210982129284516,0.07257994489974443,0.01364930285754802,0.010633377972528585,0.2167064503178794,0.013462549972427457,0.012487317361717225,0.004738405475691261,0.005706066628478229,2.1376880488946752,0.028778732183705517,1494903866000000.0,1414224009000000.0,2048952718000000.0,100925060000000.0,20.301724051489295,14098425000000.0,-5452199000000.0,12102329000000.0,-5428946000000.0,5277956000000.0,1.0570488525767914,0.18778308337996827,0.31058647660592187,0.0,0.0028622188643820036,-43021438000000.0,-2167613000000.0,0.025949867334144682,1441215000000.0
BID,SOCB,2022,4,2022-12-31,2022-Q4,17680044000000.0,5380885000000.0,0.028179410945343094,0.07949524230525899,0.017164854845750532,0.008177103295228097,0.16326708895855993,0.011576732067901625,0.016808276983669542,0.004734576022562778,0.009362766608832892,2.1675649535773496,0.0250933187073386,1522228544000000.0,1473604981000000.0,2120527692000000.0,104205565000000.0,20.34946686388582,14532344000000.0,-7577716000000.0,10102328000000.0,-4721443000000.0,4186385000000.0,1.032996334585544,0.1886812229769465,0.42860277949534514,0.0,0.0027639165715614912,-38197766000000.0,-9580522000000.0,0.028385009051571167,1440512000000.0
BID,SOCB,2023,1,2023-03-31,2023-Q1,17278396000000.0,6919579000000.0,0.026687709188382154,0.08523826642559722,0.020133162907776454,0.010520038232714352,0.20437756118458822,0.015483513373269666,0.023158901945151394,0.005599413461005235,0.013089917462485843,1.7128752375904244,0.02652132664797379,1597152494000000.0,1497395473000000.0,2106864549000000.0,109848462000000.0,19.179736435454146,13936193000000.0,-4831771000000.0,12446625000000.0,-5527046000000.0,5468480000000.0,1.0666203570123922,0.16203770638753628,0.2796423348556197,0.0,0.0028715556323982002,-42358603000000.0,-1416487000000.0,0.03864241531842106,1517399000000.0
BID,SOCB,2023,2,2023-06-30,2023-Q2,17257161000000.0,6950633000000.0,0.02590111579765794,0.08628542526788101,0.02380771906972419,0.010492097162733057,0.19379040829561037,0.01594487710259181,0.021793505329684132,0.005104148182859739,0.0041742269601965755,1.5152601511276091,0.02416063688818442,1629066617000000.0,1545569148000000.0,2124767632000000.0,114151644000000.0,18.613552617779206,13547188000000.0,-6373642000000.0,10883519000000.0,-3932886000000.0,5426134000000.0,1.0540237679485565,0.17000420999604476,0.36933317131363613,0.0,0.0031645737217253665,-39359287000000.0,-6906368000000.0,0.03773838243227594,1673914000000.0
BID,SOCB,2023,3,2023-09-30,2023-Q3,17886861000000.0,5892788000000.0,0.026230775176365555,0.0828007454146588,0.021795518262714874,0.008883709766462279,0.1571905394644977,0.015962825500372313,0.018588299133600383,0.0024042853491239393,-0.0005226723027251132,1.5840343447741148,0.02528566383222579,1653452141000000.0,1583543509000000.0,2132854577000000.0,119087838000000.0,17.909927771129745,13783096000000.0,-6044456000000.0,11842405000000.0,-5949617000000.0,4582880000000.0,1.0441469600315225,0.1833006395784481,0.3379271522264303,0.0,0.003314999618840066,-41808635000000.0,-3498240000000.0,0.034551124633972696,1764252000000.0
BID,SOCB,2023,4,2023-12-31,2023-Q4,20601618000000.0,7886764000000.0,0.027184521701395997,0.07705450272542337,0.01633545286813511,0.01117020716195832,0.2007987590928021,0.012504756225476248,0.01581144021272284,0.0011728346723281421,-0.0004162170666662193,1.8183355221895317,0.02273784244110415,1777664882000000.0,1704269050000000.0,2300814314000000.0,122917044000000.0,18.718431871824055,14869088000000.0,-7829831000000.0,12771787000000.0,-4885023000000.0,6074285000000.0,1.0430658715535555,0.20222745639838968,0.38005903225659265,0.0,0.0029175151140080928,-40420264000000.0,-6103728000000.0,0.028316196438199086,1616912000000.0
BID,SOCB,2024,1,2024-03-31,2024-Q1,17171234000000.0,7389914000000.0,0.023744151486331414,0.06642714425752395,0.016082523706383446,0.010222307230046954,0.18457620550428033,0.015050675599461468,0.02053160836576881,0.004721027616047601,0.009629056732415103,1.527668474749982,0.02299244263698607,1793930234000000.0,1734779072000000.0,2328730752000000.0,129017835000000.0,18.049680898768763,13541360000000.0,-5392606000000.0,11778628000000.0,-4388714000000.0,5812648000000.0,1.0340972305665443,0.18829336673021613,0.31404883306581227,0.0,0.0029255799018935397,-41246838000000.0,-3621809000000.0,0.03558228396523028,1693013000000.0
BID,SOCB,2024,2,2024-06-30,2024-Q2,20224863000000.0,8158532000000.0,0.02498933101318279,0.06471525625005188,0.016673299453789214,0.010768553182504437,0.19310145086940794,0.015236428366544666,0.015897883015087,0.005774567931162924,0.0019285465702229756,1.322156758675295,0.020144946742899014,1882815402000000.0,1806924961000000.0,2521071363000000.0,134717273000000.0,18.713794503545213,14837763000000.0,-6708592000000.0,13516271000000.0,-5357739000000.0,6365954000000.0,1.0419997745551095,0.18911952813518082,0.3317002443972056,0.0,0.0031983408048804484,-37929216000000.0,-8671651999999.998,0.031134311381631665,1938915000000.0
BID,SOCB,2024,3,2024-09-30,2024-Q3,17258588000000.0,6498279000000.0,0.02245322231991905,0.06097504639768979,0.015381683182074257,0.008183342602552891,0.15086765014846099,0.017093902625694064,0.01667561552288506,0.004420425917038467,0.005820343294599839,1.1573184136457775,0.019783088269783644,1953065238000000.0,1873724961000000.0,2575981275000000.0,138439656000000.0,18.60724989810723,13989724000000.0,-6307180000000.0,10951408000000.0,-4453129000000.0,5151318000000.0,1.0423436089348228,0.18687672005667433,0.3654516812151724,0.0,0.002315028868257884,-38637662000000.0,-3624721000000.0,0.03376951814857912,1474978000000.0
BID,SOCB,2024,4,2024-12-31,2024-Q4,26406181000000.0,9938144000000.0,0.02385036678345628,0.06306980873988054,0.014121671481054244,0.011911951747499514,0.22050738108284434,0.014121799164062693,0.016611889517541813,0.0016864505782576424,0.0024989421269910493,1.310074297457709,0.018500606118698297,2056082420000000.0,1953165486000000.0,2760791854000000.0,144911113000000.0,19.051622728203046,15638729000000.0,-9558439000000.0,16847742000000.0,-6909598000000.0,7810117000000.0,1.0526923779565496,0.2014963380322603,0.3619773340188799,0.4840329675148667,0.0029494062459704757,-38038771000000.0,-7643672000000.002,0.030733688681604504,1967539000000.0
BID,SOCB,2025,1,2025-03-31,2025-Q1,17898410000000.0,7413125000000.0,0.02016804936940699,0.05861053991305688,0.014354035137574403,0.008481915684492603,0.15532007266746647,0.01893809967450807,0.01846989677580958,0.007233985299091269,0.009552351991803909,0.9684793025101591,0.018341157563635448,2107329969000000.0,1976945954000000.0,2856110951000000.0,155906310000000.0,18.319405744385843,13945584000000.0,-5906818000000.0,11991592000000.0,-4578467000000.0,5840373000000.0,1.065952240493065,0.18993888944725293,0.33001914695215945,0.0,0.0021917958040934982,-38650871000000.0,-4000428000000.0,0.03740799645031765,1538888000000.0
BID,SOCB,2025,2,2025-06-30,2025-Q2,22089912000000.0,8624713000000.0,0.020828706979985852,0.06025049798959245,0.014436516106718384,0.009440495910762082,0.16961293285614223,0.019790287427653208,0.015389506318093875,0.004530754623363874,0.0019801830094886294,0.8909459299955281,0.017632076037109295,2179879608000000.0,2074787517000000.0,2991670831000000.0,162738354000000.0,18.38331749994227,14991731000000.0,-7367096000000.0,14722816000000.0,-6098103000000.0,6755782000000.0,1.0506519776791197,0.205919335112329,0.33350499540242623,0.0,0.0025820648859499456,-38435803000000.0,-6316176000000.0,0.03517979374574708,1887419000000.0
BVB,Private_3,2020,1,2020-03-31,2020-Q1,418285000000.0,48128000000.0,0.0008235749703993694,0.003727608904290848,0.0005642917903047514,0.00010021245383135606,0.0018323165938552927,0.02888673765730881,0.02048520660693403,-0.019329658319368986,-0.034392506689296026,0.450867230479347,0.013024083405134283,34760450000000.0,37837807000000.0,52741199000000.0,3765623000000.0,14.00596899902088,308378000000.0,-216209000000.0,202076000000.0,-153948000000.0,38136000000.0,0.91866978443016,0.04098921483478152,0.5168939837670488,0.4922566277853383,3.395598197002263e-05,-452723000000.0,0.0,0.04937194426424284,12922000000.0
BVB,Private_3,2020,2,2020-06-30,2020-Q2,239989000000.0,13649000000.0,0.016879287091044238,0.10653461475899069,0.008642575648959152,0.0008359369128060231,0.011754946464778022,0.030951267746942308,0.018448373532587204,0.0029708188472818966,0.0014741753918605773,0.43502564153504253,0.013464595107936447,35778276000000.0,37625912000000.0,53391212000000.0,3781838000000.0,14.117794575018813,207257000000.0,-191806000000.0,48183000000.0,-34534000000.0,11090000000.0,0.9508945856249278,0.04827138807957665,0.7992282979636567,0.4933081535253204,0.0007812128191453222,-481740000000.0,0.0,0.04939964127952951,10364000000.0
BVB,Private_3,2020,3,2020-09-30,2020-Q3,339735000000.0,75804000000.0,0.022088198842479805,0.1064061338344705,0.003488115736485879,0.004482930263702298,0.06349181359375336,0.02983542237349763,0.013874712327915826,0.0007972435563971836,-0.0028867517261032924,0.4793693497795154,0.014302187023580765,38072429000000.0,37703108000000.0,54561393000000.0,3840310000000.0,14.207549130148347,276725000000.0,-201152000000.0,138583000000.0,-62779000000.0,60493000000.0,1.00979550545276,0.0552607758490361,0.5920850074322633,0.5085215510269556,0.001312205481285051,-544519000000.0,0.0,0.04371013470141345,17707000000.0
BVB,Private_3,2020,4,2020-12-31,2020-Q4,418454000000.0,63907000000.0,0.023098981519187652,0.10564035980898585,0.0022811159429073752,0.00353696670832766,0.05291861771752306,0.0279063011293508,0.009234676872795975,-0.000638808729540214,-0.004851857495091789,0.5142067280444338,0.014349607795546162,39832796000000.0,41372546000000.0,61101556000000.0,3890353000000.0,15.705915632848741,312315000000.0,-258906000000.0,159548000000.0,-95641000000.0,51137000000.0,0.962783291122572,0.05152668148583363,0.6187203372413694,0.5129593684718488,0.0013297257361127807,-571585000000.0,0.0,0.037140978002146774,19225000000.0
BVB,Private_3,2021,1,2021-03-31,2021-Q1,382157000000.0,151852000000.0,0.022720970249140864,0.10054573446521162,0.003686589179039651,0.007946972478292517,0.12268861251621448,0.0283043379070326,0.010724241826162953,0.0018358239275997597,0.0038701526249877113,0.4378600031062402,0.012393337483893365,41856199000000.0,38660255000000.0,61093406000000.0,4024644000000.0,15.179828576142386,325277000000.0,-230305000000.0,151852000000.0,0.0,121385000000.0,1.0826674319659817,0.05355075904181181,0.6026449862229398,0.5301062636623957,0.0012328495179694888,-518738000000.0,0.0,0.039028579733195554,18831000000.0
BVB,Private_3,2021,2,2021-06-30,2021-Q2,498906000000.0,185454000000.0,0.02758515761722556,0.10078562386567103,0.00284462445370359,0.009289629699600024,0.13634278561876428,0.028089608115473737,0.0072265728692388126,0.0014770094150211776,-0.0015854282420627826,0.4471125536888685,0.012559216416629028,44377052000000.0,39901033000000.0,66600812000000.0,4675721000000.0,14.243966224674226,413291000000.0,-242519000000.0,256387000000.0,-70933000000.0,148279000000.0,1.112178023060205,0.06067579754138195,0.4861015902795316,0.5383550110588361,0.0011091496719138842,-557341000000.0,0.0,0.03531618098471255,17704000000.0
BVB,Private_3,2021,3,2021-09-30,2021-Q3,452821000000.0,48375000000.0,0.021659814510920503,0.09680803015207581,0.002688106424148941,0.002334787500815672,0.032983568704442044,0.02938956605063339,0.013777900641295826,0.0016072721549867711,0.008302669586974818,0.5315132108114671,0.01562094261592784,44841084000000.0,42454752000000.0,65820661000000.0,4697916000000.0,14.010608320795859,337960000000.0,-232691000000.0,220130000000.0,-171755000000.0,38647000000.0,1.0562088314636722,0.05160623715338156,0.5138697189397134,0.5536719870566397,0.00091133256009016,-700460000000.0,0.0,0.04316746669192922,15085000000.0
BVB,Private_3,2021,4,2021-12-31,2021-Q4,399410000000.0,-74234000000.0,0.02123114578703764,0.09603853211091636,0.0047729067877731075,-0.0033381077060488998,-0.05088524387903381,0.02534918946138666,0.01256363143890234,-0.0031652000205882624,-0.003945711927927523,0.5957034820979838,0.015100600430509549,46389215000000.0,45244577000000.0,76511475000000.0,4639172000000.0,16.492485081389525,358334000000.0,-345900000000.0,53510000000.0,-127744000000.0,-59390000000.0,1.025298899357596,0.0678769966177383,0.8660273904008412,0.5732058094877268,0.0010893955810513515,-700505000000.0,0.0,0.037912820900288996,19382000000.0
BVB,Private_3,2022,1,2022-03-31,2022-Q1,469408000000.0,173633000000.0,0.022835192326333274,0.09730180212991886,0.0068423950120015346,0.0072014796662566065,0.11789216901541243,0.024238271304306558,0.01881111653055329,0.0005448680258978299,0.00807739471340483,0.5794689499294459,0.01404532562081154,49558196000000.0,46833268000000.0,77675727000000.0,4779401000000.0,16.252188715698892,418267000000.0,-300219000000.0,169189000000.0,4444000000.0,138797000000.0,1.0581835971813882,0.0707116360105385,0.6395694150930534,0.5858606055588852,0.0011611858680722412,-696061000000.0,0.0,0.04304938783485985,22380000000.0
BVB,Private_3,2022,2,2022-06-30,2022-Q2,507996000000.0,180900000000.0,0.02332582562286826,0.09675587494753465,0.01228580078754775,0.007236845693638464,0.11915237546567713,0.027305550564631423,0.011966353944836722,0.003734922070206107,-0.0028172534771039688,0.5492638323134731,0.014997951346558772,50769934000000.0,47434125000000.0,82197241000000.0,4930653000000.0,16.67066025534549,442742000000.0,-261333000000.0,246663000000.0,-65763000000.0,144622000000.0,1.070325087687398,0.059259973700368666,0.5144390900715754,0.599415171292218,0.001917822655297173,-761445000000.0,0.0,0.039271904509468145,38326000000.0
BVB,Private_3,2022,3,2022-09-30,2022-Q3,518764000000.0,68479000000.0,0.024429541470821967,0.09999148703357916,0.01403833890746576,0.0027296053152488383,0.04417867733256282,0.028022703826121844,0.01485198563496149,0.0007621833819992754,0.0036716809598373716,0.5599239858048825,0.01569058401935187,50851517000000.0,43386588000000.0,77556258000000.0,4939810000000.0,15.70025122423737,462286000000.0,-388431000000.0,130333000000.0,-61854000000.0,54508000000.0,1.1720561432486925,0.06228300321749201,0.7487624430376819,0.617554128495024,0.0007829061697108744,-797890000000.0,0.0,0.04287468946108333,15634000000.0
BVB,Private_3,2022,4,2022-12-31,2022-Q4,421070000000.0,33043000000.0,0.021111364670195736,0.10510219911813391,0.016286929388865428,0.0013342037419547246,0.021017871346102085,0.027891781635603574,0.024118142195570964,-0.00012660389266263186,0.009143286718467022,0.522687459598085,0.014578684486778154,50859390000000.0,50129097000000.0,79067497000000.0,5002586000000.0,15.805324885968977,390571000000.0,-286855000000.0,134215000000.0,-101172000000.0,26121000000.0,1.0145682456637908,0.06441085503694591,0.6812525233334125,0.6289569997577913,0.0014440210554267454,-741463000000.0,0.0,0.05200992383117454,28271000000.0
BVB,Private_3,2023,1,2023-03-31,2023-Q1,359397000000.0,25552000000.0,0.015377284588665744,0.11493442926724746,0.023918956128759068,0.0010320100059151949,0.016211693358358807,0.029255156689868732,0.0347193524598025,0.0029008802504316314,0.015326766601015073,0.49752505593526836,0.01455517346852198,53532306000000.0,54139263000000.0,78597641000000.0,5034120000000.0,15.612985189069787,285939000000.0,-296136000000.0,63261000000.0,-37709000000.0,20339000000.0,0.9887889681837745,0.0492692336798157,0.8239801667793554,0.6262059425701608,0.0010645346341560935,-779172000000.0,0.0,0.06397450914967123,20980000000.0
BVB,Private_3,2023,2,2023-06-30,2023-Q2,423861000000.0,14226000000.0,0.019443012116483624,0.12148933133591956,0.029132705717174575,0.0005583384861992936,0.008241457175900474,0.04383142782458268,0.03075555563144447,0.014860895400246722,0.011096813202853618,0.355136740070646,0.0155661503902641,53879924000000.0,50364925000000.0,81821177000000.0,5833861000000.0,14.025218804493285,366627000000.0,-350104000000.0,73757000000.0,-59531000000.0,11196000000.0,1.0697906132094905,0.05620004397901913,0.8259877648568752,0.6518710231048415,0.0008805949436680178,-838703000000.0,0.0,0.07458698345602716,17658000000.0
BVB,Private_3,2023,3,2023-09-30,2023-Q3,458477000000.0,21645000000.0,0.020349451963572227,0.12010052944547642,0.010248401051644613,0.000821441239387999,0.01164632250347453,0.035581338171948786,0.02372481441935766,-0.00881133388384141,-0.01621629978542657,0.4173074069363182,0.014848355967860183,53030046000000.0,53866234000000.0,84286870000000.0,5882112000000.0,14.329354830373852,397991000000.0,-392959000000.0,65518000000.0,-43873000000.0,17056000000.0,0.984476583233942,0.05414449430416836,0.8570964301371715,0.6804021588726465,0.0007998649216554813,-787409000000.0,0.0,0.05930615259130645,16608000000.0
BVB,Private_3,2023,4,2023-12-31,2023-Q4,513301000000.0,10183000000.0,0.021051971792558105,0.1102782471919081,0.013786851707686402,0.000370655085410598,0.005442257162001385,0.03314257508966909,0.020584323567591205,0.00052249624675038,-0.0007788037747506385,0.41842265803400003,0.013867604363110778,57768233000000.0,57138791000000.0,87883977000000.0,5843905000000.0,15.038570442195757,428061000000.0,-367716000000.0,145585000000.0,-135402000000.0,7977000000.0,1.011016018872363,0.061212845753071676,0.7163749924508233,0.7161882626832886,-3.8659274296304065e-05,-801107000000.0,0.0,0.0537268986572603,-832000000.0
BVB,Private_3,2024,1,2024-03-31,2024-Q1,532621000000.0,69317000000.0,0.023301104491861537,0.0977471555783048,0.01390218586080893,0.0025726155629612656,0.037456940786039936,0.03906965834720376,0.020625121189046188,0.005472246312259542,0.005272932616789577,0.3859407991177697,0.015078575163778057,57095713000000.0,59662541000000.0,83956700000000.0,5958447000000.0,14.090366164203525,472027000000.0,-357142000000.0,175479000000.0,-106162000000.0,55260000000.0,0.9569775615155245,0.0641448040236838,0.6705368357612637,0.7161851815186794,0.0009624263759156396,-860922000000.0,0.0,0.05969477953624995,20673000000.0
BVB,Private_3,2024,2,2024-06-30,2024-Q2,630102000000.0,83423000000.0,0.02679905617287699,0.09083549930914997,0.02514406230387407,0.0030388735801590927,0.044270405561242135,0.03774192465698252,0.01542345205810488,0.00032026922932024685,-0.004207934140344302,0.39428660611223854,0.01488113538114545,59588800000000.0,57487488000000.0,90489517000000.0,6016144000000.0,15.041115538457856,550715000000.0,-344175000000.0,285927000000.0,-202504000000.0,66265000000.0,1.036552510347991,0.06837080792258657,0.5462210880143215,0.7220589617899381,0.001042797047298538,-886749000000.0,0.0,0.0531653767150874,22739000000.0
BVB,Private_3,2024,3,2024-09-30,2024-Q3,529771000000.0,29194000000.0,0.023323049551477806,0.08584841372464995,0.03382594615380948,0.0009706117397282356,0.015297774964159844,0.04653786110733377,0.010029856332492823,0.012304174609993824,0.00766667561689445,0.32743888964709456,0.015238305567536076,64080878000000.0,60432773000000.0,99419581000000.0,6033190000000.0,16.47877507587197,524638000000.0,-360105000000.0,169666000000.0,-140472000000.0,23041000000.0,1.0603663346707588,0.07265489869213845,0.6797370939519151,0.7154877043902839,-0.0003123599691890485,-976484000000.0,0.0,0.05656771743982659,-7415000000.0
BVB,Private_3,2024,4,2024-12-31,2024-Q4,785095000000.0,208656000000.0,0.03145355204234807,0.09970540761838169,0.03106342906764181,0.006570335014863158,0.10940902268680291,0.03085397723585578,0.013058554689720774,-0.010344146657915642,-0.00648784805975973,0.4528822033680642,0.01397321719324246,68142074000000.0,67389449000000.0,103536280000000.0,6154909000000.0,16.82174017519999,758868000000.0,-413740000000.0,371355000000.0,-162699000000.0,166686000000.0,1.0111682913448365,0.06777249358427015,0.5269935485514492,0.7146848388396413,6.105761094526853e-05,-952164000000.0,-216871000000.0,0.04391253192557655,1549000000.0
BVB,Private_3,2025,1,2025-03-31,2025-Q1,556558000000.0,80224000000.0,0.0198285618802663,0.08643096350707032,0.03203808768395502,0.0024004746618594267,0.041447149373046326,0.03434148695165684,0.017954891144469413,0.004837848052584957,0.010440187071500054,0.4478155843782058,0.015378653047672738,70821482000000.0,71012330000000.0,110118131000000.0,6219211000000.0,17.706125584097403,504791000000.0,-332652000000.0,223906000000.0,-143682000000.0,64109000000.0,0.9973124667223283,0.06268501540507121,0.5976951189274073,0.6927036568956244,0.0006750340389649152,-1089139000000.0,0.0,0.05229637809612625,18028000000.0
BVB,Private_3,2025,2,2025-06-30,2025-Q2,684095000000.0,13219000000.0,0.023836471266276645,0.09053355766697477,0.03438137052822653,0.000366551017657739,0.006294644049767448,0.03833544906333029,0.009615583408913811,0.0063361142315547705,-0.0017615276675514923,0.4044703090821814,0.015505550931449424,72601419000000.0,68796483000000.0,115509397000000.0,6919578000000.0,16.693127384357833,643805000000.0,-488028000000.0,196067000000.0,-182848000000.0,10338000000.0,1.0553071295810281,0.06557771274441457,0.7133921458276994,0.6637181445205694,-0.00012441744253830587,-1125725000000.0,-97640000000.0,0.0479510324722441,-3509000000.0
CTG,SOCB,2018,1,2018-03-31,2018-Q1,8834517000000.0,3027693000000.0,0.04907450848796618,0.124001623844146,0.027340242946832776,0.01587851956640516,0.2658125952188809,0.01245939791857533,0.004473415013210521,,,0.9758457578414117,0.01215845060409985,826357266000000.0,789272736000000.0,1114094907000000.0,66171887000000.0,16.836378067924826,7233573000000.0,-3455427000000.0,5379090000000.0,-2351397000000.0,2428579000000.0,1.0469856974763156,0.1526995644253446,0.3911280039418114,0.0,0.0038548401177359573,-10047224000000.0,,0.01693281293178585,592491000000.0
CTG,SOCB,2018,2,2018-06-30,2018-Q2,8501967000000.0,2237934000000.0,0.026648454282791344,0.0721171057930947,0.01969724714286132,0.00643183057264076,0.10777464555764715,0.012941734387005119,0.004412255929641332,,,1.1119666157543977,0.014390776588310396,867566175000000.0,852447029000000.0,1140117457000000.0,68042463000000.0,16.755969827253313,7206861000000.0,-3663247000000.0,4838720000000.0,-2600786000000.0,1808113000000.0,1.0177361706776504,0.14122451472582936,0.43087052678515453,0.0,0.00215350074266561,-12484951000000.0,,0.017353990316646452,606806000000.0
CTG,SOCB,2018,3,2018-09-30,2018-Q3,9288937000000.0,2330121000000.0,0.026988122824873843,0.07432217753619239,0.01989602045976805,0.006478896087348103,0.10852541144746601,0.013601479623749099,0.0035803705827073167,,,1.304343903931925,0.01774100703169143,891617481000000.0,825749141000000.0,1172517257000000.0,69915125000000.0,16.770580857861585,7507069000000.0,-3580668000000.0,5708269000000.0,-3378148000000.0,1871488000000.0,1.0797679788322057,0.14498551806546778,0.38547661589264737,0.0,0.0027210246226546954,-15818192000000.0,,0.017181850206456416,786592000000.0
CTG,SOCB,2018,4,2018-12-31,2018-Q4,1820106000000.0,-1037115000000.0,0.0009370097562849913,0.07309267387319462,0.02295357676105269,-0.002904937011264357,-0.04852835337395934,0.015628642002540546,0.006223717778900535,,,0.9620714241222085,0.015035869868480347,864925948000000.0,825816119000000.0,1164318266000000.0,67468807000000.0,17.257134337650285,264329000000.0,-3384698000000.0,-1564592000000.0,527477000000.0,-833377000000.0,1.0473590041416956,0.15892608291410693,1.8596158685263386,0.0,0.0026870115325613353,-13004914000000.0,,0.02185235978144108,784888000000.0
CTG,SOCB,2019,1,2019-03-31,2019-Q1,9632267000000.0,3152941000000.0,0.028442417531053463,0.07768322183733599,0.023361311306620187,0.008789209504199985,0.1469945161901071,0.018526680449791652,0.005881801423409958,,,1.0193212703246277,0.01888463945098007,861590291000000.0,824612550000000.0,1146773760000000.0,70125496000000.0,16.353164332698622,7949636000000.0,-3237794000000.0,6394473000000.0,-3241532000000.0,2528201000000.0,1.0448425639410897,0.1530955586353858,0.336140391457172,0.0,0.0033553834779230032,-16270822000000.0,,0.02440848187320161,969325000000.0
CTG,SOCB,2019,2,2019-06-30,2019-Q2,9940143000000.0,2181963000000.0,0.029185885077142436,0.0802073025776876,0.020310150848762903,0.006069851775425084,0.09909578303639226,0.014691152043915448,0.00836300433818822,,,1.007554153950669,0.014802131268167871,885535114000000.0,846859983000000.0,1183795177000000.0,72497243000000.0,16.328830283932316,8227205000000.0,-3619264000000.0,6320879000000.0,-4138916000000.0,1766664000000.0,1.0456688611770193,0.1515720657212823,0.3641058282561931,0.0,0.0033847426157469634,-13107807000000.0,,0.023054156382103667,986047000000.0
CTG,SOCB,2019,3,2019-09-30,2019-Q3,10375880000000.0,3121422000000.0,0.02880490862601824,0.0817167977708196,0.01945096906564184,0.008439700802080854,0.13631228652969726,0.015645158674317632,0.00873776961615234,,,1.1808483040197209,0.018474559086687402,899056206000000.0,865466194000000.0,1202209786000000.0,74878643000000.0,16.055443018645516,8329850000000.0,-3752698000000.0,6623182000000.0,-3501760000000.0,2511143000000.0,1.0388114662743257,0.1551910784397432,0.3616751543001654,0.0,0.0036599823283770764,-16609667000000.0,,0.024382928290469973,1091592000000.0
CTG,SOCB,2019,4,2019-12-31,2019-Q4,10573446000000.0,3324006000000.0,0.029295520335065318,0.0832314257120212,0.020460994713824704,0.008690190323717744,0.1395320945671986,0.011561795068914495,0.006070368196886518,,,1.1967393082534272,0.013836454632940618,935270945000000.0,892782111000000.0,1240789413000000.0,77355580000000.0,16.040076397850033,8692147000000.0,-5129759000000.0,5443687000000.0,-2119681000000.0,2655195000000.0,1.0475914934635153,0.1701655399768645,0.48515488706330934,0.0,0.0033033428759630143,-12940834000000.0,,0.017632163265801012,1008758000000.0
CTG,SOCB,2020,1,2020-03-31,2020-Q1,10684767000000.0,2974427000000.0,0.028145038568364665,0.08072184367150262,0.01788474051964198,0.007809294537035374,0.12368650870984664,0.01831580172452362,0.008597548357683994,0.009609782115063994,0.012029888301512456,0.773117374894462,0.014160264548351164,923623069000000.0,895750503000000.0,1222651543000000.0,78811234000000.0,15.513670842915618,8418438000000.0,-3317572000000.0,7367195000000.0,-4392768000000.0,2414466000000.0,1.0311164391274699,0.14902640584953153,0.3104954932568955,0.0,0.003439176400540448,-13078747000000.0,-2884264000000.0,0.026913350082207615,1059026000000.0
CTG,SOCB,2020,2,2020-06-30,2020-Q2,9974677000000.0,4485578000000.0,0.026147273906262477,0.07585736123691621,0.018619111862328785,0.011730097609945292,0.1787716907283286,0.016965932731786256,0.006240701921399014,0.00017362385737465811,-0.002062516695325201,0.8091318378380206,0.013727676331906444,941487524000000.0,913319796000000.0,1239556783000000.0,81019441000000.0,15.299498092069038,7797899000000.0,-3281706000000.0,6692971000000.0,-2207393000000.0,3571650000000.0,1.0308410352248623,0.16405082607012714,0.3290037361610807,0.0,0.0035820884475394306,-12924436000000.0,-1104046000000.0,0.02320663465318527,1102481000000.0
CTG,SOCB,2020,3,2020-09-30,2020-Q3,11510962000000.0,2904024000000.0,0.029999983501839817,0.0769731796992753,0.013940509380994344,0.007490995749844596,0.1137458891799136,0.01873615370931907,0.005830673642474585,0.00492494895768794,0.004617251837316965,0.8424792345924049,0.01578482043623278,958011088000000.0,939175387000000.0,1261204481000000.0,83322463000000.0,15.136428228243805,9078280000000.0,-3748792000000.0,7762170000000.0,-4858146000000.0,2336652000000.0,1.0200555734964123,0.18045787224191812,0.32567147732743795,0.0,0.003380183515190597,-15122033000000.0,-2660549000000.0,0.024566827351793656,1056629000000.0
CTG,SOCB,2020,4,2020-12-31,2020-Q4,13109620000000.0,6706311000000.0,0.03267713914987166,0.07573703768128644,0.010614832625177425,0.016550819558317987,0.2539790942938294,0.009375346284082663,0.002756881984178456,-0.008734738151590161,-0.011643572960399806,1.319698782479564,0.012372633076428196,1015333270000000.0,990331385000000.0,1341392922000000.0,85395014000000.0,15.70809417514704,10286763000000.0,-5713435000000.0,7396185000000.0,-689874000000.0,5356339000000.0,1.0252459786478443,0.1961012656384711,0.43582003139679104,0.0,0.003450875648168777,-12562346000000.0,-62366000000.0,0.01213222826826112,1122655000000.0
CTG,SOCB,2021,1,2021-03-31,2021-Q1,12922553000000.0,8060191000000.0,0.03287131843481821,0.07345435563046995,0.00924762949989707,0.019278186895583544,0.29166419885777023,0.008802623833830422,0.003849672528174297,-0.0005570584720423867,0.000542582436996278,1.5537536657448299,0.013677109049986827,1017140022000000.0,1003700363000000.0,1343984509000000.0,91837105000000.0,14.634438977578833,10642136000000.0,-3512229000000.0,9410324000000.0,-1350133000000.0,6461533000000.0,1.0133901107296899,0.18690745457068247,0.2717906438456859,0.0,0.0038226939280476884,-13911535000000.0,0.0,0.012652296362004718,1283172000000.0
CTG,SOCB,2021,2,2021-06-30,2021-Q2,14083397000000.0,2790066000000.0,0.032018684439455554,0.07225908575959823,0.008506280454762462,0.006521713553564547,0.09726127554370338,0.013447021422527811,0.003926963051506936,0.007739053453547028,0.00804583225808806,1.2900481839742954,0.01734730556599545,1076580794000000.0,1039512563000000.0,1473013792000000.0,93247451000000.0,15.796826360433165,10878584000000.0,-4187076000000.0,9896321000000.0,-7106255000000.0,2250195000000.0,1.0356592429176827,0.18692003917609218,0.29730582756418783,0.0,0.003853239100693373,-18675776000000.0,-2348397000000.0,0.017373984474034748,1356821000000.0
CTG,SOCB,2021,3,2021-09-30,2021-Q3,12255458000000.0,3060627000000.0,0.027968819242125697,0.0677118546579763,0.008849953473068965,0.006753266914973479,0.104200758445321,0.016685764665361476,0.004540883919602008,0.005842469079009039,0.006490238390784445,1.1860352136377905,0.019789904459591896,1084605792000000.0,1072892689000000.0,1447809011000000.0,95601232000000.0,15.144250557356834,9871806000000.0,-3646918000000.0,8608540000000.0,-5547913000000.0,2459772000000.0,1.0109173108551213,0.19298793916937576,0.2975750069887229,0.0,0.0031618569912952024,-21464245000000.0,-2669218000000.0,0.021226648584963485,1154403000000.0
CTG,SOCB,2021,4,2021-12-31,2021-Q4,13887108000000.0,3678083000000.0,0.02885134272207793,0.06901250068141133,0.009473492267171795,0.008017259662064995,0.12346626642927891,0.012647804613678352,0.010526493588456564,-0.0033557786864556963,0.0030768791985208207,1.8037875691454788,0.022813952739133846,1130667767000000.0,1161796827000000.0,1531468324000000.0,93653118000000.0,16.352560990014236,10395939000000.0,-5831801000000.0,8055307000000.0,-4377224000000.0,2920816000000.0,0.9732061068884293,0.20096253197978478,0.41994351883775943,0.0,0.0031090600029688074,-25795001000000.0,-157315000000.0,0.023174298202134916,1157844000000.0
CTG,SOCB,2022,1,2022-03-31,2022-Q1,14070205000000.0,5822496000000.0,0.026206383023265757,0.06656389817935422,0.008718606263841792,0.011762429190506275,0.19438054295738066,0.012460803883964528,0.01101514983625722,0.0009031653946494788,0.0023554319648346356,1.9724959834335234,0.024578885611472878,1229579098000000.0,1212678007000000.0,1663730167000000.0,98296423000000.0,16.925643031791708,10145865000000.0,-3821026000000.0,10249179000000.0,-4426683000000.0,4663907000000.0,1.0139369980344668,0.201600120220536,0.2715686089861519,0.0,0.0032001191878379613,-30221684000000.0,-101000000.0,0.023475953720221748,1278127000000.0
CTG,SOCB,2022,2,2022-06-30,2022-Q2,15940666000000.0,5785062000000.0,0.02961222150501864,0.07239981030981868,0.010312336781138985,0.01116218451336016,0.18481987512698025,0.013465050573795392,0.012476953261734789,0.004748293956441345,0.006300451115833786,1.896180194096511,0.025532162210538684,1238483280000000.0,1205567462000000.0,1691061895000000.0,102782081000000.0,16.45288632558432,12012925000000.0,-4272331000000.0,11668335000000.0,-5883273000000.0,4645413000000.0,1.0273031738476035,0.19901891313652592,0.26801458609069406,0.0,0.0037206073489272494,-31621156000000.0,-4483707000000.0,0.02594200383553018,1560233000000.0
CTG,SOCB,2022,3,2022-09-30,2022-Q3,17324179000000.0,4156564000000.0,0.031155647403539738,0.07786976729774815,0.0131635381862326,0.007715995886351283,0.12784972844439724,0.014175400504670215,0.01799322725426283,0.0013468789017482738,0.006961296239703777,2.2235297849987155,0.03151942523642005,1245238538000000.0,1189722937000000.0,1750789603000000.0,106108656000000.0,16.499969644323834,12923636000000.0,-4846989000000.0,12477190000000.0,-8320626000000.0,3338328000000.0,1.046662629822022,0.20452895496289822,0.27978174319256344,0.0,0.0034062689824975127,-39249203000000.0,-692572000000.0,0.03216862775893305,1465484000000.0
CTG,SOCB,2022,4,2022-12-31,2022-Q4,17245343000000.0,5349296000000.0,0.03008425203408086,0.0849094747852669,0.028886809185570808,0.009603726354554325,0.15896064097269155,0.012390603241601999,0.023470888351494176,0.0105698784597044,0.016605138187587958,1.8842865924571137,0.023347447560606298,1274821709000000.0,1249181034000000.0,1809188549000000.0,108304722000000.0,16.7046137563605,12847616000000.0,-6363452000000.0,10881891000000.0,-5532595000000.0,4260411000000.0,1.020525988069076,0.20022398450855763,0.36899538617469074,0.0,0.004012566198468063,-29763833000000.0,-15017965000000.0,0.03586149159309618,1785581000000.0
CTG,SOCB,2023,1,2023-03-31,2023-Q1,17018045000000.0,5980335000000.0,0.028993269079756682,0.08906496715555572,0.01975571487793138,0.010638041427673968,0.17378998530146195,0.012778701598307837,0.026718676929410826,0.00647679274812224,0.010946220088255494,1.7299553964307752,0.022106583789371217,1333109461000000.0,1272350383000000.0,1823962183000000.0,112945173000000.0,16.14909371115842,12666171000000.0,-4313889000000.0,12704156000000.0,-6723821000000.0,4806377000000.0,1.047753416678148,0.18062976368043424,0.2534891052409369,0.0,0.004405368557662144,-29470496000000.0,-7017158000000.0,0.03949737852771866,2000671000000.0
CTG,SOCB,2023,2,2023-06-30,2023-Q2,17771930000000.0,6550196000000.0,0.028556946917145273,0.08986451054135484,0.017008508874376802,0.01143009705629095,0.18019674731099314,0.012733209938150148,0.02585249661931812,0.005246712445318097,0.004889534723660625,1.6886022822612132,0.021501327362071502,1359356681000000.0,1310048451000000.0,1860104522000000.0,118060373000000.0,15.755536550778135,12757470000000.0,-4743381000000.0,13028549000000.0,-6478353000000.0,5203306000000.0,1.0376384781512176,0.18744494435496264,0.26690297564755205,0.0,0.0038743685016962796,-29227973000000.0,-6720876000000.0,0.03858570655746827,1784179000000.0
CTG,SOCB,2023,3,2023-09-30,2023-Q3,17393154000000.0,4870950000000.0,0.028685683293848765,0.08530178649065519,0.012941482618967246,0.008313472426115444,0.12873403514847465,0.013663009658890205,0.02370399437127882,0.0041484351228932535,0.0024694136917255494,1.724370217918417,0.02356008694292194,1386280071000000.0,1310323594000000.0,1888338295000000.0,122005123000000.0,15.477532816388374,13087437000000.0,-5081879000000.0,12311275000000.0,-7440325000000.0,3863075000000.0,1.0579677244215142,0.19982064140409578,0.2921769680185664,0.0,0.003873971328612107,-32660879000000.0,-4007419000000.0,0.03736700403016902,1815170000000.0
CTG,SOCB,2023,4,2023-12-31,2023-Q4,18475438000000.0,7698581000000.0,0.030523099364691476,0.0807172903656287,0.013704693327314497,0.01253390388679244,0.19615611223055546,0.011272537603091194,0.015494725780927372,0.004816898936722867,-0.002419232642925298,1.6722281924518367,0.018850255180362548,1473344564000000.0,1410899038000000.0,2032690017000000.0,127570582000000.0,15.933846072756806,14572026000000.0,-6304215000000.0,12171223000000.0,-4472642000000.0,6119475000000.0,1.0442593866167198,0.22546703728066472,0.3412214097441154,0.0,0.0031702071525363676,-27772921000000.0,-9009997000000.0,0.026767263384018566,1553809000000.0
CTG,SOCB,2024,1,2024-03-31,2024-Q1,19066889000000.0,6210282000000.0,0.030279582739631567,0.07247512710307853,0.012953307525828427,0.009736550277712197,0.1536703785858522,0.01347163070126,0.015851787032531487,0.005999900645101236,0.006798653380038534,1.5084859106517419,0.020321765106354153,1514397585000000.0,1427664878000000.0,2077615056000000.0,130582488000000.0,15.910365071310327,15174236000000.0,-4807448000000.0,14259441000000.0,-8049159000000.0,4958810000000.0,1.0607514468812198,0.22183436034629408,0.2521359410022264,0.0,0.0034620359674699015,-30775232000000.0,-5046848000000.0,0.029323417733791487,1778753000000.0
CTG,SOCB,2024,2,2024-06-30,2024-Q2,19640437000000.0,6749946000000.0,0.029600939686330985,0.06834444004026449,0.014389598399676691,0.010208621775325045,0.16102607315219367,0.015682649623323656,0.01439923933768104,0.009770288956185836,0.008860963681476024,1.1377302654068684,0.017842625118226946,1571529403000000.0,1466830363000000.0,2161436302000000.0,135972854000000.0,15.896086890990755,15338887000000.0,-5073752000000.0,14566685000000.0,-7816739000000.0,5365295000000.0,1.071377742539953,0.22766026148860133,0.258331930190759,0.0,0.0035597322904621434,-28040210000000.0,-10551762000000.0,0.030081888961004697,1886236000000.0
CTG,SOCB,2024,3,2024-09-30,2024-Q3,21916298000000.0,6552679000000.0,0.02891601189030445,0.0676628721716543,0.01663549448252551,0.009459791555550667,0.15094978202715414,0.014466984904140875,0.01437988224002361,0.0002234523893282829,0.0005138497558228632,1.5301162810173456,0.022136169139058116,1605381436000000.0,1516890438000000.0,2229791111000000.0,140985956000000.0,15.815696642862783,15577514000000.0,-6094955000000.0,15821343000000.0,-9268664000000.0,5225859000000.0,1.0583371058206907,0.23149907086433885,0.27810148411013574,0.0,0.003281905181529709,-35536995000000.0,-1771878000000.0,0.028846867144164484,1801449000000.0
CTG,SOCB,2024,4,2024-12-31,2024-Q4,21285059000000.0,12251018000000.0,0.02869113814271541,0.06652194008110662,0.018255631058116697,0.017122928208916647,0.270772144831586,0.012189500007954332,0.013484835467049339,-0.000559713710306041,-0.0004755717132884549,1.7467618863992154,0.02129215402815756,1721954714000000.0,1606316685000000.0,2385387732000000.0,148504708000000.0,16.06270780317618,16312157000000.0,-6569774000000.0,14715285000000.0,-2464267000000.0,9798251000000.0,1.071989558522204,0.24846420741748068,0.30865660273715945,0.40115886685224944,0.002131315022584489,-36664125000000.0,-1336708000000.0,0.02567433547500367,1229550000000.0
CTG,SOCB,2025,1,2025-03-31,2025-Q1,20453383000000.0,6823198000000.0,0.02583383290361304,0.06306655230615377,0.019559897760059196,0.009061343027341198,0.1433153067663629,0.015535584670569287,0.013182785506232525,0.007829070004218473,0.008128027924432396,1.3681583480886956,0.02125513985947814,1800459242000000.0,1621227454000000.0,2469863401000000.0,153982172000000.0,16.039930914859415,15475215000000.0,-5519223000000.0,14934160000000.0,-8110962000000.0,5418875000000.0,1.1105531414224372,0.24351954750452925,0.2698440155352296,0.0,0.0026536860086244277,-38269013000000.0,-6499884000000.0,0.028718370176801813,1610539000000.0
CTG,SOCB,2025,2,2025-06-30,2025-Q2,20917080000000.0,12097152000000.0,0.025289229754375125,0.0628900644283577,0.021377552344096152,0.015358542102414784,0.24341423256671454,0.013064188480613416,0.009630614970619912,0.0025763876747619263,-0.0004468104477090962,1.3475507230221502,0.017604656632748253,1899351501000000.0,1719957759000000.0,2609788006000000.0,163826196000000.0,15.930224040604593,15842616000000.0,-5847160000000.0,15069920000000.0,-2972768000000.0,9669885000000.0,1.1043012487145623,0.2490329316279447,0.27953997403079206,0.0,0.002258762871835784,-33437431000000.0,-7796382000000.0,0.022694803451233328,1434216000000.0
EIB,Private_2,2018,1,2018-03-31,2018-Q1,1346724000000.0,560079000000.0,0.0019709492153021733,0.008175681562522377,0.0008691625344166241,0.0012914303433641755,0.019919520018536477,0.02320552576417045,0.006057595428955582,,,0.5179315736302125,0.01201887447595324,100709763000000.0,112830558000000.0,143630340000000.0,14684531000000.0,9.781064168818194,667362000000.0,-635086000000.0,711638000000.0,-151559000000.0,444481000000.0,0.8925752454401582,0.1413169559969738,0.47157843774967995,0.0,0.0002278099152318207,-1210418000000.0,,0.029263121193126032,78407000000.0
EIB,Private_2,2018,2,2018-06-30,2018-Q2,1019099000000.0,361584000000.0,0.02427926310206441,0.08875919940552378,0.01289819073006752,0.008067619087645745,0.07898837275942164,0.02198819125191675,0.00514118141108172,,,0.5437770887217529,0.011956674625224406,100806791000000.0,114222685000000.0,146794874000000.0,14978569000000.0,9.80032698717748,836747000000.0,-637868000000.0,381231000000.0,-19647000000.0,292880000000.0,0.8825461509681723,0.1360785644287735,0.6259136747264005,0.5268772871711531,0.0021809952079436187,-1205314000000.0,,0.027129372662998467,79177000000.0
EIB,Private_2,2018,3,2018-09-30,2018-Q3,946346000000.0,214808000000.0,0.02300913516626189,0.08998333448580198,0.024463204263576593,0.004627123994556227,0.04506408829244146,0.0206709599285414,0.007272096772145039,,,0.5963496668019515,0.012327120065862153,98576796000000.0,119167515000000.0,146991072000000.0,15187003000000.0,9.678741223663417,803229000000.0,-580787000000.0,365559000000.0,-150751000000.0,169923000000.0,0.8272119797077249,0.13583633929095526,0.6137152796123194,0.0,0.002578394270772912,-1215168000000.0,,0.02794305670068644,94687000000.0
EIB,Private_2,2018,4,2018-12-31,2018-Q4,1139409000000.0,-309343000000.0,0.025113165136574665,0.09364892376429938,0.025143919482297713,-0.006585094307210343,-0.06563075345145981,0.01842825700673152,0.006011958050499845,,,0.5577105573164935,0.010277633485595813,104242577000000.0,118804227000000.0,152708812000000.0,14883534000000.0,10.26025216860458,899557000000.0,-1047163000000.0,92246000000.0,-401589000000.0,-246694000000.0,0.8774315496366977,0.15540598568096403,0.9190404850233762,0.0,0.0025195071480241214,-1071367000000.0,,0.024440215057231367,94387000000.0
EIB,Private_2,2019,1,2019-03-31,2019-Q1,1017094000000.0,350351000000.0,0.022908694631140567,0.08942904119936185,0.025022458071533336,0.007396340711266333,0.07451058915890822,0.018761957685377993,0.006150328615651736,,,0.5652905949083235,0.010605958221612116,101015578000000.0,122019245000000.0,150714744000000.0,15235997000000.0,9.892017174852423,829051000000.0,-673693000000.0,343401000000.0,6950000000.0,280528000000.0,0.8278659485231202,0.13135150934592327,0.6623704397037049,0.0,0.0020942869709166547,-1071367000000.0,,0.024912286301029728,79432000000.0
EIB,Private_2,2019,2,2019-06-30,2019-Q2,1121466000000.0,412186000000.0,0.022886586509679313,0.09536517157168825,0.019642892386635698,0.008508858779228622,0.08589474845758152,0.017693504404003493,0.0058350334535130196,,,0.5437879788251884,0.009621514998187627,105974371000000.0,129257706000000.0,159591499000000.0,15503391000000.0,10.29397368614389,834535000000.0,-745633000000.0,375833000000.0,36353000000.0,330044000000.0,0.8198688827109465,0.12306177706727985,0.6648734781081191,0.5463665541842099,0.0020383218651517754,-1019634000000.0,,0.02352853785751651,79063000000.0
EIB,Private_2,2019,3,2019-09-30,2019-Q3,1087744000000.0,340419000000.0,0.020517439940726488,0.0978397089006223,0.01908842446422903,0.0068352606012874375,0.06947818113077234,0.017063862390666276,0.006641290389971555,,,0.5762538047806591,0.009833115626875036,107432887000000.0,134467431000000.0,158596223000000.0,15799904000000.0,10.037796622055426,759893000000.0,-604437000000.0,483307000000.0,-142888000000.0,271862000000.0,0.7989509891060534,0.12128993525577209,0.5556794613438456,0.0,0.002279685700757492,-1056400000000.0,,0.023705152780637832,90671000000.0
EIB,Private_2,2019,4,2019-12-31,2019-Q4,1259985000000.0,-7707000000.0,0.020621362798150578,0.09702087627646852,0.016300445593366356,-0.0003998840466272476,-0.004133731749982892,0.017069220346985405,0.005386023754297302,,,0.5549545280784783,0.009472641122328845,113254792000000.0,139278464000000.0,167538318000000.0,15749313000000.0,10.637817535279158,796887000000.0,-676985000000.0,583000000000.0,-590707000000.0,-16302000000.0,0.813153654537718,0.13993732010140492,0.5372960789215745,0.0,0.0032960630195867538,-1072822000000.0,,0.022455244101282707,134370000000.0
EIB,Private_2,2020,1,2020-03-31,2020-Q1,1051620000000.0,457570000000.0,0.021907148599374874,0.09601987412172651,0.015266496639086332,0.009019008069686939,0.09178452941793157,0.018533908994279764,0.008102378220411127,0.0007470677267236515,0.003149703369725848,0.5348655453022629,0.009913149340807961,108869640000000.0,129108053000000.0,157170561000000.0,16157502000000.0,9.727404706494854,855974000000.0,-629128000000.0,422492000000.0,35078000000.0,366069000000.0,0.8432443791867886,0.12243346276781046,0.5982465149008197,0.0,0.0018599060236969992,-1079241000000.0,0.0,0.02663628721469089,75491000000.0
EIB,Private_2,2020,2,2020-06-30,2020-Q2,1077791000000.0,94204000000.0,0.020891522353392124,0.09116413419228529,0.011310366822485601,0.001968645863554743,0.01854722615741088,0.020836995555897447,0.010733120105249077,0.0012808988805327179,0.003385112690737289,0.6156614660182428,0.012828535231359432,103528889000000.0,124565867000000.0,147314878000000.0,16161293000000.0,9.115290342177449,759410000000.0,-728220000000.0,349571000000.0,-255367000000.0,74928000000.0,0.8311176367439405,0.12908013557197012,0.675659752215411,0.5086027193632063,0.002326889595531693,-1328124000000.0,0.0,0.03157011566114652,88563000000.0
EIB,Private_2,2020,3,2020-09-30,2020-Q3,1093159000000.0,551838000000.0,0.023532865633745088,0.09452361209726355,0.0030720243927255014,0.011524171079951838,0.10504125903081236,0.024592405973416328,0.008098342576046627,0.0032264231097853275,0.00041744869878783305,0.4969643862801901,0.012221549941732126,101301963000000.0,127843977000000.0,151273539000000.0,16597111000000.0,9.11445003892545,838579000000.0,-494505000000.0,598654000000.0,-46816000000.0,430123000000.0,0.7923874505249473,0.13206031598970047,0.4523632884145856,0.0,0.002751211879729414,-1238067000000.0,0.0,0.03269074854946295,102685000000.0
EIB,Private_2,2020,4,2020-12-31,2020-Q4,1223017000000.0,235914000000.0,0.02299420217270877,0.0936585693005257,0.0016088299051329308,0.005108897885293654,0.047655594894286224,0.025151535606662338,0.007726347545356085,0.00042640832142611096,1.364238124388567e-05,0.5049744422370884,0.012700882664380584,100767406000000.0,133917740000000.0,160435177000000.0,16819490000000.0,9.538646950650703,859773000000.0,-586831000000.0,636186000000.0,-400272000000.0,199061000000.0,0.7524574862150452,0.15151920873216648,0.4798224390993747,0.0,0.005164231596270154,-1279835000000.0,0.0,0.03287788315201842,201217000000.0
EIB,Private_2,2021,1,2021-03-31,2021-Q1,1110060000000.0,214141000000.0,0.021220324020864257,0.08653165875561095,0.004254831631815707,0.004284608454613565,0.04072574316309648,0.02302859889390618,0.00785887070242376,-0.001148307816914529,-0.0006831772567411331,0.5291322806929054,0.012185175053894694,105032139000000.0,136146181000000.0,160953350000000.0,16992637000000.0,9.471946584864963,817665000000.0,-577278000000.0,532782000000.0,-318641000000.0,172128000000.0,0.7714659216184698,0.13597836431416316,0.5200421598832495,0.0,0.0032968693994481018,-1279835000000.0,0.0,0.030887469596329938,132447000000.0
EIB,Private_2,2021,2,2021-06-30,2021-Q2,1240057000000.0,340400000000.0,0.0251361343638053,0.09119908017666292,0.005139519987668253,0.006681373389689355,0.0636409436745734,0.020109672711954928,0.007276827690479235,0.0005145853499184664,2.4040260667261095e-05,0.5020493566245231,0.010096048246966699,106352800000000.0,139833952000000.0,165560358000000.0,17286553000000.0,9.577407248281366,983409000000.0,-777116000000.0,462941000000.0,-122541000000.0,272695000000.0,0.7605649306114155,0.12864123299611813,0.6266776446566569,0.49342830834816465,0.002077634057556934,-1073743000000.0,-334071000000.0,0.027386500402434164,84797000000.0
EIB,Private_2,2021,3,2021-09-30,2021-Q3,946812000000.0,411750000000.0,0.018774305131750487,0.08265060243013647,0.005586037294011406,0.008033025524761152,0.07544870317066407,0.021840576168706292,0.013611118960395841,0.0028713677496032073,0.009064096102782438,0.4282730544215556,0.00935373026609848,105246674000000.0,139778855000000.0,162526238000000.0,17644836000000.0,9.21098036842054,737381000000.0,-473658000000.0,473154000000.0,-61404000000.0,329441000000.0,0.7529513244331555,0.14215780348179272,0.5002661563224801,0.0,0.00187960132330429,-984449000000.0,-145450000000.0,0.03545169512910214,77084000000.0
EIB,Private_2,2021,4,2021-12-31,2021-Q4,1412420000000.0,238775000000.0,0.025056869621531714,0.08417618331328192,0.004781318868085554,0.004657669099292329,0.04316666809672686,0.019597150651369008,0.008766542346812019,0.0005074174600519918,-0.0035518557099486108,0.6080863402061856,0.011916759618060246,114674630000000.0,137373791000000.0,165831996000000.0,17784908000000.0,9.324310027355779,985847000000.0,-686107000000.0,726313000000.0,-487538000000.0,191173000000.0,0.8347635248706211,0.15793820525779914,0.4857669814927571,0.0,0.003375264833468437,-1366550000000.0,-104756000000.0,0.028363692998181027,138537000000.0
EIB,Private_2,2022,1,2022-03-31,2022-Q1,1667889000000.0,809033000000.0,0.03065196559126513,0.08255430291903143,0.007420510719502062,0.015311078221368742,0.1428997824223043,0.019753556802249692,0.008074880351418772,0.0015135605844117397,0.0013766776487528236,0.6305181251479328,0.01245497559995767,122553271000000.0,139085743000000.0,172343012000000.0,18449045000000.0,9.341568194993291,1244924000000.0,-700520000000.0,967369000000.0,-158336000000.0,647228000000.0,0.8811346753203885,0.16018549075874727,0.42000396908907006,0.0,0.002346382734468657,-1526398000000.0,0.0,0.027828437153668464,99186000000.0
EIB,Private_2,2022,2,2022-06-30,2022-Q2,2022454000000.0,1093677000000.0,0.0339394624448089,0.08763418508736152,0.011111191829334066,0.020093928062906462,0.185788705636095,0.01881991854755114,0.010002849476980765,-0.0006303707715806296,0.0014587860327285756,0.7067582519097683,0.013301132733751468,124528116000000.0,141494760000000.0,174582486000000.0,19072590000000.0,9.153580399935194,1417523000000.0,-798811000000.0,1223643000000.0,-129966000000.0,871387000000.0,0.8800899482072693,0.1589654344796938,0.3949711588001507,0.5435617906999632,0.0028671054901822177,-1656365000000.0,0.0,0.028822768024531906,124334000000.0
EIB,Private_2,2022,3,2022-09-30,2022-Q3,1683890000000.0,1278038000000.0,0.03453586274029204,0.08983664837978869,0.022524528492837228,0.02285612931395917,0.20891150562954505,0.01895929322127627,0.008421612436141361,0.00058373162892788,-0.0008001245277010374,0.5647146463601374,0.010706590566691179,127446734000000.0,145260765000000.0,183674150000000.0,20122762000000.0,9.127680881978328,1491922000000.0,-702113000000.0,981777000000.0,296261000000.0,1023545000000.0,0.8773651577561222,0.16055501979491846,0.4169589462494581,0.0,0.0023519899293644904,-1364520000000.0,0.0,0.02738090565741763,105327000000.0
EIB,Private_2,2022,4,2022-12-31,2022-Q4,1858816000000.0,528318000000.0,0.03235493084698774,0.09341908374487834,0.027632305916590032,0.008756625685652527,0.07952030337321232,0.01798129542534469,0.010271757351373405,0.0007609688923060202,0.002857648749162925,0.5580041420572217,0.01003363732689691,130505614000000.0,148614571000000.0,185045048000000.0,20479900000000.0,9.035446852767835,1437602000000.0,-1218949000000.0,639867000000.0,-111549000000.0,403592000000.0,0.878148172967508,0.14295389649242402,0.6557663588004408,0.0,0.004013200310768739,-1309446000000.0,-166623000000.0,0.028253052776718097,184968000000.0
EIB,Private_2,2023,1,2023-03-31,2023-Q1,1667234000000.0,870681000000.0,0.027897992823566555,0.1005977887710417,0.028928901629193825,0.015103141093072049,0.13376998310198449,0.023427983088922005,0.014661174051269285,0.005369125346592369,0.009710003739762491,0.45992778669806433,0.010775180408887577,130073553000000.0,148712452000000.0,183684077000000.0,21151024000000.0,8.684405870845781,1236609000000.0,-704433000000.0,962801000000.0,-92120000000.0,696121000000.0,0.874664839767419,0.12556153670305967,0.4225159755619187,0.0,0.003176857808560688,-1401566000000.0,0.0,0.03808915714019129,146425000000.0
EIB,Private_2,2023,2,2023-06-30,2023-Q2,1481262000000.0,534521000000.0,0.024343021762283548,0.10489946337325899,0.028005919928617142,0.009040320765840423,0.07941528150552822,0.027496907353232708,0.014686494210998168,0.004444423840717259,0.004670303731920047,0.4356301526177484,0.011978481946804852,131849846000000.0,154278454000000.0,190300883000000.0,21421941000000.0,8.883456592472177,1094223000000.0,-768946000000.0,712316000000.0,-177795000000.0,422618000000.0,0.854622551506771,0.12936779234253928,0.5191154569549479,0.5523216713286974,0.0026488979663781133,-1579361000000.0,0.0,0.04218340156423088,123831000000.0
EIB,Private_2,2023,3,2023-09-30,2023-Q3,1234942000000.0,306940000000.0,0.018910883704598966,0.09858920256890649,0.01780544923776517,0.0050689137710003785,0.04491707077769195,0.02642212701234602,0.01052363541747086,0.002487943747768958,-0.001346304189084908,0.38647145457374554,0.01021139785939362,135966987000000.0,153967816000000.0,191336700000000.0,21646050000000.0,8.839335583166443,868736000000.0,-757989000000.0,476953000000.0,-170013000000.0,241811000000.0,0.8830870667152932,0.14193286991873677,0.6137851008387438,0.0,0.002422780253275003,-1388413000000.0,-360961000000.0,0.036945762429816884,115578000000.0
EIB,Private_2,2023,4,2023-12-31,2023-Q4,2171395000000.0,1007484000000.0,0.02951151185386183,0.09758847782101805,-0.019700629012548185,0.016387865229526195,0.1459795615205254,0.02653534034906526,0.013094119539142928,0.0017756736787879251,0.004777784772122662,0.4120825574344086,0.010934750913435265,140448924000000.0,156329168000000.0,201416835000000.0,22444999000000.0,8.973795677157304,1397536000000.0,-909440000000.0,1261955000000.0,-254471000000.0,804549000000.0,0.8984179075270202,0.16495114974321362,0.41882752792559624,0.0,0.0026167250156004323,-1535774000000.0,-107110000000.0,0.039629459888208186,128466000000.0
EIB,Private_2,2024,1,2024-03-31,2024-Q1,1577190000000.0,661048000000.0,0.027787566635439485,0.07966831768962813,0.019429840283942842,0.010414788562822868,0.09288100384929154,0.028593047202346195,0.012031716267358637,0.005166262434306724,0.0046668922860526865,0.37314274649435225,0.010669288163726113,147021336000000.0,160659164000000.0,203584954000000.0,22968033000000.0,8.863839319631769,1358029000000.0,-634615000000.0,942575000000.0,-281527000000.0,527251000000.0,0.9151132891491953,0.146128676481847,0.40237067189114817,0.0,0.0021857286166209995,-1568613000000.0,-248668000000.0,0.04062476346970483,110653000000.0
EIB,Private_2,2024,2,2024-06-30,2024-Q2,1967682000000.0,813247000000.0,0.030155554954610607,0.07533580901109949,0.03201138539875749,0.012374640569451414,0.11069741946083961,0.026446312732773026,0.010435673745612831,-7.985915731305829e-05,-0.0013702160889083473,0.39960360473815276,0.010568041900048609,151327939000000.0,163051022000000.0,211999157000000.0,23489274000000.0,9.025360128201493,1511540000000.0,-933827000000.0,1033855000000.0,-220608000000.0,642838000000.0,0.9281017508740301,0.16558147056569814,0.47458227498142486,0.5939130146318843,0.002400072509028142,-1599240000000.0,-189981000000.0,0.03688198647838586,124679000000.0
EIB,Private_2,2024,3,2024-09-30,2024-Q3,1969972000000.0,903653000000.0,0.029179760703775388,0.07228986065243574,0.0349982869266283,0.01324285387521364,0.12104474861443472,0.027073799820608344,0.00900926710577179,0.0025905130446533075,0.00164964250256524,0.399497848800194,0.010815924787180112,159483450000000.0,167270241000000.0,223683971000000.0,24176470000000.0,9.252135278640761,1535871000000.0,-864338000000.0,1105634000000.0,-201981000000.0,721211000000.0,0.9534478401331412,0.19434364896981288,0.4387564899399585,0.0,0.0018894098648685794,-1724961000000.0,-76260000000.0,0.036083066926380136,102898000000.0
EIB,Private_2,2024,4,2024-12-31,2024-Q4,3042791000000.0,1810469000000.0,0.02705571322703037,0.07181496653803984,0.027382155676912705,0.024779336085024476,0.2330558669317213,0.02531447190451761,0.010120971465956592,0.0004875114000857142,0.0019591311825772517,0.4231604457414821,0.010712083214825897,165154897000000.0,167447644000000.0,239767994000000.0,25099406000000.0,9.552735789842995,1518085000000.0,-967366000000.0,2075425000000.0,-264956000000.0,1435504000000.0,0.986307678357063,0.147624549438271,0.31792061958905493,0.5499982911605801,0.01280943970104863,-1769153000000.0,-214764000000.0,0.035435443370474204,742070000000.0
EIB,Private_2,2025,1,2025-03-31,2025-Q1,1807465000000.0,831654000000.0,0.022851704594335366,0.06857852107979727,0.03373154000520651,0.010731118772042907,0.10358313987528288,0.0258528296887968,0.00859794853005521,0.0034853462443805105,0.002752688586642393,0.3867936163390148,0.009999709487926361,180336739000000.0,175759164000000.0,251132546000000.0,25757442000000.0,9.749902416552079,1354384000000.0,-848873000000.0,958592000000.0,-126938000000.0,658489000000.0,1.0260445879225961,0.15485564667342183,0.46964837493395445,0.0,0.0023839126353374963,-1803315000000.0,-94216000000.0,0.03445077821885201,146283000000.0
EIB,Private_2,2025,2,2025-06-30,2025-Q2,1968701000000.0,656870000000.0,0.02401416772828996,0.07198942166396075,0.03231942587541846,0.007979029412148364,0.07814751832957295,0.026645333695579632,0.009858864470364619,0.0011477749966411447,0.002540142416571035,0.4117174460450493,0.01097034873816214,182741228000000.0,177345265000000.0,256441971000000.0,26067006000000.0,9.837799208700838,1469401000000.0,-1110411000000.0,858290000000.0,-201420000000.0,506244000000.0,1.0304263155827702,0.14823022199098465,0.5640323238521238,0.0,0.00302718113013542,-2004735000000.0,0.0,0.03650419816594425,192065000000.0
EVF,Private_3,2018,2,2018-06-30,2018-Q2,72079000000.0,110000000.0,0.000853391901615529,0.0,0.0,-0.0005732943023434197,-0.005433952633844104,0.04505768956392289,0.027647066213333835,,,0.4799516060372962,0.021625510470534712,8915304000000.0,2828307000000.0,18697690000000.0,2960851000000.0,6.314971607824912,28360000000.0,-37481000000.0,34598000000.0,-34488000000.0,-19717000000.0,3.1521698316342603,0.0037534822068467106,0.5199988901066885,0.007522150171063224,0.00043742148828190933,-192798000000.0,,0.07270475577725673,15044000000.0
EVF,Private_3,2018,3,2018-09-30,2018-Q3,148037000000.0,88765000000.0,0.022807382890029416,0.08144649345799762,0.00411077444496041,0.015346395313714173,0.09500565561501038,0.045080662613332184,0.03180338813506206,,,0.4950887999741057,0.022318931155272163,8909208000000.0,2836075000000.0,18404443000000.0,3032308000000.0,6.0694503988381125,101731000000.0,-76883000000.0,71154000000.0,17611000000.0,71173000000.0,3.141386599437603,0.005317912960693917,0.5193498922566656,0.011130533695262334,0.009208958417565912,-198844000000.0,,0.07688405074839424,42709000000.0
EVF,Private_3,2018,4,2018-12-31,2018-Q4,176839000000.0,66900000000.0,0.026432933439097788,0.08275500597477457,0.004049500141696595,0.010988773280841031,0.06909304910743477,0.03765065193187369,0.01582180751017473,,,0.5791160705174763,0.02180409759920792,8849621000000.0,3324328000000.0,20058085000000.0,3084892000000.0,6.502037996792108,121175000000.0,-107469000000.0,69370000000.0,-2470000000.0,52832000000.0,2.6620781703851124,0.003276752474485069,0.6077222784566753,0.02359165419746616,0.008566467601921538,-192958000000.0,,0.05347245944204842,41186000000.0
EVF,Private_3,2019,1,2019-03-31,2019-Q1,114070000000.0,59352000000.0,0.02396212258834382,0.08255758075975148,0.002823611455903338,0.01224410508626143,0.07447026418486824,0.037825708179013394,0.011957510387678779,,,0.5799260720007399,0.021936114364901494,8861460000000.0,3173657000000.0,18721066000000.0,3291022000000.0,5.688526542818614,110883000000.0,-53289000000.0,60781000000.0,-1429000000.0,59352000000.0,2.7921920988941147,0.0036572950384997495,0.46716051547295523,0.02879680039653521,0.00021166012633953745,-194386000000.0,,0.04978321856669217,1026000000.0
EVF,Private_3,2019,2,2019-06-30,2019-Q2,138033000000.0,23471000000.0,0.025534421456565183,0.08272373008068609,0.0031978869388140526,0.001633931512199141,0.009548213737487956,0.0449244170860015,0.0124366106119628,,,0.5037663774945557,0.0226314108564695,9352709000000.0,3335315000000.0,19728526000000.0,3288638000000.0,5.9989959369197825,115872000000.0,-66924000000.0,71109000000.0,-47638000000.0,7853000000.0,2.804145635419743,0.00960359066534945,0.48484058160005217,0.04800709853272777,-0.0013817571848356673,-211665000000.0,,0.0573610276979643,-6641000000.0
EVF,Private_3,2019,3,2019-09-30,2019-Q3,217753000000.0,122398000000.0,0.03371960100439209,0.104001772402482,0.0032948935215313976,0.01995379381488934,0.11736670368457804,0.04639800126747758,0.01425917561576737,,,0.5096027786376299,0.02364455036913885,9469201000000.0,3316765000000.0,19534183000000.0,3386509000000.0,5.768235962166349,153136000000.0,-77582000000.0,140171000000.0,-17773000000.0,97930000000.0,2.854950833116003,0.014714036116517148,0.3562844139920001,0.008747455195101167,0.008554886011558703,-223895000000.0,,0.060657176883244956,41986000000.0
EVF,Private_3,2019,4,2019-12-31,2019-Q4,277439000000.0,79241000000.0,0.036211025126365044,0.11392321823982451,0.0030734669335173354,0.01219705579004641,0.07432604211251242,0.03495503356595099,0.020319333029712047,,,0.44801260897404327,0.01566029578465696,9874143000000.0,4642451000000.0,22124395000000.0,3449749000000.0,6.413334709278849,173532000000.0,-163950000000.0,113489000000.0,-34248000000.0,63514000000.0,2.1269245491228665,0.010064080374784784,0.5909407112914911,0.1221281605628102,0.003942909429121656,-154632000000.0,,0.05527436659566304,20532000000.0
EVF,Private_3,2020,1,2020-03-31,2020-Q1,225988000000.0,90223000000.0,0.03551363441895341,0.14974458847187305,0.0019224730662184488,0.016461525166975403,0.10324845020183102,0.043832977495393936,0.030111747314334587,,,0.4325149577057974,0.018958418407539476,9952096000000.0,3598270000000.0,21722332000000.0,3541000000000.0,6.134519062411748,181208000000.0,-69914000000.0,156074000000.0,-65851000000.0,90223000000.0,2.765800231778049,0.010571469067079458,0.30937040904826807,0.13092768722435377,0.004815319510621625,-188676000000.0,,0.07394472480972852,26392000000.0
EVF,Private_3,2020,2,2020-06-30,2020-Q2,233199000000.0,-4819000000.0,0.030564053160191524,0.05227072133833347,0.001461211240714973,-0.0038681034335826055,-0.024929125079333363,0.03164704041312938,0.023601384922342632,,,0.45412149382517647,0.014371601267556043,10224400000000.0,3765764000000.0,23689070000000.0,3505216000000.0,6.758234014679837,163595000000.0,-79719000000.0,153480000000.0,-158299000000.0,-21957000000.0,2.715093139134582,0.011364493367083015,0.34184966487849433,0.10231517687147126,0.002147125957485303,-146941000000.0,,0.055248425335472015,12188000000.0
EVF,Private_3,2020,3,2020-09-30,2020-Q3,203835000000.0,105429000000.0,0.028802030057135258,0.10223724845767462,0.0013053028956697894,0.013057720524906623,0.09535616491644074,0.03518337096323686,0.01969480707331347,,,0.4230350070439382,0.014883797583262396,9623552000000.0,6694186000000.0,28123955000000.0,3589868000000.0,7.834258808401869,176848000000.0,-62644000000.0,141191000000.0,-35762000000.0,84570000000.0,1.4375985369991213,0.008933423720225282,0.307327004685162,0.09754557785356756,0.002814427453328579,-143235000000.0,,0.05487817803655033,18228000000.0
EVF,Private_3,2020,4,2020-12-31,2020-Q4,906023000000.0,284972000000.0,0.10595387784065771,0.09135995989902157,0.0028056817490136623,0.0320120192797921,0.25119267036316834,0.02464823768670845,0.01701518356313101,,,0.49310485543635524,0.012154165681265292,12029785000000.0,6773022000000.0,28805912000000.0,3665280000000.0,7.859129998253885,713210000000.0,-303380000000.0,602643000000.0,-317671000000.0,227805000000.0,1.776132574203952,0.008688145409833306,0.33484801158469485,0.07576727975668597,0.010752738979699356,-146212000000.0,,0.04166342124983946,76519000000.0
EVF,Private_3,2021,1,2021-03-31,2021-Q1,217372000000.0,117844000000.0,0.02848445072541839,0.09463329021206272,0.0008833237922756552,0.016502501478088856,0.12656713340113998,0.027971219739966746,0.018391939347040004,,,0.5055078885025909,0.014139672229592577,12329423000000.0,5478826000000.0,28321912000000.0,3783352000000.0,7.485930994525489,193505000000.0,-62586000000.0,154786000000.0,-36942000000.0,117844000000.0,2.250376814302918,0.007004602810894159,0.2879211673996651,0.08092396526261551,0.0010011233755376364,-174334000000.0,,0.04636315908700675,7149000000.0
EVF,Private_3,2021,2,2021-06-30,2021-Q2,367781000000.0,65282000000.0,0.024451058506976063,0.09501839939153472,0.0026584703727630847,0.004197357549999659,0.032007657536206185,0.024785003406116387,0.009628303131435109,,,0.611218819408235,0.015149060520915539,14005687000000.0,6551103000000.0,29516382000000.0,3801333000000.0,7.76474515650168,161955000000.0,-63480000000.0,304301000000.0,-239019000000.0,30346000000.0,2.137912806438855,0.0017848902696232986,0.17260271737800484,0.08627141713126908,0.003567186819168629,-212173000000.0,,0.034413306537551494,25790000000.0
EVF,Private_3,2021,3,2021-09-30,2021-Q3,214758000000.0,111703000000.0,0.03135935960994985,0.10578987286681772,0.0026081638180163965,0.011641430954487154,0.09297136946141761,0.0261014941961412,0.02641905190741372,,,0.7294746189985104,0.01904037753402193,13373947000000.0,4903376000000.0,31907682000000.0,3889895000000.0,8.202710355935057,219468000000.0,-60582000000.0,154176000000.0,-42473000000.0,89383000000.0,2.72749774849002,0.001837713444777639,0.2820942642416115,0.10975972654642754,-0.000653424690362396,-254645000000.0,,0.052520546103554916,-5017000000.0
EVF,Private_3,2021,4,2021-12-31,2021-Q4,368124000000.0,116160000000.0,0.028518482303865427,0.10717451728021475,0.0022280555596882255,0.011508912960649506,0.09398034764701765,0.025928320041704565,0.022811634975383317,,,0.506744245132081,0.013139026967076587,16849954000000.0,4537967000000.0,32386835000000.0,3983666000000.0,8.129907226158016,211199000000.0,-61983000000.0,306141000000.0,-189981000000.0,92495000000.0,3.7131063315356854,0.0015689845254493917,0.16837533005183036,0.09688480579379023,0.0013398343127766245,-221392000000.0,,0.04873995501708788,10768000000.0
EVF,Private_3,2022,1,2022-03-31,2022-Q1,269547000000.0,144751000000.0,0.03290231427654655,0.11584973132941509,0.04869963053688342,0.016409338464498966,0.1427501778201286,0.01936855039209458,0.011297003694566146,,,0.7949239713774597,0.01539652499750828,18471181000000.0,5054175000000.0,38183225000000.0,4128464000000.0,9.248772667025799,268913000000.0,-61166000000.0,208381000000.0,-63630000000.0,144751000000.0,3.6546381951554903,0.01809513916712421,0.22692146453123202,0.13897071110243814,-0.0005695333120022854,-284392000000.0,,0.030665554086660725,-5024000000.0
EVF,Private_3,2022,2,2022-06-30,2022-Q2,352009000000.0,89818000000.0,0.030048912073578675,0.1174637766828901,-0.03825028987228946,0.0020775374065549897,0.018674860181269525,0.023294642801941327,0.0171643018331324,,,0.7374058865245215,0.01717760672663761,20218125000000.0,4584100000000.0,36070071000000.0,4132053000000.0,8.729334062268805,255997000000.0,-182833000000.0,169176000000.0,-79358000000.0,19283000000.0,4.41048951811697,0.05078357801967671,0.519398651739018,0.13522985909091045,0.00022711449738204215,-347299000000.0,,0.040458944635073726,2108000000.0
EVF,Private_3,2022,3,2022-09-30,2022-Q3,241435000000.0,97803000000.0,0.021520236510918802,0.11359454577531544,0.00925474817567161,0.008354631349010579,0.07542440371080855,0.02115638511390762,0.014597351402528493,,,0.7401953952503066,0.015659858841456552,20349034000000.0,4665702000000.0,39247196000000.0,4210711000000.0,9.320800216400508,185636000000.0,-75671000000.0,165764000000.0,-67961000000.0,78656000000.0,4.361408851229676,0.0010776513373550217,0.31342183196305423,0.13692137804137527,0.0019335805161384838,-318663000000.0,,0.03575373651643611,18204000000.0
EVF,Private_3,2022,4,2022-12-31,2022-Q4,281073000000.0,122972000000.0,0.022310010130148498,0.12944221974067943,0.025028917498860315,0.012091087056821343,0.11523333533431838,0.02224974569396188,0.011422008078990338,,,0.7308383686636966,0.016260967846157208,24352548000000.0,4136332000000.0,42197921000000.0,4335080000000.0,9.734058195004476,208655000000.0,-7568000000.0,273505000000.0,-150533000000.0,123095000000.0,5.887474216286313,0.0015593525858175795,0.02692538948956321,0.10391770902590657,7.858052435482412e-05,-395996000000.0,,0.033671753772952215,800000000.0
EVF,Private_3,2023,1,2023-03-31,2023-Q1,192039000000.0,106116000000.0,0.00792769912384947,0.12565748545053718,0.030326030643689578,0.007842995272516287,0.07808001829643077,0.024204170089939147,0.011368906528628809,,,0.6382185350462521,0.015447549976811274,22469971000000.0,5363713000000.0,44860655000000.0,4409795000000.0,10.172957019543992,80453000000.0,-45203000000.0,146836000000.0,-40720000000.0,85350000000.0,4.189256770449873,0.0007877006096336624,0.2353844791943303,0.10350201025048067,0.0009362891485842819,-347106000000.0,,0.035573076618567956,10189000000.0
EVF,Private_3,2023,2,2023-06-30,2023-Q2,429512000000.0,93252000000.0,0.005365408721321901,0.11755764598345289,0.03408331017265185,0.006499150375835398,0.06781930415021864,0.011381078374373927,0.007178547524047052,,,1.0119620395392657,0.011517219283887667,30497813000000.0,4675661000000.0,47134139000000.0,4406102000000.0,10.697468873848132,59369000000.0,-129123000000.0,300389000000.0,-207137000000.0,74736000000.0,6.522674120300851,0.0004044347954225082,0.30062722345359383,0.05406195061108625,0.0012372004441903528,-351250000000.0,,0.01855962589842098,14227000000.0
EVF,Private_3,2023,3,2023-09-30,2023-Q3,227743000000.0,143193000000.0,0.023660962008198665,0.13388981586233428,0.022427249296740684,0.009807140678963051,0.10317999017984242,0.014027643775593387,0.004731907097126293,,,0.9674987279345572,0.013571727508805712,29141316000000.0,2870171000000.0,46781104000000.0,4520435000000.0,10.348805811830056,264481000000.0,-40302000000.0,187441000000.0,-44248000000.0,115130000000.0,10.15316369651843,0.0004508442179925865,0.17696262892822173,0.0513624973204798,0.0011164108897636564,-395498000000.0,,0.01875955087271968,13106000000.0
EVF,Private_3,2023,4,2023-12-31,2023-Q4,244389000000.0,66746000000.0,0.026761622143077046,0.13296013009328508,0.014155350670667385,0.004430063529250126,0.0327739363917645,0.012969748390237075,0.00810380161907942,,,1.0584403199602923,0.013727704635967015,33553388000000.0,3001537000000.0,49221131000000.0,8456218000000.0,5.820702706576392,304722000000.0,-82376000000.0,162013000000.0,-95267000000.0,53162000000.0,11.178735427882447,0.001042132747322455,0.33706918069143865,0.056576031682079746,-0.0028581834579163704,-460611000000.0,,0.021073550009316495,-34299000000.0
EVF,Private_3,2024,1,2024-03-31,2024-Q1,423011000000.0,164327000000.0,0.03285404468431481,0.13325403991926466,0.010114836458127975,0.010791327904023464,0.06159822631344591,0.015662639617050375,0.011665918843153015,,,1.0460115243283432,0.01638330154083636,31257375000000.0,3447346000000.0,47987295000000.0,8573623000000.0,5.597084803005684,375469000000.0,-108524000000.0,314487000000.0,-150160000000.0,131126000000.0,9.067083779812064,0.0005186598618183379,0.25655124807629115,0.0660860875017027,0.0019171177609644662,-512099000000.0,,0.027328558460203392,23295000000.0
EVF,Private_3,2024,2,2024-06-30,2024-Q2,389640000000.0,146360000000.0,0.033350878704522684,0.11634908585580986,0.015615599990894694,0.009566611295522671,0.054635744708461366,0.0071290534343203555,0.003919320121969287,,,1.3338591694990394,0.009509153293216825,37968575000000.0,4175111000000.0,50594739000000.0,8687897000000.0,5.823588723485097,385252000000.0,101759000000.0,491399000000.0,-345039000000.0,117887000000.0,9.094027679743125,0.0009918299178153587,-0.2611615850528693,0.051003487972061765,0.0017534229411415878,-361049000000.0,,0.011048373556289643,21607000000.0
EVF,Private_3,2024,3,2024-09-30,2024-Q3,362346000000.0,226565000000.0,0.03284664954308016,0.10758493606707631,0.03058518927277691,0.014174493899812905,0.0823508339103699,0.007633458609742059,0.004799093575379652,,,1.3037676022867697,0.009952256028778701,38588537000000.0,4480168000000.0,51447705000000.0,8875981000000.0,5.796283813586352,391331000000.0,-97963000000.0,264383000000.0,-37818000000.0,180800000000.0,8.613189728599464,0.0004984188092946514,0.2703576139932551,0.059567966009443814,0.0006822259176779419,-384043000000.0,,0.01243255218512171,8702000000.0
EVF,Private_3,2024,4,2024-12-31,2024-Q4,327087000000.0,166521000000.0,0.022737974979790722,0.0882101652272985,0.040865855768527845,0.009438084122522408,0.05860616762051513,0.007861336698588992,0.017479463167539195,,,1.3489729136203776,0.010604730271246391,46802982000000.0,10210723000000.0,59598561000000.0,9007188000000.0,6.616777733516831,292283000000.0,-48277000000.0,278810000000.0,-112289000000.0,131008000000.0,4.583708910720622,0.00020860422910307135,0.14759681674906064,0.05597783592589479,-0.0009613290373941975,-496333000000.0,,0.025340799866128187,-13344000000.0
EVF,Private_3,2025,1,2025-03-31,2025-Q1,426004000000.0,305567000000.0,0.031210425133130312,0.10052632853784368,0.03785183831495442,0.01592513873592572,0.10538784858122134,0.01658127182917994,0.012518064078350691,,,0.6598083154653469,0.010940461033884227,44890887000000.0,11383226000000.0,61206666000000.0,9247668000000.0,6.61860546896796,428809000000.0,-53373000000.0,372631000000.0,-67064000000.0,240480000000.0,3.9435997317456404,0.0002175130318944735,0.12528755598538982,0.05439680304578223,0.0004463383028947911,-491127000000.0,,0.02909933590753063,6740000000.0
EVF,Private_3,2025,2,2025-06-30,2025-Q2,581153000000.0,292557000000.0,0.025336017683545906,0.09892613148315581,0.030650611888405493,0.01480205058604642,0.10343883882695225,0.007049754397994144,0.022649437500003554,,,1.7948563580606927,0.012653296504006121,52777867000000.0,13310721000000.0,69555757000000.0,9464375000000.0,7.349218199828304,383033000000.0,-64487000000.0,516666000000.0,-224109000000.0,241944000000.0,3.9650644769731107,0.00028443237597722916,0.11096389418965402,0.04540561492040701,0.0010705216130783995,-667814000000.0,,0.029699191897997697,17498000000.0
HDB,Private_2,2018,1,2018-03-31,2018-Q1,2303017000000.0,1046758000000.0,0.059244509258806526,0.14907337347500058,0.013884205882780574,0.025665796011961124,0.23998448400768954,0.016262786286429055,0.019117026812751053,,,0.6434571842142126,0.010464406671343152,115886169000000.0,117302099000000.0,190374307000000.0,15779257000000.0,12.064846082423273,1831440000000.0,-1009080000000.0,1293937000000.0,-247179000000.0,757260000000.0,0.9879292015055928,0.10318148697407367,0.43815568882036043,0.0,0.0034125794698377024,-1212680000000.0,,0.035379813099180105,110879000000.0
HDB,Private_2,2018,2,2018-06-30,2018-Q2,2363924000000.0,1015792000000.0,0.041409714391736886,0.11328640022323085,0.0065429378554923215,0.017185574064243286,0.18996805929249622,0.014306608631399868,0.010799606073199115,,,0.7974105934492313,0.011408241279010462,120338093000000.0,126776964000000.0,191293246000000.0,15300831000000.0,12.502147497740483,1884382000000.0,-1099993000000.0,1263931000000.0,-248139000000.0,738028000000.0,0.949211033323057,0.09189851714701103,0.46532502736974624,0.5307315505342497,0.0024016083966142128,-1372846000000.0,,0.025106214704598985,114577000000.0
HDB,Private_2,2018,3,2018-09-30,2018-Q3,2116033000000.0,821370000000.0,0.03790800953557774,0.1131284606068419,0.007895218720976012,0.013425658837252443,0.14516150860749055,0.014987228285815281,0.014411214471806929,,,0.7289157490962276,0.010924426732831217,120892934000000.0,129966300000000.0,199380170000000.0,15954562000000.0,12.496749832430373,1768706000000.0,-1148111000000.0,967922000000.0,-146552000000.0,567135000000.0,0.9301867791881434,0.08613188188014893,0.5425770770115589,0.0,0.0023639386817146525,-1320686000000.0,,0.029398442757622212,115441000000.0
HDB,Private_2,2018,4,2018-12-31,2018-Q4,2657377000000.0,1120704000000.0,0.04347401923369273,0.11617929429195183,0.00948391456929789,0.017176253664923063,0.1902605831575445,0.015308403896291553,0.012992200023181693,,,0.7108547764422274,0.010882052029385653,123131648000000.0,128060094000000.0,216107406000000.0,16828140000000.0,12.842025678417222,2161165000000.0,-1184272000000.0,1473105000000.0,-352401000000.0,779657000000.0,0.9615145839265119,0.0896153957219491,0.4456544931336427,0.0,0.0018730187012860283,-1339925000000.0,,0.028300603919473248,97277000000.0
HDB,Private_2,2019,1,2019-03-31,2019-Q1,2465732000000.0,1101720000000.0,0.040513882002353174,0.11227532019814049,0.011066604435867891,0.01679081255973038,0.18501261345150916,0.014478374797170618,0.02108216450086919,,,0.7393833914008631,0.010705069859504795,128936571000000.0,126694184000000.0,202562505000000.0,17713159000000.0,11.435707487298002,2029910000000.0,-1137368000000.0,1328364000000.0,-226644000000.0,798822000000.0,1.0176992102494617,0.092416617956196,0.4612699190341854,0.0,0.002710450333747533,-1380275000000.0,,0.03556053929803981,141848000000.0
HDB,Private_2,2019,2,2019-06-30,2019-Q2,2707570000000.0,1108932000000.0,0.04714463195510375,0.11636243037719086,0.009992998041921313,0.01736650829783943,0.17319310706739213,0.014439016512083926,0.01409158193899657,,,0.7467014371474802,0.010781634380569264,137781337000000.0,130057580000000.0,210291471000000.0,18603575000000.0,11.303820421612512,2323741000000.0,-1292905000000.0,1414665000000.0,-305733000000.0,786226000000.0,1.0593872114182041,0.10186080657505699,0.47751489342842474,0.4961948688833317,0.0027936850970281075,-1485508000000.0,,0.028530598451080497,144173000000.0
HDB,Private_2,2019,3,2019-09-30,2019-Q3,2871038000000.0,1237524000000.0,0.04892253187915751,0.11703374872821103,0.008282824768491959,0.018506765269493505,0.18821871643500704,0.014961194514983964,0.015540108263898345,,,0.7325876601515634,0.010960386482804507,140167685000000.0,124917876000000.0,217245156000000.0,19593774000000.0,11.087458495744619,2504870000000.0,-1284028000000.0,1587010000000.0,-349486000000.0,898682000000.0,1.1220786767139717,0.10545736464491279,0.44723476317624494,0.0,0.002790254506077675,-1536292000000.0,,0.030501302778882307,149117000000.0
HDB,Private_2,2019,4,2019-12-31,2019-Q4,3343654000000.0,1570239000000.0,0.054296396685932106,0.12122991344440841,0.006315733066027402,0.022498821628423402,0.2243484347299017,0.013645470613242587,0.01574142348310546,,,0.8137278912586738,0.011103700027346093,146324378000000.0,126018576000000.0,229477262000000.0,20381116000000.0,11.259307979013514,2888034000000.0,-1366195000000.0,1977459000000.0,-407220000000.0,1121038000000.0,1.1611334030627358,0.12615102078284077,0.4085934130744389,0.0,0.0028785302644023566,-1624742000000.0,,0.029386894096348044,160738000000.0
HDB,Private_2,2020,1,2020-03-31,2020-Q1,3150845000000.0,1250648000000.0,0.052935080575253625,0.12107985802739138,0.005865671191762978,0.017366770463662487,0.17019906545356386,0.014720677579527091,0.016110342570805566,0.0031162613245483946,0.004154666558705618,0.745152453347573,0.010969149013323224,152405077000000.0,132822498000000.0,231773724000000.0,21387809000000.0,10.836721236850394,2883597000000.0,-1607759000000.0,1543086000000.0,-292438000000.0,888629000000.0,1.1474342019979176,0.12134089663032839,0.5102628025180547,0.0,0.002742281400781656,-1671754000000.0,-209144000000.0,0.030831020150332657,158110000000.0
HDB,Private_2,2020,2,2020-06-30,2020-Q2,3195379000000.0,1656932000000.0,0.0482589279190305,0.11537341681896714,0.004716369283077259,0.022274900440202944,0.21969231597065184,0.01551995414658912,0.015235390632263389,0.003149678537283899,0.003071144408135432,0.7223392052519823,0.01121067134379439,160371930000000.0,149805037000000.0,242445051000000.0,22693842000000.0,10.683296860884111,2709540000000.0,-1130488000000.0,2064891000000.0,-407959000000.0,1210550000000.0,1.0705376348593671,0.12258340151806778,0.3537883925506176,0.46800944792651544,0.003591017669007306,-1797877000000.0,-234568000000.0,0.030755344778852507,212866000000.0
HDB,Private_2,2020,3,2020-09-30,2020-Q3,3468528000000.0,1473835000000.0,0.04931662896951362,0.1211845651921283,0.004700654791253619,0.01828360626894555,0.1874338060126833,0.01831462513786783,0.011981659970936523,0.005136316561133859,0.0021882195967835518,0.6405851914660795,0.011732077650570535,164462771000000.0,168443457000000.0,273289529000000.0,23885162000000.0,11.441811824428907,3021583000000.0,-1562467000000.0,1906061000000.0,-432226000000.0,1091310000000.0,0.9763678205678241,0.11702693207014862,0.45046976700202507,0.0,0.005101104525510001,-1929490000000.0,-300612000000.0,0.030296285108804354,328852000000.0
HDB,Private_2,2020,4,2020-12-31,2020-Q4,3964683000000.0,1436806000000.0,0.045731689081281626,0.11512575126238506,0.0018877123294538318,0.015482140642787256,0.17423470878287708,0.013219533003611221,0.012668684547035557,-2.985478093397806e-05,0.0017248402071493737,0.8210226067597995,0.010853535446772087,178323092000000.0,174620270000000.0,319127257000000.0,24703825000000.0,12.918131382488339,3212161000000.0,-1872114000000.0,2092569000000.0,-655763000000.0,1058236000000.0,1.0212049952734583,0.12413497585360508,0.4721976511110724,0.0,0.004334502432549236,-1935436000000.0,-649816000000.0,0.025888217550646776,320979000000.0
HDB,Private_2,2021,1,2021-03-31,2021-Q1,4168466000000.0,2100182000000.0,0.04410628707982277,0.11151122834138259,0.0020075453192125287,0.020840293221523344,0.24468416959408454,0.015136885177506446,0.01308863622918733,0.005072562335336805,0.006149898971020534,0.686134396866406,0.010385937581704426,187279481000000.0,184987517000000.0,325821442000000.0,26411472000000.0,12.336360578463783,3362798000000.0,-1631572000000.0,2536894000000.0,-436712000000.0,1563388000000.0,1.0123898306067862,0.11034624028171587,0.39140825425948056,0.0,0.0038877014619731792,-1945073000000.0,-427075000000.0,0.028225521406693776,313421000000.0
HDB,Private_2,2021,2,2021-06-30,2021-Q2,4254011000000.0,2093253000000.0,0.044792300246226026,0.1135043290570427,0.00539190715163244,0.020359281249313757,0.2293053176828132,0.012130546268006677,0.013201166849192753,-0.0006906148997711073,-0.0002565417190578395,0.8785447526295186,0.010657227770286855,191841072000000.0,198533937000000.0,330969917000000.0,27730456000000.0,11.935249712446128,3468701000000.0,-1682984000000.0,2571027000000.0,-477774000000.0,1551879000000.0,0.966288559522194,0.10472830143896254,0.39562286040163036,0.4892189731682096,0.006625811896529534,-2044494000000.0,-378353000000.0,0.02533171311719943,543972000000.0
HDB,Private_2,2021,3,2021-09-30,2021-Q3,3705933000000.0,1891024000000.0,0.04159272000783099,0.10941035638464243,0.007237372028004861,0.01787076092529982,0.2008491702470978,0.013990969983089506,0.030337282578763242,0.003292261627895824,0.020376783549249558,0.809316590768799,0.0113231241282626,191514813000000.0,194429468000000.0,346355019000000.0,29270128000000.0,11.833054471097633,3306282000000.0,-1411602000000.0,2294331000000.0,-403307000000.0,1431065000000.0,0.9850091910964854,0.12267700593615778,0.3809032705124459,0.0,0.0038848591866991297,-2168546000000.0,-279250000000.0,0.04432825256185275,328914000000.0
HDB,Private_2,2021,4,2021-12-31,2021-Q4,4629835000000.0,1985158000000.0,0.044648522859136404,0.10407210511752979,0.006850499027346556,0.01763044248693965,0.20075684013250697,0.016534905280499692,0.02626579565237005,0.006971502512445343,0.004504105904330231,0.7297662878157707,0.012066616445935645,203210901000000.0,183283118000000.0,374611571000000.0,30790112000000.0,12.166619302976228,3752996000000.0,-1656610000000.0,2973225000000.0,-988067000000.0,1507188000000.0,1.108726778644174,0.1361061251696951,0.3578118874646721,0.0,0.008223748620584484,-2452068000000.0,-654551000000.0,0.04280070093286974,741131000000.0
HDB,Private_2,2022,1,2022-03-31,2022-Q1,5122435000000.0,2527515000000.0,0.046027218744846825,0.10580464226570103,0.004649133391026406,0.021389994791741616,0.24130199120629,0.01572563512614339,0.02519872463232315,0.0030224904125591176,0.0046764125119449175,0.7591143303222424,0.011937554977674271,225153895000000.0,201490028000000.0,381046023000000.0,32811485000000.0,11.61319041183293,4043391000000.0,-1925612000000.0,3196823000000.0,-669308000000.0,1918399000000.0,1.1174443580900193,0.12589035919931482,0.37591731276238743,0.0,0.006439795005884636,-2687787000000.0,-433588000000.0,0.04092435975846654,608285000000.0
HDB,Private_2,2022,2,2022-06-30,2022-Q2,5581552000000.0,2776168000000.0,0.051430542318639416,0.11514622160185928,0.008467964165530391,0.02320717079168847,0.24396286006745002,0.013322617792464455,0.022745441088417844,0.00035386907252925824,-0.0008331545852226984,0.9304431332721959,0.012395938242208533,237688422000000.0,212520096000000.0,384266740000000.0,35366991000000.0,10.865123923038858,4551225000000.0,-2033070000000.0,3548482000000.0,-772314000000.0,2079127000000.0,1.1184279815119225,0.12288153210696837,0.36424815176854036,0.5555943234047998,0.008730997734582404,-2946371000000.0,-453731000000.0,0.0360680588808823,835243000000.0
HDB,Private_2,2022,3,2022-09-30,2022-Q3,5394271000000.0,2712421000000.0,0.049912039330377606,0.11378223489038536,0.014621101075658725,0.022154031323963545,0.22236256021950523,0.015378566089435478,0.021322519750311526,0.004963232916746782,0.004330589564854783,0.8103191846330469,0.012461547134416781,246497884000000.0,207780769000000.0,399152573000000.0,37162665000000.0,10.740687542187839,4484850000000.0,-2000925000000.0,3393346000000.0,-680925000000.0,2015985000000.0,1.1863363736034687,0.11260411207737901,0.37093520143871156,0.0,0.007079457843286536,-3071745000000.0,-555551000000.0,0.036701085839747,693273000000.0
HDB,Private_2,2022,4,2022-12-31,2022-Q4,5868846000000.0,2251952000000.0,0.053266284937802645,0.12067167452525679,0.015466018979330524,0.017654103661470053,0.1823886379959881,0.01669162197224541,0.02799594580965661,0.006204398087246867,0.014849312053323752,0.7042319463438348,0.011754773429149903,263856383000000.0,215797174000000.0,416273023000000.0,38994886000000.0,10.6750670587933,4932102000000.0,-2671102000000.0,3197744000000.0,-945792000000.0,1736284000000.0,1.2227054604524155,0.10627210530569783,0.4551324059278434,0.0,0.008045045473406993,-3101572000000.0,-915964000000.0,0.04468756778190202,820017000000.0
HDB,Private_2,2023,1,2023-03-31,2023-Q1,5657407000000.0,2742699000000.0,0.04889532496927665,0.1307205872381477,0.0159798280085706,0.020055060356429667,0.20926484337276738,0.01845750103372728,0.032053392315424055,0.006402661102195129,0.01345731325362707,0.6177063681492827,0.011401315928655308,288528712000000.0,249802943000000.0,458802678000000.0,40827791000000.0,11.23750922502763,4840808000000.0,-1958618000000.0,3698789000000.0,-956090000000.0,2088010000000.0,1.1550252712595144,0.07764009409608917,0.34620418859735563,0.5029559148280177,0.006190961529167178,-3289607000000.0,-768055000000.0,0.050510893349151334,677195000000.0
HDB,Private_2,2023,2,2023-06-30,2023-Q2,6413391000000.0,2741637000000.0,0.04617088268378484,0.1341887438363686,0.016482464112655512,0.018495292153131233,0.21239188134379558,0.021502702273739623,0.05044407758478387,0.00618939788564266,0.024374953713445335,0.6134332904239869,0.01319047340878744,287355418000000.0,309645137000000.0,483935823000000.0,40476748000000.0,11.955896827482286,4954515000000.0,-2238587000000.0,4174804000000.0,-1433167000000.0,2158553000000.0,0.9280152783410256,0.0740233843879163,0.3490488884897241,0.49257700518424935,0.005098881603860581,-3790354000000.0,-932420000000.0,0.07194677985852349,600864000000.0
HDB,Private_2,2023,3,2023-09-30,2023-Q3,6085228000000.0,3147266000000.0,0.04403536198699182,0.13423325425227253,0.01252136757485471,0.02027946254608284,0.2376403177928127,0.0226396711419786,0.05042879468974018,0.0044267514037267955,0.005176832963003328,0.5420416394056722,0.012271644461403367,291716649000000.0,341712982000000.0,508263253000000.0,43025581000000.0,11.813047986499008,4916148000000.0,-2301873000000.0,3783355000000.0,-636089000000.0,2480440000000.0,0.8536891027452975,0.07192588896139743,0.3782722685164796,0.4795772602546306,0.0025636710026526975,-3579843000000.0,-846600000000.0,0.07306846583171878,317959000000.0
HDB,Private_2,2023,4,2023-12-31,2023-Q4,8257659000000.0,4385130000000.0,0.06002198667342546,0.12773758567785476,0.004706069465777085,0.02483474120548848,0.2991433030315612,0.01793793231386346,0.05243209610992198,0.0011085620279423956,0.012402014120215675,0.6581950248727143,0.011806657805488426,343404295000000.0,370777888000000.0,602314859000000.0,46400322000000.0,12.980833602835773,7472503000000.0,-2630124000000.0,5627535000000.0,-1242405000000.0,3343895000000.0,0.9261725310868592,0.11111770235877712,0.3185072185712682,0.4418319598549506,0.004262889704781072,-4054457000000.0,-767792000000.0,0.07037002842378544,591784000000.0
HDB,Private_2,2024,1,2024-03-31,2024-Q1,7752065000000.0,4027575000000.0,0.052742587624835004,0.11481981439844728,0.00976413140317323,0.02133462712653935,0.2588764612139874,0.022430741125871553,0.047238027770260455,0.007869881184799974,0.00543317607603015,0.5659941767120245,0.012695668856578218,363449382000000.0,378789084000000.0,602551570000000.0,49700250000000.0,12.123713059793461,7160350000000.0,-2454639000000.0,5297426000000.0,-1269851000000.0,3109772000000.0,0.9595033155707307,0.08473027168861075,0.31664324280046674,0.4273876637430521,0.002368806974204441,-4614233000000.0,-710075000000.0,0.06966876889613201,356762000000.0
HDB,Private_2,2024,2,2024-06-30,2024-Q2,8293016000000.0,4137005000000.0,0.055953311782590436,0.11326373135977456,0.013976477944235104,0.021202054235802313,0.24305188656609505,0.020992673293179408,0.044990051017728246,0.002553585302285643,0.0031201813957135852,0.5880059089005034,0.012343815940007281,386186737000000.0,386573343000000.0,624443499000000.0,52825710000000.0,11.820825484409012,7719878000000.0,-3029780000000.0,5263236000000.0,-1126231000000.0,3114891000000.0,0.9989999155218522,0.09839092810908072,0.365341149709587,0.4066294170805574,0.0014641884432870528,-4767018000000.0,-973446000000.0,0.06598272431090765,224569000000.0
HDB,Private_2,2024,3,2024-09-30,2024-Q3,8534972000000.0,4490407000000.0,0.054614861069851466,0.11307127822666777,0.014485092389175183,0.022619459925032604,0.2574108550363625,0.018980390761432524,0.0374643484685967,0.0008716223726761491,-0.005437783846005048,0.6586663012658917,0.012501743779414064,398724457000000.0,397018666000000.0,629569112000000.0,53583975000000.0,11.749205093500436,7773445000000.0,-2951077000000.0,5583895000000.0,-1093488000000.0,3423876000000.0,1.0042965007594882,0.08941584373768462,0.3457629386481877,0.39805668722676396,0.002629064469591686,-4984751000000.0,-875755000000.0,0.056444739230029226,412110000000.0
HDB,Private_2,2024,4,2024-12-31,2024-Q4,9452131000000.0,4075008000000.0,0.053864070532878026,0.1041374794694673,0.014574488303287426,0.019515569998624725,0.22600719026771435,0.019336777686356943,0.04726731418127836,0.004831145835631548,0.019821743716112204,0.6870553167627195,0.013285435918470256,442484841000000.0,437505165000000.0,697366458000000.0,56657261000000.0,12.308509901316974,8203403000000.0,-3545259000000.0,5906872000000.0,-1831864000000.0,3114414000000.0,1.0113819821989987,0.11997122593969833,0.37507510211189415,0.3655913486183204,0.00255106282213838,-5878604000000.0,-938011000000.0,0.0666040918676353,423137000000.0
HDB,Private_2,2025,1,2025-03-31,2025-Q1,9204553000000.0,5355235000000.0,0.04569750338818657,0.10173077477173739,0.016109678396339353,0.024747596968303632,0.2878586978286767,0.023712740395640274,0.05391504305348451,0.008108248390818884,0.015197207625921812,0.5329529606423355,0.01263777519879959,446106052000000.0,465321208000000.0,711310758000000.0,61032537000000.0,11.654615602821819,7408100000000.0,-2524523000000.0,6680030000000.0,-1324795000000.0,4234754000000.0,0.9587056087931415,0.09871535878932043,0.2742689405992882,0.36507906730824086,0.004164417464390934,-5637788000000.0,-1565611000000.0,0.07762778344912478,733290000000.0
HDB,Private_2,2025,2,2025-06-30,2025-Q2,11635887000000.0,4712786000000.0,0.056939275729569916,0.09659711858136664,0.014927808223185454,0.01966586428646924,0.22377149569190882,0.02541400929981864,0.03937890984323587,0.013512125587572168,0.004487975428766431,0.4717395534678374,0.011988793398923912,508548842000000.0,478700229000000.0,784096287000000.0,64626363000000.0,12.132762089675385,9819158000000.0,-2782029000000.0,8853858000000.0,-4141072000000.0,3514860000000.0,1.0623534546084372,0.12393649178722244,0.23909041055486357,0.3143927601993309,0.007123465169979856,-6096887000000.0,-3681973000000.0,0.0647929191430545,1331560000000.0
KLB,Private_3,2018,1,2018-03-31,2018-Q1,274851000000.0,73798000000.0,0.0022468084659095257,0.010217707380614163,0.0016414455690466566,0.0005739560391894203,0.0069265789779893155,0.008866812898082322,0.008180730174992972,,,0.939844417849205,0.008333424606376002,26386031000000.0,27484762000000.0,39395353000000.0,3610497000000.0,10.911337968152306,213325000000.0,-200519000000.0,74332000000.0,-534000000.0,59081000000.0,0.9600239943864167,0.04709857047334083,0.7295552863187691,0.6738065160152555,0.00012471772026732416,-219886000000.0,,0.017047543073075294,12838000000.0
KLB,Private_3,2018,2,2018-06-30,2018-Q2,297755000000.0,73734000000.0,0.028143444432493777,0.10787280625998373,0.015546224515352832,0.00597438168775825,0.064816314323921,0.008886050538829533,0.005657648825720035,,,0.9828323530501282,0.008733497960400188,27341393000000.0,27936972000000.0,39252451000000.0,3638789000000.0,10.787229212795795,248024000000.0,-204995000000.0,92760000000.0,-19026000000.0,58734000000.0,0.9786813331094006,0.03032672975439142,0.6884687074944166,0.6974589566236192,0.0012862406177291358,-238786000000.0,,0.014543699364549568,12645000000.0
KLB,Private_3,2018,3,2018-09-30,2018-Q3,320543000000.0,74916000000.0,0.02931006344029846,0.1121606500568539,0.019749382930130666,0.006098222368687755,0.06541989579377712,0.010150307899119434,0.00550394306457051,,,0.8911421073444297,0.009045366771416102,27405080000000.0,27670822000000.0,39452452000000.0,3697817000000.0,10.669119645455684,258117000000.0,-240788000000.0,79755000000.0,-4839000000.0,59995000000.0,0.990396309874712,0.025692659220604288,0.751187828154101,0.7013226441571221,0.0014723352114416556,-247889000000.0,,0.015654250963689945,14485000000.0
KLB,Private_3,2018,4,2018-12-31,2018-Q4,355369000000.0,73605000000.0,0.027047178490780758,0.11238032392453944,0.026712490939932658,0.005757331687664072,0.0631507227794215,0.008572443384726531,0.005692455013393393,,,1.0010370200319023,0.00858133318023884,29471994000000.0,29206157000000.0,42329878000000.0,3758123000000.0,11.263569074242648,248578000000.0,-269026000000.0,86343000000.0,-12738000000.0,58856000000.0,1.009102087618032,0.03175241439673148,0.7570328306633387,0.7219446467950656,0.007587849355722685,-252909000000.0,,0.014264898398119924,77569000000.0
KLB,Private_3,2019,1,2019-03-31,2019-Q1,288845000000.0,74287000000.0,0.027956607195159574,0.11188363886905504,0.02444066317709364,0.005517873053459414,0.06274063841907626,0.009980536294882249,0.011883639989135072,,,0.8674902946337797,0.008658018371050534,29861221000000.0,29822211000000.0,43738068000000.0,3811325000000.0,11.475816940302913,271101000000.0,-212721000000.0,76124000000.0,-1837000000.0,59364000000.0,1.0013080854400769,0.04244785874528217,0.7364538074053558,0.7201313380997033,0.001152484805434999,-258539000000.0,,0.021864176284017323,12399000000.0
KLB,Private_3,2019,2,2019-06-30,2019-Q2,365348000000.0,74196000000.0,0.03038004704634329,0.11497519164346431,0.01781541278182743,0.0052015302518141505,0.06210910267039724,0.011484366028971746,0.0047974038557080725,,,0.7754267839358105,0.008905285015387237,31037412000000.0,30758825000000.0,47670417000000.0,3843978000000.0,12.401324097068194,314219000000.0,-268510000000.0,96838000000.0,-22642000000.0,59433000000.0,1.0090571405117068,0.04430952742830716,0.7349431227213507,0.7346971483223164,0.0015737707500567371,-276397000000.0,,0.016281769884679817,17982000000.0
KLB,Private_3,2019,3,2019-09-30,2019-Q3,372269000000.0,87322000000.0,0.028486555926513012,0.113540946029026,0.01618201540518276,0.0058316411569561775,0.0710791394730481,0.010689456515791217,0.004320718859706058,,,0.8382252479674439,0.008960172338586302,31907422000000.0,31493807000000.0,46874495000000.0,3912897000000.0,11.979486043205329,306865000000.0,-266948000000.0,105321000000.0,-17999000000.0,68919000000.0,1.0131332169527807,0.04453570824257607,0.717083614268177,0.7400330711427399,0.0016576248968321002,-285896000000.0,,0.015010175375497276,19590000000.0
KLB,Private_3,2019,4,2019-12-31,2019-Q4,175255000000.0,-149884000000.0,0.010292225219617257,0.13087077296187638,0.015233425215200961,-0.009802564280408974,-0.12464205527213014,0.010213847846952976,0.004451719843504912,,,0.8655733486179509,0.008840834483161336,33479645000000.0,32920771000000.0,51093340000000.0,3791854000000.0,13.474500864221039,115685000000.0,-292330000000.0,-117075000000.0,-32809000000.0,-120042000000.0,1.0169763338774782,0.04624423893352923,1.6680265898262532,0.7549079958245711,0.0020711287536363337,-295988000000.0,,0.014665567690457888,25363000000.0
KLB,Private_3,2020,1,2020-03-31,2020-Q1,383739000000.0,57068000000.0,0.024600185376824756,0.1116986944232617,0.014031301792752776,0.003498807179012801,0.04777704186940011,0.06621986992194064,0.004982538060430596,0.05669928698467382,0.0572822680766179,0.16265755092785197,0.010771161864263792,33830148000000.0,34243339000000.0,53086165000000.0,3837417000000.0,13.83382754597689,295969000000.0,-257844000000.0,125895000000.0,-68827000000.0,45563000000.0,0.9879336825185184,0.02713184599200446,0.6719254493288407,0.7511250454867928,0.0014825948731470744,-364390000000.0,0.0,0.07120240798237124,19307000000.0
KLB,Private_3,2020,2,2020-06-30,2020-Q2,322697000000.0,45648000000.0,0.02025895425240789,0.11040071944772278,0.00845461588786761,0.0026982582949521433,0.037965461658862235,0.06588001946205926,0.005271735810335474,0.0002760851061012207,0.0006145701756906295,0.16650441329179647,0.01096931398818231,34146438000000.0,36349599000000.0,55416420000000.0,3874013000000.0,14.304655147001313,254135000000.0,-266876000000.0,55821000000.0,-10173000000.0,36596000000.0,0.9393896752478618,0.028841143474512606,0.8270172948617434,0.7356062107893032,0.0012044689995173849,-374563000000.0,0.0,0.07115175527239474,16336000000.0
KLB,Private_3,2020,3,2020-09-30,2020-Q3,283031000000.0,41857000000.0,0.018703124484062767,0.11366245794307278,0.0039803099649025125,0.002407381678663353,0.034343297524581276,0.06630685986736846,0.0050189503422880515,-0.00025885569674939445,-0.0005635434067822828,0.1690338278301392,0.011208102334777929,33793321000000.0,39990221000000.0,55592151000000.0,3907418000000.0,14.227336568547312,240657000000.0,-236978000000.0,46053000000.0,-4196000000.0,33405000000.0,0.8450396160601363,0.03213115526418321,0.8372863749907254,0.7531357137047016,0.00139794610994497,-378759000000.0,0.0,0.07132581020965652,19398000000.0
KLB,Private_3,2020,4,2020-12-31,2020-Q4,251809000000.0,13637000000.0,0.012299078327989649,0.10486075817961528,0.002612069198434387,0.0007621940820491582,0.010993675876195916,0.054234166259628035,0.004000524596631365,-0.010591589977202892,-0.011500763716001752,0.15570022158440283,0.00844427170406943,34716197000000.0,42017697000000.0,57281987000000.0,3918172000000.0,14.619569278735083,161667000000.0,-323778000000.0,-71969000000.0,85606000000.0,10754000000.0,0.8262279819857808,0.032704529236811816,1.2858078940784483,0.759234773078174,0.002263547740227261,-293153000000.0,0.0,0.0582346908562594,31937000000.0
KLB,Private_3,2021,1,2021-03-31,2021-Q1,997266000000.0,702618000000.0,0.0653563878650856,0.2363784757952962,0.003343262380289797,0.03520316698529087,0.5019824836260164,0.015660371241104858,0.006401709024654901,-0.038108724869835256,-0.03551742721128123,0.5701733075628691,0.008929125668203189,35747173000000.0,47737989000000.0,61942059000000.0,4442805000000.0,13.942106169413242,915343000000.0,-260627000000.0,736639000000.0,-34021000000.0,524633000000.0,0.7488202529855206,0.04598578712647489,0.2613415076820026,0.0,0.0026014215286738382,-319191000000.0,0.0,0.02206208026575976,38769000000.0
KLB,Private_3,2021,2,2021-06-30,2021-Q2,452538000000.0,103084000000.0,0.021603710630335924,0.11381614419863852,0.006517060812608756,0.0053815280961894,0.07344707435076359,0.014302201456890793,0.00579035940050619,-0.001389676324894279,-0.002013781621276737,0.6813091385255333,0.009744220553612895,35668425000000.0,46432083000000.0,60328045000000.0,4516027000000.0,13.358654631604285,311518000000.0,-321083000000.0,131455000000.0,-28371000000.0,82250000000.0,0.7681848992215146,0.05724533185383908,0.7095161069346663,0.7134283294995275,0.006089141790539411,-347561000000.0,0.0,0.020092560857396982,93065000000.0
KLB,Private_3,2021,3,2021-09-30,2021-Q3,339022000000.0,72821000000.0,0.018059472279299407,0.10799469960910042,0.00407923429782243,0.003380349410659054,0.050603170740374466,0.019964553035076573,0.00892413636500953,0.005244890964487498,0.008192063428648727,0.4850548038335432,0.009683902356053438,34922595000000.0,45706806000000.0,75740729000000.0,4573522000000.0,16.560700702871877,290646000000.0,-275575000000.0,63447000000.0,9374000000.0,57495000000.0,0.7640567796402138,0.08365992583248981,0.8128528532071665,0.6838430485784229,0.0028267470095673826,-338187000000.0,0.0,0.028888689400086105,48079000000.0
KLB,Private_3,2021,4,2021-12-31,2021-Q4,530037000000.0,131482000000.0,0.021755780142795837,0.11604299084486967,0.0029757668062056573,0.005309243671115004,0.0915557748732592,0.01891707054766156,0.005371067788783172,0.000829319814292151,-0.002190873845428726,0.5051337416824572,0.009555650627411294,38387339000000.0,51397605000000.0,83822488000000.0,4679417000000.0,17.913019506489803,413453000000.0,-369926000000.0,160111000000.0,-28629000000.0,105895000000.0,0.74687018976857,0.15493235531110836,0.6979248618492672,0.6871230308957086,0.0037972159962154687,-366816000000.0,0.0,0.02428813833644473,75737000000.0
KLB,Private_3,2022,1,2022-03-31,2022-Q1,552461000000.0,126954000000.0,0.02256609782566168,0.11134280588790883,0.003470745643733226,0.004915530473827602,0.08552579581855291,0.02075770504416522,0.005959635633782096,0.0006476093589086756,0.0008936540248335526,0.6131477053030747,0.012727539215187964,36181071000000.0,52418752000000.0,80844175000000.0,4784675000000.0,16.896481997209843,443459000000.0,-331827000000.0,220634000000.0,-93680000000.0,101178000000.0,0.6902314461817023,0.24817540486274836,0.6006342529155905,0.6583929010101321,0.003159206548079498,-460496000000.0,0.0,0.026717340677947315,65027000000.0
KLB,Private_3,2022,2,2022-06-30,2022-Q2,635895000000.0,221284000000.0,0.02764283196520636,0.12094796291631031,0.004975548986665699,0.009155752561919738,0.14603949260003887,0.01945733173150091,0.005729822658375042,2.23873969899896e-06,0.00015602080988702627,0.6844712608022452,0.01331798438210796,38603289000000.0,43219228000000.0,73734926000000.0,4906457000000.0,15.028140672587163,505451000000.0,-360989000000.0,274906000000.0,-53622000000.0,176911000000.0,0.8931970973660149,0.09055909096756656,0.5676864891216317,0.621833644003436,0.004775238018753907,-514118000000.0,0.0,0.02518715438987595,92269000000.0
KLB,Private_3,2022,3,2022-09-30,2022-Q3,698006000000.0,165043000000.0,0.032623113647250616,0.12305930005127597,0.010811333439196304,0.00683075092639792,0.10607332137258717,0.01950834107817895,0.006202882207704996,0.0012933872033546157,0.0021614738578363104,0.7331214437123461,0.014301983175667419,41061718000000.0,42225371000000.0,80625848000000.0,5033837000000.0,16.016777658871355,588613000000.0,-350806000000.0,347200000000.0,-182157000000.0,131800000000.0,0.9724418525535276,0.09183521442594311,0.5025830723518135,0.5946247477482958,0.003961731884034217,-587264000000.0,0.0,0.025711223285883947,76442000000.0
KLB,Private_3,2022,4,2022-12-31,2022-Q4,726917000000.0,168582000000.0,0.029018582750349298,0.13988382324009288,0.010563999517239108,0.0064732358027488,0.10541378828746342,0.01890304131113641,0.007959112888189153,0.0010708027365050824,0.003532755253932629,0.6862114873700467,0.012971484093932355,44702595000000.0,52195871000000.0,85760181000000.0,5183574000000.0,16.544604359849014,553998000000.0,-415400000000.0,311517000000.0,-142935000000.0,134632000000.0,0.8564392957442937,0.039722145837934195,0.5714545126885188,0.506310080136463,0.007803828288972507,-579859000000.0,0.0,0.026862154199325562,162306000000.0
KLB,Private_3,2023,1,2023-03-31,2023-Q1,743178000000.0,202135000000.0,0.03141984963920572,0.1665119083903102,0.01095820338082095,0.0075364290972976065,0.12247124522609398,0.01857557958968938,0.005947415780806423,0.0001763656002520659,-0.001674019148105384,0.7817221030860629,0.014520941142894529,45915068000000.0,62234339000000.0,85739608000000.0,5369891000000.0,15.966731540733322,607617000000.0,-454172000000.0,289006000000.0,-86871000000.0,161562000000.0,0.7377770654879133,0.03720903985177701,0.6111214271681885,0.4159764276866921,0.0052543504878597835,-666730000000.0,0.0,0.024522995370495803,112640000000.0
KLB,Private_3,2023,2,2023-06-30,2023-Q2,580763000000.0,199869000000.0,0.022258099654299136,0.1607335589524091,0.020837315362341544,0.007425716793378309,0.11742353122298235,0.016536374225261517,0.013509712502732814,-0.001375626842151252,0.006728793258021528,0.7307331428057695,0.01208367670823767,47757567000000.0,61144404000000.0,86408083000000.0,5516513000000.0,15.663532923787182,432786000000.0,-370624000000.0,210139000000.0,-10270000000.0,159790000000.0,0.7810619431338311,0.037188325525259844,0.6381673763652299,0.354167359043401,0.004374894578167766,-577087000000.0,0.0,0.03004608672799433,94141000000.0
KLB,Private_3,2023,3,2023-09-30,2023-Q3,698849000000.0,237202000000.0,0.02333200190531131,0.14626078587582134,0.010536028486292752,0.008803642763938387,0.13502144326531632,0.02144796887003966,0.00920316735943087,0.004958983777377101,0.0006727729660097635,0.5533341256188107,0.011867893101002867,47863087000000.0,56396917000000.0,85552552000000.0,5695632000000.0,15.02073027189959,455114000000.0,-369948000000.0,328901000000.0,-91699000000.0,189235000000.0,0.8486826859702278,0.0396748637873237,0.5293675743973305,0.29578975204869734,0.007504415181997903,-568034000000.0,0.0,0.03065113622947053,161308000000.0
KLB,Private_3,2023,4,2023-12-31,2023-Q4,759614000000.0,79441000000.0,0.027591906915040224,0.13056963501616456,0.009861198778103954,0.002939722053515744,0.0442825099382792,0.019341675728189987,0.012044577828282504,-0.0005222187194068782,0.0033056371813209623,0.6222554367089302,0.012035462876927378,51783052000000.0,56897722000000.0,86972602000000.0,5757558000000.0,15.105814305300962,542589000000.0,-451093000000.0,308521000000.0,-229080000000.0,63397000000.0,0.9101076489494606,0.0599927884634819,0.5938450318187922,0.0,0.0067071494977480215,-623233000000.0,0.0,0.03138625355647249,144644000000.0
KLB,Private_3,2024,1,2024-03-31,2024-Q1,769841000000.0,213812000000.0,0.030714175477965056,0.11673328531212895,0.011450808280404694,0.007822195986400505,0.11673713770044275,0.024580135549596024,0.012607489397241286,0.006002523760090464,0.00695733422587761,0.4969308137762877,0.01221462676139221,53392708000000.0,56238953000000.0,87580938000000.0,5938737000000.0,14.747401341396328,612892000000.0,-444427000000.0,325414000000.0,-111602000000.0,170674000000.0,0.9493901495641286,0.05420755254814221,0.577297130186623,0.0,0.005185388964325788,-652172000000.0,0.0,0.03718762494683731,113141000000.0
KLB,Private_3,2024,2,2024-06-30,2024-Q2,1085671000000.0,337735000000.0,0.044848173734781935,0.11341332496334892,0.016804317560434594,0.012018045657141362,0.17836209254109167,0.019824921200955067,0.009373864211575399,-0.0034258048870643536,-0.006030842264078458,0.6978947079514859,0.01383570759170176,56973089000000.0,58386192000000.0,91668173000000.0,6139076000000.0,14.931916952974682,919045000000.0,-503571000000.0,582100000000.0,-244365000000.0,269278000000.0,0.9757973083772958,0.05995544288964761,0.46383388706154993,0.0,0.005391692012352575,-788263000000.0,0.0,0.029198785412530466,120807000000.0
KLB,Private_3,2024,3,2024-09-30,2024-Q3,1012573000000.0,208981000000.0,0.04104019420192756,0.11091311792285788,0.01678288159893042,0.00727281648975201,0.10700708934154776,0.019414317174901576,0.013250438827365688,0.00037380806225900795,0.004785750690119681,0.7246425045881764,0.014068439422489927,59275018000000.0,60041114000000.0,91827176000000.0,6332322000000.0,14.501343425050084,865557000000.0,-665439000000.0,347134000000.0,-138153000000.0,166816000000.0,0.9872404765840953,0.049052870671253704,0.6571763221022089,0.2284127521121219,0.0043242512920586345,-833907000000.0,0.0,0.032664756002267266,99185000000.0
KLB,Private_3,2024,4,2024-12-31,2024-Q4,1088496000000.0,351530000000.0,0.03760333816725831,0.10074735810315177,0.028234229927269424,0.012205249810432896,0.17359205656462096,0.020194309768234615,0.013635812619790149,0.009373679144222276,0.010255230964248716,0.7902359792837998,0.015958270155661286,61431909000000.0,63521494000000.0,92176268000000.0,6604952000000.0,13.95563026044701,793732000000.0,-408138000000.0,680358000000.0,-328828000000.0,280726000000.0,0.9671042844174919,0.06432428997970356,0.37495590245623317,0.0,0.006406054008423886,-980347000000.0,-465834000000.0,0.03383012238802476,147342000000.0
KLB,Private_3,2025,1,2025-03-31,2025-Q1,1133265000000.0,356495000000.0,0.039241927148005076,0.10722492942713184,0.027112365535123858,0.012028305501619572,0.16946351722473213,0.021652244060381153,0.01636205524574867,0.006378574365969972,0.010843224813345782,0.6915460212672982,0.014973523231465077,67958822000000.0,70989972000000.0,97164450000000.0,6834212000000.0,14.217359660484632,849086000000.0,-578572000000.0,554693000000.0,-198198000000.0,284681000000.0,0.9573017157972679,0.06722860800677594,0.5105354881691396,0.20593882345081782,0.0067425116661911045,-1017583000000.0,-160962000000.0,0.03801429930612982,159579000000.0
KLB,Private_3,2025,2,2025-06-30,2025-Q2,1191024000000.0,564763000000.0,0.03968832368510099,0.10259712232596367,0.026295060411792703,0.018541057225549086,0.25650660086340155,0.019636642103286004,0.01510336394988467,0.0016309435145888786,0.0007252185742713433,0.8280902414199623,0.016260911699987505,69547023000000.0,73173554000000.0,97630483000000.0,7246143000000.0,13.473441388059827,883946000000.0,-296318000000.0,894706000000.0,-329943000000.0,451463000000.0,0.9504393212881255,0.07684753155491122,0.24879263558081113,0.19431091719970986,0.006105210139115888,-1130898000000.0,-216628000000.0,0.03474000605317067,148658000000.0
LPB,Private_2,2018,1,2018-03-31,2018-Q1,1203782000000.0,507379000000.0,0.03812757875743328,0.11772023889645233,0.010352204534405884,0.012486096008639045,0.1975292224378916,0.010668266511466235,0.014630956264468432,,,1.0462485567371338,0.011161658440508645,108137156000000.0,144349310000000.0,169797222000000.0,9658333000000.0,17.580385973438688,1195301000000.0,-635241000000.0,568541000000.0,-61162000000.0,417391000000.0,0.7491352469921747,0.21828344728492294,0.5277043517846255,0.0,0.0005743010059485049,-1206990000000.0,,0.025299222775934667,19198000000.0
LPB,Private_2,2018,2,2018-06-30,2018-Q2,954483000000.0,111019000000.0,0.02734158346704605,0.10178983793241231,0.00862718496655703,0.00209717637632979,0.03734930453120426,0.010275496794933225,0.024380644129877903,,,1.120375390252566,0.011512413731662301,114525071000000.0,146316056000000.0,175833221000000.0,9748936000000.0,18.036144764926142,1126012000000.0,-708827000000.0,245656000000.0,-134637000000.0,90606000000.0,0.7827238795993791,0.21851150088408616,0.7426292558379772,0.0,0.000518750600912779,-1318460000000.0,,0.03465614092481113,22412000000.0
LPB,Private_2,2018,3,2018-09-30,2018-Q3,1315254000000.0,348042000000.0,0.030952691036403558,0.10231632032976018,0.006957615108526104,0.006528520196532605,0.11305543462512933,0.013228196679642942,0.020868304517806528,,,0.849188880576446,0.01123323753043105,115194840000000.0,127541903000000.0,167328159000000.0,10067325000000.0,16.620915585818477,1266114000000.0,-763554000000.0,551700000000.0,-203658000000.0,280042000000.0,0.9031921062052838,0.16135489212513945,0.5805372954577595,0.0,0.0009733496234337326,-1294011000000.0,,0.03409650119744947,41752000000.0
LPB,Private_2,2018,4,2018-12-31,2018-Q4,1405925000000.0,198567000000.0,0.035028435470008425,0.10561276224990514,0.010875694892635068,0.0031205175009853536,0.05271978289950221,0.014098554631671626,0.01202990862985864,,,0.8824764721459367,0.012441642753714333,119193424000000.0,124948075000000.0,175094532000000.0,10200892000000.0,17.164629524555302,1428694000000.0,-940446000000.0,465479000000.0,-266912000000.0,133567000000.0,0.9539436601964456,0.1841598760124956,0.6689161939648274,0.0,0.0016150097950138474,-1482962000000.0,,0.026128463261530267,69127000000.0
LPB,Private_2,2019,1,2019-03-31,2019-Q1,1369581000000.0,511433000000.0,0.03296549782340455,0.1031387045271567,0.013502575250225916,0.009193807376841159,0.15042924076807396,0.013589911040816317,0.013700570962369542,,,0.934083457898248,0.012694111097535283,123757543000000.0,125843171000000.0,181900548000000.0,11617632000000.0,15.657282654503087,1401171000000.0,-724663000000.0,644918000000.0,-133485000000.0,410268000000.0,0.9834267685451124,0.1138434838073176,0.5291129184765268,0.0,0.0007880892924350666,-1570992000000.0,,0.02729048200318586,35168000000.0
LPB,Private_2,2019,2,2019-06-30,2019-Q2,1745645000000.0,605439000000.0,0.03528922857702336,0.10845653037533011,0.009859167033300706,0.010486643631099454,0.16597296889847662,0.014757482773983603,0.013084130608289165,,,0.8103284705793508,0.011958408445843248,129209502000000.0,130052553000000.0,189954560000000.0,11877230000000.0,15.993170124683955,1563341000000.0,-1084577000000.0,661068000000.0,-55629000000.0,487439000000.0,0.993517612837635,0.1329468326546423,0.6213044462075622,0.0,0.0014910969032594277,-1545140000000.0,,0.02784161338227277,69309000000.0
LPB,Private_2,2019,3,2019-09-30,2019-Q3,1625790000000.0,519386000000.0,0.033622952922099866,0.10887895265712505,0.011109053042866442,0.008623640563375296,0.13683834297851782,0.014770286865808379,0.009641928510681413,,,0.8060178385605746,0.011905114694498512,134742339000000.0,132996788000000.0,193536377000000.0,12290616000000.0,15.746678360140777,1533898000000.0,-982084000000.0,643706000000.0,-124320000000.0,413386000000.0,1.0131247605769247,0.15086277873116755,0.6040657157443459,0.0,0.001984589273357456,-1604123000000.0,,0.02441221537648979,95134000000.0
LPB,Private_2,2019,4,2019-12-31,2019-Q4,1768753000000.0,402566000000.0,0.03310101204680349,0.10644609276738141,0.011309868324997134,0.005848090621562033,0.0930210415459074,0.014448470383694652,0.010834874378165976,,,0.8474420748870753,0.012244241720902653,140522626000000.0,136847259000000.0,202058040000000.0,12579800000000.0,16.06210273613253,1562466000000.0,-1240857000000.0,527896000000.0,-125330000000.0,289184000000.0,1.02685743965102,0.14549505883782443,0.7015434037426368,0.0,0.003919165522500283,-1720593000000.0,,0.02528334476186063,193800000000.0
LPB,Private_2,2020,1,2020-03-31,2020-Q1,1495046000000.0,603657000000.0,0.029694794852289007,0.10521080040774168,0.008667577242144463,0.009593477819418468,0.15149967697729358,0.014390420444741519,0.00977492067237351,0.0003504631346698574,-0.0004320016052076909,0.8230502720494715,0.011844039461950782,144511761000000.0,144001427000000.0,202930440000000.0,13065456000000.0,15.531829887912064,1437881000000.0,-928707000000.0,566339000000.0,37318000000.0,485656000000.0,1.0035439509915411,0.11395519018016398,0.62118958212657,0.0,0.001908419716037355,-1711603000000.0,0.0,0.02416534111711503,96611000000.0
LPB,Private_2,2020,2,2020-06-30,2020-Q2,1717004000000.0,400633000000.0,0.029530504004779228,0.0996699496386727,0.007464333641666195,0.006156257315698249,0.09774813726803784,0.01645382530980355,0.008265478590325613,0.002993223506562902,0.0019305833523127573,0.7276273238891515,0.011972252877911947,152323545000000.0,143917595000000.0,213729207000000.0,13176108000000.0,16.22096654034712,1463831000000.0,-1062997000000.0,654007000000.0,-253374000000.0,320633000000.0,1.0584080772055704,0.12273026102194107,0.6190998972629068,0.0,0.002168638135480396,-1823656000000.0,-5836000000.0,0.024719303900129164,112948000000.0
LPB,Private_2,2020,3,2020-09-30,2020-Q3,1987459000000.0,737151000000.0,0.035934930238734945,0.10173922816118838,0.004572473708276178,0.011071467495696395,0.17494316453949793,0.016405384902826205,0.007445633313454736,0.0008002308507197623,0.00031403549595697763,0.732309500108583,0.012013819217277552,159149390000000.0,154611447000000.0,211978406000000.0,13765259000000.0,15.399521796139107,1814994000000.0,-1144715000000.0,842744000000.0,-105593000000.0,589151000000.0,1.0293506275767537,0.12421132699184945,0.5759691143314152,0.0,0.002773077022702904,-1911992000000.0,-17292000000.0,0.02385101821628094,147565000000.0
LPB,Private_2,2020,4,2020-12-31,2020-Q4,2571578000000.0,685112000000.0,0.037108044003543124,0.10284344869096855,0.0025961655354990957,0.00821388636590113,0.13329092400485268,0.014309404488476422,0.007452630238704299,-0.0003848522447996816,0.0004403284235019688,0.8962755044910695,0.01282516872687598,176621536000000.0,174525987000000.0,242342951000000.0,14231726000000.0,17.028359806814716,2003466000000.0,-1508728000000.0,1062850000000.0,-377738000000.0,466468000000.0,1.0120070886635353,0.1464346223694469,0.5866934621465886,0.0,0.0047486387482330045,-2265201000000.0,-22309000000.0,0.02176203472718072,269676000000.0
LPB,Private_2,2021,1,2021-03-31,2021-Q1,2349198000000.0,1111877000000.0,0.035218703635239136,0.10031333998193498,0.004073615334589389,0.014389857934192405,0.23911690989081072,0.0143341515319728,0.011623907186700998,0.0005212444760983168,0.005095143097385361,0.9449452777951693,0.01354498880133809,182739243000000.0,176178834000000.0,245208214000000.0,15108700000000.0,16.22960373824353,2051177000000.0,-1027321000000.0,1321877000000.0,-210000000000.0,876974000000.0,1.0372372143182649,0.0960162444939328,0.4373071150239358,0.0,0.002656508881483239,-2475201000000.0,0.0,0.0259580587186738,161898000000.0
LPB,Private_2,2021,2,2021-06-30,2021-Q2,2425466000000.0,925493000000.0,0.03632464521714062,0.10106029784510717,0.004898766468328025,0.011831196784200785,0.19324689030714803,0.013369006119106571,0.008124359438559109,0.0019227725486418918,-0.0011993866035660441,0.9649661161146478,0.012900637911067228,191227753000000.0,186172609000000.0,255497176000000.0,15546096000000.0,16.434812701529697,2179656000000.0,-1094028000000.0,1331438000000.0,-405945000000.0,740493000000.0,1.027152995422651,0.10724512648367086,0.451058889302097,0.4550415562197813,0.003653933104255179,-2466960000000.0,-414253000000.0,0.021493365557665678,228693000000.0
LPB,Private_2,2021,3,2021-09-30,2021-Q3,2241085000000.0,765741000000.0,0.03312334108047185,0.09731446296272427,0.007390114561325489,0.00959368448848375,0.15436669720716129,0.014209913989720534,0.008601931793605723,0.0012078529208048583,0.0018924292856173444,0.9821850691517154,0.013956765354633591,195829616000000.0,178842254000000.0,254622581000000.0,16157167000000.0,15.759110554467872,2030516000000.0,-1203915000000.0,1037170000000.0,-271429000000.0,611741000000.0,1.0949851705626568,0.07642608888165768,0.5372018464270655,0.0,0.0024375452684142953,-2733148000000.0,-4778000000.0,0.022811845783326255,155430000000.0
LPB,Private_2,2021,4,2021-12-31,2021-Q4,3034940000000.0,835578000000.0,0.041952571357665565,0.10187317992941575,0.005111786267428107,0.009484229293096424,0.15648754860729577,0.013292476775860517,0.00789121015532327,-2.614007066224345e-05,-0.00020799203323771008,1.1415594786424426,0.01517415285811811,208954136000000.0,180273213000000.0,289193879000000.0,16801877000000.0,17.21199833804283,2755810000000.0,-1764515000000.0,1270425000000.0,-434847000000.0,644710000000.0,1.159096975766444,0.10049398187627576,0.581400291274292,0.0,0.004587739032393392,-3170702000000.0,-85000000.0,0.02118368693118379,311861000000.0
LPB,Private_2,2022,1,2022-03-31,2022-Q1,3260444000000.0,1795411000000.0,0.04127043952436646,0.10180298031046388,0.007172186078006321,0.01979799015318986,0.32452289090930736,0.014216547862741385,0.010344996656253911,0.0008420795269637543,0.0032362029914545457,1.1772990044943683,0.01673712764615197,207749028000000.0,177459816000000.0,284918135000000.0,18222660000000.0,15.635375680608648,2875706000000.0,-1153370000000.0,2107074000000.0,-311663000000.0,1420783000000.0,1.1706820883889568,0.07673518606601057,0.35374629958373766,0.0,0.0030295690694255354,-3477122000000.0,0.0,0.024561544518995296,217414000000.0
LPB,Private_2,2022,2,2022-06-30,2022-Q2,3772661000000.0,1793185000000.0,0.04257650713450404,0.10134833313509112,0.010380799814008036,0.019591580576676357,0.30225345187079083,0.014027056267064355,0.012604509721585267,0.0022757122117558113,0.005698053133610811,1.2126757961487276,0.017010271626285264,226914895000000.0,185787552000000.0,300919233000000.0,19750372000000.0,15.236129881502992,3044872000000.0,-1342045000000.0,2430616000000.0,-637431000000.0,1434685000000.0,1.221367591947172,0.07703080128855996,0.35572901991459077,0.5347351734680375,0.00414277431343369,-3859884000000.0,-243303000000.0,0.026631565988649623,303374000000.0
LPB,Private_2,2022,3,2022-09-30,2022-Q3,3456620000000.0,1233687000000.0,0.04272832565336449,0.10443399397957713,0.02283357789782375,0.012850102753592168,0.18302109703389347,0.013994345593456133,0.014588978506614905,0.000805773459692895,0.002856405702234752,1.430653428746175,0.020021058506336942,227943992000000.0,193533450000000.0,313480212000000.0,23387256000000.0,13.403890221238438,3207607000000.0,-1304777000000.0,2151843000000.0,-918156000000.0,986887000000.0,1.1778015221658065,0.06309798642043533,0.3774719234396607,0.0,0.0033679457506671415,-4563680000000.0,-175863000000.0,0.02858332410007104,258658000000.0
LPB,Private_2,2022,4,2022-12-31,2022-Q4,3680587000000.0,867398000000.0,0.03540159616740961,0.10157322094282116,0.03219276877502835,0.008332761785029076,0.11262463268624001,0.014550819623432559,0.015143617614451682,0.005403687060109046,0.006460771293327178,1.4211128224492808,0.020678356344006627,235506871000000.0,215888025000000.0,327745847000000.0,24055154000000.0,13.624766110414425,2771784000000.0,-1506701000000.0,2173886000000.0,-1306488000000.0,667898000000.0,1.090875100645346,0.0876446389279813,0.40936432150632496,0.0,0.011009109659406402,-4869895000000.0,-994847000000.0,0.02969443723788424,882416000000.0
LPB,Private_2,2023,1,2023-03-31,2023-Q1,3133816000000.0,1565641000000.0,0.03425505000849213,0.11258175085553525,0.03312496746654981,0.014958479871895919,0.20153591963175793,0.014545244638769467,0.019945270586636064,0.005435353094220338,0.010796759301345394,1.110588532615486,0.016153781899904247,242116244000000.0,227283140000000.0,337196586000000.0,25298470000000.0,13.328734346385374,2774205000000.0,-1344268000000.0,1789548000000.0,-223907000000.0,1243316000000.0,1.0652626675256247,0.05284855269070992,0.4289556247080237,0.0,0.0027206084470172472,-3911093000000.0,-1185241000000.0,0.03449051522540553,226131000000.0
LPB,Private_2,2023,2,2023-06-30,2023-Q2,2886291000000.0,880430000000.0,0.029578082266463294,0.11360642618513903,0.0331812985916596,0.008241948344429843,0.11154288882190964,0.024297472704200518,0.016853822992483496,0.010883788532586026,0.008577239451971674,0.720788509449987,0.017513339133862434,253391827000000.0,224126483000000.0,350242811000000.0,25496700000000.0,13.736789898300565,2450092000000.0,-1479987000000.0,1406304000000.0,-525874000000.0,708230000000.0,1.130575127081256,0.07253951332471495,0.5127643054702384,0.4680803315984887,0.0029013059314085252,-4437737000000.0,-1000000.0,0.041151295696684013,249309000000.0
LPB,Private_2,2023,3,2023-09-30,2023-Q3,3114276000000.0,1240717000000.0,0.030744256520652952,0.11178773731450901,0.026616302263048234,0.011098054039053059,0.1527865541369112,0.027946893636363018,0.012446024212778356,0.004817096961852681,0.0009117421139238244,0.6746636599047099,0.01885475354367632,263621213000000.0,228401117000000.0,365450226000000.0,26489550000000.0,13.79601488134,2632779000000.0,-1340887000000.0,1773389000000.0,-532672000000.0,992850000000.0,1.1542028185440092,0.06315512896550327,0.4305613889070847,0.0,0.0018352337274450807,-4970513000000.0,-10000000000.0,0.040392917849141376,164183000000.0
LPB,Private_2,2023,4,2023-12-31,2023-Q4,6490922000000.0,3352605000000.0,0.0370422673570285,0.1107079853135509,0.01920680519523678,0.02809357664787523,0.34687110966646567,0.013392292637742106,0.01129645286982414,-0.0024006414081707453,-0.003044155630981032,0.9375338030082,0.012555727047661076,275430884000000.0,237391609000000.0,382863179000000.0,34117400000000.0,11.221933060549748,3346053000000.0,-1594730000000.0,4896192000000.0,-1543587000000.0,2627850000000.0,1.1602384985730476,0.09705708258626783,0.24568620605824565,0.0,0.03128105395893583,-3458235000000.0,-3045883000000.0,0.024688745507566244,2926004000000.0
LPB,Private_2,2024,1,2024-03-31,2024-Q1,4477323000000.0,2886379000000.0,0.03572135498119776,0.09996809819274038,0.01837753567518622,0.023200431089026394,0.2607172218587147,0.013867211657730347,0.008014777690304547,0.002098904057542073,-0.000244162887702891,0.8896308528684803,0.012336699333974382,307686513000000.0,261994464000000.0,409763817000000.0,36416061000000.0,11.252282804557034,3464497000000.0,-1376148000000.0,3101175000000.0,-214796000000.0,2298661000000.0,1.1744008186371448,0.10693091591431489,0.3073595539120139,0.36428937568229514,0.008264245392923761,-3795836000000.0,0.0,0.021881989348034894,818808000000.0
LPB,Private_2,2024,2,2024-06-30,2024-Q2,4833720000000.0,3032459000000.0,0.03485131906245898,0.09176056381827853,0.029755330918603478,0.0227291718956369,0.2591593381170746,0.017273160312594918,0.011432384833155469,0.003950953157313073,0.007729276063523785,0.7712036807177283,0.013321124810700585,317394669000000.0,288097945000000.0,442582942000000.0,38337703000000.0,11.544326012437416,3644632000000.0,-1246838000000.0,3586882000000.0,-554423000000.0,2421642000000.0,1.101690152631946,0.10069147837899364,0.25794584709085344,0.36323961607465727,0.008131807772850346,-4228054000000.0,0.0,0.028705545145750386,866390000000.0
LPB,Private_2,2024,3,2024-09-30,2024-Q3,5068888000000.0,2899502000000.0,0.034365072908205056,0.09177946842176994,0.03307368526182241,0.020755237494373253,0.2360099722316684,0.01961427563223079,0.011642828292693946,0.0024879308858208955,0.0027855225255847002,0.7748747820693822,0.015198607555973628,319770412000000.0,271302521000000.0,455804658000000.0,40668484000000.0,11.20781040178434,3777897000000.0,-1537540000000.0,3531348000000.0,-631846000000.0,2330781000000.0,1.1786488780913318,0.08091852563360441,0.3033288563487692,0.385547277682813,0.009048343944195134,-4860065000000.0,0.0,0.031257103924924735,1016115000000.0
LPB,Private_2,2024,4,2024-12-31,2024-Q4,5552499000000.0,3349828000000.0,0.03807385260831888,0.09310343075858772,0.027006804459936133,0.02215304574507661,0.2542476569511338,0.015677153192936027,0.00982891112915024,2.9083366224639945e-05,-0.001421028909954308,0.8329283237952674,0.013057944930873828,331606315000000.0,283171846000000.0,508330398000000.0,43338300000000.0,11.72935712752923,4506717000000.0,-1649917000000.0,3902582000000.0,-552754000000.0,2669816000000.0,1.1710426713819566,0.09826694070426761,0.2971485451865908,0.42834984728404557,0.0042291668315813215,-4330097000000.0,-1082722000000.0,0.02550606432208627,509686000000.0
LPB,Private_2,2025,1,2025-03-31,2025-Q1,4688243000000.0,3175360000000.0,0.026445006179650076,0.08404737953920159,0.02836596870537313,0.020105876741577117,0.22722938036020107,0.017286613283525647,0.013878569137140088,0.0026935856152196617,0.007604894376031409,0.7432191849109834,0.012847742634453308,352194088000000.0,293154504000000.0,499894623000000.0,45872206000000.0,10.897549226213362,3281910000000.0,-1314471000000.0,3373772000000.0,-198412000000.0,2533906000000.0,1.2013940880812801,0.06908149021650371,0.2803760385287196,0.4171881334011453,0.006573635708253267,-4524899000000.0,-3610000000.0,0.031165182420665734,828463000000.0
LPB,Private_2,2025,2,2025-06-30,2025-Q2,4912653000000.0,2988406000000.0,0.030044603483686882,0.08883991927982095,0.029613854686867128,0.018911520877595647,0.22139895960450434,0.017420431603192038,0.00946892039737864,0.0013807670729555233,-0.00258439886134602,0.7528711931033141,0.013115341125469868,368726513000000.0,313174113000000.0,513612864000000.0,40699872000000.0,12.619520375887177,3735854000000.0,-1462006000000.0,3450647000000.0,-462241000000.0,2395871000000.0,1.1773850318209411,0.07662644517492415,0.29760009510136376,0.4241217466772336,0.006721402739869449,-4835974000000.0,-151166000000.0,0.026889352000570677,851524000000.0
MBB,Private_1,2018,1,2018-03-31,2018-Q1,4233547000000.0,1918477000000.0,0.033152495329115045,0.05939668094231645,0.011327611592121214,0.01492967435714368,0.17274632447962174,0.014092692956671395,0.017517883388228996,,,0.9097066033206136,0.01282021584125387,193745724000000.0,227017855000000.0,316345493000000.0,31029631000000.0,10.19494859606935,3293335000000.0,-1622846000000.0,2610701000000.0,-692224000000.0,1548876000000.0,0.8534382636995668,0.42224746154878434,0.38333010121300176,0.3395730979550957,0.003039564550104289,-2483862000000.0,,0.03161057634490039,315339000000.0
MBB,Private_1,2018,2,2018-06-30,2018-Q2,4790735000000.0,1910987000000.0,0.046047699413599194,0.09029434951214094,0.012107420445040398,0.018368845097131097,0.18592932365773004,0.01283528454599548,0.016901395908473307,,,1.065671880230046,0.013678201815418655,204829117000000.0,234796072000000.0,333203019000000.0,31330925000000.0,10.63495632510052,3503848000000.0,-1926942000000.0,2863793000000.0,-952806000000.0,1449332000000.0,0.8723702882048214,0.3899842625987372,0.40222262345965704,0.349028324733915,0.008160067958095792,-2801694000000.0,,0.029736680454468787,662545000000.0
MBB,Private_1,2018,3,2018-09-30,2018-Q3,4799151000000.0,2185455000000.0,0.0452803305481244,0.0925743924982323,0.010837446318814748,0.020808322870691027,0.2182934120616592,0.015708221430653573,0.016237572362344597,,,1.0595091873947644,0.016643004923408793,204884876000000.0,232638438000000.0,343850297000000.0,33207642000000.0,10.354553238076946,3632699000000.0,-1968079000000.0,2831072000000.0,-645617000000.0,1761043000000.0,0.8807008754073564,0.4126763995896499,0.41008899282393907,0.3662547700216626,0.008391480945054555,-3409900000000.0,,0.03194579379299817,710185000000.0
MBB,Private_1,2018,4,2018-12-31,2018-Q4,5715473000000.0,1752454000000.0,0.0495934037787423,0.09671858173058807,0.020374452789698887,0.01572956786249289,0.1648607534820905,0.013212335946070585,0.01714765620581482,,,1.1320294743210213,0.01495675371558302,214685958000000.0,239964318000000.0,362361094000000.0,34172858000000.0,10.603769049694352,4153615000000.0,-3215935000000.0,2499538000000.0,-747084000000.0,1388550000000.0,0.8946578382541024,0.42051936238286897,0.5626717158842321,0.3830737676059443,0.009918673203615884,-3211005000000.0,,0.030359992151885406,875585000000.0
MBB,Private_1,2019,1,2019-03-31,2019-Q1,5454321000000.0,2424141000000.0,0.046790391358216124,0.09593606499704524,0.02140455456438211,0.020736469276230886,0.21172298772881235,0.014099331560723507,0.01853680372065054,,,0.9649140236202927,0.0136046427466143,229168311000000.0,242252088000000.0,383219255000000.0,36131421000000.0,10.606260268590045,4134858000000.0,-2065685000000.0,3388636000000.0,-964495000000.0,1860629000000.0,0.9459910661327303,0.3393209721271835,0.3787245011798902,0.38846448235708403,0.008140203813231134,-3117753000000.0,,0.032636135281374046,758647000000.0
MBB,Private_1,2019,2,2019-06-30,2019-Q2,6157650000000.0,2451228000000.0,0.047306170567733605,0.0966451977327674,0.020381116357435013,0.020352923282511655,0.21395988610785407,0.012560177865621747,0.01294888620153295,,,0.976039142454221,0.012259225233033938,238924642000000.0,259008944000000.0,402264372000000.0,35526198000000.0,11.323034679928316,4394856000000.0,-2306748000000.0,3850902000000.0,-1399674000000.0,1916482000000.0,0.9224571102069742,0.32998626487585697,0.374614991108621,0.3966547369391544,0.010740328264028856,-2929031000000.0,,0.025509064067154696,1054544000000.0
MBB,Private_1,2019,3,2019-09-30,2019-Q3,6345402000000.0,2741035000000.0,0.048384877932282785,0.10078597567469515,0.015872449598963015,0.022119603414945725,0.23774967637932998,0.015415007152078013,0.014737345460333994,,,1.0273448165323065,0.01583652769449578,240211306000000.0,254130038000000.0,397441105000000.0,37682970000000.0,10.546968697000263,4581535000000.0,-2292225000000.0,4053177000000.0,-1312142000000.0,2175682000000.0,0.9452298826634575,0.3346190425548986,0.36124188822079356,0.4079847435098982,0.004996019303241561,-3804113000000.0,,0.030152352612412007,499418000000.0
MBB,Private_1,2019,4,2019-12-31,2019-Q4,6693075000000.0,2419715000000.0,0.05095421984390716,0.10178310364168687,0.014042074783070624,0.019052448480377775,0.19285902432091756,0.011575243832633293,0.011569791043902766,,,1.1046628322792564,0.01278674163647969,250330623000000.0,272709512000000.0,411487575000000.0,39885814000000.0,10.31663977072149,4888748000000.0,-3059048000000.0,3634027000000.0,-1214312000000.0,1869980000000.0,0.9179387296179093,0.3837732693386947,0.45704672366587856,0.4099215266347377,0.008635896059464724,-3200913000000.0,,0.02314503487653606,873228000000.0
MBB,Private_1,2020,1,2020-03-31,2020-Q1,6338782000000.0,2195657000000.0,0.04831215178629614,0.0980242330155503,0.012190097194150071,0.017430098767508607,0.16332455242803304,0.016151801420783995,0.01929469970986497,0.009889593092252241,0.017433300599423666,0.975625911444257,0.01575811598261903,247979708000000.0,240737125000000.0,406802682000000.0,43984050000000.0,9.248868214727839,4695211000000.0,-2050500000000.0,4288282000000.0,-2092625000000.0,1712251000000.0,1.0300850273924307,0.33068187135656785,0.3234848587630873,0.40898554469671583,0.007282364599875714,-3907693000000.0,-1367987000000.0,0.03544650113064897,744886000000.0
MBB,Private_1,2020,2,2020-06-30,2020-Q2,6573642000000.0,2922952000000.0,0.0471061219225552,0.09059475734162334,0.011786755318242016,0.023076314192667792,0.2016056772545926,0.013686430611135711,0.01494919096450064,0.0016274234825697917,-0.0019099909578085316,1.2103135191524845,0.01656487199759995,261384513000000.0,257378873000000.0,421635683000000.0,45798501000000.0,9.206320595514688,4623997000000.0,-2433788000000.0,4139854000000.0,-1216902000000.0,2262584000000.0,1.0155632043660399,0.3560685884268364,0.37023433889463403,0.3982655956915507,0.009124753656236093,-4329801000000.0,-831466000000.0,0.02863562157563635,944912000000.0
MBB,Private_1,2020,3,2020-09-30,2020-Q3,6735438000000.0,3015440000000.0,0.05149672438039827,0.09148185739916108,0.00562545482065772,0.022839562420001038,0.20049390502612396,0.015021897627195092,0.01470052556062254,0.0033479336245143183,0.0035074304497910327,1.1887542866318541,0.01785734519767304,268641892000000.0,269189328000000.0,427175325000000.0,48253994000000.0,8.852641814478611,5164677000000.0,-2836321000000.0,3899117000000.0,-883677000000.0,2357119000000.0,0.997966353257511,0.3772909674933324,0.4211041657572974,0.42586223111029714,0.007499572861335936,-4797231000000.0,-417008000000.0,0.029722423187817634,795715000000.0
MBB,Private_1,2020,4,2020-12-31,2020-Q4,7714311000000.0,2554227000000.0,0.05330361054288655,0.09100110483691914,0.0025029651801218144,0.01743916437995585,0.15704211570979448,0.010887827182616862,0.008118345601906406,0.00588454015206236,0.00019853567737678084,1.3406647441380428,0.014596926044002262,298296983000000.0,310960354000000.0,494982162000000.0,50099495000000.0,9.879983061705513,5793910000000.0,-3234848000000.0,4479463000000.0,-1925236000000.0,1930705000000.0,0.9592765738876152,0.4094173754381563,0.41933077367505667,0.44542182028335287,0.00945643246726684,-4354219000000.0,-2368539000000.0,0.019006172784523268,1090040000000.0
MBB,Private_1,2021,1,2021-03-31,2021-Q1,9192864000000.0,4579858000000.0,0.050302895209062747,0.08675099827188737,0.005335033399148627,0.029157470596511664,0.27375823105535313,0.01291268447207413,0.008154132294056577,0.0058714103722597825,0.006610006511530825,1.2738129525635158,0.016448344732893812,324007375000000.0,327926697000000.0,510957496000000.0,53723765000000.0,9.510828140954008,5952036000000.0,-2803949000000.0,6388915000000.0,-1809057000000.0,3552809000000.0,0.9880481765106182,0.3690171465362578,0.3050136497178681,0.435537935958489,0.008477375290039514,-5329385000000.0,-815425000000.0,0.02106681676613071,1065966000000.0
MBB,Private_1,2021,2,2021-06-30,2021-Q2,8924602000000.0,3406408000000.0,0.05397147134870306,0.08888192865179508,0.00632566166484663,0.021119738313895197,0.18938979816400248,0.007644173777919975,0.0074871407853308106,0.0004153022751411137,-8.670790286795169e-05,2.3649593397976174,0.018078160171127882,331146972000000.0,343494329000000.0,523334486000000.0,55934771000000.0,9.356156763384265,6562536000000.0,-3086784000000.0,5837818000000.0,-2431410000000.0,2596026000000.0,0.964053680199186,0.3979607593463355,0.34587357509051947,0.4481235392826564,0.0079636235640856,-5986528000000.0,-1787021000000.0,0.015131314563250786,1029589000000.0
MBB,Private_1,2021,3,2021-09-30,2021-Q3,8700177000000.0,3898303000000.0,0.05123099984112965,0.08563610382336251,0.011641679532071007,0.023150457510939453,0.2106373251509703,0.009471438992685197,0.011026004925113082,0.0030390916574650124,0.006753741356874011,2.328037039431441,0.022049860791686356,336426387000000.0,343949438000000.0,555594688000000.0,58847393000000.0,9.441279548271577,6515194000000.0,-3023716000000.0,5676461000000.0,-1778158000000.0,3022176000000.0,0.9781274508144421,0.4171024492268541,0.3475464924449238,0.45284732875619965,0.0068689513441593155,-7418155000000.0,-351289000000.0,0.02049744391779828,926389000000.0
MBB,Private_1,2021,4,2021-12-31,2021-Q4,10116855000000.0,4642690000000.0,0.052192109435836506,0.08630088507054545,0.005242647168116294,0.025473695445922404,0.23248757786560628,0.008989113051898881,0.010763024547569005,0.0019938834345951586,0.0025988003134843284,2.6798011649202045,0.024089035628078032,363554778000000.0,384692155000000.0,607140419000000.0,62486023000000.0,9.716419606349406,7169788000000.0,-3462739000000.0,6654116000000.0,-2011426000000.0,3526064000000.0,0.9450537872289078,0.4874354040310492,0.3422742542025165,0.47122889907322635,0.009257028479832423,-8757684000000.0,-589202000000.0,0.019752137599467888,1345434000000.0
MBB,Private_1,2022,1,2022-03-31,2022-Q1,11633066000000.0,5909673000000.0,0.05600788939541816,0.08868813129617824,0.0131481652394959,0.030100407257409968,0.28073942444780464,0.009938508573201825,0.011693755655418674,0.0038357713455769793,0.0064389141379954575,2.500735845685,0.024853584641653485,415549473000000.0,390173507000000.0,649039794000000.0,67063548000000.0,9.677981755453798,8385485000000.0,-3597881000000.0,8035185000000.0,-2125512000000.0,4546209000000.0,1.0650376449060135,0.4474701148789172,0.3092805456446306,0.49091909293409075,0.007114355016512268,-10327894000000.0,-532606000000.0,0.0216322642286205,1117114000000.0
MBB,Private_1,2022,2,2022-06-30,2022-Q2,11221880000000.0,5986513000000.0,0.057373614775009144,0.09095530763539314,0.009173841880990689,0.029335374995049967,0.268069298423341,0.011976557695670116,0.013643247874601031,0.0034018091511332513,0.005348263310154649,2.2142483616520465,0.026519073255868764,415456939000000.0,396909793000000.0,658274396000000.0,70906806000000.0,9.283656014628553,8969406000000.0,-3860555000000.0,7361325000000.0,-1374812000000.0,4623202000000.0,1.0467288697006274,0.4546138699077148,0.3440203424025208,0.498475437875606,0.006183358263708589,-11017533000000.0,-567818000000.0,0.025619805570271145,1010449000000.0
MBB,Private_1,2022,3,2022-09-30,2022-Q3,10986250000000.0,6295505000000.0,0.05771206168921105,0.09157821777823742,0.03081996403917964,0.030628751282848206,0.2658658639349989,0.01035822367033282,0.016316723263224156,0.005294091381152741,0.00839077332151624,2.0772643251560075,0.021516768502368888,426232638000000.0,377145234000000.0,656804225000000.0,75909876000000.0,8.652421260706578,9038629000000.0,-3728778000000.0,7257472000000.0,-961967000000.0,4879193000000.0,1.1301551751811345,0.42414141974812813,0.33940407327340993,0.4936277010222826,0.004771097255941171,-9171149000000.0,-2760198000000.0,0.026674946933556976,784296000000.0
MBB,Private_1,2022,4,2022-12-31,2022-Q4,11751429000000.0,4537629000000.0,0.058193273429523934,0.10350725880531514,0.03161812253446605,0.020789298457557965,0.1766493137241128,0.010923953012229627,0.01695476476701547,0.002738481045179839,0.004742579098318604,2.3802743389672716,0.02600200503509441,460574482000000.0,443605638000000.0,728532373000000.0,79613219000000.0,9.150897076526952,9629602000000.0,-3628414000000.0,8123015000000.0,-3585386000000.0,3434131000000.0,1.0382520927292633,0.40611176362010076,0.30876364057511646,0.4933112946566296,0.007066637822268808,-11975860000000.0,-550949000000.0,0.027878717779245096,1223709000000.0
MBB,Private_1,2023,1,2023-03-31,2023-Q1,11929717000000.0,6512166000000.0,0.05720161823383593,0.10723864143308341,0.03690731866095513,0.027962547494104956,0.24448913717377846,0.017560284872937006,0.03464100475753496,0.012144409251053557,0.03139595779863462,1.3825803711695341,0.024278505177468004,481386268000000.0,452414711000000.0,760761405000000.0,84767483000000.0,8.974684372780066,10227193000000.0,-3567903000000.0,8361814000000.0,-1849648000000.0,5023662000000.0,1.0640376103950342,0.3554648137867471,0.2990769185890998,0.487202975930141,0.003704553179164628,-11687339000000.0,-2171419000000.0,0.052201289630471964,689646000000.0
MBB,Private_1,2023,2,2023-06-30,2023-Q2,11560835000000.0,6222864000000.0,0.05027520897615384,0.10772908440199083,0.010708312795035688,0.02543685107871467,0.2291543989749223,0.014438158600431175,0.03594948609084191,0.0005625170845130963,0.004610605136746443,1.5609525727019105,0.02253728081242126,518071328000000.0,475406125000000.0,806237587000000.0,86069124000000.0,9.367326510724101,9481370000000.0,-4135168000000.0,7425667000000.0,-1202803000000.0,4893495000000.0,1.0897447482402547,0.3705777244666337,0.3576876583741572,0.47817131375296495,0.004394499316946593,-11675919000000.0,-1244072000000.0,0.05038764469127309,860772000000.0
MBB,Private_1,2023,3,2023-09-30,2023-Q3,12065150000000.0,7283787000000.0,0.05016334441732351,0.10236756009326649,0.011471602707295121,0.02870670351835204,0.25971753730269614,0.01885281838251302,0.029713134812156327,0.006597979496753776,0.0014072058432849617,1.219741266764252,0.022995560575962814,536301777000000.0,479732568000000.0,815880535000000.0,91762995000000.0,8.89117159918331,9811793000000.0,-3333959000000.0,8731191000000.0,-1447404000000.0,5773265000000.0,1.1179182168845372,0.3595384606033251,0.2763296767963929,0.4753325136655881,0.0053218763066133845,-12332560000000.0,-787420000000.0,0.048565953194669345,1079089000000.0
MBB,Private_1,2023,4,2023-12-31,2023-Q4,11750360000000.0,6287272000000.0,0.042962118399747014,0.09277758099059104,0.012272105105911422,0.022921354306404237,0.2116519806742308,0.016045621100362797,0.022777012763448054,0.003940665667419558,0.00017908946812980633,1.1698075547357185,0.018770288783631253,611048830000000.0,567532577000000.0,944953640000000.0,96711159000000.0,9.770885281190766,9163492000000.0,-3875911000000.0,7874449000000.0,-1587177000000.0,4986366000000.0,1.0766762204735958,0.4019348919242745,0.32985465977212614,0.4598170453415628,0.0066137653194969365,-11469563000000.0,-2419528000000.0,0.03882263386381085,1455718000000.0
MBB,Private_1,2024,1,2024-03-31,2024-Q1,12016698000000.0,5795311000000.0,0.04037953879481372,0.08341277956700671,0.01810550854802207,0.020044274136011,0.18309068960741604,0.024856169844653858,0.022946619926423453,0.012208047268497347,0.012537925978845258,0.8005751379735494,0.01989923160287774,615316724000000.0,558826062000000.0,900647141000000.0,101341424000000.0,8.887255630037329,9062293000000.0,-3514292000000.0,8502406000000.0,-2707095000000.0,4532698000000.0,1.1010880949213855,0.36646256845479763,0.2924507214877165,0.4586162884451315,0.004097098396275548,-12244330000000.0,-1969954000000.0,0.04780278977107731,945201000000.0
MBB,Private_1,2024,2,2024-06-30,2024-Q2,14129248000000.0,7633001000000.0,0.04577033884855018,0.082346877792299,0.020912039442565603,0.02583872511218441,0.23455476512674162,0.016359547928665185,0.01835878491483616,-0.002027225900656651,-0.004870163418473898,1.017372327508689,0.016643751353176053,673799059000000.0,618617638000000.0,988604894000000.0,104213948000000.0,9.486301142722278,10531113000000.0,-4490504000000.0,9638744000000.0,-2005743000000.0,6026749000000.0,1.0892011763169287,0.386355416202989,0.3178162064959154,0.4398602901246492,0.005734616556863997,-11214544000000.0,-3023983000000.0,0.03471833284350134,1354267000000.0
MBB,Private_1,2024,3,2024-09-30,2024-Q3,12703765000000.0,7307896000000.0,0.04236299158495944,0.0789956705366148,0.021403981687783367,0.023171897249396497,0.21621482952354118,0.022342214133083717,0.01888481609155198,0.01000668064156498,0.011323657844407883,0.6877196850351531,0.01536518046659228,702019545000000.0,627567353000000.0,1028819208000000.0,110023198000000.0,9.350929864809055,10416635000000.0,-3755899000000.0,8947866000000.0,-1639970000000.0,5790156000000.0,1.1186361776852978,0.3653969185997475,0.2956524305983305,0.4362408057181446,0.0035214132680169595,-10786657000000.0,-2080869000000.0,0.0412270302246357,888023000000.0
MBB,Private_1,2024,4,2024-12-31,2024-Q4,16563511000000.0,8093120000000.0,0.0423253740992425,0.07946770026803994,0.018162025226322456,0.023661705773648484,0.22138725015339009,0.016204602921116952,0.015704189512559176,-0.0011069919712847882,-0.00261795845014543,0.9224841070215151,0.014948488655324806,776657846000000.0,714154479000000.0,1128801062000000.0,117059581000000.0,9.642961749538468,11142178000000.0,-5246555000000.0,11316956000000.0,-3223836000000.0,6284154000000.0,1.0875207939429588,0.39302100771393467,0.3167537969455872,0.433105204505571,0.004378001139190262,-11609861000000.0,-2322109000000.0,0.03190879243367613,1180758000000.0
MBB,Private_1,2025,1,2025-03-31,2025-Q1,15322697000000.0,8386325000000.0,0.04187846498202501,0.07854351591466373,0.023914895829985735,0.023362035909922734,0.2182552333056747,0.018409454666924018,0.01910585520818311,0.007249978905125231,0.01116526671900769,0.7525932052763697,0.01385483049517037,797536715000000.0,722622450000000.0,1156917195000000.0,123676548000000.0,9.354378123490315,11692184000000.0,-3949958000000.0,11372739000000.0,-2986414000000.0,6567740000000.0,1.1036699939228292,0.35897151825271967,0.2577847750954026,0.434106286710692,0.00432394848740975,-11049736000000.0,-3533969000000.0,0.03751530987510713,1235416000000.0
MBB,Private_1,2025,2,2025-06-30,2025-Q2,17245678000000.0,7502991000000.0,0.04136764063739785,0.07808915532473623,0.021206267576314903,0.0196347598653868,0.18697631214685143,0.016044357656024997,0.012979122731199924,0.003357174597284841,-0.0014293636625869945,0.8888634511292075,0.0142612431172857,879888513000000.0,783291908000000.0,1289644328000000.0,127803650000000.0,10.090825481118888,12372117000000.0,-4956470000000.0,12289208000000.0,-4786217000000.0,5877605000000.0,1.1233213365457109,0.3790188050812852,0.2874036033839899,0.43036737848273793,0.0062636250329029634,-12548304000000.0,-3242440000000.0,0.029023480387224923,1915543000000.0
MSB,Private_2,2018,1,2018-03-31,2018-Q1,796293000000.0,233001000000.0,0.0025911898745712906,0.0070283640654560066,0.0017206288921079941,0.0013259853997042944,0.013155732088787599,0.025157043676803555,0.03248007463080517,,,0.5157832036138016,0.012975580581074068,35101859000000.0,60030224000000.0,116108707000000.0,13884246000000.0,8.36262242832632,440490000000.0,-481421000000.0,314872000000.0,-81871000000.0,233001000000.0,0.5847364321012695,0.21483394764610572,0.6045777119728543,0.27367652019869776,0.00021443880432383346,-455467000000.0,,0.057637118307608724,37681000000.0
MSB,Private_2,2018,2,2018-06-30,2018-Q2,997896000000.0,-38903000000.0,0.02407894250320972,0.11687405472745523,0.008904332535154793,-0.0018966737228480837,-0.016364727440834663,0.024004901947151103,0.022820905231971476,,,0.6182985002627884,0.014842194872878817,39551630000000.0,62015783000000.0,122954024000000.0,13823151000000.0,8.894789907163714,607906000000.0,-589080000000.0,408816000000.0,-447719000000.0,-56678000000.0,0.6377671632397192,0.2062826006727997,0.590322037567041,0.26533327163630105,0.0026020952634394526,-587033000000.0,,0.046825807179122575,77758000000.0
MSB,Private_2,2018,3,2018-09-30,2018-Q3,945573000000.0,21395000000.0,0.02077846621267245,0.061452303390622416,0.01409103186180789,0.00023744021820023016,0.0021569791521450577,0.02485712204724567,0.023439247706209074,,,0.6596328078147577,0.01639657321021878,39980976000000.0,64767351000000.0,128056527000000.0,13808085000000.0,9.274025109202325,547449000000.0,-600288000000.0,345285000000.0,-323890000000.0,7450000000.0,0.6173013931046832,0.21237695826096084,0.6348404618152168,0.274369164478197,0.0024470684501226403,-655551000000.0,,0.04829636975345475,76780000000.0
MSB,Private_2,2018,4,2018-12-31,2018-Q4,2008730000000.0,797689000000.0,0.04440506600199479,0.08835901413635612,0.012908540939541916,0.018902573157722882,0.18253948097967632,0.030062234831978504,0.01909649644295485,,,0.683742842290958,0.020554837889635226,48762243000000.0,63528770000000.0,138873904000000.0,13833453000000.0,10.038990554274482,1238591000000.0,-1287156000000.0,721574000000.0,76115000000.0,630709000000.0,0.7675615787933562,0.21225602195666624,0.6407809909743968,0.26130010247290286,0.002378657231479164,-1002300000000.0,,0.04915873127493335,79367000000.0
MSB,Private_2,2019,1,2019-03-31,2019-Q1,797333000000.0,73000000000.0,0.02119506552752396,0.09268201850202039,0.017128665363148575,0.0017932234773716102,0.017703548843761574,0.031947536244388626,0.020376278455062173,,,0.6987670881201463,0.022323886874104276,48770584000000.0,65483945000000.0,134943613000000.0,13902003000000.0,9.706774843884007,605844000000.0,-626290000000.0,171043000000.0,-98043000000.0,61377000000.0,0.7447716230291257,0.20581618899105728,0.7854810976091545,0.2729015777182233,0.0016900598802815088,-1088749000000.0,,0.0523238146994508,57846000000.0
MSB,Private_2,2019,2,2019-06-30,2019-Q2,1017680000000.0,493848000000.0,0.019291926456480864,0.0880356923057923,0.011828552806797517,0.0116214335672336,0.11533784977168628,0.029238791785057932,0.017086169058044387,,,0.7190935400663458,0.0210254262919801,55436593000000.0,68258512000000.0,144721024000000.0,14276986000000.0,10.136664979569217,570738000000.0,-363050000000.0,654630000000.0,-160782000000.0,406263000000.0,0.8121564824032496,0.2167445578069443,0.3567427875167047,0.29229070066222274,0.0037381343998812407,-1165578000000.0,,0.04632496084310232,130678000000.0
MSB,Private_2,2019,3,2019-09-30,2019-Q3,1684399000000.0,497095000000.0,0.027523116175226063,0.09238681617718664,0.010230045650951989,0.010930276520370678,0.11061624712733978,0.028765198874011966,0.016604370397382804,,,0.7441628247125072,0.021405991647501777,57827968000000.0,77342806000000.0,148342376000000.0,14681364000000.0,10.104127654623916,864161000000.0,-681433000000.0,1002966000000.0,-505871000000.0,400408000000.0,0.7476838634481402,0.18821150605784848,0.4045555714530821,0.32279430556965055,0.004419303126900186,-1237865000000.0,,0.045369569271394766,161892000000.0
MSB,Private_2,2019,4,2019-12-31,2019-Q4,1215744000000.0,223883000000.0,0.031191006209084146,0.0988048673023895,0.011260084271162924,0.004598842276207354,0.047524976065231726,0.020449005335989628,0.016870875196237832,,,0.6813429587786306,0.013932785799703178,63594389000000.0,80872643000000.0,156977945000000.0,14863522000000.0,10.561288569425201,1021361000000.0,-831409000000.0,384335000000.0,-160452000000.0,175515000000.0,0.7863523021004767,0.20340237921988033,0.6838684788902927,0.30393391679850185,0.004502523760938925,-886047000000.0,,0.037319880532227456,171839000000.0
MSB,Private_2,2020,1,2020-03-31,2020-Q1,1262903000000.0,289610000000.0,0.026773374035641857,0.0938324490509566,0.011318268938570929,0.005756563473107126,0.05996028054409219,0.021819383469743617,0.019676119891906107,0.0021731319723820287,0.005627194562715273,0.6858246368985577,0.014964270745487306,65691407000000.0,81525008000000.0,154766381000000.0,15065891000000.0,10.272633792452103,893816000000.0,-894069000000.0,368834000000.0,-79224000000.0,224322000000.0,0.8057822821679453,0.21311404225805167,0.7079474829024873,0.2888217126365219,0.0031175290741298047,-983024000000.0,-5295000000.0,0.04149550336164973,121484000000.0
MSB,Private_2,2020,2,2020-06-30,2020-Q2,1759290000000.0,684592000000.0,0.03127087522018064,0.09803235972708584,0.00686137314025564,0.013778661965570897,0.14340469968923383,0.022264887970825157,0.019327847640590493,0.006322470760901803,0.007264237771616004,0.6817714522308833,0.015179565005627392,70075987000000.0,83191281000000.0,164740405000000.0,15633075000000.0,10.53793991265314,1084147000000.0,-665600000000.0,1093690000000.0,-409098000000.0,550297000000.0,0.8423477335323157,0.2208118300281973,0.3783344417350181,0.2910983328992076,0.005116135467620396,-1063723000000.0,-288444000000.0,0.041592735611415646,204330000000.0
MSB,Private_2,2020,3,2020-09-30,2020-Q3,1783070000000.0,691991000000.0,0.035885520979017385,0.07881498516407102,0.002733416232997967,0.013361698499143855,0.1391980988659288,0.023186525616710876,0.014318206637877454,0.01017171545511018,0.005847295450865359,0.5937892970479456,0.013767910746930933,73429587000000.0,80029059000000.0,166489341000000.0,16161842000000.0,10.301384025409975,1309560000000.0,-699305000000.0,1083765000000.0,-391774000000.0,553224000000.0,0.9175365538160333,0.2338729110884585,0.39219155725798766,0.2871252094506364,0.0041372854236346275,-1010972000000.0,-570450000000.0,0.03750473225458833,171299000000.0
MSB,Private_2,2020,4,2020-12-31,2020-Q4,2377217000000.0,857122000000.0,0.040777582793088275,0.08704482995517317,0.0014414071314695395,0.01592839047389696,0.1654651479457927,0.019632400212254562,0.01237247083866126,0.001563838293139249,0.0006140712734772701,0.5412083361688086,0.010625218653874457,79340579000000.0,87510188000000.0,176697625000000.0,16874819000000.0,10.471082682427586,1534865000000.0,-1326947000000.0,1050270000000.0,-193148000000.0,683302000000.0,0.9066439098496737,0.29037541320331756,0.5581934674032702,0.282673063196047,0.007542384345680541,-843011000000.0,-259763000000.0,0.032004871050915824,323556000000.0
MSB,Private_2,2021,1,2021-03-31,2021-Q1,2064058000000.0,1147196000000.0,0.035739148395061135,0.08331008585956425,0.0027195276745768738,0.019772037626921167,0.20744451868816624,0.018594123163829485,0.014100335666996028,0.002661664468064948,0.006194736743728578,0.546538424328227,0.010162402775724354,89498224000000.0,91823350000000.0,186907995000000.0,17781310000000.0,10.511486217832095,1419750000000.0,-712911000000.0,1351147000000.0,-203951000000.0,898653000000.0,0.9746782708319833,0.3216776560646067,0.3453929104705391,0.2560031833402874,0.002705370725567993,-909517000000.0,-104683000000.0,0.032694458830825515,122961000000.0
MSB,Private_2,2021,2,2021-06-30,2021-Q2,3295155000000.0,1972100000000.0,0.03645121754596312,0.07729054749348928,0.0034950854497191423,0.03416509168535505,0.33191044403545095,0.02018544888583209,0.008561070835586947,0.005480287519448431,0.00012111972188409012,0.5850872237697106,0.011810248249156895,91380975000000.0,86045919000000.0,183124438000000.0,20307856000000.0,9.017418579292665,1476985000000.0,-1081849000000.0,2213306000000.0,-241206000000.0,1580274000000.0,1.0620024291913253,0.28326424173585735,0.3283150564996184,0.26967151675023593,0.044856154541458804,-1079232000000.0,-310051000000.0,0.028746519721419037,2074779000000.0
MSB,Private_2,2021,3,2021-09-30,2021-Q3,2310543000000.0,1009308000000.0,0.03892023853097347,0.08406570106166479,0.003310175806775584,0.01710450824195468,0.15569620487483532,0.01945742897013439,0.013235360431642203,0.003287741239355347,0.008920182784217393,0.6205945487547705,0.01207517435164855,97996349000000.0,94001785000000.0,195513048000000.0,21288585000000.0,9.183938152770605,1626968000000.0,-714259000000.0,1596284000000.0,-586976000000.0,809551000000.0,1.042494554757657,0.3094128478517722,0.30913036459395044,0.2585250253411147,0.005298027992928308,-1183323000000.0,-238246000000.0,0.03269278940177659,250754000000.0
MSB,Private_2,2021,4,2021-12-31,2021-Q4,2918487000000.0,959857000000.0,0.03757361061571863,0.08388725613003808,0.0026922372576253404,0.014955916798428741,0.1377932192334599,0.017415789308839042,0.01143059450156504,0.005856432467703465,0.00446764603444563,0.9536491833696764,0.016608553252112693,101562609000000.0,94616419000000.0,203665423000000.0,22037785000000.0,9.24164669906708,1692541000000.0,-1422897000000.0,1495590000000.0,-535733000000.0,746260000000.0,1.0734142136577796,0.35727211362755124,0.4875461155043692,0.2659027886044188,0.008516451279257493,-1686808000000.0,-711873000000.0,0.02884638381040408,424948000000.0
MSB,Private_2,2022,1,2022-03-31,2022-Q1,2406016000000.0,1494917000000.0,0.04264925695836549,0.08371043059574015,0.0021093175718820507,0.023017032467423083,0.20360149974860825,0.01788045515717544,0.007180446145478274,0.003388638824747009,-0.00022408837488607642,0.8777692022128329,0.01569491285851622,110578505000000.0,96203566000000.0,195740713000000.0,23114849000000.0,8.468180475676046,1964012000000.0,-740386000000.0,1665630000000.0,-170713000000.0,1149143000000.0,1.1494221014634738,0.3833336489834483,0.3077228081608767,0.26361129290969004,0.006741488818789704,-1735520000000.0,-135758000000.0,0.02506090130265371,336574000000.0
MSB,Private_2,2022,2,2022-06-30,2022-Q2,2784064000000.0,1840971000000.0,0.04521871117837949,0.08659546877923625,0.0054628301824977705,0.030542484354938167,0.25026605570374866,0.015049283048837755,0.00833020701824275,-0.0008626631369270185,0.00027898731313106466,0.842807879906671,0.012683654340506351,110470844000000.0,98326314000000.0,195057359000000.0,24578171000000.0,7.9362031861524605,2059748000000.0,-1058147000000.0,1725917000000.0,115054000000.0,1491993000000.0,1.1235125116151512,0.3672365670089087,0.38007280005057353,0.28586629995304835,0.004987394103622906,-1401174000000.0,-219295000000.0,0.023379490067080504,243633000000.0
MSB,Private_2,2022,3,2022-09-30,2022-Q3,2838560000000.0,1488523000000.0,0.048596370058655615,0.09483534661522798,0.008415525178517314,0.024720397376859413,0.1910108482998814,0.014988799103489695,0.018587343561471733,0.001503645613497802,0.01204818350079773,0.9567855418132682,0.014341066271362616,112178967000000.0,95678811000000.0,194182015000000.0,25796727000000.0,7.527389618070541,2200103000000.0,-996434000000.0,1842126000000.0,-353603000000.0,1202769000000.0,1.1724536062639825,0.3825355020350326,0.35103503184713375,0.2996515580178786,0.005665778303301865,-1608766000000.0,-147188000000.0,0.03357614266496143,275668000000.0
MSB,Private_2,2022,4,2022-12-31,2022-Q4,2665035000000.0,962794000000.0,0.04475672132022225,0.10372282346635135,0.010263032756337708,0.015159091617771006,0.11779589319308742,0.017048314115313358,0.013573358116425328,0.005551878544219435,0.0015620842720008288,0.6957130334033622,0.011860734327578015,120643542000000.0,117120779000000.0,213393858000000.0,26653998000000.0,8.006073160206585,2097929000000.0,-1632996000000.0,1032039000000.0,-69245000000.0,772310000000.0,1.0300780359392931,0.3116034089903039,0.6127484254428178,0.2312165169156041,0.00503641195660274,-1430921000000.0,-247463000000.0,0.030621672231738686,256590000000.0
MSB,Private_2,2023,1,2023-03-31,2023-Q1,2868722000000.0,1526424000000.0,0.04179640294267956,0.11421155148539644,0.013631058940308274,0.021700501488808338,0.1782337855697136,0.020226288916359532,0.03170474674500337,0.006125508151940698,0.028504617346198274,0.652358300154783,0.013194787455915832,136807054000000.0,126062974000000.0,235473188000000.0,27996920000000.0,8.410681889293537,2157736000000.0,-939012000000.0,1929710000000.0,-403286000000.0,1217580000000.0,1.085227879837263,0.22604006629258167,0.3273276392763049,0.3039056764780387,0.004804415960622781,-1805140000000.0,-28673000000.0,0.0519310356613629,269568000000.0
MSB,Private_2,2023,2,2023-06-30,2023-Q2,3527565000000.0,2021812000000.0,0.040376312111444775,0.11786963589085403,0.015166246967606623,0.027342675496670944,0.2250026015018207,0.02559753654189097,0.03391678258949485,0.005855648349828511,0.008014623281048067,0.6378547353097217,0.016327509895508796,136593027000000.0,126257912000000.0,237815975000000.0,29517935000000.0,8.05666029822208,2210599000000.0,-1006321000000.0,2521244000000.0,-499432000000.0,1617624000000.0,1.0818571670977737,0.24229156427044352,0.285273552719794,0.30051603642118124,0.013723229914731853,-2230224000000.0,-71748000000.0,0.059514319131385815,811882000000.0
MSB,Private_2,2023,3,2023-09-30,2023-Q3,3170721000000.0,1674727000000.0,0.0429629506747428,0.11330459082788073,0.014011912652265224,0.021767908899262438,0.1764553256844399,0.029371638132375196,0.03245185412449923,0.007203457025665007,0.0068437388095953094,0.582170208909231,0.017099292707531202,141244965000000.0,129617587000000.0,249250378000000.0,30567619000000.0,8.15406584333572,2437678000000.0,-1079659000000.0,2091062000000.0,-416335000000.0,1325302000000.0,1.089705249643322,0.2771068018724959,0.34050898833419907,0.2863992231752935,0.0038510399834578595,-2415189000000.0,-331791000000.0,0.06182349225687443,234464000000.0
MSB,Private_2,2023,4,2023-12-31,2023-Q4,2721987000000.0,606947000000.0,0.039175877851244614,0.09569957095440819,0.012679272060026375,0.007495642435034622,0.06254942247522707,0.02870238976082036,0.017718959136959155,0.00289786612924574,-0.0108439334456984,0.5519367860757811,0.015841904757281595,149145386000000.0,132350131000000.0,267005838000000.0,31298212000000.0,8.531025286684109,2382502000000.0,-1787339000000.0,934648000000.0,-327701000000.0,483709000000.0,1.1269001766231723,0.2653594577855008,0.6566302484177918,0.28127938890647686,0.0043561470647745185,-2362747000000.0,-277076000000.0,0.04642134889777952,281111000000.0
MSB,Private_2,2024,1,2024-03-31,2024-Q1,3118514000000.0,1530176000000.0,0.03658399297843926,0.07993116083021813,0.009588462713982107,0.01750028712225029,0.15017413552018719,0.03176199014111248,0.01751829539389492,0.006200071117184946,0.006823449436109274,0.5358304511001546,0.01701904150515096,156161027000000.0,137823544000000.0,278789550000000.0,32305124000000.0,8.629886392016326,2365635000000.0,-1047818000000.0,2070696000000.0,-540520000000.0,1193947000000.0,1.1330504387552245,0.2921295217891074,0.3359991329203589,0.2495155414101934,0.00440261690155579,-2657711000000.0,-245556000000.0,0.0492802855350074,300366000000.0
MSB,Private_2,2024,2,2024-06-30,2024-Q2,3912849000000.0,2159562000000.0,0.03422800594281541,0.07416636148173157,0.014191731074215166,0.02409723967911694,0.2091053992622108,0.03084617858054789,0.021144707275584516,0.004444060168738516,0.00945541296933197,0.5858921058343404,0.018072532525499327,166389298000000.0,151742577000000.0,295537808000000.0,33880178000000.0,8.723029967552119,2341990000000.0,-1127978000000.0,2784871000000.0,-625309000000.0,1729963000000.0,1.096523476070925,0.2670946006143022,0.28827537173041945,0.23703948646260914,0.005151138908482921,-3007076000000.0,-521500000000.0,0.0519908858561324,369805000000.0
MSB,Private_2,2024,3,2024-09-30,2024-Q3,2933199000000.0,1211904000000.0,0.03340159026825283,0.08231065076564353,0.012464230889684227,0.01312885150237934,0.11326312218802867,0.02879565070986813,0.019228472293941777,1.0854063462663327e-05,-0.0014164432618737294,0.6294953105155177,0.018126727085104825,170620211000000.0,148471220000000.0,300700789000000.0,35232591000000.0,8.534733905888443,2396498000000.0,-1163226000000.0,1769973000000.0,-558069000000.0,978491000000.0,1.1491803664036706,0.24232863446531927,0.3965724793987725,0.24791442356378365,0.004972385241272799,-3092786000000.0,-221160000000.0,0.048024123003809906,370591000000.0
MSB,Private_2,2024,4,2024-12-31,2024-Q4,4253678000000.0,2002200000000.0,0.041876917217821025,0.08409395306370857,0.01126952462795563,0.02083567911352495,0.17953895112054455,0.026750233355684116,0.012201789855647393,0.0013323040609766917,-0.005274357561309076,0.6409480049842827,0.017145508702189748,176493451000000.0,154612451000000.0,320148089000000.0,36817557000000.0,8.695527761388405,3138941000000.0,-1890913000000.0,2362765000000.0,-360565000000.0,1616976000000.0,1.1415215906511953,0.26418654342398334,0.444535999198811,0.26601305521526264,0.004036963082020743,-3026070000000.0,-419197000000.0,0.03895202321133151,313293000000.0
MSB,Private_2,2025,1,2025-03-31,2025-Q1,3257966000000.0,1630786000000.0,0.03274413722170854,0.08692078024016871,0.012210368871389921,0.015947712888981367,0.13528929689440436,0.025684234667041325,0.012542147256702994,0.0037764290755468314,0.0052433050334541875,0.596328813729491,0.01531624919054662,192345852000000.0,163035139000000.0,314727148000000.0,38020647000000.0,8.277795693482018,2503785000000.0,-1234054000000.0,2023912000000.0,-393126000000.0,1265601000000.0,1.1797815684384456,0.24348958294199388,0.37878050292728654,0.25211545722835504,0.005253945666178188,-2946017000000.0,-447500000000.0,0.03822638192374432,416950000000.0
MSB,Private_2,2025,2,2025-06-30,2025-Q2,3535289000000.0,1542154000000.0,0.03275055600461561,0.08270374176435429,0.012001762762812928,0.015090021461563567,0.12801735295489108,0.0270235547597954,0.011699407425650232,0.00594295113782854,0.005611802847716206,0.5559352063468715,0.015023345491612838,200756749000000.0,174429900000000.0,341331296000000.0,39312119000000.0,8.68259724183273,2584839000000.0,-1304052000000.0,2231237000000.0,-689083000000.0,1237492000000.0,1.1509308266529994,0.26777551325776144,0.3688671562636039,0.2636807096339408,0.005997465677006057,-3016038000000.0,-658197000000.0,0.03872296218544563,491836000000.0
NAB,Private_3,2018,2,2018-06-30,2018-Q2,487948000000.0,183338000000.0,0.00880198425813689,0.0,0.0,0.0028716800720267914,0.02698898053782706,0.009467931255956805,0.014454880502230505,,,1.5668460941330282,0.014834791107915937,41362362000000.0,48301964000000.0,64819797000000.0,3903148000000.0,16.60705589437039,427782000000.0,-283734000000.0,204214000000.0,-20876000000.0,145792000000.0,0.8563287819932125,0.05617365786616876,0.5814840925672408,0.30942224990404615,0.0001477085770147121,-613602000000.0,,0.02392281175818731,7499000000.0
NAB,Private_3,2018,4,2018-12-31,2018-Q4,446336000000.0,272141000000.0,0.03061677636908502,0.1265177311696092,0.014069785408505495,0.012400049096789155,0.21326139799317123,0.01544273971199852,0.015689753646697693,,,0.9837713228378967,0.015192124474714103,50814947000000.0,54187107000000.0,75059004000000.0,4230082000000.0,17.744101414582506,510812000000.0,-286097000000.0,160239000000.0,111902000000.0,216813000000.0,0.937768222245192,0.06118977711801444,0.6409901957269859,0.3172132503752776,0.0010239149819421171,-771987000000.0,,0.031132493358696212,17903000000.0
NAB,Private_3,2019,1,2019-03-31,2019-Q1,705250000000.0,300739000000.0,0.03623936751849921,0.11890596884799744,0.019234888651787494,0.012763939117501578,0.21950321030941394,0.013721456869866708,0.011827477603779016,,,1.0481776066389321,0.014382523821456219,53675350000000.0,57798383000000.0,74514884000000.0,4467522000000.0,16.679242765900202,654882000000.0,-404511000000.0,300739000000.0,0.0,238644000000.0,0.928665253489877,0.043083419825084034,0.5735710740872031,0.0,0.0010348865170904697,-771987000000.0,,0.025548934473645722,19349000000.0
NAB,Private_3,2019,2,2019-06-30,2019-Q2,409038000000.0,142485000000.0,0.01925135828503219,0.09568445273854254,0.01424466936561333,0.005616240119303625,0.09791495952109294,0.026125307608935965,0.010663782021814899,,,0.49973368295980664,0.01305569618987143,59790607000000.0,62918588000000.0,83162135000000.0,4576571000000.0,18.17127604925172,364877000000.0,-222138000000.0,186900000000.0,-44415000000.0,110694000000.0,0.9502852638714652,0.050140222472888296,0.5430742376013964,0.3277564197213425,0.0010329977128753303,-780608000000.0,,0.036789089630750865,20360000000.0
NAB,Private_3,2019,3,2019-09-30,2019-Q3,486128000000.0,130984000000.0,0.023445694645038786,0.10444054865969375,0.012044649496048911,0.004808404566590042,0.08881992992733345,0.023741067339617034,0.01732144718939575,,,0.5371198476215936,0.012751798471829095,63024757000000.0,65372374000000.0,87820150000000.0,4679820000000.0,18.76571107435756,480905000000.0,-353593000000.0,132535000000.0,-1551000000.0,102769000000.0,0.9640885460271031,0.039433170959953204,0.7273660435111741,0.0,0.0008856122141542325,-803679000000.0,,0.041062514529012786,18928000000.0
NAB,Private_3,2019,4,2019-12-31,2019-Q4,865637000000.0,350338000000.0,0.03149263318013545,0.11662666908988031,0.011557317762701465,0.01225952335076923,0.23209630915525137,0.019746081957339283,0.0305554378162574,,,0.5950581887923033,0.011750067765278692,67545653000000.0,70744212000000.0,94687435000000.0,4960385000000.0,19.088726983893388,685471000000.0,-573407000000.0,292230000000.0,58108000000.0,279682000000.0,0.9547869866724927,0.04785711656523929,0.6624104561149766,0.3172223772155277,0.0006455402935719082,-793666000000.0,,0.05030151977359668,14727000000.0
NAB,Private_3,2020,1,2020-03-31,2020-Q1,552052000000.0,142648000000.0,0.020298085156729484,0.10415688275247063,0.013164417924047354,0.004686988935036976,0.09012487214711107,0.019821600783460066,0.029816227735744733,0.0009992945067834344,0.0016496546417280177,0.5663945306367126,0.01122684627221616,70693584000000.0,77096211000000.0,98197168000000.0,5070675000000.0,19.365699438437684,464565000000.0,-409404000000.0,142648000000.0,0.0,113006000000.0,0.9169527669783928,0.03970593314890663,0.7416040517922224,0.0,0.0010102620788244047,-793666000000.0,0.0,0.0496378285192048,24358000000.0
NAB,Private_3,2020,2,2020-06-30,2020-Q2,642503000000.0,58256000000.0,0.024308977397815915,0.10883923524014155,0.00949802983190368,0.0018279007295640027,0.03659420439258479,0.02933488126868366,0.003978284752577078,0.015066926016935284,-0.010415796715017306,0.3011461931972115,0.008834087821956268,77005800000000.0,83067565000000.0,105713249000000.0,5114763000000.0,20.66825950684323,588487000000.0,-307606000000.0,334897000000.0,-276641000000.0,46591000000.0,0.9270260901472193,0.04310161252469601,0.4787619668701936,0.2916358622051517,0.0009470040954307891,-680276000000.0,-207439000000.0,0.033313166021260734,24138000000.0
NAB,Private_3,2020,3,2020-09-30,2020-Q3,732601000000.0,186839000000.0,0.025944975812816396,0.1070246521464359,0.004309296496376381,0.005247041731364615,0.10523598847645406,0.022826538360386343,0.005888846346751499,-0.0011434073797038664,0.001456240958473258,0.38115666045145746,0.008700487131111946,86016678000000.0,92453219000000.0,119474211000000.0,6113031000000.0,19.54418536401991,691029000000.0,-462890000000.0,269711000000.0,-82872000000.0,147696000000.0,0.9303805636015767,0.0692594705653245,0.6318446193767139,0.0,0.000928968247166161,-748387000000.0,-207444000000.0,0.02871538470713784,26149000000.0
NAB,Private_3,2020,4,2020-12-31,2020-Q4,1267307000000.0,617742000000.0,0.02884684973003025,0.11106874399874293,0.003285714680778019,0.015520584811172142,0.3098663989469313,0.00834088263375461,0.026225799783065506,-0.008471496655567191,0.012827372849716424,1.1446374551272571,0.00954728667141601,89171618000000.0,98254031000000.0,134315195000000.0,6598770000000.0,20.35458047484607,859862000000.0,-450869000000.0,816438000000.0,-198696000000.0,492370000000.0,0.9075619299527772,0.06289782655329429,0.35576935975260926,0.0,0.0013479837688733154,-851347000000.0,-491003000000.0,0.034566682416820114,42763000000.0
NAB,Private_3,2021,1,2021-03-31,2021-Q1,1050859000000.0,460699000000.0,0.028506395479011792,0.10329566478217807,0.003288150857141053,0.010823360206508825,0.21691216337101252,0.009466632745343567,0.003888019918919782,0.0016030661235730858,-0.020538676330847782,0.9601102041460757,0.009089010697707739,93667730000000.0,103594685000000.0,137552316000000.0,6966721000000.0,19.74419759310011,901964000000.0,-590160000000.0,460699000000.0,0.0,367815000000.0,0.9041750549268044,0.07003107350536372,0.5615977024510425,0.0,0.0008980845085237125,-851347000000.0,0.0,0.013354652664263349,30520000000.0
NAB,Private_3,2021,2,2021-06-30,2021-Q2,1265310000000.0,612916000000.0,0.03605170409726518,0.1114430152695473,0.0031626210274309256,0.013835398191435038,0.2717630845396405,0.014205980179115021,0.014917112950078054,0.005085454723841391,0.016468563933384528,0.7080033269197876,0.010057881228969995,95890673000000.0,107955598000000.0,145653989000000.0,7451249000000.0,19.547593832926534,1196752000000.0,-476123000000.0,789187000000.0,-176271000000.0,489784000000.0,0.8882417843676805,0.08688272932358727,0.3762896049189527,0.26120295367088053,0.0015768293011696897,-964457000000.0,-840000000.0,0.029123093129193076,55821000000.0
NAB,Private_3,2021,3,2021-09-30,2021-Q3,949547000000.0,349132000000.0,0.025543841561626437,0.09868967893618111,0.0034584966391066566,0.00765670999837166,0.14683658338212838,0.018947374201550352,0.00856152375175211,0.005089066378749891,-0.0011133825288722292,0.5484177086853667,0.010391075545218472,97605873000000.0,111643908000000.0,145476797000000.0,7729600000000.0,18.820740659283793,889561000000.0,-484971000000.0,464576000000.0,-115444000000.0,278638000000.0,0.8742606269210855,0.08480366882176858,0.5107393314917534,0.0,0.0013332564560863721,-1014230000000.0,-840000000.0,0.027508897953302462,48519000000.0
NAB,Private_3,2021,4,2021-12-31,2021-Q4,1552957000000.0,376343000000.0,0.03583362009960493,0.10930617253877238,0.004696254276894333,0.007984244396894513,0.1513863835989875,0.01571442451718974,0.01964636955632761,-0.001419125670849745,0.010681672812864447,0.7951971841201336,0.012496066126137672,102653266000000.0,115319388000000.0,153237506000000.0,8024842000000.0,19.095392283112865,1294912000000.0,-688477000000.0,864480000000.0,-488137000000.0,298126000000.0,0.8901648524183982,0.09404173216736114,0.443332944827191,0.0,0.001949394435257424,-1282762000000.0,-97723000000.0,0.035360794073517346,72789000000.0
NAB,Private_3,2022,1,2022-03-31,2022-Q1,1219024000000.0,645429000000.0,0.02864315685374514,0.09499225049744023,0.005345897019087793,0.013055052088198946,0.21260470359288675,0.01507922683653658,0.004780401240651439,0.0002563971028452227,-0.01432691873632155,0.812714819601856,0.012255111118191293,108722882000000.0,117159617000000.0,162702099000000.0,11375519000000.0,14.30282864456558,1097743000000.0,-523946000000.0,695078000000.0,-49649000000.0,515576000000.0,0.9279893941613004,0.08834826593876625,0.4298077806507501,0.0,0.0016660399382343977,-1332411000000.0,0.0,0.01985962807718802,65796000000.0
NAB,Private_3,2022,2,2022-06-30,2022-Q2,1353179000000.0,525648000000.0,0.030814654654538406,0.10046226545473055,0.008726155943586385,0.010059929497408466,0.14504720541335558,0.013559760632955768,0.009691474778776231,-0.0011235813266980911,0.004070440296091489,0.9340215303783436,0.012665108377957365,111897108000000.0,124522501000000.0,171124495000000.0,11777440000000.0,14.529854959991306,1241785000000.0,-629485000000.0,723694000000.0,-198046000000.0,419784000000.0,0.8986095452740706,0.09143541856744429,0.4651897494714299,0.24035634023229144,0.002031569719697047,-1417189000000.0,0.0,0.023251235411731998,84774000000.0
NAB,Private_3,2022,3,2022-09-30,2022-Q3,1503500000000.0,683792000000.0,0.03299338210750875,0.10538186705701466,0.011223277542312917,0.012660230267800493,0.18103215306898482,0.02031348209091857,0.01599185217916062,0.008558255142751322,0.015115886641145364,0.570079040173884,0.01158029037298024,113697149000000.0,118819067000000.0,173970650000000.0,12356306000000.0,14.079503210749232,1370527000000.0,-632770000000.0,870730000000.0,-186938000000.0,546123000000.0,0.9568931306286053,0.0699737694456059,0.42086464915197874,0.0,0.001425461954847264,-1316646000000.0,-165357000000.0,0.03630533427007919,61490000000.0
NAB,Private_3,2022,4,2022-12-31,2022-Q4,1894113000000.0,359012000000.0,0.03312829317079234,0.11210619838390032,0.016507703044897414,0.006442679472878837,0.09057475048274248,0.013478838672178315,0.028039238289573037,-0.001396648916851908,0.012091253053319746,0.7722186294017396,0.010408610325356702,119538340000000.0,124993335000000.0,177578734000000.0,12649780000000.0,14.038088725653727,1405583000000.0,-1055727000000.0,838386000000.0,-479374000000.0,283115000000.0,0.9563577129932568,0.06877232294025917,0.5573727649828706,0.0,0.0014298304103983297,-1244228000000.0,-539552000000.0,0.04151807696175135,62832000000.0
NAB,Private_3,2023,1,2023-03-31,2023-Q1,1705931000000.0,763341000000.0,0.03452333619528012,0.1271659069374,0.02178960182571312,0.013105023148150203,0.1884762491277323,0.02014025262036044,0.021480239395860946,0.008109030123724322,0.0030939613181846094,0.5381193670565276,0.010837859992426932,128130369000000.0,137560231000000.0,194370857000000.0,13212407000000.0,14.71123747550314,1554152000000.0,-721512000000.0,984419000000.0,-221078000000.0,609301000000.0,0.9314492136902561,0.04805316879701954,0.42294324917010123,0.0,0.002789453262229827,-1388659000000.0,0.0,0.04162049201622139,129692000000.0
NAB,Private_3,2023,2,2023-06-30,2023-Q2,1808134000000.0,761467000000.0,0.03222655267789791,0.13694189628637185,0.02549190665295601,0.012310429641369488,0.179867437098979,0.027206301165173176,0.021918100309133104,0.008971893306574337,0.009595328645311246,0.3785902758892984,0.010300041064050252,129215213000000.0,145361080000000.0,200205136000000.0,13793037000000.0,14.514942285734461,1537980000000.0,-817073000000.0,991061000000.0,-229594000000.0,607175000000.0,0.8889257908650651,0.04867848395182534,0.45188741542385685,0.21665913603102355,0.0048997811177022114,-1330922000000.0,-214682000000.0,0.04912440147430628,241667000000.0
NAB,Private_3,2023,3,2023-09-30,2023-Q3,1376543000000.0,522022000000.0,0.026728773904711234,0.12893028541113136,0.013928302059075416,0.008168532648034394,0.11868207964618357,0.028366866090821855,0.028816979335963076,0.0034879948694585983,0.011063441887450202,0.36520948487640104,0.010359848552586898,132248941000000.0,151320022000000.0,206750696000000.0,14216516000000.0,14.54299323406663,1310517000000.0,-971505000000.0,405038000000.0,116984000000.0,415529000000.0,0.873968555198862,0.06004970710353188,0.705757103119917,0.0,0.0019909580752733875,-1370079000000.0,-214682000000.0,0.05718384542678493,101279000000.0
NAB,Private_3,2023,4,2023-12-31,2023-Q4,2753603000000.0,1257122000000.0,0.044535904481216235,0.13709831880442971,0.007764493395402704,0.019001488622924917,0.26874971313879514,0.021133731192081805,0.03814850438106042,0.001976136807023657,0.013958463380058371,0.5164726623436581,0.010914994414029702,141438441363347.0,145428945179552.0,209896239253715.0,15241792652822.0,13.771099242375072,2244660000000.0,-982365000000.0,1771238000000.0,-514116000000.0,989614000000.0,0.9725604568521199,0.07601721229808109,0.356756220849556,0.0,0.002254052341530157,-1543799797410.0,-1023708000000.0,0.059282235573142224,117393000000.0
NAB,Private_3,2024,1,2024-03-31,2024-Q1,1970841000000.0,999809000000.0,0.03318947189634543,0.10417596718936395,0.008687096540060314,0.014986947550116139,0.20459742831332367,0.026604656416013624,0.03310952815729635,0.006472405883265291,0.002679773591581883,0.42330485131649614,0.011261880128507111,146762617000000.0,151160760000000.0,216171576000000.0,15968062000000.0,13.537746534300782,1717010000000.0,-862283000000.0,1108558000000.0,-108749000000.0,798182000000.0,0.9709042015930589,0.06116724340364523,0.4375203276164845,0.0,0.003916540842227932,-1652823000000.0,0.0,0.05971418457330997,208589000000.0
NAB,Private_3,2024,2,2024-06-30,2024-Q2,2316230000000.0,1216814000000.0,0.040882116962926165,0.10386827668834862,0.013212291682376509,0.017465983117442744,0.23620842810222234,0.025651015193598515,0.026767241696176072,0.0007607046145817909,-0.0037926347415840915,0.47185855726739523,0.01210365102169543,156571269000000.0,153186199000000.0,228916682000000.0,16943143000000.0,13.510874694264222,2208890000000.0,-857155000000.0,1459075000000.0,-242261000000.0,971738000000.0,1.0220977478525985,0.06670899249873026,0.37006471723447154,0.16878003553035653,0.001682362961819586,-1895084000000.0,0.0,0.052418256889774584,93600000000.0
NAB,Private_3,2024,3,2024-09-30,2024-Q3,2248841000000.0,1106423000000.0,0.03512828730909709,0.09610699343093712,0.016349070279024675,0.014886365414715504,0.20032571476559508,0.028517540024227937,0.015147567051705302,0.004179572690312678,-0.006742654682066861,0.4525639353977733,0.012906010141228105,163780361000000.0,151887697000000.0,238829998000000.0,17815490000000.0,13.40574960329466,2000319000000.0,-927826000000.0,1321015000000.0,-214592000000.0,870381000000.0,1.0782990606540042,0.05900528599100426,0.4125796354655576,0.0,0.002050956299679134,-2113751000000.0,0.0,0.04366510707593324,119916000000.0
NAB,Private_3,2024,4,2024-12-31,2024-Q4,2516151000000.0,1222352000000.0,0.034107877371313926,0.09406344851647702,0.01918993837880038,0.015981387480440208,0.20845006483528752,0.02330407582010175,0.014723151844957347,-0.0046262567463751045,-0.004694897454768707,0.5282983101213897,0.012311503874700496,167737997000000.0,158334003000000.0,245128983000000.0,19288533000000.0,12.70853428822192,2011601000000.0,-1338499000000.0,1177652000000.0,44700000000.0,966792000000.0,1.059393395112988,0.06627309864704173,0.5319629068366724,0.17752175989686664,0.002295417677144006,-2065107000000.0,-3944000000.0,0.0380272276650591,138861000000.0
NAB,Private_3,2025,1,2025-03-31,2025-Q1,2280303000000.0,1224596000000.0,0.0341502988490888,0.09682289382837592,0.024076132158486453,0.015390752250530139,0.19768435977330254,0.024854475334935146,0.009141493950647407,0.0030478365614440956,-0.0019830629073268355,0.5215042609899017,0.012961714791837092,177843907000000.0,176385625000000.0,262251025000000.0,20213631000000.0,12.973969149827658,2112162000000.0,-815652000000.0,1464651000000.0,-240055000000.0,976120000000.0,1.0082675784945627,0.059212773149739384,0.35769456953746936,0.0,0.0020037841144107515,-2305162000000.0,0.0,0.03399596928558255,127085000000.0
NAB,Private_3,2025,2,2025-06-30,2025-Q2,2712123000000.0,1295588000000.0,0.03019928731810552,0.09794615799255255,0.023964691073404768,0.014344304297928141,0.1996786419233122,0.028450115324073325,0.007910422976861614,0.005934822383316174,0.0053541502549198944,0.39024604940127167,0.011102545110230195,192466320000000.0,196932046000000.0,314798083000000.0,21239816000000.0,14.821130418455603,2122128000000.0,-802127000000.0,1909996000000.0,-614408000000.0,1034671000000.0,0.9773235179814259,0.05744156540170207,0.29575612905461884,0.0,0.002106136173075932,-2136866000000.0,0.0,0.03636053830093494,151918000000.0
NVB,Private_3,2018,2,2018-06-30,2018-Q2,358869000000.0,2175000000.0,0.005703890762145496,0.0,0.0,3.584711215934843e-05,0.0005693517696962275,0.021258557127430446,0.03117626806711573,,,0.5892459395515389,0.012526518468062816,35310769000000.0,44929539000000.0,73517716000000.0,3209041000000.0,22.909559584935188,262321000000.0,-265785000000.0,93084000000.0,-90909000000.0,1740000000.0,0.7859143402294869,0.0927180000667267,0.7406184429415748,0.0,0.00016096177431091337,-442321000000.0,,0.052434825194546175,7813000000.0
NVB,Private_3,2019,1,2019-03-31,2019-Q1,191995000000.0,13314000000.0,0.011830982230330618,0.108047181562532,0.006214234979936412,0.000596320478419113,0.013205510210217564,0.027239627318746257,0.03825087344922782,,,0.4142935244934447,0.011285201207771309,34783075000000.0,51367562000000.0,69371893000000.0,3243417000000.0,21.38852111831442,173861000000.0,-178681000000.0,13314000000.0,0.0,10651000000.0,0.6771408578822565,0.07981278145924076,0.9306544441261492,0.0,0.0001875573751482517,-392534000000.0,,0.06549050076797408,3350000000.0
NVB,Private_3,2019,2,2019-06-30,2019-Q2,301661000000.0,7244000000.0,0.02031814771789362,0.1140939929795691,0.005814403456651345,0.00033152490250547745,0.006170613529705515,0.027489240911878134,0.035896876565464385,,,0.4170374390670882,0.011464042631787885,36261205000000.0,53931669000000.0,70659820000000.0,4279984000000.0,16.509365455571796,288936000000.0,-241388000000.0,60273000000.0,-53029000000.0,5803000000.0,0.6723545863192181,0.06791317732073153,0.8001962467803263,0.0,0.0003962530973251752,-415700000000.0,,0.06338611747734252,6936000000.0
NVB,Private_3,2019,3,2019-09-30,2019-Q3,237348000000.0,3197000000.0,0.016873795220134977,0.1168244535839773,0.00657320986723822,0.00014421688590838145,0.002382476743406554,0.025718196166449547,0.03787068469953902,,,0.42826826135965623,0.011014287157511925,37633938000000.0,58342752000000.0,70793796000000.0,4282534000000.0,16.530819370027185,241988000000.0,-183814000000.0,53534000000.0,-50337000000.0,2550000000.0,0.6450490713910787,0.07822637506026456,0.7744493317828673,0.0,0.000873105993981801,-414511000000.0,,0.06358888086598857,15438000000.0
NVB,Private_3,2019,4,2019-12-31,2019-Q4,510785000000.0,31286000000.0,0.029270875017022996,0.12226768311425706,0.014692215229991553,0.0012772457632796845,0.022482171227468522,0.01925817428965717,0.03626133301018715,,,0.5851012684754873,0.011267982205400425,37910603000000.0,59095308000000.0,80394022000000.0,4306672000000.0,18.667319452235972,453623000000.0,-258736000000.0,252049000000.0,-220763000000.0,24138000000.0,0.6415162943223851,0.08313841092088055,0.5065458069442134,0.0,0.0013239691044419995,-427176000000.0,,0.05551950729984432,25021000000.0
NVB,Private_3,2020,1,2020-03-31,2020-Q1,260678000000.0,14973000000.0,0.015156707987850194,0.11800021807457897,0.006742916518747046,0.0006352704483691388,0.011110540440050767,0.022847616632571663,0.046808292506922006,0.003526770597661029,0.013945333446687724,0.51769004307755,0.011827983638735372,37806613000000.0,60547020000000.0,70458265000000.0,4318651000000.0,16.314878187656284,235912000000.0,-195705000000.0,64973000000.0,-50000000000.0,11979000000.0,0.6244174032016769,0.0663029493441626,0.7507538035430684,0.0,0.0004377792429490976,-447176000000.0,0.0,0.06965590913949367,8255000000.0
NVB,Private_3,2020,2,2020-06-30,2020-Q2,307908000000.0,8253000000.0,0.01705786661807534,0.11882000205795425,0.009143506741845052,0.00035977535253502873,0.005933048520023283,0.020925738871617697,0.03380271679937897,-0.0013378611831744885,-0.013400036654962982,0.5725598891308652,0.011981238728314865,38861758000000.0,62065424000000.0,71341332000000.0,4279964000000.0,16.66867571783314,244411000000.0,-183394000000.0,124514000000.0,-116261000000.0,6377000000.0,0.6261418273723547,0.07104045563275295,0.5956129753043117,0.0,0.000636955265817857,-465612000000.0,0.0,0.05472845567099667,11290000000.0
NVB,Private_3,2020,3,2020-09-30,2020-Q3,378958000000.0,5314000000.0,0.024121533125505128,0.11977414382957569,0.003653936355543075,0.00015332649295082547,0.0026085169198572416,0.017982186484519293,0.009905401931068284,-0.002340269835451088,-0.02593361834016876,0.6464463030222252,0.011624517973173721,40054306000000.0,64603825000000.0,74334732000000.0,4282756000000.0,17.356751587062163,351035000000.0,-201644000000.0,177314000000.0,-172000000000.0,2792000000.0,0.6199989861281433,0.06550073467012209,0.5321011827168183,0.0,0.0005013315022020364,-465612000000.0,-2000000000.0,0.027887588415587576,9129000000.0
NVB,Private_3,2020,4,2020-12-31,2020-Q4,707379000000.0,-24802000000.0,0.03798847031284421,0.13193111281765887,0.004387796026028332,-0.000972867626636575,-0.018663224105665902,0.015102520083212298,0.01445888589742852,-0.0027820229864923885,0.001864943060054517,0.75276102438768,0.0113685884886744,40313272000000.0,72084752000000.0,89601240000000.0,4262820000000.0,21.019240784269567,602384000000.0,-221934000000.0,485445000000.0,-510247000000.0,-19936000000.0,0.5592482582169389,0.08833492275869938,0.31374129002981427,0.0,0.0007864045848338887,-458305000000.0,0.0,0.029561405980640817,16115000000.0
NVB,Private_3,2021,1,2021-03-31,2021-Q1,424808000000.0,27024000000.0,0.024829541693026,0.12185793863054017,0.04188517422476755,0.0010126826984789904,0.020234791059917573,0.014905333036775053,0.01308082903441303,4.911533849199837e-06,-0.0011957848521945826,0.7529612662758813,0.011223138437633872,40859872000000.0,71362427000000.0,81184733000000.0,4284439000000.0,18.948742880923266,394884000000.0,-217512000000.0,207296000000.0,-180272000000.0,21619000000.0,0.5725684189524551,0.07083457237237742,0.5120242556637351,0.0,0.0005923203072420942,-458576000000.0,0.0,0.027986162071188085,12645000000.0
NVB,Private_3,2021,2,2021-06-30,2021-Q2,334381000000.0,98672000000.0,0.016414321552629008,0.1007657571979575,0.0,0.003823711811154809,0.07302468045111044,0.01475824425062657,0.011110165848948347,0.00017092564558205176,-0.0015603328370681143,0.7690929102260663,0.0113504610205415,41740331000000.0,68903547000000.0,83969973000000.0,4363377000000.0,19.244262643360866,253803000000.0,-222388000000.0,111993000000.0,-13321000000.0,78938000000.0,0.6057791335473629,0.07371893351150703,0.6650736734443644,0.0,0.0037034851431965855,-473772000000.0,0.0,0.02586841009957492,76456000000.0
NVB,Private_3,2021,3,2021-09-30,2021-Q3,456724000000.0,79835000000.0,0.027946683200112146,0.09661702243772272,0.0059038423972811935,0.0030952749852900772,0.05812375961564494,0.01936049347507607,0.06257833760813544,0.004417070866064766,0.05528669621714308,0.7569741524068447,0.014655393138473957,41341095000000.0,69461479000000.0,81102275000000.0,4427245000000.0,18.318903742620975,439391000000.0,-244791000000.0,211933000000.0,-132098000000.0,63868000000.0,0.5951657752637257,0.07956480454440079,0.5359713962918524,0.0,0.0005936794415012753,-605870000000.0,0.0,0.08193883108321151,12250000000.0
NVB,Private_3,2021,4,2021-12-31,2021-Q4,486194000000.0,-203221000000.0,0.011494931389693335,0.1024080756723971,0.006855984045717748,-0.008420370079978149,-0.1500552553568357,0.030023487433707526,0.07580981760455281,0.01114305269369377,0.024876844698961165,0.5535453023303464,0.01661936042850299,41615019000000.0,64520093000000.0,73784029000000.0,4264220000000.0,17.303054016912824,171141000000.0,-265902000000.0,220292000000.0,-423513000000.0,-163025000000.0,0.6449931651524433,0.09437655336299655,0.5469051448598707,0.0,0.0021838470624232858,-691615000000.0,-11622000000.0,0.10583330503826034,42281000000.0
NVB,Private_3,2022,1,2022-03-31,2022-Q1,404019000000.0,25472000000.0,0.0180612020090508,0.10173832503505544,0.004725584567611365,0.0011038929323529923,0.019069770815099817,0.037310138075102646,0.06446948503617383,0.006216577721615362,-0.006972771056526491,0.5292902274404544,0.019747891467605836,40421480000000.0,59648599000000.0,73896960000000.0,4284598000000.0,17.247116298891985,259970000000.0,-231923000000.0,172096000000.0,-146624000000.0,20378000000.0,0.677660174382302,0.11209540730369878,0.5740398347602464,0.0,0.004589026689142771,-798239000000.0,0.0,0.10177962311127647,84714000000.0
NVB,Private_3,2022,2,2022-06-30,2022-Q2,307055000000.0,-6429000000.0,0.01304755781663868,0.09423053215877336,0.003813040842198093,-0.00027551140398420876,-0.004805202023528115,0.11047111744148246,0.0625081685109963,0.0839106089138745,0.0880317840910328,0.17523483026872672,0.019358387514454754,44354779000000.0,63202523000000.0,75468908000000.0,4279454000000.0,17.635172150465923,193037000000.0,-253086000000.0,53969000000.0,-60398000000.0,-5144000000.0,0.7017881074146359,0.11301775088947003,0.8242367002654247,0.0,0.0013939998661541605,-858637000000.0,0.0,0.17297928595247875,26027000000.0
NVB,Private_3,2022,3,2022-09-30,2022-Q3,61015000000.0,-198917000000.0,-0.00013786089886985717,0.08136405520523027,0.009492999429262468,-0.010213736036532084,-0.15913583262384337,0.14720200050624652,0.06339738969520878,0.039416361425225456,0.04146189072433435,0.136297856396253,0.02006331712624155,45163768000000.0,64333533000000.0,78197879000000.0,5583265000000.0,14.005761682456413,-2134000000.0,-212406000000.0,-151391000000.0,-47526000000.0,-196189000000.0,0.7020253030406398,0.08363378706404948,3.4812095386380397,0.0,0.0012574220088300539,-906135000000.0,-29000000.0,0.2105993902014553,24153000000.0
NVB,Private_3,2022,4,2022-12-31,2022-Q4,564905000000.0,181112000000.0,0.02780900791705143,0.12543344376147972,0.014078664558455313,0.008614971927688397,0.12757919304290383,0.17929762063093685,0.05489321516600854,0.04225336114559795,0.03685885996048868,0.11215603594464553,0.020109310384272768,47722273000000.0,71350329000000.0,89847242000000.0,5764228000000.0,15.587038194880563,480904000000.0,-330266000000.0,234639000000.0,-53527000000.0,180963000000.0,0.6688444702196117,0.09273779242139164,0.5846398952036183,0.0,-9.768804891395805e-05,-959662000000.0,-28000000.0,0.23419083579694538,-2052000000.0
NVB,Private_3,2023,1,2023-03-31,2023-Q1,309603000000.0,5510000000.0,0.014554116746041321,0.12970365135042683,0.016953519200737656,0.00020409826940421727,0.0030576966831482623,0.22995381888669109,0.08288460272957597,0.050552097549921814,0.07850596303323608,0.09114745794743727,0.020959706036827282,47700669000000.0,70212237000000.0,82932273000000.0,5768636000000.0,14.376409431969707,259595000000.0,-263963000000.0,45640000000.0,-40130000000.0,4408000000.0,0.67937828273439,0.06737865366688146,0.8525854077641366,0.0,-1.662234090655944e-05,-999792000000.0,0.0,0.31283842161626707,-359000000.0
NVB,Private_3,2023,2,2023-06-30,2023-Q2,300027000000.0,8129000000.0,0.012416545226836568,0.13055602818592052,0.009992176462222514,0.00028696194434001853,0.004165193226675048,0.25647969142028815,0.04954058606864479,0.02945705017260869,-0.0033207919997935457,0.08090158195297392,0.020749612774711903,48245816000000.0,70380805000000.0,84616076000000.0,5774646000000.0,14.653032584161869,211221000000.0,-290608000000.0,9419000000.0,-1290000000.0,6010000000.0,0.6854967913481523,0.07289835630609795,0.9686061587790432,0.0,0.0006045299795821921,-1001082000000.0,0.0,0.30602027748893296,12661000000.0
NVB,Private_3,2023,3,2023-09-30,2023-Q3,119558000000.0,-244212000000.0,0.00039339857355996264,0.11092017141234789,0.002290935333929771,-0.011066628838149531,-0.17249262241379815,0.2633487585920051,0.02650272134087312,0.022516729740875353,0.0010536043166934931,0.07599939377775268,0.02001434600511613,51112487000000.0,75361360000000.0,91600189000000.0,5530881000000.0,16.56159100150591,7040000000.0,-341869000000.0,-222311000000.0,-21901000000.0,-243765000000.0,0.6782320143903985,0.06344951842694983,2.8594406062329583,0.0,0.0004320146043272453,-1022983000000.0,0.0,0.28985147993287824,9516000000.0
NVB,Private_3,2023,4,2023-12-31,2023-Q4,-10036000000.0,-435946000000.0,-0.0010699202228122999,0.09322712155789545,0.0033838141018072386,-0.018576937961163928,-0.3284226242154173,0.297573394197942,0.03863239003705877,0.05886172198977522,0.07418989414465393,0.06546216374433413,0.019479798256942966,55344259000000.0,76850214000000.0,96249499000000.0,5094672000000.0,18.892187563792135,-20627000000.0,-342281000000.0,-352317000000.0,-83629000000.0,-436209000000.0,0.7201575131592998,0.06331896486325984,-34.10532084495815,0.0,0.0004982707237714443,-1078095000000.0,0.0,0.33620578423500075,11700000000.0
NVB,Private_3,2024,1,2024-03-31,2024-Q1,312812000000.0,-41899000000.0,0.011114589937437486,0.08924038896926687,0.0065170655396337455,-0.0017399038953189038,-0.033032157355866426,0.2898494671311308,0.037868553302167145,0.008154395923884354,0.009465046772059954,0.06440839801804675,0.018668739844300633,58376088000000.0,80160446000000.0,96400222000000.0,5052773000000.0,19.078676599958083,221608000000.0,-344797000000.0,-31985000000.0,-9914000000.0,-41899000000.0,0.7282405589410019,0.06373789387349467,1.1022499136861756,0.0,0.00025492899623768466,-1089808000000.0,0.0,0.32771802043329795,6139000000.0
NVB,Private_3,2024,2,2024-06-30,2024-Q2,407048000000.0,49083000000.0,0.01322025229959162,0.08095499389584837,0.004568146663111304,0.0019202740755909478,0.037769896300609354,0.35278460921746296,0.05133617612261061,0.09957387004076053,0.11816190903371257,0.051106555068043055,0.01802960605813032,64198685000000.0,85413004000000.0,103308770000000.0,5100710000000.0,20.253801921693256,272938000000.0,-306126000000.0,100922000000.0,-51839000000.0,47937000000.0,0.75162659072382,0.0626273020440775,0.7520636386863466,0.0,0.0017422951090755093,-1157477000000.0,-84703000000.0,0.40412078534007356,43494000000.0
NVB,Private_3,2024,3,2024-09-30,2024-Q3,332598000000.0,-64828000000.0,0.012394053060087768,0.07925795057510522,0.011396671464477492,-0.0024669823354543756,-0.05163775238642087,0.30612102251289586,0.00860108920755544,-0.04369739037489631,-0.08640810944959387,0.05791053439816686,0.017727632004235067,64380567000000.0,90355063000000.0,108853268000000.0,5035285000000.0,21.61809470566214,274230000000.0,-360647000000.0,-28049000000.0,-36779000000.0,-65425000000.0,0.7125286050655513,0.05687023869376307,1.0843330386833354,0.0,0.0004988639862141596,-1141315000000.0,-134748000000.0,0.3147221117204513,13230000000.0
NVB,Private_3,2024,4,2024-12-31,2024-Q4,-2524956000000.0,-5070446000000.0,-0.10178350224389764,-0.08328215187947631,0.01047694799362963,-0.17838598672620337,-3.644494120351387,0.19539682066891165,0.018707934502587436,-0.0878892228457696,-0.07580810836909839,0.086020636335672,0.01680815885190697,71174720000000.0,96117186000000.0,118498716000000.0,6092846000000.0,19.44882834721245,-2550969000000.0,-2380478000000.0,-4905434000000.0,-165012000000.0,-5069551000000.0,0.7404994149537419,0.09712387959422782,-0.9427799929978978,0.0,0.00042594745951282306,-1196316000000.0,-142573000000.0,0.21410475517149907,12105000000.0
NVB,Private_3,2025,1,2025-03-31,2025-Q1,598203000000.0,151393000000.0,0.01762010872514961,0.09001356656690196,0.009073220542537062,0.004836507003342628,0.0977700327136012,0.14036867499690708,0.01052243255868218,-0.040915313751848974,-0.048085654569487594,0.11183440179220294,0.01569804679864326,78041365000000.0,102527917000000.0,130882914000000.0,6243613000000.0,20.96268843056096,504861000000.0,-381914000000.0,216289000000.0,-64896000000.0,150767000000.0,0.7611718572220676,0.08373897813607195,0.6384354474985916,0.0,0.0009386417115005624,-1225097000000.0,-40615000000.0,0.15089110755558927,29260000000.0
NVB,Private_3,2025,2,2025-06-30,2025-Q2,903496000000.0,311499000000.0,0.023937723173340954,0.1027009320355282,0.010788623215847643,0.00906286169480597,0.194684924785271,0.11351646438450386,0.007320223312708617,-0.012755325332917998,-0.015132731212479433,0.12963203810589702,0.014715370636738705,86834646000000.0,115244771000000.0,144053644000000.0,6555077000000.0,21.975888917857105,757676000000.0,-480781000000.0,422715000000.0,-111216000000.0,311464000000.0,0.7534801383743476,0.0888362735347012,0.5321340658951451,0.0,0.002012769796878013,-1277804000000.0,-101958000000.0,0.12083668769721248,69173000000.0
OCB,Private_2,2020,4,2020-12-31,2020-Q4,2948367040423.0,1908831056763.0,0.045899894305524186,0.11221546588033177,0.003624088058662521,0.04115614851033327,0.5090570819703177,0.016903915612079233,0.030374548142894683,-0.09254780980908242,-0.06865283740919494,0.6214080735238824,0.010504229635512435,89237886166154.0,87171375610769.0,152687082939055.0,17435759901234.0,8.757122362544617,1590794548343.0,-716089507343.0,2232277533080.0,-323446476317.0,1526588178371.0,1.0237062974044626,0.1199809965067584,0.24287664918417456,0.0,0.008457049471808482,-937375248477.0,-312336000000.0,0.047278463754973916,313693876003.0
OCB,Private_2,2021,1,2021-03-31,2021-Q1,2050494505752.0,1275730057780.0,0.03659813391792825,0.10153607908877016,0.0044357408727668446,0.02586075167683168,0.22546541398804174,0.016940249394555046,0.03834890095322681,0.002236728993841904,0.011845929262720897,0.6322935582434069,0.01071121056721393,93042175931401.0,92372391066741.0,160297409356400.0,18463379087690.0,8.681910748573339,1366274076608.0,-583247868351.0,1467246637401.0,-191516579621.0,1011751779244.0,1.0072509205069302,0.09734819564017655,0.28444254140398156,0.0,0.003236900418988304,-996594338033.0,-131913000000.0,0.055289150347781854,126637454281.0
OCB,Private_2,2021,2,2021-06-30,2021-Q2,2198235473267.0,1385280115946.0,0.03680531589742675,0.10257426456626266,0.005581009495091318,0.02706877876198206,0.23324458291433298,0.015302065887935845,0.030130461169431966,0.000712716560292954,-0.006498624590688841,0.7000166558581795,0.010711700990594373,96152073508061.0,96214684785509.0,167141540638365.0,19536956803152.0,8.555147166594502,1433890895140.0,-611262095770.0,1586973377497.0,-201693261551.0,1107921561933.0,0.9993492544554131,0.10751552015476755,0.27806943487339286,0.3611160751324415,0.005475096650696755,-1029952261044.0,-171145000000.0,0.04543252705736781,224094987303.0
OCB,Private_2,2021,3,2021-09-30,2021-Q3,1997218808230.0,1107103788758.0,0.03431205257096186,0.10014879458920292,0.0059885011404819935,0.021154680147767408,0.1771996920704564,0.015101141786137246,0.014365910484333494,0.0020376595571865064,-0.013502029355874058,0.7495854352235869,0.011319595938134782,97657089542911.0,93303921562786.0,167596082159838.0,20425117966732.0,8.205391147939265,1354980097120.0,-622658059408.0,1374560748822.0,-267456960064.0,885158417965.0,1.046655787958448,0.10417385249634273,0.3117625654446043,0.0,0.002825494178149721,-1105438794120.0,-192517000000.0,0.02946705227047074,118224900553.0
OCB,Private_2,2021,4,2021-12-31,2021-Q4,2673204255842.0,1750438999785.0,0.036858291185466165,0.09951353861878126,0.004058186166467325,0.0318131994124485,0.26523760091734333,0.01322420855927084,0.022896317638527123,0.002059805618409421,0.011620330069107374,0.8270225636213597,0.010936718864551697,102050733038455.0,98804612775544.0,184491035016344.0,21805009400355.0,8.46094728183609,1531053458118.0,-585755541642.0,2087448714200.0,-337009714415.0,1400127208660.0,1.032853934363219,0.1581210210324918,0.21912113163889155,0.0,0.007169666113903378,-1116100177163.0,-326348000000.0,0.03612052619779796,315543384145.0
OCB,Private_2,2022,1,2022-03-31,2022-Q1,2007611531674.0,835706002515.0,0.038033949392630134,0.1034324150748082,0.00010302216811083599,0.014361907073843664,0.12074115033611056,0.021694012597037425,0.04352860442799597,0.010740118550946505,0.03293593974669882,0.6098545596876048,0.01323019250022361,105716364739467.0,98485363081386.0,187748480030263.0,22472101670974.0,8.354736142581963,1670024669562.0,-737192318366.0,1270419213308.0,-434713210793.0,668258665539.0,1.073422094734072,0.12167801018703778,0.36719868696475827,0.0,0.0027510785677436218,-1398647855927.0,-152165000000.0,0.0652226170250334,128007518989.0
OCB,Private_2,2022,2,2022-06-30,2022-Q2,1806161813228.0,903490291565.0,0.038506236371981646,0.10327848789827364,0.020827806109236027,0.015346982975251926,0.12669602281916728,0.019560533353062202,0.026740997989690034,0.0005606093967481501,-0.015240320031119177,0.6142117273981588,0.012014308979613635,109617038407510.0,96555439584880.0,188856642393620.0,23146949926892.0,8.159029288528739,1701757820679.0,-775836543696.0,1030325269532.0,-126834977967.0,722469050279.0,1.1352756393506738,0.11971242966452252,0.4295498542898618,0.4214889721253447,0.00490981843442589,-1316972968858.0,-208510000000.0,0.046301531342752236,231132846572.0
OCB,Private_2,2022,3,2022-09-30,2022-Q3,2071137738501.0,909471950500.0,0.03920738625752297,0.10720813602157821,0.013334357796113165,0.015231147861840147,0.12372027539353425,0.02466139442218297,0.04387400697320412,0.0077329176991970784,0.02645495232907445,0.5299658045955526,0.013069695737400473,113587140463935.0,98267571514292.0,193149539586748.0,23881660568620.0,8.087776770453829,1748915806020.0,-803479198267.0,1267658540234.0,-358186589734.0,727299080235.0,1.1558964846039257,0.13412279195387583,0.3879409772372375,0.0,0.005596711857039724,-1484549365545.0,-190610000000.0,0.0685354013953871,267247316019.0
OCB,Private_2,2022,4,2022-12-31,2022-Q4,2648660414862.0,1740639403495.0,0.04040654236892065,0.11608892744468333,0.02642132124947306,0.028758714207067798,0.22650798423081944,0.022294862902417226,0.025325958655208727,-0.0007062366719186,-0.01786846169336771,0.5923888399434977,0.013207227971462263,119802569762625.0,102211486385844.0,193994237850692.0,25272267890795.0,7.676170523712719,1826884744916.0,-760294297476.0,1888366117386.0,-147726713891.0,1391719656546.0,1.1721047604216948,0.11133463801140898,0.2870486126533562,0.0,0.008013283900917951,-1582259850422.0,-50016000000.0,0.04762082155762595,387786624885.0
OCB,Private_2,2023,1,2023-03-31,2023-Q1,2089991943574.0,983430962860.0,0.03792851283293808,0.12656902632117256,0.031026334782655804,0.016002850102874853,0.12256844769339771,0.03317923516820482,0.04033456096841371,0.011741231271667,0.027460544351155795,0.4678591182131888,0.01552320770878433,121913537977339.0,105564005876246.0,199141150443534.0,26056494179730.0,7.6426686211090855,1750548975173.0,-763785325447.0,1326206618127.0,-342775655267.0,786410836126.0,1.1548779052611906,0.08608032075993577,0.3654489328513322,0.0,0.0025097525236816524,-1892489172535.0,-32613600000.0,0.07351379613661853,123334066615.0
OCB,Private_2,2023,2,2023-06-30,2023-Q2,2362709323850.0,1576752001250.0,0.037577750177933196,0.12922779818379024,0.020027026054289437,0.0245776975861001,0.1891565649461594,0.031835224044423856,0.0298413844497957,0.0008743364312814327,-0.008233603348018509,0.47477532810608525,0.015114578941022071,127572763074974.0,110455787770107.0,211291630043153.0,27272306547304.0,7.7474792855040056,1817893397088.0,-657307681334.0,1705401642516.0,-128649641266.0,1260936594778.0,1.1549667577446714,0.1069469000022737,0.27820082423974474,0.3964361214196191,0.00488894908605646,-1928208598221.0,-90283900000.0,0.061676608494219555,250823120881.0
OCB,Private_2,2023,3,2023-09-30,2023-Q3,2468487273158.0,1354842336119.0,0.03718116468187526,0.12096959983690996,0.015027898094678591,0.02024455545668777,0.15579821961944954,0.03742450175805251,0.029250974264416883,0.009183836907149617,0.009491256362272271,0.39142978465926637,0.014649064664134827,131488482495941.0,115152256229766.0,216754623026105.0,28348393929598.0,7.646098878278806,1865416255645.0,-802090919155.0,1666396354003.0,-311554017884.0,1083200763536.0,1.141866315094851,0.11738357599556057,0.32493216711174866,0.0,0.003197223543864468,-1926183282672.0,-312024000000.0,0.0666754760224694,171069944772.0
OCB,Private_2,2023,4,2023-12-31,2023-Q4,2603951458801.0,1312075814780.0,0.03466949860741916,0.10996983956641423,0.019624429049279062,0.018376779478211088,0.14514803833563342,0.027548952930148148,0.02076035156161379,-0.005150764622558535,-0.011618842704456346,0.5034968508644065,0.01387081104494136,144298541236704.0,125945932418559.0,239454200575239.0,29410905083111.0,8.141680777880714,1856793215580.0,-948241112624.0,1655710346177.0,-343634531397.0,1047956118417.0,1.1457181543358887,0.12218280381003721,0.36415468092505127,0.0,0.005906695254475699,-2001537799555.0,-268351000000.0,0.048309304491761934,336835811677.0
OCB,Private_2,2024,1,2024-03-31,2024-Q1,2287006218209.0,1214469974026.0,0.03362380812476475,0.09849190946923654,0.015708060945873663,0.016012177365758256,0.12950605302764945,0.028734170225638574,0.026229618161531274,0.004667294070930577,0.011363302212572342,0.5524864262066482,0.015875239017976536,151047286637996.0,126679064079789.0,236979704210373.0,29495563055944.0,8.03441872802684,1900702752655.0,-868533327344.0,1418472890865.0,-204002916839.0,953593023311.0,1.1923618771201108,0.11617417612008547,0.3797686776838612,0.0,0.002006861250175398,-2397911778395.0,-308539000000.0,0.05496378838716985,119517092723.0
OCB,Private_2,2024,2,2024-06-30,2024-Q2,2272347153455.0,898557919671.0,0.034929730429896964,0.09008652113846329,0.030526006714145248,0.012053205605164981,0.09617525931615789,0.031218723623544248,0.024212976683375555,0.004145066560093401,0.002394665240163356,0.5455822507042699,0.01703238149864783,152708166835418.0,131579872127836.0,238883600023828.0,30142209554921.0,7.925218607102013,1986643589789.0,-955113121909.0,1317234031546.0,-418676111875.0,716959780736.0,1.160573911236628,0.12671392601601253,0.42032007321451487,0.36674515662726453,0.00252365543173919,-2600983755500.0,-198965447720.0,0.0554317003069198,150114376562.0
OCB,Private_2,2024,3,2024-09-30,2024-Q3,2291871867212.0,440143498633.0,0.03406011603977574,0.08741462697014035,0.03243398427509467,0.0055068496988072676,0.04580719895874634,0.03190308172096248,0.02871226474222917,0.007110595777691943,0.01258175487990587,0.5390612005655099,0.017197713534241606,157877130230134.0,136535121820554.0,265501820109501.0,30493995279290.0,8.706691847946097,2064666774446.0,-918561905091.0,1373309962121.0,-933166463488.0,347196837368.0,1.1563114905894285,0.16473289041194586,0.40079112546915885,0.0,0.0031516207513131475,-2715125659306.0,-816433114209.0,0.06061534646319165,198703944594.0
OCB,Private_2,2024,4,2024-12-31,2024-Q4,3217857673242.0,1453124546851.0,0.040360608429072416,0.09749172875585209,0.029895476186423145,0.016926306240235445,0.14872327882104974,0.03165524443176423,0.02302661475263067,0.007754852807397403,0.0039605085977529,0.47138787350639094,0.014921898358014362,170844469638663.0,142459763487912.0,280712371670087.0,31671045433324.0,8.86337561104705,2654655554603.0,-1061552297812.0,2156305375430.0,-703180828579.0,1155673585353.0,1.1992471800864635,0.1488923817102912,0.3298941114267752,0.34412008827303736,0.00677603845337933,-2549323810977.0,-852957447965.0,0.0546818591843949,462646045910.0
OCB,Private_2,2025,1,2025-03-31,2025-Q1,2273312238654.0,893193858987.0,0.03163933787439298,0.08483789402705917,0.03305136125089602,0.010003251161977655,0.08897457090533717,0.03911638846162356,0.023534631732940264,0.011562408564783666,0.012661597745248082,0.3499101428094091,0.01368722107279502,175135953871204.0,151153873885092.0,289066935913466.0,32388218496367.0,8.9250644009917,2163562883380.0,-1002077843041.0,1271234395613.0,-378040536626.0,712455690082.0,1.1586600420465791,0.15648790432735923,0.4408007954218897,0.0,0.001835781700665946,-2397124518430.0,-532811000000.0,0.06265102019456383,130748803285.0
OCB,Private_2,2025,2,2025-06-30,2025-Q2,2641737669711.0,999279447496.0,0.0301674100146913,0.08225292796565836,0.022755415530634517,0.010608353751588714,0.09684350588633071,0.034656921701495036,0.019323534440011433,0.00014146854273121203,-0.0028342028441118035,0.4051004312265906,0.014039533926261826,186333051129536.0,153939669388207.0,308899421013687.0,33113733211965.0,9.328438416664909,2179122847119.0,-1008917225901.0,1632820443810.0,-633540996314.0,792929830729.0,1.210429071792008,0.15715143267261225,0.38191423678013164,0.0,0.0039681268158855065,-2616029192917.0,-417732270000.0,0.05398045614150647,296600791990.0
PGB,Private_3,2020,4,2020-12-31,2020-Q4,304253000000.0,80757000000.0,0.006140772779476682,0.02028365011100477,0.00046720926919262523,0.0014978820109253172,0.013952265736679598,0.024400561334818084,0.0079752745340655,-0.03119443345215336,-0.04941903778417418,0.3617264441571294,0.008826328287081684,25675229000000.0,28737832000000.0,36153124000000.0,3930286000000.0,9.198598778816605,257727000000.0,-199117000000.0,105136000000.0,-24379000000.0,64606000000.0,0.8934295739497676,0.2096872164887038,0.6544454779410557,0.3873326131630524,0.0003572093635626159,-226618000000.0,-18686000000.0,0.03237583586888358,15407000000.0
PGB,Private_3,2021,1,2021-03-31,2021-Q1,291651000000.0,81983000000.0,0.030124434463362094,0.08158019716869094,0.005480148431582235,0.007184150823681425,0.06620284367795876,0.02579569556489264,0.008651157812914914,0.0025796459303245164,0.0036527814415988264,0.32839533262213033,0.00847118602525213,26854209000000.0,28206190000000.0,36882091000000.0,3995295000000.0,9.23138116209191,266295000000.0,-147066000000.0,144585000000.0,-62602000000.0,65587000000.0,0.9520679326062825,0.1604499579702186,0.5042533713239454,0.37301272007872394,0.0007606193806645191,-227487000000.0,0.0,0.034446853377807556,6944000000.0
PGB,Private_3,2021,2,2021-06-30,2021-Q2,279708000000.0,93495000000.0,0.004600588469573275,0.07844472350158246,0.010086116118579212,0.008050447564268001,0.07407479145202235,0.02673070140310431,0.00808268266645333,0.0013983655225145526,0.0006629873179284484,0.3315490982334508,0.008862539945346871,26299684000000.0,28670413000000.0,37225590000000.0,4058727000000.0,9.1717403018237,41306000000.0,-153807000000.0,125901000000.0,-32406000000.0,74575000000.0,0.9173109574668492,0.11473416863579887,0.5498841649148397,0.3857614813008615,0.0010670958655419267,-233082000000.0,-27266000000.0,0.03481338406955764,9885000000.0
PGB,Private_3,2021,3,2021-09-30,2021-Q3,236153000000.0,96993000000.0,0.022764170968604856,0.07857333268359272,0.009194131483847831,0.008386498984962881,0.07574891375428022,0.027541515208900996,0.017167743089957138,0.0016897921663241277,0.010380314835721981,0.3090617744850478,0.008512029562469874,25695282000000.0,26803081000000.0,36793378000000.0,4136242000000.0,8.89536395597743,203448000000.0,-140903000000.0,95250000000.0,1743000000.0,77595000000.0,0.9586689679443942,0.1272071296579673,0.5966597925920907,0.3836676870424005,0.0006228673709690198,-218719000000.0,-39763000000.0,0.044709258298858134,5763000000.0
PGB,Private_3,2021,4,2021-12-31,2021-Q4,361447000000.0,57171000000.0,0.02712302108761762,0.07879224463396228,0.006255860801992831,0.004726930910376023,0.043986893469527895,0.02244584736950339,0.008002066992146412,-0.0014375790855301763,-0.010041571055729219,0.368705001004478,0.00827589617691911,27498895000000.0,28074529000000.0,40613296000000.0,4182054000000.0,9.711327496010334,253476000000.0,-222596000000.0,138851000000.0,-81680000000.0,45737000000.0,0.9794962187967606,0.15380585725943968,0.6158468599822381,0.3618318836600374,0.0026584787766491557,-227578000000.0,-53512000000.0,0.030447914361649803,25723000000.0
PGB,Private_3,2022,1,2022-03-31,2022-Q1,348327000000.0,126608000000.0,0.024754067014099383,0.07657311136225085,0.010598350245673327,0.010334111372634163,0.09573666038219378,0.025050397534108825,0.014399768601902537,0.0006582446312842753,0.005937147656296735,0.379524567276894,0.009507241284246824,25362352000000.0,27356887000000.0,37795768000000.0,4281663000000.0,8.827357033937515,234771000000.0,-152915000000.0,195412000000.0,-68804000000.0,101286000000.0,0.9270920335343711,0.13901300246625284,0.43899841241132614,0.3770265034039342,0.0010912003744873169,-241126000000.0,0.0,0.039450166136011364,10695000000.0
PGB,Private_3,2022,2,2022-06-30,2022-Q2,352232000000.0,118667000000.0,0.03272845414641348,0.08654075037891622,0.010676864582872807,0.00977849963151245,0.08744949146716763,0.02673804322766099,0.00884284685641147,0.002646363397211741,-0.0025934897520545415,0.370556121032664,0.009907945582445747,26271743000000.0,27679313000000.0,39636970000000.0,4376775000000.0,9.056204625551919,308041000000.0,-159842000000.0,192390000000.0,-73723000000.0,94647000000.0,0.9491472205253071,0.1506550036122645,0.4537974971041813,0.3915380091931844,0.0017696907476008404,-260299000000.0,0.0,0.03558089008407246,17129000000.0
PGB,Private_3,2022,3,2022-09-30,2022-Q3,393006000000.0,141851000000.0,0.0317091346061174,0.0802748560197737,0.017104996634072583,0.010560108214122664,0.10237983727082131,0.029800448614657866,0.008528216032305767,0.005529058349878042,0.005542875476514824,0.3361797747281265,0.010018308102072791,27283549000000.0,28937613000000.0,46331846000000.0,4490596000000.0,10.31752711666781,333117000000.0,-173781000000.0,219225000000.0,-77374000000.0,113480000000.0,0.9428403441569282,0.17650211854032327,0.4421840887925375,0.42747132621755607,0.0023743493222007383,-273335000000.0,-34651000000.0,0.038328664646963634,25515000000.0
PGB,Private_3,2022,4,2022-12-31,2022-Q4,429996000000.0,118605000000.0,0.028747298182220007,0.08055945596299911,0.019467129041916546,0.007963158265829762,0.08363485116006181,0.025628961029224417,0.016701165948833297,-0.0005444306384041167,0.008710340432617472,0.37993104494972085,0.009737237944808906,29050846000000.0,31259873000000.0,48991137000000.0,4585429000000.0,10.684090190906891,334295000000.0,-259267000000.0,170729000000.0,-52124000000.0,94884000000.0,0.9293334621033169,0.17888681121641153,0.6029521204848417,0.44476042470982746,0.0021724036898845265,-282875000000.0,-53665000000.0,0.042330126978057714,25885000000.0
PGB,Private_3,2023,1,2023-03-31,2023-Q1,391266000000.0,153094000000.0,0.029112851611362258,0.09003195404275309,0.030065801669361146,0.010263374875455235,0.10544063110274779,0.024657318804647214,0.032445057600234785,-0.0008901634052240682,0.014960941240747344,0.39333196972796075,0.009698511773642175,29146843000000.0,32770367000000.0,46474537000000.0,4707004000000.0,9.873485767167395,339274000000.0,-186761000000.0,204505000000.0,-51411000000.0,122475000000.0,0.8894268105084084,0.15731944655975322,0.47732488895022823,0.4463508762180589,0.0011860179188595056,-282681000000.0,0.0,0.057102376404882,14153000000.0
PGB,Private_3,2023,2,2023-06-30,2023-Q2,364898000000.0,134186000000.0,0.029815418593529912,0.09728440588959998,0.014781691591288247,0.009191580086797596,0.09020636530380928,0.03070394128640777,0.039853196184647915,0.007208602317582045,0.016124971064619246,0.3506440092550423,0.010766153072597442,30249895000000.0,31228279000000.0,46968374000000.0,4814364000000.0,9.755883435485975,341407000000.0,-179007000000.0,185891000000.0,-51705000000.0,107361000000.0,0.9686699353493031,0.1572763904152387,0.490567227005903,0.43528369327588157,0.0013652828088799589,-325675000000.0,0.0,0.07055713747105569,15947000000.0
PGB,Private_3,2023,3,2023-09-30,2023-Q3,302142000000.0,56635000000.0,0.023979310529178732,0.095653933246347,0.003466014944499191,0.003823418817892664,0.037417280241971905,0.026114432285786967,0.03273475649709295,-0.002512140951233054,-0.009375768081178463,0.3680706637792862,0.009611956425648832,30485365000000.0,34098311000000.0,47832645000000.0,4872711000000.0,9.816433808612906,278538000000.0,-188311000000.0,113831000000.0,-57196000000.0,45308000000.0,0.894043256277415,0.14786588696431327,0.6232533047375075,0.4387489860425199,0.0012549232197599058,-293024000000.0,-56691000000.0,0.05884918878287991,14871000000.0
PGB,Private_3,2023,4,2023-12-31,2023-Q4,340777000000.0,-4643000000.0,0.027464567844531353,0.09496406865205596,0.0058353097171372674,-0.00035947635374532666,-0.003813456046181996,0.025626056105485403,0.013988618427524519,0.006150295395839938,-0.010370517131745019,0.3898996904462411,0.009991591342886767,35335012000000.0,35729811000000.0,55495431000000.0,4867535000000.0,11.40113650954744,347750000000.0,-254128000000.0,86649000000.0,-91292000000.0,-4643000000.0,0.9889504313358949,0.17195254685226294,0.7457310792688474,0.4162316638699394,-0.0007959888849570759,-353053000000.0,-78105000000.0,0.03961467453300992,-10281000000.0
PGB,Private_3,2024,1,2024-03-31,2024-Q1,376209000000.0,116053000000.0,0.026917834097105523,0.08476444957338118,0.007241173036088497,0.006500446852333723,0.07560284160074005,0.029345893849086688,0.013171551637993766,0.004286796336732531,0.003414035914293732,0.31948093705601555,0.009375453665652577,35185604000000.0,37244014000000.0,58763791000000.0,4956646000000.0,11.855555349322909,377548000000.0,-218155000000.0,158054000000.0,-42001000000.0,92842000000.0,0.9447317896508147,0.13637018287019223,0.5798771427584135,0.424370109895583,-0.0006228643846358415,-329881000000.0,-24418000000.0,0.04251744548708045,-8896000000.0
PGB,Private_3,2024,2,2024-06-30,2024-Q2,441921000000.0,95140000000.0,0.02905750249522337,0.08066935008636546,0.014710770640688747,0.0051310477076343146,0.0610578345807695,0.03527888836615756,0.012965323331912087,0.008475113856223699,0.008827843341839463,0.31124538933476675,0.010980391344822482,36702517000000.0,37391706000000.0,59658807000000.0,4995099000000.0,11.943468387713637,423112000000.0,-201148000000.0,240773000000.0,-145633000000.0,75954000000.0,0.9815683991524752,0.1442644259130621,0.45516732628682505,0.4090862496239274,0.000434849436422599,-403008000000.0,-35931000000.0,0.048244211698069646,6437000000.0
PGB,Private_3,2024,3,2024-09-30,2024-Q3,447770000000.0,76936000000.0,0.02782593292117416,0.08012921026059996,0.015126061715960712,0.004048109884494474,0.04869785414730424,0.031854457004863786,0.015570586257455965,-0.0016224227891509456,0.0010641232044112943,0.35625428635123657,0.011348286847373898,36894115000000.0,38098844000000.0,61804299000000.0,5101773000000.0,12.114278506707373,415958000000.0,-224199000000.0,223571000000.0,-146635000000.0,61462000000.0,0.9683788568493049,0.14513981054123323,0.5007012528753602,0.4251865707957384,0.0005896770003559764,-418685000000.0,-60035000000.0,0.04742504326231975,8953000000.0
PGB,Private_3,2024,4,2024-12-31,2024-Q4,551268000000.0,81003000000.0,0.025722285931359064,0.07943560989124784,0.014419088244128825,0.003817491744920357,0.050124744066975056,0.025727631178624793,0.015036466980864178,-0.003098732684060859,-0.001863088462753477,0.40057799054968485,0.01030592279913694,41236482000000.0,43325745000000.0,73015115000000.0,5166050000000.0,14.133644660814355,427990000000.0,-330465000000.0,220803000000.0,-139800000000.0,64334000000.0,0.9517777940113897,0.14625486532314677,0.5994634188815603,0.42409509946485185,0.0006770538254972685,-424980000000.0,0.0,0.04076409815948897,11410000000.0
PGB,Private_3,2025,1,2025-03-31,2025-Q1,505664000000.0,95945000000.0,0.025273854494098077,0.07947832814117908,0.018242014186704777,0.004180103751672865,0.058861150904475336,0.027104627142903986,0.01838896033914368,0.0040798582187491165,0.009266091127754303,0.38960229620975695,0.010560024972784696,45348567000000.0,46717488000000.0,73551582000000.0,5242581000000.0,14.029651044018204,458270000000.0,-263209000000.0,242455000000.0,-146510000000.0,76583000000.0,0.9706978894070675,0.12457960068400938,0.5205215320845462,0.3808449959031359,0.0007393221121712254,-478882000000.0,0.0,0.04549358748204767,13545000000.0
PGB,Private_3,2025,2,2025-06-30,2025-Q2,567860000000.0,188370000000.0,0.025081866529363953,0.08167827279885907,0.018072543770145135,0.007913192248425608,0.10525392533973352,0.033252805480281165,0.01757900326010702,0.006212015475593749,0.005435805722372661,0.3560702433445278,0.011840334539251963,45435625000000.0,46726281000000.0,78552899000000.0,6192926000000.0,12.684294790540045,471900000000.0,-246103000000.0,321757000000.0,-133387000000.0,150454000000.0,0.9723783709642974,0.12993358063313448,0.4333867502553446,0.381987414397528,0.0007309186374331733,-537973000000.0,0.0,0.05083180874038819,13897000000.0
Private_1,Private_1,2018,1,2018-03-31,2018-Q1,22200260000000.0,9100091000000.0,,,,,,0.024623439001430266,0.024302483354374124,,,0.5404090664048455,0.013306729682439592,987921549000000.0,1149016993000000.0,1554993900000000.0,141128359000000.0,11.018295054362532,15911589000000.0,-8716659000000.0,13483601000000.0,-4383510000000.0,7228409000000.0,0.8597971614158713,0.21640169859524436,0.39263769883776134,0.06662803903910827,,-13146005000000.0,0.0,0.04892592235580439,2018767000000.0
Private_1,Private_1,2018,2,2018-06-30,2018-Q2,21513769000000.0,8448447000000.0,0.04458277972840134,0.10843124767399175,0.011961317184874115,0.016772683305512872,0.18046030323389345,0.024038126335726766,0.02007482750481521,0.0006563658831577931,-0.0025343338269464147,0.5715956106205122,0.013740087501042757,1038952190000000.0,1196043299000000.0,1637374490000000.0,153716452000000.0,10.651914409265704,16437346000000.0,-8353819000000.0,13159950000000.0,-4711503000000.0,6650973000000.0,0.868657673905834,0.20924905495415513,0.3883010457163503,0.3980458684998007,0.006574188638673997,-14275294000000.0,0.0,0.04411295384054198,2623404000000.0
Private_1,Private_1,2018,3,2018-09-30,2018-Q3,23342279000000.0,8456526000000.0,0.045386133405962946,0.10952703287849712,0.012102239126509571,0.016196337442816906,0.1717687085851636,0.02481595612420412,0.01947577107900014,0.0009516742055281677,0.0004890523403199141,0.6251750554091775,0.015514316744981028,1046230412000000.0,1207858267000000.0,1668242486000000.0,157975290000000.0,10.560148273821811,17385466000000.0,-9870658000000.0,13471621000000.0,-5015095000000.0,6692361000000.0,0.8661864066208358,0.21422083457081642,0.422866079186184,0.0716419927462017,0.00725317669109163,-16231550000000.0,0.0,0.04429172720320426,2997028000000.0
Private_1,Private_1,2018,4,2018-12-31,2018-Q4,27626629000000.0,10257511000000.0,0.047266144493824505,0.11218484093815473,0.01675439303081271,0.019547459666600982,0.20526430595772463,0.018932515257159523,0.017965772031694287,-0.005213754004313917,-0.006088262133217362,0.7426074753686535,0.014059427357497748,1083238002000000.0,1231482454000000.0,1742092828000000.0,166355897000000.0,10.472083403211128,18673920000000.0,-12817494000000.0,14809135000000.0,-4551624000000.0,8321702000000.0,0.8796211415611448,0.2290340573540969,0.4639543246481502,0.19617277579649062,0.009971981306469268,-15229706000000.0,0.0,0.03689828728885381,4250975000000.0
Private_1,Private_1,2019,1,2019-03-31,2019-Q1,24840799000000.0,9592006000000.0,0.04792721136924138,0.11151884031027766,0.01920137397162511,0.01733101481302859,0.17803537529557698,0.019389376548867802,0.02059710404836585,0.0013447100243072897,0.00491919318761123,0.7324073900819124,0.014200922673471705,1132839983000000.0,1290640695000000.0,1792247005000000.0,174046969000000.0,10.297490472241433,19665124000000.0,-10498236000000.0,14342563000000.0,-4750557000000.0,7575469000000.0,0.8777345913457347,0.20417484743885284,0.42262070555782044,0.07863210903979889,0.0068245819982529115,-16087373000000.0,0.0,0.039986480597233656,3015049000000.0
Private_1,Private_1,2019,2,2019-06-30,2019-Q2,26967078000000.0,10371127000000.0,0.046920794951014214,0.11141171749559618,0.018174210138775192,0.018018859330511533,0.18591191789594924,0.018428258880766553,0.016765555735324948,0.00016578687442037434,-0.00264053268324658,0.7300103900753993,0.013452820453958831,1202114163000000.0,1356157322000000.0,1901766627000000.0,179432984000000.0,10.598757177219992,20184710000000.0,-11131344000000.0,15835734000000.0,-5464607000000.0,8214517000000.0,0.886412028677599,0.20937264902368016,0.41277531069550805,0.5382941615988536,0.007712541110622518,-16171826000000.0,0.0,0.0351938146160915,3561279000000.0
Private_1,Private_1,2019,3,2019-09-30,2019-Q3,29072761000000.0,11764600000000.0,0.04971525116732042,0.1152494484512236,0.016868190634694562,0.01961188278388228,0.2028259050968003,0.0191146600427638,0.016166563336690778,0.0013880994429311953,0.0013825808322998686,0.7506712101765105,0.014348824986414094,1246243718000000.0,1375747195000000.0,1931591385000000.0,188709103000000.0,10.235814564811959,22231059000000.0,-11403730000000.0,17669031000000.0,-5904431000000.0,9333594000000.0,0.9058668064375011,0.2089538041907474,0.3922479189369045,0.1968005145650985,0.00649001943521053,-17882133000000.0,0.0,0.03528122337945458,3109821000000.0
Private_1,Private_1,2019,4,2019-12-31,2019-Q4,31926151000000.0,12213206000000.0,0.04783025385886426,0.11328796317591101,0.013096971303536549,0.019569054239224396,0.19607263515911819,0.01684958507296242,0.014385428225760503,-0.0014970787599990134,-0.0026225327781351352,0.7610061578261781,0.012822637997340455,1303046924000000.0,1426929611000000.0,2009496368000000.0,198670237000000.0,10.114732827343433,21962140000000.0,-13910214000000.0,18015937000000.0,-5802731000000.0,9494311000000.0,0.9131823419704758,0.2381346097106117,0.4356996870684474,0.1961055691856519,0.010032269890439052,-16708499000000.0,0.0,0.031235013298722924,4942257000000.0
Private_1,Private_1,2020,1,2020-03-31,2020-Q1,30536195000000.0,11140584999999.0,0.0491452294356003,0.1137468511788774,0.012189757411883335,0.017639861272031307,0.17233834484581942,0.016875555852533742,0.017547791971257484,0.00468509451774739,0.00814095394771831,0.7973104152539185,0.013455056444424372,1324841042000000.0,1409914364000000.0,2038291928000000.0,210057467000000.0,9.703496653132545,23188122000000.0,-12309061000000.0,18227134000000.0,-7086549000001.0,8804931999999.0,0.939660645942607,0.2106579162420676,0.40309740620925427,0.19265407014985275,0.006707951605777359,-17825811000000.0,-5703269000000.0,0.03442334782379122,3394046000000.0
Private_1,Private_1,2020,2,2020-06-30,2020-Q2,29080606000000.0,12548491000001.0,0.045600310893063,0.10637788373476328,0.009283059987147606,0.019535364591805927,0.18451441775218588,0.01690189923823049,0.018642754220859262,0.0038860948874499014,0.005442591051613874,0.7949606328860227,0.013436344515399495,1357639794000000.0,1500800341000000.0,2095628359000000.0,218982610000000.0,9.569839171247434,22009322000000.0,-10569378000000.0,18511228000000.0,-5962736999999.0,9895510000001.0,0.9046105314017916,0.22384407627210154,0.3634510917688579,0.5397728127843409,0.007761887451217803,-18241716000000.0,-4559196000000.0,0.03554465345908975,4010878000000.0
Private_1,Private_1,2020,3,2020-09-30,2020-Q3,32999355000000.0,13290781000000.0,0.05014813369592645,0.10937446928435593,0.004826652555833833,0.02007661472220062,0.1871826105406169,0.0178380505359577,0.016066089210566906,0.005161361674111329,0.003026610606259233,0.7910336203770987,0.014110497695928264,1394983042000000.0,1527103120000000.0,2146490005000000.0,229712190000000.0,9.344258156260667,24867061000000.0,-12469432000000.0,20529923000000.0,-7239142000000.0,10498483000000.0,0.9134831981745934,0.2440653988055502,0.3778689613781845,0.19327416548796977,0.008715860527082644,-19683905000000.0,-5070183000000.0,0.033904139746524606,4621714000000.0
Private_1,Private_1,2020,4,2020-12-31,2020-Q4,36395558000000.0,15463338000000.0,0.05277235040341052,0.10423772623452468,0.0033243683818157533,0.022177860775427286,0.20638773681033087,0.014546925785874569,0.013554124092917685,0.0035403218901638805,0.0022273697288429117,0.8796276103343963,0.012795877566740657,1518384800000000.0,1603014646000000.0,2290778359000000.0,241912188000000.0,9.469462361276316,27418999000000.0,-14012012000000.0,22383546000000.0,-6920208000000.0,12167186000000.0,0.9472058186048539,0.2804808222569415,0.38499236637613854,0.19582189876729209,0.00842726221009787,-19429066000000.0,-7734636000000.0,0.028101049878792254,4674253000000.0
Private_1,Private_1,2021,1,2021-03-31,2021-Q1,38997258000000.0,18208899000000.0,0.05294964312776929,0.09898649444321128,0.004524929588705748,0.025180092273716332,0.23172039709243356,0.014967205666794372,0.015049125808275469,0.004863933701127672,0.007195161595400586,0.9005745978150868,0.013479085223789029,1602756021000000.0,1631153877000000.0,2356963783000000.0,256475047000000.0,9.189836635452494,28843584000000.0,-12593737000000.0,26403521000000.0,-8194622000000.0,14435811000000.0,0.9825903267616731,0.2759670938145341,0.32293903843188154,0.1947946526007599,0.008332889135569432,-21603685000000.0,-5484375000000.0,0.03001633147506984,4841140000000.0
Private_1,Private_1,2021,2,2021-06-30,2021-Q2,41150841000000.0,19128014000000.0,0.05412983020656629,0.09864702675260782,0.005077353503634132,0.025359976754377185,0.2280398058126087,0.013501704908685653,0.014094538390525052,0.0027405212911067265,0.0022742987405691985,1.0860436737424355,0.01466344120081524,1658290279000000.0,1658838322000000.0,2455214445000000.0,270611492000000.0,9.072838802426025,30520768000000.0,-12422455000000.0,28728386000000.0,-9600372000000.0,15024589000000.0,0.9996696224142331,0.2885973127404034,0.30187609045462765,0.5366755891727795,0.008967736013787558,-24316242000000.0,-5991420000000.0,0.027596243299210704,5394293000000.0
Private_1,Private_1,2021,3,2021-09-30,2021-Q3,37500577000000.0,15599373000000.0,0.04864113071842742,0.09301303112722506,0.005969494038984371,0.01991006781127963,0.17643488337573535,0.01565515415555207,0.02125509278111118,0.00474787442205105,0.01202892174705922,1.104550646797017,0.017291910648222043,1667690956000000.0,1684292777000000.0,2550265644000000.0,285420910000000.0,8.935104453279195,28565454000000.0,-12785481000000.0,24715096000000.0,-9115723000000.0,12262939000000.0,0.9901431501537574,0.31237069361367925,0.3409409140558024,0.19791442442954382,0.007095205928008237,-28837563000000.0,-4155141000000.0,0.03691024693666325,4439364000000.0
Private_1,Private_1,2021,4,2021-12-31,2021-Q4,41931936000000.0,17807947000000.0,0.048324658258695495,0.08939947542068553,0.004542245470886312,0.020957508168398985,0.18244751200102102,0.01650278538465483,0.0142397737358942,0.004052668137153344,-0.001696131402417943,1.1660722821808314,0.019243440615824926,1816019375000000.0,1748589149000000.0,2772544258000000.0,321155605000000.0,8.633024661051767,30226469000000.0,-14526697000000.0,27405239000000.0,-9597292000000.0,13833547000000.0,1.0385626469422864,0.34011529485935293,0.3464351610190381,0.20364263256658566,0.011077358215976356,-34946461000000.0,-2897179000000.0,0.03074255912054903,7370334000000.0
Private_1,Private_1,2022,1,2022-03-31,2022-Q1,51884065000000.0,29544130000000.0,0.05151541424320674,0.09197718053760424,0.009654912370037752,0.03353694462051691,0.27981678506654045,0.016976983843878166,0.01472020202484263,0.003454134953818981,0.0050105252869342325,1.1707524703886154,0.019875845774967975,1948759939000000.0,1837079066000000.0,2909409246000000.0,344535983000000.0,8.444427837890013,34564393000000.0,-15161928000000.0,36722137000000.0,-7178007000000.0,23283960000000.0,1.060792632754327,0.3310964167287506,0.2922270643211938,0.21595308107859962,0.008909865236376985,-38733252000000.0,-3158088000000.0,0.03169718586872079,6328180000000.0
Private_1,Private_1,2022,2,2022-06-30,2022-Q2,48495286000000.0,23717800000000.0,0.050817857274771346,0.09176273628208133,0.009184376913450738,0.025442094707935785,0.21160201843867293,0.018030874461433536,0.012965409194107717,0.0042910616298337196,0.0029433445778566983,1.1233615033065663,0.020255190240927947,2009945279000000.0,1858512732000000.0,2985446886000000.0,361769945000000.0,8.252335295570228,35437588000000.0,-15246477000000.0,33248809000000.0,-9531009000000.0,18681970000000.0,1.0814805001830894,0.31714341088517223,0.31439090801526565,0.5774220827464055,0.00986550014075899,-40711824000000.0,-5205244000000.0,0.030996283655541253,7269463000000.0
Private_1,Private_1,2022,3,2022-09-30,2022-Q3,48942922000000.0,23531371000000.0,0.05473511316980507,0.10016145567526791,0.019922555453823463,0.02484712714591841,0.2015096376256276,0.017028556386637708,0.015526090939170243,0.004567421360131467,0.0075334881791077855,1.0679670571712503,0.018185937252112174,2062424800000000.0,1823400275000000.0,3049366198000000.0,380850258000000.0,8.006732656591767,38783219000000.0,-15901894000000.0,33041028000000.0,-9509657000000.0,18705641000000.0,1.1310872485198018,0.303995381924575,0.3249069191250984,0.21842462096898524,0.008716167223050979,-37507128000000.0,-10301221000000.0,0.03255464732580795,6575055000000.0
Private_1,Private_1,2022,4,2022-12-31,2022-Q4,49705189000000.0,16176790000000.0,0.05313316042176092,0.10780714312730594,0.027490282295076485,0.016403875747386245,0.14322719028736353,0.019030417653454784,0.022196666009683425,0.006860318010140297,0.014707713949134048,0.9896732603519092,0.018833895484953126,2171770255000000.0,1973854125000000.0,3258507965000000.0,393620733000000.0,8.278293524238725,39229281000000.0,-18393252000000.0,31311937000000.0,-15135147000000.0,13865663000000.0,1.1002688737193282,0.27662485240645635,0.3700469180390804,0.22455330620646735,0.009452169535931816,-40902894000000.0,-7939312000000.0,0.04122708366313821,7452887000000.0
Private_1,Private_1,2023,1,2023-03-31,2023-Q1,48308955000000.0,22224204000000.0,0.04916831496080377,0.11463189729498607,0.029622391496097404,0.02103378939090046,0.17989424354098213,0.0223266419315239,0.0315277613724007,0.008679130288576496,0.01943678982747648,0.7991976335895048,0.017843399397674112,2270038242000000.0,2072441525000000.0,3369820455000000.0,410918496000000.0,8.200702786082426,38339868000000.0,-16056685000000.0,32252270000000.0,-10028066000000.0,18091497000000.0,1.095344893747967,0.24140607827282365,0.3323749188944369,0.22053431571410892,0.0067438867188780605,-40505199000000.0,-9496441000000.0,0.0538544033039246,5587587000000.0
Private_1,Private_1,2023,2,2023-06-30,2023-Q2,48428440000000.0,21689398000000.0,0.0447717699434755,0.11441408124151074,0.020665324060105735,0.020551415206943813,0.17508068685660053,0.024159762191631434,0.03247875424157344,0.006983045794873442,0.00933226657068802,0.7427535323626776,0.017944748708876516,2367764614000000.0,2178957747000000.0,3531540574000000.0,420758159000000.0,8.393278890641785,36535508000000.0,-16217118000000.0,32211322000000.0,-10521924000000.0,18201315000000.0,1.0866500817925222,0.24914049331494448,0.3348676521482005,0.5378835901148655,0.0069497132230089565,-42488941000000.0,-9329482000000.0,0.056638516433204875,5995310000000.0
Private_1,Private_1,2023,3,2023-09-30,2023-Q3,48096905000000.0,23364483000000.0,0.04336693427833579,0.11015615362151708,0.01305310797094853,0.02062977712970911,0.17190051427555852,0.025373857390834774,0.028849286325802245,0.005352532901735476,0.0027895961283252797,0.6885601116063496,0.01747142607691679,2455298658000000.0,2263581936000000.0,3677170168000000.0,439419605000000.0,8.368243305848859,36980937000000.0,-16042516000000.0,32054389000000.0,-8689906000000.0,18483125000000.0,1.0846961706801674,0.24772852092595954,0.3335457032006529,0.2188967325573944,0.007443452500788386,-42897569000000.0,-7577770000000.0,0.054223143716637015,6707212000000.0
Private_1,Private_1,2023,4,2023-12-31,2023-Q4,51195812000000.0,22566408000000.0,0.04373247035131709,0.10404167059835585,0.01436424106801619,0.018643003417733096,0.15335930331453346,0.022885444684583027,0.024025424463757186,0.002887012533853631,0.00012777467986544225,0.740350710780397,0.0169432552387565,2666294662000000.0,2458008862000000.0,4005319439000000.0,484975622000000.0,8.25880571580565,39725235000000.0,-17524427000000.0,33671385000000.0,-11104977000000.0,17720576000000.0,1.0847376114952347,0.2798912947938753,0.3423019640747177,0.21695204705724933,0.007441418983230393,-45175711000000.0,-8369537000000.0,0.04691086914834021,7146078000000.0
Private_1,Private_1,2024,1,2024-03-31,2024-Q1,52732322000000.0,25325358000000.0,0.043566355319718024,0.09380503634837532,0.015449722264017527,0.019972994681605634,0.16436987705950565,0.024797559568048022,0.027793437556898337,0.005934799039851958,0.010719264231118953,0.70094017227331,0.017381605675585245,2763805479000000.0,2498847087000000.0,4029500104000000.0,504851291000000.0,7.981558482337326,41557593000000.0,-16536832000000.0,36195490000000.0,-10870132000000.0,20337216000000.0,1.1060322551861694,0.2673291801148135,0.313599541472875,0.20826370635654984,0.005967695944307035,-48039377000000.0,-8307631000000.0,0.05259099712494636,5993670000000.0
Private_1,Private_1,2024,2,2024-06-30,2024-Q2,59492371000000.0,28238281000000.0,0.04613031959772847,0.090384636961958,0.023340007043944254,0.021898138675702727,0.17775914494389863,0.02390709053199603,0.02457232455362269,0.005262889921349635,0.003759128520057471,0.6917550744721405,0.016537851191373115,2956966926000000.0,2632706665000000.0,4248296045000000.0,504711846000000.0,8.417270326958008,45645351000000.0,-18237240000000.0,41255131000000.0,-13016850000000.0,22432385000000.0,1.1231661184707031,0.2723483711771589,0.30654754035605675,0.4994571288900059,0.007013331441728404,-48901879000000.0,-12388759000000.0,0.04847941508561872,7256866000000.0
Private_1,Private_1,2024,3,2024-09-30,2024-Q3,54895005000000.0,27304772000000.0,0.043425870011642775,0.08713392384988443,0.02425153221123938,0.020481037355889395,0.16773653423794313,0.024827037023706266,0.02317309646920337,0.00422924852153047,0.003512524576678339,0.6754542522716303,0.016769527728967594,3044056805000000.0,2677151493000000.0,4295135665000000.0,526765815000000.0,8.153785881113032,44747578000000.0,-17158973000000.0,37736032000000.0,-10431260000000.0,21627061000000.0,1.1370506349600888,0.25672706972208686,0.31257803874869855,0.19774429309261676,0.0051366038249751516,-51047395000000.0,-7623313000000.0,0.04800013349290964,5485528000000.0
Private_1,Private_1,2024,4,2024-12-31,2024-Q4,59730854000000.0,29238221000000.0,0.042405478627163255,0.08735999244763816,0.021450772385519495,0.020570991573087373,0.16643431164582495,0.021843388278651833,0.020771555956759016,0.0018911013718746947,0.0006987284194257998,0.7338621550596724,0.016030035995976622,3221259454000000.0,2837399769000000.0,4643547497000000.0,550708212000000.0,8.431956153579202,46116467000000.0,-19668664000000.0,40062190000000.0,-10823969000000.0,22416081000000.0,1.135285725047932,0.27248825930245574,0.3292881765929548,0.4901988832992745,0.005385997817292363,-51636905000000.0,-10968310000000.0,0.042614944235410845,6017966000000.0
Private_1,Private_1,2025,1,2025-03-31,2025-Q1,58211051000000.0,28908073000000.0,0.04057057696800683,0.0855845318772236,0.02472131186659449,0.019675240572666786,0.1635273816648927,0.023871167061297403,0.018031882643128983,0.0066177522501420965,0.00462298650967343,0.6630413333112032,0.015827570436017107,3354331558000000.0,2942523839000000.0,4788937728000000.0,573779529000000.0,8.34630286714185,46575379000000.0,-17727813000000.0,40483238000000.0,-11575165000000.0,22985567000000.0,1.1399505123941325,0.25217605926080655,0.30454377125058263,0.19868695309612053,0.0049467132878546335,-53090919000000.0,-11608909000000.0,0.04190304970442639,5832475000000.0
Private_1,Private_1,2025,2,2025-06-30,2025-Q2,63585264000000.0,31366692000000.0,0.03975481602645585,0.08440392173932004,0.0248327577680039,0.020128492489455453,0.17038771753362258,0.021540533958223522,0.013210763499566323,0.00249099257348966,-0.001200960587927665,0.7172329729434751,0.015449581209646538,3641036947000000.0,3120866551000000.0,5172888877000000.0,588845400000000.0,8.784799672375804,48256684000000.0,-19127567000000.0,44457697000000.0,-13091005000000.0,24762126000000.0,1.166674988340442,0.26071027059432894,0.3008176076771498,0.20124558585349656,0.005516792269041908,-56252496000000.0,-9997544000000.0,0.03475129745778985,6869666000000.0
Private_2,Private_2,2018,1,2018-03-31,2018-Q1,9283452000000.0,3880977000000.0,0.011722365219875014,0.03812489153528343,0.00356331723446546,0.005058151643426486,0.05859010409014177,0.019326238865921008,0.018266279762381654,-0.020877921000441356,-0.033982521148669106,0.6268506934590816,0.01211466623505844,716384243000000.0,790339488000000.0,1164055235000000.0,85644101000000.0,13.591773647083995,7193163000000.0,-4631930000000.0,4651522000000.0,-770545000000.0,3181699000000.0,0.9064259775414385,0.1407131627465892,0.4989447890719961,0.15468685492896284,0.0007906580673696788,-8678756000000.0,0.0,0.037592518628302665,509325000000.0
Private_2,Private_2,2018,2,2018-06-30,2018-Q2,9622036000000.0,3111714000000.0,0.028391506924348806,0.09772580758761991,0.00870268494357149,0.008043138847018327,0.10505246016165262,0.019589434382060032,0.016347724131435468,0.001035709547285506,-0.00023816967174695381,0.6398535981987772,0.01253437007603995,744635027000000.0,819469779000000.0,1194576185000000.0,88705438000000.0,13.46677511473423,7811255000000.0,-5030198000000.0,4591838000000.0,-1480124000000.0,2289481000000.0,0.9086790581937982,0.13749372080260694,0.5227789627891644,0.36513991398162476,0.0023598125390867555,-9333531000000.0,0.0,0.0359371585134955,695741000000.0
Private_2,Private_2,2018,3,2018-09-30,2018-Q3,9473528000000.0,2912985000000.0,0.028482373112778684,0.09599263446193465,0.012718255944045374,0.007742315308444301,0.09904830879044113,0.020342443109718913,0.01766665027503362,0.0005233745202265378,0.001642871951550031,0.6324662131889918,0.01286590796061642,736229268000000.0,810582848000000.0,1200872626000000.0,91392054000000.0,13.139792503186328,7952736000000.0,-5200172000000.0,4273356000000.0,-1360371000000.0,2229794000000.0,0.9082714614755826,0.12633117423180412,0.5489160954609518,0.17037121251847298,0.0026415793027772614,-9472258000000.0,0.0,0.03800909338475253,790971000000.0
Private_2,Private_2,2018,4,2018-12-31,2018-Q4,13465450000000.0,4093745000000.0,0.03619315953728942,0.1008891587993924,0.01767124294837265,0.01042685635856221,0.1350371909212371,0.01964560081116573,0.014387628922225934,0.0006217085083338469,-0.0016916605385484348,0.6253500778973129,0.012285377997602005,785642656000000.0,821567451000000.0,1281302932000000.0,93609010000000.0,13.687816290333592,10482848000000.0,-7191555000000.0,6273895000000.0,-2180150000000.0,3122753000000.0,0.9562728599383132,0.13811383576830627,0.5340746131766855,0.17696042375062418,0.004080162648995031,-9651917000000.0,0.0,0.034033229733391665,1265960000000.0
Private_2,Private_2,2019,1,2019-03-31,2019-Q1,10812396000000.0,4442803000000.0,0.02960284673244093,0.09757492278335576,0.015840119257674586,0.011069976535865255,0.14500387877757062,0.019839162206881856,0.016955324413058297,0.0009379900574034005,0.0041419034151832,0.6302266595355352,0.01250316892562679,815122475000000.0,839561744000000.0,1288007663000000.0,98130523000000.0,13.125453973174075,8887614000000.0,-5607173000000.0,5205223000000.0,-762420000000.0,3475372000000.0,0.9708904447175478,0.11503811326591365,0.5185874620204439,0.18332467811791353,0.0031262175992389117,-10191614000000.0,0.0,0.036794486619940156,1004028000000.0
Private_2,Private_2,2019,2,2019-06-30,2019-Q2,12419449000000.0,5291268000000.0,0.03221336323866138,0.10317049246119223,0.015345158511649,0.012877831040593039,0.16692312154834146,0.020920704383993752,0.016749925441003486,0.002537491068443426,0.003497781115653816,0.5750465481556645,0.012030378841000685,871849851000000.0,882124505000000.0,1356077967000000.0,100584093000000.0,13.48203206445377,9950023000000.0,-5901067000000.0,6518382000000.0,-1227114000000.0,4146258000000.0,0.9883523766296459,0.11841090164477405,0.475147246870614,0.40429924675255297,0.0039382355404276375,-10488684000000.0,0.0,0.037670629824997234,1301629000000.0
Private_2,Private_2,2019,3,2019-09-30,2019-Q3,13875786000000.0,5174750000000.0,0.03412389459542319,0.10652974643366792,0.012286014126105962,0.011990659779413547,0.15751512269517087,0.020607441678977295,0.017906784985835138,0.0005678202495902015,0.002490294627578023,0.5932281944045528,0.012224915418516826,909126290000000.0,915277190000000.0,1404546770000000.0,104976157000000.0,13.37967411018866,10978313000000.0,-6216590000000.0,7659196000000.0,-2484446000000.0,4047356000000.0,0.9932797407526347,0.12012316181505626,0.4480171429568026,0.20351670952283551,0.0038055096222228773,-11113992000000.0,0.0,0.03851422666481243,1313198000000.0
Private_2,Private_2,2019,4,2019-12-31,2019-Q4,16019551000000.0,5634556000000.0,0.0356577475313305,0.10577851686625563,0.012915313505580443,0.012408913839188407,0.16185113493873882,0.016659570771120263,0.014057027094403042,-0.003130262573310909,-0.006290138194111623,0.6859579822799008,0.011427765551806867,953743840000000.0,957164501000000.0,1470858480000000.0,108789610000000.0,13.520210983383432,11928091000000.0,-7394358000000.0,8625193000000.0,-2990637000000.0,4324779000000.0,0.9964262558876491,0.1264971641483808,0.4615833489964856,0.19927445334821686,0.005118744218749687,-10899161000000.0,0.0,0.030716597865523304,1839808000000.0
Private_2,Private_2,2020,1,2020-03-31,2020-Q1,13500491000000.0,5465750000000.0,0.03275561888509078,0.10476803344399921,0.01110657484030519,0.011801442331459296,0.1532277002570131,0.018952050714045196,0.018461887727734015,0.003343501542300918,0.008431015397174151,0.6084171247567991,0.01153075220368442,989009806000000.0,962878793000000.0,1485569304000000.0,113028664000000.0,13.143297031273413,11282341000000.0,-7255517000000.0,6244974000000.0,-779224000000.0,4248588000000.0,1.0271384240570764,0.11197712399924048,0.5374261573153154,0.19218453187969545,0.0030612078701801296,-11404027000000.0,-334043000000.0,0.03741393844177921,1131280000000.0
Private_2,Private_2,2020,2,2020-06-30,2020-Q2,15346922000000.0,6022888000000.0,0.034314648556601296,0.10400226934478982,0.008007721142226368,0.012736232362654115,0.1616492972411308,0.020263153679015426,0.01694971641915468,0.002588309018242434,0.0014701684363279204,0.6176815861670871,0.012516176905201697,1012001356000000.0,1005042225000000.0,1543301315000000.0,120177571000000.0,12.841841469736478,12121411000000.0,-6425795000000.0,8921127000000.0,-2898239000000.0,4712203000000.0,1.0069242175372284,0.11957724761265627,0.41870252549664355,0.373509453739039,0.003917505067917858,-12666388000000.0,-797288000000.0,0.037212870098170106,1483202000000.0
Private_2,Private_2,2020,3,2020-09-30,2020-Q3,16740019000000.0,7059466000000.0,0.03650714709475834,0.10410657876904766,0.011716033582863631,0.014289091486778637,0.1800761325673428,0.021127070469393494,0.015482406069868001,0.0030926351841765714,0.0022049249111875694,0.6101554346213859,0.012890796864529435,1049886686000000.0,1074169773000000.0,1611504716000000.0,126275434000000.0,12.761822826124677,13456740000000.0,-6993153000000.0,9746866000000.0,-2687400000000.0,5547538000000.0,0.9773936228607691,0.12111096427212535,0.4177506011193894,0.1962354712001987,0.0050202008758617085,-13533876000000.0,-1455060000000.0,0.0366094765392615,1979720000000.0
Private_2,Private_2,2020,4,2020-12-31,2020-Q4,24358903040423.0,9070148056763.0,,,,,,0.016497505096195214,0.014738115601716164,,,0.7216238448615362,0.011904993058139178,1219439035166154.0,1227641464610769.0,1915224181939055.0,149175157901234.0,12.838760882740866,17163400548343.0,-9834372507343.0,14524530533080.0,-5454382476317.0,7087213178371.0,0.993318546431457,0.14148712105265698,0.40372805339481427,0.18859243362098577,,-14517413248477.0,-4836916000000.0,0.03123562069791138,2825782876003.0
Private_2,Private_2,2021,1,2021-03-31,2021-Q1,20596527505752.0,10742113057780.0,0.03563808906565931,0.09817446700974558,0.004184775514033596,0.01760599383683651,0.21999126941316602,0.016947675798414052,0.018067632361186813,0.0021026807354806642,0.006183928404466334,0.6945512371858387,0.011771029193212977,1270175622931401.0,1259066437066741.0,1971614747356400.0,157645410087690.0,12.50664225656613,16285387076608.0,-7768484868351.0,12828042637401.0,-2085929579621.0,8437230779244.0,1.0088233516021134,0.12822714421126133,0.37717449536974096,0.19088946152814135,0.003858700580877075,-14951274338033.0,-1155268000000.0,0.03501530815960087,1874768454281.0
Private_2,Private_2,2021,2,2021-06-30,2021-Q2,25642470473267.0,11970496115946.0,0.041545561578464237,0.10031034043674733,0.005446964934036454,0.018904878802202384,0.23209728925334494,0.01646648954404858,0.015042204114537914,0.001980853398670433,-0.00041195812849201556,0.7115157543595267,0.011716166729586985,1323594279508061.0,1317837758785509.0,2080618186638365.0,168296373803152.0,12.362822440083955,19695133895140.0,-9082771095770.0,16559699377497.0,-4589203261551.0,9456275561933.0,1.0043681558554347,0.12714943304983373,0.3542081136542224,0.4497772406067622,0.008822639882939708,-15507451261044.0,-2247605000000.0,0.031508693658586495,4468923987303.0
Private_2,Private_2,2021,3,2021-09-30,2021-Q3,22615466808230.0,9825366788758.0,0.03676007616468299,0.09895926332217961,0.0058988724813011425,0.014913277917727523,0.17849129569301503,0.01782991520933692,0.020740049711675843,0.003891804513873791,0.009980098951300696,0.6693712560740075,0.011934832739366906,1348512052542911.0,1326698224562786.0,2136571065159838.0,180383504966732.0,11.84460333861394,18045784097120.0,-7707441059408.0,14908025748822.0,-5082658960064.0,7779540417965.0,1.016442192788276,0.12838821655794794,0.3408039783022822,0.24342093765605782,0.003507517050157702,-16094265794120.0,-2902266000000.0,0.038569964921012764,1848982900553.0
Private_2,Private_2,2021,4,2021-12-31,2021-Q4,28762606255842.0,11255878999785.0,0.04156104874929514,0.10170761718912555,0.004643643937638092,0.016064797575426736,0.189179814325306,0.015669658538080118,0.014408555971536006,0.005579921668129518,0.00017909043795462484,0.8409559367176404,0.013177492373936736,1435613745038455.0,1334796404775544.0,2326694490016344.0,195174542400355.0,11.92109617064542,21702348458118.0,-10019368541642.0,18743237714200.0,-7487358714415.0,8881000208660.0,1.0755301257197079,0.15445810126335938,0.34834703268960393,0.19606934773179827,0.006369326387086963,-18917789177163.0,-9072870000000.0,0.030078214509616126,3553499384145.0
Private_2,Private_2,2022,1,2022-03-31,2022-Q1,26910175531674.0,14591146002515.0,0.04050418288063166,0.09870723639053343,0.0051470162901778764,0.01975964569199732,0.22932615971807457,0.017576907186278648,0.018519091550341205,0.0036482180455187185,0.008686490943374857,0.7869129297064738,0.013831495529133302,1507532631739467.0,1382704006081386.0,2373822451030263.0,206280875670974.0,11.507719478642324,22368073669562.0,-8949606318366.0,17960569213308.0,-3369423210793.0,11508028665539.0,1.0902786316587367,0.1436317701683157,0.3325733162844692,0.25516377201416995,0.004605184583611389,-20851430855927.0,-1235248000000.0,0.03609599873661985,2705843518989.0
Private_2,Private_2,2022,2,2022-06-30,2022-Q2,29803506813228.0,15866582291565.0,0.04215154771763246,0.102268652866407,0.011368715391363651,0.021208716271644078,0.23659409661595338,0.01847967046161081,0.016266101056769205,0.0027460437673487354,0.0010019562675078748,0.7631546993912915,0.014102847355980724,1554697460407510.0,1427951755584880.0,2424655264393620.0,219096704926892.0,11.066598492216835,23702988820679.0,-10217518543696.0,19585988269532.0,-3719405977967.0,12580228050279.0,1.0887604951126069,0.13605499101085258,0.3428294062080323,0.49616579554853935,0.005912794943566736,-21925660968858.0,-1907215000000.0,0.034745771518380014,3546551846572.0
Private_2,Private_2,2022,3,2022-09-30,2022-Q3,29153062738501.0,15809167950500.0,0.042990735799573125,0.10684408828197714,0.009777826628428464,0.020666642355162173,0.22068132950670805,0.018525583836608527,0.019575475403631006,0.0015143258392008288,0.005219127664489883,0.7994929921792725,0.01481107445339812,1586102577463935.0,1432966932514292.0,2470436589586748.0,233760348568620.0,10.568244805904518,24530888806020.0,-9955714198267.0,19197348540234.0,-3388180589734.0,12492137080235.0,1.1068661400866735,0.13275305154198086,0.3414980541690731,0.26225341254076745,0.005448672940930471,-23491883365545.0,-1701139000000.0,0.03810105924023953,3333969316019.0
Private_2,Private_2,2022,4,2022-12-31,2022-Q4,29776931414862.0,11644475403495.0,0.0410893606709076,0.11146791172809131,0.01800593008711206,0.014711522247726616,0.15411725609008226,0.019218916751565143,0.020589523448570325,0.004962681927250685,0.006791723741465229,0.7722716455050903,0.014842224464556558,1648885172762625.0,1556557174385844.0,2559506335850692.0,243102418890795.0,10.52851036007362,24049091744916.0,-12265106297476.0,17511825117386.0,-5867349713891.0,9186597656546.0,1.0593155201081579,0.129362458476236,0.41189960532180114,0.2565757538421993,0.0070532118405686765,-24473123850422.0,-5565012000000.0,0.039808440200135464,4434656624885.0
Private_2,Private_2,2023,1,2023-03-31,2023-Q1,30209506943574.0,15767723962860.0,0.04187131747108824,0.1272297044895227,0.01741185569622102,0.019198809359589095,0.2011113733673152,0.023766082573276538,0.030479583247977796,0.0073225388146911236,0.018710139001771667,0.6318271340304842,0.015016055839405148,1729899145977339.0,1649172283876246.0,2685260920443534.0,253377064179730.0,10.597884734108279,25644797975173.0,-10066485325447.0,20143021618127.0,-4375297655267.0,12480958836126.0,1.0489499265118323,0.10115459440928204,0.3332224304173322,0.277961171542231,0.0045441819185242,-25976262172535.0,-2650886600000.0,0.054245665821254334,2979147066615.0
Private_2,Private_2,2023,2,2023-06-30,2023-Q2,31040420323850.0,14785897001250.0,0.037098773584398725,0.12532821966833554,0.01638960035886942,0.017257990520724936,0.18461630661369224,0.027481219776079712,0.03519385977835903,0.005187101495821853,0.010436217237011975,0.552849372457292,0.015192975107566594,1756188331074974.0,1738811771770107.0,2780926620043153.0,256694957547304.0,10.833584915787375,23765830397088.0,-10724195681334.0,20316224642516.0,-5530327641266.0,11770951594778.0,1.0099933526946265,0.106790370932612,0.34549131646564823,0.4633281094832054,0.00549660631738458,-26681725598221.0,-1823890900000.0,0.06267507955443874,3755685120881.0
Private_2,Private_2,2023,3,2023-09-30,2023-Q3,30903481273158.0,14408233336119.0,0.037566746296756076,0.12214836066185326,0.011306918579870881,0.016502092223223505,0.17673505027776806,0.030112342851130243,0.0323835728055773,0.00596581486420759,0.004150429467166768,0.5209070485236653,0.015685731638714947,1810142678495941.0,1803588352229766.0,2855574549026105.0,268024490929598.0,10.654155294249506,24778188255645.0,-10891038919155.0,20012442354003.0,-5604209017884.0,11592039763536.0,1.0036340477903796,0.11242299572933592,0.3524211017810051,0.31608135537325915,0.0034309098815230605,-28393412282672.0,-4231655000000.0,0.06249591565670754,2417290944772.0
Private_2,Private_2,2023,4,2023-12-31,2023-Q4,38339879458801.0,14407280814780.0,0.043117701870014354,0.11307226614731375,0.011328680299179026,0.01532122771877471,0.16344483828327785,0.023888881270682862,0.027894501033053014,0.0025971675227238404,0.0004605592776392126,0.6410951608701023,0.015315046181235203,1962799814236704.0,1915136980418559.0,3089997086575239.0,284233371083111.0,10.87133813598443,30140823215580.0,-12676371112624.0,25663508346177.0,-11256227531397.0,11282962118417.0,1.0248874280563096,0.138041258068961,0.33063148062960623,0.31292644476251735,0.007229101779894512,-30060369799555.0,-12319789000000.0,0.05178338230373587,5372642811677.0
Private_2,Private_2,2024,1,2024-03-31,2024-Q1,35055643218209.0,18667192974026.0,0.039728371705695736,0.10148832775859447,0.011383467934894701,0.01913520514868169,0.20322001075416093,0.02621358803879937,0.027171261683286395,0.004815071642766242,0.005043828138304534,0.59501221351862,0.015597405043231233,2031570167637996.0,1935280523079789.0,3122572011210373.0,296671943055944.0,10.525336434060916,29204464752655.0,-11043273327344.0,24012369890865.0,-5345176916839.0,14756448023311.0,1.049754877088812,0.1297049471162295,0.31502127228428023,0.35370516250372835,0.003865155359051532,-31687222778395.0,-3085370000000.0,0.053384849722085764,3001568092723.0
Private_2,Private_2,2024,2,2024-06-30,2024-Q2,34937873153455.0,17905665919671.0,0.03850905803653166,0.09403340103176032,0.017043605586951678,0.017849868681206842,0.1865472842064535,0.02632048615587767,0.026537303245733154,0.003195032177688787,0.003815470816814148,0.5858725197115312,0.015420449544176524,2127600862835418.0,2030967293127836.0,3265825813023828.0,308731575554921.0,10.578204730610272,29170407589789.0,-11680126121909.0,23257747031546.0,-5352081111875.0,14117047780736.0,1.0475800718379662,0.1361727060390407,0.3343113094093409,0.41441455886676126,0.004100483991952418,-32808561755500.0,-3746186447720.0,0.05285778940161082,3274440376562.0
Private_2,Private_2,2024,3,2024-09-30,2024-Q3,33581889867212.0,15847755498633.0,0.03529972193199076,0.09072719865781036,0.019412050022040803,0.015189260495091114,0.1603310566119045,0.026950069923955426,0.023776889617771472,0.003297314909418552,0.001566501396714661,0.5881805771386042,0.01585150768179784,2219731420230134.0,2072850714820554.0,3394377212109501.0,316159751279290.0,10.73627240145115,28043757774446.0,-11804286905091.0,21777602962121.0,-5929847463488.0,12523685837368.0,1.070859278171557,0.12559089827304992,0.3515075224106499,0.3465074903262382,0.004142563139987715,-35186089659306.0,-3192942114209.0,0.0507269595417269,3448788944594.0
Private_2,Private_2,2024,4,2024-12-31,2024-Q4,45413749673242.0,19749845546851.0,0.04180893311727729,0.09798706871619174,0.015383040499360314,0.017834721094302976,0.194100190187846,0.024489538648000082,0.02203998730681428,0.004823765978624066,0.004686878618218771,0.602612330719437,0.01475769796291506,2380875045638663.0,2204207551487912.0,3704990140670087.0,331107191433324.0,11.189700002079753,35552365554603.0,-14947733297812.0,30466016375430.0,-10716170828579.0,15704329585353.0,1.0801501174567225,0.13568485566693247,0.32914554304286564,0.40693153390821696,0.005209335216721838,-35136234810977.0,-12222850447965.0,0.04652952595481436,4622873045910.0
Private_2,Private_2,2025,1,2025-03-31,2025-Q1,36366163238654.0,20786395858987.0,0.03290363065770328,0.0891789061173656,0.018716774637974685,0.01788509146238623,0.19475600056299477,0.02711534074130668,0.02290225261896576,0.005820629093652658,0.007931735849034989,0.5179562882816038,0.014044561245858159,2510702249871204.0,2293952834885092.0,3741492858913466.0,347679049496367.0,10.761341140149895,29376137883380.0,-11626427843041.0,24739735395613.0,-3953339536626.0,16524711690082.0,1.0944873023062696,0.12380896094991711,0.31970454971403583,0.3316823754313872,0.0041605185196840755,-35261711518430.0,-4086175000000.0,0.050017593360272436,3872653803285.0
Private_2,Private_2,2025,2,2025-06-30,2025-Q2,44730858669711.0,20074937447496.0,0.038874481547992085,0.0934965560132329,0.019342139708022565,0.016475441795877174,0.18102697254577144,0.026038990545437197,0.017982607754158737,0.004760278216497837,0.0010717305015240397,0.5284915965018838,0.013761387684655563,2682586018129536.0,2410544750388207.0,3989373495013687.0,348790901211965.0,11.437722375072193,36035149847119.0,-12927364225901.0,31803494443810.0,-11728556996314.0,15759980830729.0,1.1128546846921294,0.13613754091752722,0.2890032655387995,0.32380847328490286,0.005420311310210868,-36916106192917.0,-10178356270000.0,0.04402159829959593,5237962791990.0
Private_3,Private_3,2018,1,2018-03-31,2018-Q1,1246812000000.0,473009000000.0,0.021900388326772744,0.09339810369213644,0.020190862904113958,0.007819693456778659,0.08594499176292933,0.01635018754623493,0.010926991183603919,-0.0029102076162666715,-0.0021342735471772743,0.6017859119763511,0.009839312523495368,129828786000000.0,141063735000000.0,208145249000000.0,17876224000000.0,11.643692146618884,1083329000000.0,-612344000000.0,634468000000.0,-161459000000.0,413953000000.0,0.9203555116415995,0.034262321212464704,0.49112777227039844,0.1371507777125034,0.0004789067080471758,-1277426000000.0,0.0,0.027277178729838848,25352000000.0
Private_3,Private_3,2018,2,2018-06-30,2018-Q2,2377577000000.0,602685000000.0,0.018160974153762107,0.047113966812467135,0.006484887270544834,0.003820411038837134,0.05190322629105126,0.01682311622094204,0.014752319582896715,-0.013295685287918958,-0.010573767190769696,0.7252718070695331,0.012201331902103407,218019477000000.0,239628760000000.0,351640168000000.0,27397407000000.0,12.83479739524255,1883932000000.0,-1410991000000.0,966586000000.0,-363901000000.0,430149000000.0,0.9098218302344009,0.06634860940731822,0.593457541017599,0.45782407152428756,0.0006978627800264303,-2660128000000.0,0.0,0.03157543580383876,78574000000.0
Private_3,Private_3,2018,3,2018-09-30,2018-Q3,1348505000000.0,423485000000.0,0.01777288399171748,0.08414691768891869,0.00698226425167861,0.004765494804120967,0.05319848057507917,0.017707705094528,0.009113379067358186,-0.00031157439094414317,-0.002037325550153041,0.6486405198962758,0.011485935038684576,143451621000000.0,152933831000000.0,215352682000000.0,20655678000000.0,10.42583458165837,1091987000000.0,-890107000000.0,458398000000.0,-34913000000.0,310900000000.0,0.9379979567764833,0.033574866767053,0.6600694843548968,0.13499556729539505,0.001247321131184766,-1647676000000.0,0.0,0.026821084161886187,81375000000.0
Private_3,Private_3,2018,4,2018-12-31,2018-Q4,2085946000000.0,702141000000.0,0.02041197142455915,0.08787790735565033,0.029992892354874918,0.005904182547134839,0.07552397997440431,0.01286926417455601,0.008188643250387392,-0.005292802696495299,-0.014660461707003594,0.8571648628143936,0.011031081060705494,202282350000000.0,213786813000000.0,306565839000000.0,26097537000000.0,11.746926117970443,1791847000000.0,-1261538000000.0,824408000000.0,-122267000000.0,556862000000.0,0.94618721875984,0.038877570994053784,0.6047797977512361,0.232351610294971,0.001997582009174516,-2231393000000.0,0.0,0.0210579074249434,188405000000.0
Private_3,Private_3,2019,1,2019-03-31,2019-Q1,2266532000000.0,861885000000.0,0.02465708442345743,0.11174455759083277,0.017121328201943568,0.007794701681573335,0.09839603613031045,0.014148239151451747,0.012730101686305027,-0.0011065158183092055,-0.0017175759026336898,0.7748558670956728,0.010962846115575088,242187382000000.0,272684936000000.0,376251191000000.0,30264428000000.0,12.432126290310196,2058287000000.0,-1381929000000.0,884603000000.0,-22718000000.0,709212000000.0,0.8881582736202194,0.0431797229899051,0.6097107828170968,0.09003963678070516,0.0009289628069344893,-2655063000000.0,0.0,0.026878340837756774,84523000000.0
Private_3,Private_3,2019,2,2019-06-30,2019-Q2,2349430000000.0,607643000000.0,0.023388081217409346,0.10458339568945678,0.014806866434050481,0.0047545871527030804,0.05972113483599616,0.01781358187259441,0.01067653802199326,0.004786190719052407,0.00340440527161733,0.5953374417752656,0.0106050922608846,257426049000000.0,285336827000000.0,401120194000000.0,31624550000000.0,12.68382297929931,2086489000000.0,-1414501000000.0,934929000000.0,-327286000000.0,462010000000.0,0.9021830504900091,0.04648848218950721,0.602061351051106,0.26658973495864025,0.0007904587329259617,-2730027000000.0,0.0,0.02849011989458767,76810000000.0
Private_3,Private_3,2019,3,2019-09-30,2019-Q3,2566782000000.0,866548000000.0,0.023705202275088266,0.09495149215884904,0.09964883150264792,0.007023023589691243,0.08894128371272757,0.017033955411025002,0.012825620881770102,-0.00024401570953683867,0.002308352252261775,0.6229756189883224,0.010611738916002785,265520479000000.0,294258277000000.0,408783963000000.0,32327484000000.0,12.645090567518338,2199573000000.0,-1558268000000.0,1008514000000.0,-141966000000.0,710997000000.0,0.9023381829969731,0.04632091963210945,0.6070901229633058,0.08938558659309533,0.0012701255958610916,-2817634000000.0,0.0,0.029859576292795106,128585000000.0
Private_3,Private_3,2019,4,2019-12-31,2019-Q4,3276182000000.0,744555000000.0,0.025219893131610056,0.1191510965888117,0.013270285378953141,0.005206697610336547,0.06840052657261035,0.014683299238760966,0.015342781215291442,-0.0017037216929696787,0.0014894293709073942,0.6837993254376438,0.010040430114663816,277219100000000.0,308680341000000.0,447966387000000.0,32888973000000.0,13.620564771055637,2476952000000.0,-2103672000000.0,1172510000000.0,-427955000000.0,557605000000.0,0.8980782485270093,0.050287471983841044,0.6421108473216689,0.2108609768668545,0.0012276528395932375,-2783399000000.0,0.0,0.03002608045405241,131474000000.0
Private_3,Private_3,2020,1,2020-03-31,2020-Q1,3001729000000.0,810049000000.0,0.01438971985861297,0.07956800301826014,0.008732212412729421,0.0037922537010371183,0.05049540965751052,0.023598285282493435,0.018693934904734862,-0.00276499590468627,0.0012832436886466628,0.4535666776239961,0.010703395853203792,316736954000000.0,363350079000000.0,495700960000000.0,37293518000000.0,13.291879838206736,2354539000000.0,-1785725000000.0,1216004000000.0,-405955000000.0,668753000000.0,0.8717129080354487,0.03739175188124839,0.5948988066544315,0.13819664974200008,0.0006620635666040925,-3390161000000.0,0.0,0.042292220187228294,116753000000.0
Private_3,Private_3,2020,2,2020-06-30,2020-Q2,2837868000000.0,416995000000.0,0.017539979823685565,0.10364805230333285,0.008207359468394466,0.002447846064799894,0.0331444729758089,0.025905350290378038,0.009915274183764625,0.0038158161993311333,-0.004636042562940098,0.4066441157107091,0.010534258261006938,327176429000000.0,378567586000000.0,517663416000000.0,37547316000000.0,13.786961922924132,2052659000000.0,-1683306000000.0,1154562000000.0,-737567000000.0,310070000000.0,0.8642483960578706,0.04196109383754794,0.5931586669993107,0.28236286804404465,0.0009637836331440173,-3446561000000.0,-207439000000.0,0.035820624474142665,122083000000.0
Private_3,Private_3,2020,3,2020-09-30,2020-Q3,3048513000000.0,721605000000.0,0.020437333783810505,0.11116245661319184,0.0037575327928677654,0.004317094447040395,0.06023947788664405,0.024140010144700248,0.00678755350412521,-0.0003103616000405702,-0.0032089750573076887,0.44184557958698206,0.010666156773620707,338219949000000.0,406788150000000.0,549098513000000.0,38902749000000.0,14.11464554857036,2518116000000.0,-1908245000000.0,1140268000000.0,-418663000000.0,575664000000.0,0.8314400235110093,0.047276922889715446,0.6259592791633166,0.13500458539434707,0.0010032828983719759,-3607507000000.0,-209444000000.0,0.030927563648825457,133783000000.0
Private_3,Private_3,2020,4,2020-12-31,2020-Q4,7742247000000.0,2278882000000.0,0.015706944672358326,0.06345666683379857,0.0007617860714968695,0.005056282896793877,0.06803257581520938,0.018516447696321922,0.010604811431847017,-0.020078985434470897,-0.02531068889726588,0.5614683594291892,0.010396399510510258,553591173000000.0,644225306000000.0,936860085000000.0,66134061000000.0,14.166075254323184,5383711000000.0,-3889513000000.0,3852734000000.0,-1573852000000.0,1816271000000.0,0.8593129885524863,0.08251761379892146,0.5023752148439594,0.1237111772782991,0.0010212111821588836,-5755355000000.0,-509689000000.0,0.029121259128168937,366830000000.0
Private_3,Private_3,2021,1,2021-03-31,2021-Q1,6895949000000.0,3130848000000.0,0.026078266501758162,0.10519966317804225,0.005436225036350806,0.011167703142163475,0.15343631781776804,0.015982126505027134,0.0064220202629393175,-0.002190161366608351,-0.0062346604648625785,0.6560243715263671,0.010484664496115318,565512230000000.0,656106035000000.0,915075961000000.0,68657182000000.0,13.328189919009493,5625143000000.0,-3181801000000.0,3714148000000.0,-583300000000.0,2585234000000.0,0.8619220062501025,0.07545850420351644,0.4614014691813991,0.10155408502885534,0.0014541063692865774,-5929206000000.0,0.0,0.02240414676796645,336614000000.0
Private_3,Private_3,2021,2,2021-06-30,2021-Q2,8191735280616.0,3486945870610.0,,,,,,0.017697075842873323,0.009479906203463468,,,0.6466949139659329,0.011444608939655553,627843361889328.0,712240675674283.0,1034480397451674.0,77208570738837.0,13.398517645804779,5825706984952.0,-3465465640670.0,4726269639946.0,-1239323769336.0,2638181808290.0,0.8815045016839912,0.07570591148922068,0.4230441441229537,0.3724053903489563,,-7185421752182.0,-28106000000.0,0.02717698204633679,771779174793.0
Private_3,Private_3,2021,3,2021-09-30,2021-Q3,7126893048598.0,2659537548603.0,0.024187122404621925,0.09502477517500134,0.0022752417137556226,0.008045117045156959,0.10732487360481574,0.020320738889768566,0.015394315442515218,0.002739642579040601,0.008692921765706369,0.5916052524891413,0.012021855861647446,629428637874972.0,718461614989406.0,1060367994902970.0,79822133722163.0,13.284134931719493,5905942832027.0,-3354935102540.0,3771957946058.0,-1112420397455.0,2106662563544.0,0.8760783105778771,0.08908839340142591,0.47074301237058436,0.16838563571767076,0.002214889264153729,-7566900359726.0,-40603000000.0,0.03571505433228378,579982151782.0
Private_3,Private_3,2021,4,2021-12-31,2021-Q4,9680007345065.0,2230489698389.0,0.026543357443842563,0.09727084785837369,0.004463887874045732,0.006432023473046826,0.08595678661489024,0.019500194652081627,0.016199019200790612,0.001138796293762505,0.003143485823396907,0.6639929441042769,0.012947991657642155,676055251509641.0,732710817877873.0,1142932466098446.0,85047690307311.0,13.438724343583914,6858745931119.0,-4436437872954.0,5243569472111.0,-3013079773722.0,1771460035417.0,0.9226767709908777,0.08503482749231778,0.4583093498597144,0.19679196565715565,0.002909220904674372,-8753557756652.0,-324037000000.0,0.03569921385287224,801235970053.0
Private_3,Private_3,2022,1,2022-03-31,2022-Q1,8481973078867.0,3922012891123.0,0.023751477019293706,0.0907049798516698,0.008207524942869991,0.011269048702549382,0.14546295963701678,0.020416953323974658,0.013047982326598597,0.0019459622524376455,-0.0005473354421457713,0.6582962885019967,0.013440404595691024,710134698842396.0,735823946479796.0,1167350843183393.0,93930485263639.0,12.427816591247622,6474516733599.0,-3581622138376.0,4900350940491.0,-978338049368.0,3254336891123.0,0.9650877798143181,0.10647252155193507,0.4222628514702176,0.17596992620460952,0.0022162265355964534,-9544497669881.0,0.0,0.033464935650573256,640013896847.0
Private_3,Private_3,2022,2,2022-06-30,2022-Q2,9965844807694.0,4531628324156.0,0.02646446622860303,0.09505530933056938,0.006262123384727813,0.011846936505553365,0.1469334762880609,0.024474817691844238,0.012427368023159323,0.005028545482872565,0.004900805594317799,0.5596701678468974,0.01369782532561668,738298926660295.0,754711480606130.0,1190866980880740.0,96207647541309.0,12.3780906332775,7371609901484.0,-4133212570865.0,5832632236829.0,-1301003912673.0,3492207103494.0,0.9782532075268636,0.09161594833144425,0.41473780202497307,0.372081105285003,0.0031087997403553775,-10113089735483.0,0.0,0.03690218571500356,916403369894.0
Private_3,Private_3,2022,3,2022-09-30,2022-Q3,8565189852474.0,2937124696235.0,0.025730150739529955,0.0958804134018013,0.014977824523935195,0.007689729532157991,0.0937639805906115,0.027789441757350892,0.01380046733138415,0.004361779831472948,0.0061203527893968004,0.46633715052561425,0.012959249083820533,758921038578303.0,740660542480300.0,1206717050363339.0,100421938945488.0,12.016468343818582,7277908012161.0,-4436153127729.0,4129036724745.0,-1191912028510.0,2304596591361.0,1.0246543389996892,0.08844135233752147,0.517928172537547,0.18099617464933204,0.00177011529624421,-9835046773888.0,-200037000000.0,0.04158990908873504,530500020967.0
Private_3,Private_3,2022,4,2022-12-31,2022-Q4,9884946776549.0,2816022152049.0,0.028574509686956233,0.10623197272659884,0.019778530817480947,0.007470315428116751,0.0900524382751463,0.028717251315373348,0.018175032428472612,0.002929736938331817,0.008076582000523339,0.44792635551170223,0.01286321372200882,791168547103848.0,797324141081044.0,1258693062358900.0,104096578870004.0,12.091589137917378,8285338721813.0,-5346216397161.0,4538730379388.0,-1722708227339.0,2302173900213.0,0.9922796844344259,0.08218555870032204,0.5408442268848972,0.19427736158733508,0.0027166488455247846,-10176970111528.0,-593245000000.0,0.046892283743845964,837206692059.0
Private_3,Private_3,2023,1,2023-03-31,2023-Q1,9224942556302.0,3819272389800.0,0.02499619463772434,0.11770738208532239,0.026744048813258224,0.009765476431779711,0.11720256584847799,0.03416964945038314,0.02287591771304207,0.006102516357195714,0.011238643184879908,0.3953231541503552,0.013508053596937412,806221469728631.0,829396259633840.0,1274287616177439.0,106954799905943.0,11.914263009215658,7440451414419.0,-4374357792189.0,4850584764113.0,-1031312374313.0,3091970389800.0,0.9720582415992084,0.06069064384522603,0.47418807927434375,0.168609240942471,0.001940904846838716,-10890482824096.0,0.0,0.05704556716342521,614534309490.0
Private_3,Private_3,2023,2,2023-06-30,2023-Q2,9241379683469.0,2898445119096.0,0.022839248470222995,0.12004418554271383,0.027163126203082966,0.006995728257999264,0.08403955545489827,0.03868189190411368,0.019908898924901837,0.006241787529804717,0.004027885039806795,0.3450090375067275,0.013345602294777537,836719315493744.0,865981804207879.0,1329246858608605.0,109771949746020.0,12.109166883562615,6995221468968.0,-4804867171531.0,4436512511938.0,-1538067392842.0,2276702461992.0,0.9662088873323365,0.07007953397374957,0.5199296356285368,0.2955925028826881,0.0027894729223636745,-11166523216938.0,-214682000000.0,0.05859079082901552,907811114982.0
Private_3,Private_3,2023,3,2023-09-30,2023-Q3,7862614824299.0,2160351685268.0,0.01939622485628182,0.09134348720986786,0.09338069125560089,0.0050052438446767334,0.06080284887093998,0.03829958464130202,0.018032391540172457,0.0005715690735605777,-0.0010085322294646005,0.3529878732568101,0.01351928892915239,850472826404330.0,918685600642086.0,1357101168279265.0,111366157693322.0,12.185938676419315,6122604187828.0,-4872857615217.0,2989757209082.0,-829405523814.0,1680728365780.0,0.9257495990030965,0.07854977801934011,0.6197502642705691,0.16133348524397761,0.0028077219747859685,-11497787866553.0,-271373000000.0,0.05633197618147448,942814798377.0
Private_3,Private_3,2023,4,2023-12-31,2023-Q4,11941773577093.0,3632259748124.0,0.02780808979978211,0.13688753107751303,-0.05580563128432652,0.007954585588675641,0.0969237154971272,0.03744005321270363,0.018491340386899965,0.0044344156367049315,0.006464112466994173,0.34894269856029314,0.013064433202281778,922716290058000.0,938645602396490.0,1448153751645126.0,118862741850396.0,12.183411968300488,9199938557513.0,-5482578077911.0,6459195499182.0,-2826935751058.0,2789330044824.0,0.983029471082781,0.08107569865101685,0.45910919701473946,0.15896720029344816,0.0029210317967640733,-12054765336120.0,-1797559000000.0,0.0559313935996036,1024279852391.0
Private_3,Private_3,2024,1,2024-03-31,2024-Q1,10188798102414.0,3947658540916.0,0.024720006664365215,0.09812459925248211,0.013436533862165256,0.008761490370738388,0.10478399982114402,0.041870001010723135,0.0178030041489502,0.004131266610412163,0.0033046799247559923,0.32537187472310564,0.013623320723517313,915550873528339.0,948964733628589.0,1433311759250637.0,122070343071160.0,11.741686991205542,8425058731250.0,-4981759494554.0,5207038607860.0,-1259380066944.0,3155741540916.0,0.9647891445106876,0.0728222952351009,0.4889447650723089,0.1411357221834697,0.0019070499930473697,-12472843188773.0,-24418000000.0,0.05967300515967333,686887347815.0
Private_3,Private_3,2024,2,2024-06-30,2024-Q2,12503705382208.0,4946426141559.0,0.031083952822221532,0.09508593169713415,0.022185850251015715,0.0107675815859978,0.12719382227427994,0.046544619866653446,0.01538181997002579,0.00779034184354719,0.006355281614493373,0.28820266663551486,0.013414283563105886,974246570492066.0,954172181330189.0,1497382495807357.0,126027315531345.0,11.881412291408637,10774007968898.0,-4949941422458.0,7553763959750.0,-2607337818191.0,3944561186869.0,1.0210385395368493,0.07798524378138323,0.3958779634636514,0.3048860502397997,0.001865620508971109,-13068819756964.0,-120634000000.0,0.06192643983667924,683445413470.0
Private_3,Private_3,2024,3,2024-09-30,2024-Q3,11495635950553.0,3467484427295.0,0.02838326629179889,0.09103805218400579,0.024934687814353967,0.007158736160430177,0.08590369023793273,0.04245459598783682,0.009847346670072263,-0.0020745705873238787,-0.007187933574280957,0.3279041412141569,0.013921037837985623,1015909090557750.0,977308093594883.0,1561153351509621.0,128854065088223.0,12.115670160974279,10311654283832.0,-5739326390614.0,5756309559939.0,-2288825132644.0,2736906396020.0,1.0394972652082302,0.07659059153461606,0.49926132101790405,0.15156095319847346,0.0018244432500652303,-14142508889608.0,-194783000000.0,0.05230194265790908,697515635215.0
Private_3,Private_3,2024,4,2024-12-31,2024-Q4,10804027154882.0,-67122525798.0,0.0190884261314081,0.07791368606365254,0.024599973699196483,-0.0026963431028105126,-0.03310731720990538,0.033516952721545624,0.011551611933641211,-0.005278023265168522,-0.0029637213154948584,0.405600799219049,0.013594502811245985,1069558903116174.0,1030031585877823.0,1675800345692527.0,134771577552392.0,12.43437508209819,7406070304885.0,-8353609692995.0,2450417461887.0,-2517539987685.0,-1090992221946.0,1.0383748593541087,0.09008215650695586,0.7731940667346682,0.30303439197058807,0.0028673326038041176,-14540121515206.0,-1919662996087.0,0.045068564655186834,1160177859124.0
Private_3,Private_3,2025,1,2025-03-31,2025-Q1,15354266024863.0,8047051978951.0,0.025462521163732786,0.0886196215693486,0.02907367010138886,0.015075420069185318,0.18792039312691639,0.03070288118649905,0.012064980231713231,-0.0012866851265914063,-0.0003139545850571323,0.4454429793633311,0.013676382870752504,1110281305292933.0,1075055880376687.0,1764970365409199.0,141255217456363.0,12.494903885263135,10547416952132.0,-5344934493955.0,10009331530908.0,-1962279551957.0,6483882978951.0,1.0327661338905503,0.07025400295800087,0.34810745660521997,0.15377514254361993,0.0018433490544800455,-15184632225425.0,-383334656000.0,0.04276786141821228,792817679624.0
Private_3,Private_3,2025,2,2025-06-30,2025-Q2,14329232767148.0,6436165232718.0,0.024708778820300155,0.09005918726370328,0.02779024918212025,0.011249733779082838,0.1442484914583028,0.029197766307916692,0.010206866211360927,0.0007665012424715793,-0.0004506155310504844,0.4560365170768431,0.013315247653485926,1180007629236290.0,1160561490789663.0,1936825643544459.0,147442564989687.0,13.136136391007115,11015271510292.0,-5335291943571.0,8993940823577.0,-2557775590859.0,5205527450650.0,1.016755801912224,0.07613200911903545,0.37233619065795265,0.15739475539077222,0.002403088885968747,-15712093816284.0,-486280000000.0,0.039404632519277616,1111968105905.0
SGB,Private_3,2018,1,2018-03-31,2018-Q1,203908000000.0,115873000000.0,0.013051680824797962,0.04727577360506626,0.0026652037439975156,0.009056324289531868,0.0926523542451349,0.04005434826951566,0.07398027423861137,,,0.21262688081887576,0.008516631135780049,13727024000000.0,15094141000000.0,20918804000000.0,3529957000000.0,5.926078986231277,158459000000.0,-94158000000.0,109750000000.0,6123000000.0,112606000000.0,0.909427306926575,0.10779195715741624,0.46176707142436785,0.0,0.0007050045177169632,-116908000000.0,,0.11403462250812703,8766000000.0
SGB,Private_3,2018,2,2018-06-30,2018-Q2,199540000000.0,-4290000000.0,0.03474715725409088,0.09979704797850765,0.009477976698603788,-0.004421916708209785,-0.026252052723651897,0.0647576492711329,0.054057173928674665,,,0.14275203257017424,0.009244286057920685,13851908000000.0,14223268000000.0,20724676000000.0,3484504000000.0,5.947668879128852,168762000000.0,-120104000000.0,79436000000.0,-83726000000.0,-23018000000.0,0.9738906698516825,0.10901981176196637,0.6019043800741706,0.6889598164714191,0.002002714470548571,-128051000000.0,,0.11881482319980756,10425000000.0
SGB,Private_3,2018,3,2018-09-30,2018-Q3,200473000000.0,10462000000.0,0.031465204990287515,0.09572555856388397,0.0161697816807341,0.0007458606212754026,0.004486699067100832,0.06399008257267691,0.04280744642949984,,,0.17363923592905314,0.011111189044956636,13829393000000.0,14703371000000.0,21245632000000.0,3492563000000.0,6.083106303307915,154449000000.0,-109212000000.0,91261000000.0,-80799000000.0,3913000000.0,0.9405593452004986,0.11463235199601507,0.544771615130217,0.0,0.0023780621290651477,-153661000000.0,,0.10679752900217675,12476000000.0
SGB,Private_3,2018,4,2018-12-31,2018-Q4,241292000000.0,-69531000000.0,0.03695072691611717,0.10579650720430747,0.019130514545210465,-0.009971170268174628,-0.05990558697491741,0.022013738617502512,0.013276474700388024,,,0.37063717802174434,0.008159109958899426,13671099000000.0,14678435000000.0,20373555000000.0,3434871000000.0,5.931388689706251,178887000000.0,-125632000000.0,115660000000.0,-185191000000.0,-51874000000.0,0.9313730653165682,0.110542983635517,0.5206637600915074,0.686533223251058,0.002173420638899073,-111544000000.0,,0.035290213317890534,11307000000.0
SGB,Private_3,2019,1,2019-03-31,2019-Q1,178346000000.0,70530000000.0,0.03365074387696053,0.10147888031088956,0.01479424345039329,0.013099552577729785,0.07737779727394224,0.024044561299217868,0.010066862953895856,,,0.34071200574247446,0.008192270707454399,13615761000000.0,14827919000000.0,20602501000000.0,3502106000000.0,5.882889038766959,159682000000.0,-112131000000.0,66215000000.0,4315000000.0,67096000000.0,0.9182516440776349,0.10374294599262378,0.6287273053502742,0.0,0.001986330748864654,-111544000000.0,,0.034111424253113726,10174000000.0
SGB,Private_3,2019,2,2019-06-30,2019-Q2,175181000000.0,17842000000.0,0.03236551852671972,0.10141931451895915,0.01704738105264682,0.0006958524145532167,0.004169522438644288,0.02247692221989523,0.010823621661910433,,,0.33451815506628935,0.007518938552567837,14181390000000.0,14588829000000.0,21291440000000.0,3489582000000.0,6.101429913382176,156944000000.0,-108820000000.0,66361000000.0,-48519000000.0,3644000000.0,0.9720718503178014,0.107648804437971,0.6211860875323237,0.6952083236084791,0.0018691008325046336,-106629000000.0,,0.033300543881805665,9788000000.0
SGB,Private_3,2019,3,2019-09-30,2019-Q3,254315000000.0,132411000000.0,0.04193048410664335,0.11411494113466909,0.015235959820136875,0.023421593572606047,0.14295942079203253,0.020228857582996276,0.013112848336628962,,,0.3818718191542272,0.0077248306446305705,14511645000000.0,14701649000000.0,22077428000000.0,3615707000000.0,6.105978166925583,210271000000.0,-111121000000.0,143194000000.0,-10783000000.0,126971000000.0,0.9870760075961547,0.11415964290808467,0.4369423746141596,0.0,0.0021731717784287106,-112100000000.0,,0.033341705919625236,11781000000.0
SGB,Private_3,2019,4,2019-12-31,2019-Q4,256805000000.0,-39704000000.0,0.03931805458072822,0.11666060514240179,0.01248356798022399,-0.00946114962306281,-0.059177532178528565,0.01939314077515271,0.015565072658415901,,,0.4061352083739218,0.007876237269741446,14556951000000.0,15667758000000.0,22812677000000.0,3561206000000.0,6.405885253478737,205406000000.0,-154256000000.0,102549000000.0,-142253000000.0,-53089000000.0,0.9291023642310533,0.11205247106829197,0.6006736628959717,0.7239099154379667,0.002189881266706772,-114654000000.0,,0.03495821343356861,12288000000.0
SGB,Private_3,2020,1,2020-03-31,2020-Q1,175169000000.0,48357000000.0,0.030365174376852693,0.10449784737139776,0.007587008192128715,0.0081382138312623,0.048912068581263166,0.026530250755053657,0.01554410924490695,0.006514894499541834,0.006129374207552117,0.30400750910797525,0.008065395448053842,14215546000000.0,15543978000000.0,20308333000000.0,3613465000000.0,5.620182567148153,152490000000.0,-133408000000.0,41761000000.0,6596000000.0,43866000000.0,0.914537192474153,0.10479370210122531,0.7615959444878946,0.0,0.001424827479690295,-114654000000.0,0.0,0.042074359999960606,7680000000.0
SGB,Private_3,2020,2,2020-06-30,2020-Q2,201966000000.0,77197000000.0,0.03371071398967769,0.1083401837718936,0.002028076559073649,0.011017245281612003,0.061891040929635426,0.022733113842726697,0.0016907339146199866,-0.003899955724528625,-0.017760978016602386,0.35215199159470567,0.008005511314865378,14151251000000.0,15981899000000.0,20569399000000.0,3663194000000.0,5.615154152359935,159067000000.0,-112056000000.0,89910000000.0,-12713000000.0,56295000000.0,0.8854549137120689,0.11551487091740474,0.5548260598318528,0.7346082903908494,0.0016026329445087608,-113288000000.0,0.0,0.024423847757346684,8189000000.0
SGB,Private_3,2020,3,2020-09-30,2020-Q3,184306000000.0,51795000000.0,0.026905308893523345,0.1106412644752358,0.0006309712439977068,0.008383141670717038,0.049448237250552814,0.021375445954526475,0.01086604801903799,-0.001446797883805467,0.007683207654220817,0.3973833773752772,0.008494246906312437,14092244000000.0,17743560000000.0,22700298000000.0,3672477000000.0,6.181195416608463,134623000000.0,-111544000000.0,72762000000.0,-20967000000.0,45342000000.0,0.7942173949308933,0.0633650180685274,0.6052108992653522,0.0,0.0019331773920210258,-119703000000.0,0.0,0.03224149397356446,10456000000.0
SGB,Private_3,2020,4,2020-12-31,2020-Q4,187706000000.0,-56224000000.0,0.026516647482690378,0.10420573684433954,0.0005568068332897548,-0.008311113891563693,-0.05314880365286286,0.014440153940268844,0.008055970040556594,-0.005546526160063649,-0.007581830118751846,0.5234572882343711,0.0075588038232599995,15447550000000.0,18223634000000.0,23942788000000.0,3621309000000.0,6.6116390509619585,144489000000.0,-112046000000.0,75660000000.0,-131884000000.0,-48457000000.0,0.8476657290197992,0.10948085326998995,0.5969228474316218,0.7006407695365893,0.0019288603674293763,-116765000000.0,0.0,0.022496123980825438,11246000000.0
SGB,Private_3,2021,1,2021-03-31,2021-Q1,174413000000.0,58650000000.0,0.026423447591026706,0.09793648665697248,0.0002939087836801097,0.009236803467430303,0.0587422194215627,0.015776597399580053,0.008074140601792791,0.0008044641383261424,0.00055037853899162,0.49583425339289655,0.00782257739270109,14926666000000.0,17888304000000.0,22461144000000.0,3675385000000.0,6.111235693675629,143458000000.0,-119716000000.0,54697000000.0,3953000000.0,53578000000.0,0.8344371830890173,0.09877973898475786,0.6863937894537678,0.0,0.0013619535516947142,-116765000000.0,0.0,0.023850738001372843,7900000000.0
SGB,Private_3,2021,2,2021-06-30,2021-Q2,243120000000.0,78155000000.0,0.031130906428512232,0.10286869278031913,0.0004381853023848422,0.009801433136861416,0.05998928242037458,0.014319194082877715,0.009366491120207316,-0.0011159893307721898,0.00039968737827991864,0.533468291033386,0.007638835996368149,15282564000000.0,18166561000000.0,22870186000000.0,3731138000000.0,6.129547071161667,164672000000.0,-129658000000.0,113462000000.0,-35307000000.0,55539000000.0,0.8412469481703224,0.10754104753233151,0.5333086541625535,0.7342973737725939,0.00148294788615291,-116741000000.0,0.0,0.023685685203085033,8403000000.0
SGB,Private_3,2021,3,2021-09-30,2021-Q3,179591000000.0,57563000000.0,0.027304169135690295,0.09691817938711399,0.00043580367229225807,0.009148038928124182,0.05547382673282485,0.02049340687944933,0.01766631780814384,0.0058700882914673215,0.013907744799890908,0.38827525409666047,0.007957082763424439,15055769000000.0,18004192000000.0,22678374000000.0,3780152000000.0,5.99932859842673,145105000000.0,-110758000000.0,68833000000.0,-11270000000.0,52085000000.0,0.8362368608377426,0.11554298021260827,0.6167235551892912,0.0,0.0008418268327253375,-119800000000.0,0.0,0.03815972468759317,4793000000.0
SGB,Private_3,2021,4,2021-12-31,2021-Q4,286005000000.0,-40255000000.0,0.02447379852352614,0.09905599572696644,0.001450961798431515,-0.006516079879076269,-0.041143105577555454,0.019711687072809167,0.024167170086253666,0.001111932575479871,0.009934464323941208,0.4979018399249889,0.009814485261577303,16502139000000.0,18105487000000.0,24608953000000.0,3709025000000.0,6.6348846394942065,135936000000.0,-213412000000.0,72593000000.0,-112848000000.0,-38516000000.0,0.9114440832218432,0.1295637062952242,0.7461827590426741,0.7205586915541133,0.0011275748362769586,-161960000000.0,0.0,0.04387885715906283,6665000000.0
SGB,Private_3,2022,1,2022-03-31,2022-Q1,284159000000.0,98759000000.0,0.037303234995260504,0.09947704758301931,0.002433531367170637,0.01619657222843035,0.10349513958772084,0.023889263488045286,0.01958792492372731,0.004409367779534519,2.0179202223420854e-05,0.42204100500189673,0.01008224877124975,16662255000000.0,18007603000000.0,23433805000000.0,3809473000000.0,6.1514558575425,212175000000.0,-107360000000.0,176799000000.0,-78040000000.0,97266000000.0,0.9252900011178612,0.12653866258601992,0.3778166449065488,0.0,0.0014686917016712487,-167993000000.0,0.0,0.043477188411772595,8820000000.0
SGB,Private_3,2022,2,2022-06-30,2022-Q2,285339000000.0,77161000000.0,0.04143121546784592,0.10147105343451811,0.005876307657197222,0.007267557386500389,0.04571405919089683,0.01893586333752305,0.021562169087685244,-0.003317798221189149,0.0005188973521291086,0.5319356880913273,0.010072661494048661,18101472000000.0,18326015000000.0,24803585000000.0,3859240000000.0,6.427064655217089,237180000000.0,-105215000000.0,180124000000.0,-102963000000.0,43821000000.0,0.9877473089485085,0.10495413214493167,0.3687368358338678,0.7234992054865127,0.001990489120576383,-182330000000.0,0.0,0.04049803242520829,12002000000.0
SGB,Private_3,2022,3,2022-09-30,2022-Q3,236810000000.0,60176000000.0,0.03594197099933977,0.10255235072064806,0.012733681209524181,0.007673156484403125,0.04945572108306836,0.021341200201725575,0.024160438914013083,0.0026816051202907696,0.0055926390958702145,0.46781563372075197,0.00998374709673169,18335801000000.0,18338726000000.0,25307735000000.0,3915634000000.0,6.463253460359165,214248000000.0,-155851000000.0,80959000000.0,-20783000000.0,48064000000.0,0.9998405014612247,0.09918371646972642,0.6581267682952578,0.0,0.0014554795203957909,-183060000000.0,0.0,0.04550163911573866,9117000000.0
SGB,Private_3,2022,4,2022-12-31,2022-Q4,249147000000.0,910000000.0,0.03356728219367972,0.1062740386127114,0.021997194116657452,0.0001264767681382382,0.0008578761321047346,0.021245976189450743,0.025944273623712783,0.0003432628877244032,0.002662550711583312,0.4685137398705238,0.009954031761719667,18714226000000.0,20499407000000.0,27698047000000.0,3899014000000.0,7.103859334693335,211715000000.0,-199575000000.0,49572000000.0,-48662000000.0,838000000.0,0.9129154809209847,0.09319181769501918,0.8010331250225771,0.7338062442330352,0.001247562011253791,-186282000000.0,0.0,0.047190249813163526,8266000000.0
SGB,Private_3,2023,1,2023-03-31,2023-Q1,267526000000.0,104855000000.0,0.03477559920010393,0.11949130040761309,0.02078470068646131,0.014755169402562981,0.10145013184869395,0.023403955986872896,0.029861884058363115,0.0018661204583080274,0.0054113378773987236,0.4346500202300445,0.010172529943157376,18480850000000.0,21244570000000.0,26284932000000.0,3952410000000.0,6.650355605820247,223384000000.0,-130986000000.0,136540000000.0,-31685000000.0,99566000000.0,0.8699093462470645,0.07515162698044724,0.48961970051509013,0.0,0.0014816522074485737,-187997000000.0,0.0,0.05326584004523601,9998000000.0
SGB,Private_3,2023,2,2023-06-30,2023-Q2,265791000000.0,78531000000.0,0.03809333721881974,0.12414693764276696,0.02520573919310254,0.007214725097638863,0.04819369807404483,0.023002876409554684,0.028679886571449306,0.00045246836590308347,0.00033467075378026446,0.44385069190064574,0.010209842610085888,19166603000000.0,21775898000000.0,26848624000000.0,4001825000000.0,6.709094975417465,240574000000.0,-133691000000.0,132100000000.0,-53569000000.0,47918000000.0,0.8801750908274828,0.07631395958963437,0.5029929531097742,0.7444828570472221,0.0014646864591558676,-195688000000.0,0.0,0.05168276298100399,9728000000.0
SGB,Private_3,2023,3,2023-09-30,2023-Q3,229086000000.0,64719000000.0,0.030816616829833957,0.11778296073781531,0.02329698349647057,0.007415669683222859,0.051996215958291694,0.022294008958738766,0.030191472289089954,-0.00030229665632454535,0.0017598841067454677,0.45795266759060704,0.010209600873943311,19516140000000.0,22878311000000.0,29681402000000.0,4060454000000.0,7.309872738368665,206395000000.0,-148941000000.0,80145000000.0,-15426000000.0,52401000000.0,0.8530411182888457,0.06821132906183502,0.650153217568948,0.0,0.0012661589789468698,-199252000000.0,0.0,0.052485481247828716,8947000000.0
SGB,Private_3,2023,4,2023-12-31,2023-Q4,409184000000.0,84140000000.0,0.030892411326787633,0.13175523345602672,0.012088816852959053,0.008748190052611366,0.06583770892566712,0.020258644888610056,0.02437300602878385,-0.0015669594499732016,-0.006821892033978031,0.44140099675658573,0.00894218604677019,19967377000000.0,23556779000000.0,31500625000000.0,4069112000000.0,7.741400335011669,221591000000.0,-156819000000.0,252365000000.0,-168225000000.0,66904000000.0,0.8476276404342037,0.0735148892809157,0.3832481230937671,0.7405968772779586,0.001350854230442545,-178552000000.0,0.0,0.044631650917393906,10331000000.0
SGB,Private_3,2024,1,2024-03-31,2024-Q1,223863000000.0,67973000000.0,0.02498202441595548,0.09809065025418927,0.01715667596278513,0.008007186405925881,0.06184130257649748,0.02376379640793005,0.02727247075163292,0.0032341253435541383,0.005822547448270246,0.39022232454822003,0.009273163874393106,19739649000000.0,23512476000000.0,31863455000000.0,4135243000000.0,7.7053404116759285,183889000000.0,-149091000000.0,74772000000.0,-6799000000.0,63421000000.0,0.8395393577435231,0.07396137267721188,0.6659921469827529,0.0,0.0009568828269896762,-183049000000.0,0.0,0.05103626715956297,7579000000.0
SGB,Private_3,2024,2,2024-06-30,2024-Q2,262401000000.0,98192000000.0,0.030201594335894765,0.09395789533595512,0.031318227855987556,0.008651548434998975,0.0666545524807152,0.025506247154529,0.026842545051763148,0.002491786961358837,0.0028504559528895372,0.3827400844337766,0.009762263189513204,20319571000000.0,23513899000000.0,32412669000000.0,4207593000000.0,7.703375540362388,225420000000.0,-142329000000.0,120072000000.0,-21880000000.0,69511000000.0,0.8641514961002427,0.0762976399617945,0.5424102804486264,0.7413500960131316,0.0012248405022057646,-198365000000.0,0.0,0.05234879220629215,9841000000.0
SGB,Private_3,2024,3,2024-09-30,2024-Q3,295778000000.0,46820000000.0,0.032520772677067135,0.09442653027425194,0.026428351675392373,0.004879095090031938,0.037315913139113484,0.028465136089840394,0.025215913297346397,0.003081413480629094,0.0015633204067152795,0.3347093850976693,0.009527548197351953,20407034000000.0,23441211000000.0,31766445000000.0,4183894000000.0,7.592554926104724,242550000000.0,-158901000000.0,136877000000.0,-90057000000.0,39142000000.0,0.870562275984803,0.07825576929451299,0.5372306256719567,0.0,0.0009725282277969746,-194429000000.0,0.0,0.05368104938718679,7802000000.0
SGB,Private_3,2024,4,2024-12-31,2024-Q4,118827000000.0,-113641000000.0,0.0068950192088712255,0.0867312295956368,0.026613363355291533,-0.011429864081518947,-0.08983231980367733,0.026615669189152747,0.05024075611563035,0.005176548439131331,0.03371582563149549,0.3625350818476067,0.009649113807918315,21834544000000.0,24413123000000.0,33260400000000.0,4089832000000.0,8.13246118666977,52419000000.0,-180066000000.0,-61239000000.0,-52402000000.0,-92906000000.0,0.8943773395972322,0.0792272664173281,1.5153626701002298,0.744430319101215,0.001021731870891168,-210684000000.0,-105386000000.0,0.0768564253047831,8305000000.0
SGB,Private_3,2025,1,2025-03-31,2025-Q1,340635000000.0,98164000000.0,0.02771813454540984,0.08409743154238217,0.02960576653134516,0.009804164439384706,0.07922671074175311,0.032768663741932914,0.05694111356146716,0.004916567069135952,0.009180727566373724,0.31642470107771176,0.010368814629257175,20900364000000.0,24539598000000.0,33506330000000.0,4172432000000.0,8.030407685493737,217861000000.0,-176290000000.0,164345000000.0,-66181000000.0,81824000000.0,0.8516995266181622,0.06762841021275083,0.5175334302112231,0.0,0.0010974328082264924,-216712000000.0,-3615000000.0,0.08970977730340007,9159000000.0
SGB,Private_3,2025,2,2025-06-30,2025-Q2,268557000000.0,76385000000.0,0.02886392148783831,0.0921472855548052,0.027335153805631094,0.006825404499801863,0.05573625014126058,0.03208787225598475,0.05970937108252093,-0.0016624590844446538,-0.0007208965355818683,0.3239024135135842,0.010393339268229038,20260957000000.0,25595190000000.0,35140737000000.0,4234018000000.0,8.299619179701173,233402000000.0,-152914000000.0,115643000000.0,-39258000000.0,58568000000.0,0.7915923655968172,0.07113906948922825,0.56939122793299,0.754419841860338,0.0012941558012959243,-210579000000.0,0.0,0.09179724333850568,11105000000.0
SHB,Private_2,2018,1,2018-03-31,2018-Q1,1194525000000.0,502857000000.0,0.029424370417993347,0.16098737710219752,0.01310483350578302,0.009993250764342647,0.16558122984662535,0.02291467161786691,0.02564100462044277,,,0.617196127536132,0.01414284658630957,202487737000000.0,208444041000000.0,286904619000000.0,15202243000000.0,18.872518943421703,1073024000000.0,-625518000000.0,569007000000.0,-66150000000.0,402285000000.0,0.9714249255031474,0.08663879242295058,0.5236541721604822,0.21611334036896088,0.0014509012202616578,-2863753000000.0,,0.048555676238309683,58407000000.0
SHB,Private_2,2018,2,2018-06-30,2018-Q2,1376854000000.0,518302000000.0,0.016218510804843152,0.09474471918894524,0.007790001777213249,0.005584899695549992,0.10735513767265265,0.026996714536954933,0.021177068873203666,,,0.5177995972653009,0.013978887914721558,208360280000000.0,219636986000000.0,303929985000000.0,15534544000000.0,19.564783169689434,1087560000000.0,-675528000000.0,701326000000.0,-183024000000.0,412469000000.0,0.9486575271070238,0.08073606054674234,0.4906315411801106,0.22048818425191413,0.0006351692968883725,-2912645000000.0,,0.0481737834101586,46910000000.0
SHB,Private_2,2018,3,2018-09-30,2018-Q3,1275512000000.0,348201000000.0,0.017034637658236693,0.09464080113403053,0.014276662330238504,0.0036931507672829152,0.07057266673266105,0.02751897042369171,0.02512291740707896,,,0.5570599655960955,0.015329716717461674,197029864000000.0,219406083000000.0,299697687000000.0,16054003000000.0,18.668097109487274,1174231000000.0,-696540000000.0,578972000000.0,-230771000000.0,278661000000.0,0.8980145915097532,0.08666913305224996,0.5460865911100797,0.23201746376769314,0.0008109502309231443,-3020412000000.0,,0.05264188783077067,61189000000.0
SHB,Private_2,2018,4,2018-12-31,2018-Q4,2795583000000.0,620837000000.0,0.030514689941775842,0.10018437184484395,0.026405866985659287,0.006343437692559003,0.12120389860142648,0.02396032438196534,0.018190526462088505,,,0.5746237250736855,0.013768170850338775,216988882000000.0,225225592000000.0,323338621000000.0,16553793000000.0,19.53260023246636,2192710000000.0,-1170654000000.0,1624929000000.0,-1004092000000.0,494024000000.0,0.9634290671550327,0.08901161196637014,0.4187512944527134,0.25104679016452147,0.006105172284758724,-2987540000000.0,,0.042150850844053844,475468000000.0
SHB,Private_2,2019,1,2019-03-31,2019-Q1,1542759000000.0,743571000000.0,0.017766301760352776,0.09073917630116285,0.018591852081799407,0.007243459911261565,0.14143314006224403,0.024004949419371042,0.019124224789403895,,,0.5533589385165951,0.013283353329847715,226014390000000.0,232940151000000.0,333105683000000.0,17065824000000.0,19.51887485772735,1352782000000.0,-799188000000.0,743571000000.0,0.0,594366000000.0,0.9702680668391942,0.07361648443337705,0.518025174379148,0.26088653524145705,0.0015280382416114316,-3002229000000.0,,0.043129174208774934,125384000000.0
SHB,Private_2,2019,2,2019-06-30,2019-Q2,1957800000000.0,893653000000.0,0.02201339042643005,0.10235421408840721,0.025218899481224584,0.008469860215886658,0.16579694508051587,0.029234206387951666,0.024044359035454547,,,0.4349135503838935,0.012714352492839557,240006481000000.0,244466325000000.0,341946780000000.0,17419733000000.0,19.629851961565656,1717619000000.0,-844993000000.0,1112807000000.0,-219154000000.0,714700000000.0,0.981756816608586,0.06822398545075686,0.4316033302686689,0.3156476736924437,0.0022878458855426767,-3051527000000.0,,0.05327856542340621,193052000000.0
SHB,Private_2,2019,3,2019-09-30,2019-Q3,2438134000000.0,700831000000.0,0.02811759751759618,0.10954425253361044,0.010844942139727524,0.006403427027076737,0.1256839662399286,0.02859060720441814,0.030591530289866775,,,0.456034285464432,0.013038297127461067,252778332000000.0,246239514000000.0,357238825000000.0,18202822000000.0,19.625463842914026,2254814000000.0,-1023122000000.0,1415012000000.0,-714181000000.0,559648000000.0,1.0265547064067062,0.08077302735417193,0.4196332113001172,0.2719793172855111,0.000373428740713276,-3295799000000.0,,0.059182137494284914,32637000000.0
SHB,Private_2,2019,4,2019-12-31,2019-Q4,3382854000000.0,815141000000.0,0.030234010465588317,0.10466777157276097,0.018596329347748474,0.00720105400888033,0.14102262801800394,0.018313329630450088,0.017083446910930493,,,0.644228233120318,0.011797963990374827,265204149000000.0,259351020000000.0,365643130000000.0,18709779000000.0,19.542888774902153,2481760000000.0,-1285847000000.0,2097007000000.0,-1281866000000.0,650689000000.0,1.0225683669954335,0.07719924525455886,0.38010715212657714,0.24344876021881956,0.0037918556149323162,-3128869000000.0,,0.035396776541380584,342633000000.0
SHB,Private_2,2020,1,2020-03-31,2020-Q1,1850205000000.0,779499000000.0,0.020239901455025428,0.10089022055248589,0.014537239849494456,0.006690478419861443,0.12963478748194868,0.021748176104759688,0.026179722303144595,0.00482531666576604,0.015595393268149814,0.5101420769123591,0.011094659727137848,282159983000000.0,262539921000000.0,368981764000000.0,19204365000000.0,19.21343215461693,1684058000000.0,-1070706000000.0,779499000000.0,0.0,614374000000.0,1.074731728132119,0.0638635143034114,0.5786958742409625,0.21542093930608358,0.0012162615333315943,-3130469000000.0,0.0,0.04792789840790428,111687000000.0
SHB,Private_2,2020,2,2020-06-30,2020-Q2,2593437000000.0,880487000000.0,0.028291821054125654,0.10292763798527478,0.011246675264399623,0.007502100559511728,0.13571235331402126,0.024529879398928048,0.020826685746159635,0.0032353985504741116,-0.0017324356019684053,0.47685259594303886,0.011697136669548509,287378706000000.0,279394833000000.0,391362083000000.0,22827004000000.0,17.144697701021123,2438038000000.0,-847568000000.0,1745869000000.0,-865382000000.0,713022000000.0,1.0285755928779112,0.06921065000511302,0.32681264283651384,0.21485824249276622,0.000993455793691719,-3361508000000.0,0.0,0.04535656514508768,94421000000.0
SHB,Private_2,2020,3,2020-09-30,2020-Q3,3161478000000.0,947130000000.0,0.028100953419196446,0.10217728604117905,0.03813978146753579,0.00763744511911816,0.12972793622623804,0.024669185303439756,0.022605562703551112,0.0005537779824229566,0.0027124556681663117,0.5672862446311713,0.013994489488898821,292207015000000.0,296517196000000.0,401926236000000.0,23876090000000.0,16.833838203826506,2530373000000.0,-1157726000000.0,2003752000000.0,-1056622000000.0,757337000000.0,0.9854639762612621,0.0711329740215134,0.3661977087931657,0.2084398507003354,0.0012126435962307419,-4089288000000.0,0.0,0.04727474800699087,120247000000.0
SHB,Private_2,2020,4,2020-12-31,2020-Q4,4629556000000.0,805312000000.0,0.035504708363353836,0.10448072414169023,-0.014709347404195258,0.006307197947434011,0.10647328910322648,0.017192079723512815,0.01889451258421297,0.003510538581696952,0.0006679100431589571,0.690409114706689,0.011869568541877299,305637310000000.0,303631883000000.0,412918017000000.0,24393143000000.0,16.927626628516055,3312612000000.0,-1212003000000.0,3417553000000.0,-2612241000000.0,642423000000.0,1.0066047971648617,0.09726749282123313,0.26179681161649193,0.2141301621918702,0.0018425312499565484,-3627783000000.0,-2979772000000.0,0.03608659230772578,187672000000.0
SHB,Private_2,2021,1,2021-03-31,2021-Q1,2554655000000.0,1664050000000.0,0.023084556842749508,0.09132863717443625,0.010057124963755182,0.012799749781802107,0.2127918269457283,0.01887752055667798,0.02069348126457738,0.00199755716996724,0.00413866684011844,0.5894404652357884,0.011127174499426427,310690643000000.0,300654398000000.0,418407609000000.0,25612349000000.0,16.336166940408315,2225849000000.0,-890605000000.0,1664050000000.0,0.0,1330095000000.0,1.0333813344050933,0.08563204852902236,0.3486204595141027,0.21482222705546197,0.0012178043937743355,-3457109000000.0,0.0,0.039571001821255364,126549000000.0
SHB,Private_2,2021,2,2021-06-30,2021-Q2,4987963000000.0,1522156000000.0,0.04658011033226817,0.09603558611340657,0.010501659505546714,0.011108644384767961,0.18679103649711817,0.020645128862024194,0.015256180339643434,0.0031497504738177778,-0.0012661855413521417,0.5316285845000933,0.010975540633739943,331490641000000.0,310864930000000.0,458877473000000.0,26560647000000.0,17.27659243391172,4666285000000.0,-1251856000000.0,3736107000000.0,-2213951000000.0,1218181000000.0,1.0663494302815053,0.09300499737940848,0.250975398173563,0.21515451870237,0.0012322562211310919,-3638289000000.0,0.0,0.035901309201667626,135130000000.0
SHB,Private_2,2021,3,2021-09-30,2021-Q3,4660104000000.0,1868804000000.0,0.03801390668257183,0.10316007182235823,0.010376366724147002,0.012948098304154191,0.2164569517224273,0.022207782039539905,0.019633749042968544,0.002092951999812266,0.006939354284816747,0.553752384257776,0.012297612253472236,339406294000000.0,324242541000000.0,464595281000000.0,28679972000000.0,16.19929339540499,3965594000000.0,-911760000000.0,3748344000000.0,-1879540000000.0,1494652000000.0,1.046766698019431,0.07468241497650982,0.1956522858717316,0.21002247852487602,0.001270127348012695,-4173887000000.0,0.0,0.041841531082508446,146616000000.0
SHB,Private_2,2021,4,2021-12-31,2021-Q4,5980358000000.0,1169223000000.0,0.04294250670939141,0.10732823284176107,0.007620703510662971,0.007732716020894203,0.1166888572586326,0.014252574992351679,0.005049471791576603,0.012497369892616074,-0.0017445816723716974,0.9602316429648797,0.013685773501386011,362416125000000.0,327318099000000.0,506556379000000.0,35676130000000.0,14.198747986398748,4774049000000.0,-1349761000000.0,4630597000000.0,-3461374000000.0,938705000000.0,1.1072291025373455,0.09543965975434801,0.22569903005806677,0.2138485030528777,0.0014608140606998498,-4959945000000.0,-6613784000000.0,0.01930204678392828,177334000000.0
SHB,Private_2,2022,1,2022-03-31,2022-Q1,4693669000000.0,3226502000000.0,0.03588281026758729,0.09564670702427137,0.0072549085312550235,0.020206684430891787,0.2810187229544225,0.017436809299879796,0.012488881311917065,0.00363510867514518,0.011397450927438728,0.8055827857934514,0.014046793411146329,371787343000000.0,333638681000000.0,515553313000000.0,37818788000000.0,13.632200825684842,4222746000000.0,-995024000000.0,3698645000000.0,-472143000000.0,2581681000000.0,1.1143412445033614,0.09676118759143518,0.21199279284500036,0.21211554112612133,0.0012308972411152913,-5222420000000.0,0.0,0.02992569061179686,157264000000.0
SHB,Private_2,2022,2,2022-06-30,2022-Q2,4655177000000.0,2550361000000.0,0.03540410658761984,0.09790096998417835,0.025273039751292754,0.015840621802651892,0.2114457569959385,0.02553436500123004,0.009049367083353075,0.008158513346700993,0.004740602479304951,0.602606006273423,0.015387161716119103,372674903000000.0,339761442000000.0,522180698000000.0,39923855000000.0,13.079415752812448,4193400000000.0,-945575000000.0,3709602000000.0,-1159241000000.0,2054794000000.0,1.096872266629949,0.08223876386773753,0.20312331840443446,0.21954371435494932,0.0017179199882656636,-5734409000000.0,0.0,0.03458373208458312,222843000000.0
SHB,Private_2,2022,3,2022-09-30,2022-Q3,5317080000000.0,3258189000000.0,0.04084941145068706,0.10853573961504398,-0.00831367926155927,0.019724165578000538,0.25207327233832494,0.023316299673770947,0.010247629627971105,-0.002003515648597351,-0.0007109574534456913,0.7415257469846421,0.01728963653251077,376104147000000.0,340717466000000.0,528560025000000.0,42294239000000.0,12.497210908558964,4820791000000.0,-1179434000000.0,4137646000000.0,-879457000000.0,2590623000000.0,1.1038593102239145,0.08026635476327475,0.22181987105704634,0.22434684055061982,0.001937878636878529,-6502704000000.0,0.0,0.033563929301742054,254526000000.0
SHB,Private_2,2022,4,2022-12-31,2022-Q4,4705012000000.0,623597000000.0,0.03542618341621827,0.11011455167419575,0.016465859576463713,0.003545084228290136,0.045013051385852536,0.02525736281626406,0.009693405195124091,0.00978072969772386,0.009472099758580965,0.7475992492051912,0.01888238547834212,385633214000000.0,361841278000000.0,551351129000000.0,42756116000000.0,12.895257581394905,4292071000000.0,-1262779000000.0,3442233000000.0,-2818636000000.0,478547000000.0,1.065752409817655,0.0763859285285854,0.26839017626309986,0.2316500343348676,0.0018289874983548878,-7281675000000.0,-2707852000000.0,0.03495076801138815,246893000000.0
SHB,Private_2,2023,1,2023-03-31,2023-Q1,6203673000000.0,3619947000000.0,0.04587829312859401,0.14136186166664616,0.01637276307583762,0.020551421678190032,0.2602393963484517,0.028313541478333676,0.019833341191598935,0.004737244961477825,0.016054750408506048,0.7269748715236739,0.020583233178591835,408529502000000.0,391481655000000.0,570193860000000.0,45813656000000.0,12.445936643868807,5843911000000.0,-1209770000000.0,4993903000000.0,-1373956000000.0,2881168000000.0,1.0435469881724087,0.06361350188937973,0.19500866663990832,0.2170926051993458,0.0015858409760145609,-8408858000000.0,0.0,0.04814688266993261,222324000000.0
SHB,Private_2,2023,2,2023-06-30,2023-Q2,5088119000000.0,2464303000000.0,0.030933583891492786,0.12489016003984171,0.014216782659304721,0.013511354675085381,0.16710208947933983,0.030178497564618476,0.02794646385758372,0.0017988101138409337,0.009850679033701707,0.5691936226485524,0.017177408354895708,407634077000000.0,409618315000000.0,585269850000000.0,47613542000000.0,12.29208803663462,4107619000000.0,-1086678000000.0,4001441000000.0,-1537138000000.0,1951485000000.0,0.9951558855467681,0.06470783416996381,0.21357165585160254,0.20771445904043906,0.0008951903820501641,-7002097000000.0,0.0,0.05812496142220219,129295000000.0
SHB,Private_2,2023,3,2023-09-30,2023-Q3,4591142000000.0,2425291000000.0,0.03237058534088945,0.12728369637936418,0.012229996702304506,0.013945798745162151,0.16954930917982705,0.03206398277670673,0.019359280972782392,0.002899718317710715,-0.0050751007256932545,0.5828906789536012,0.01868979669067116,420528170000000.0,427449408000000.0,595697716000000.0,49523604000000.0,12.028561491607114,4421543000000.0,-1546063000000.0,3045079000000.0,-619788000000.0,2058692000000.0,0.9838080533731842,0.07277516921955826,0.33674911383703665,0.1961428035432908,0.0002566979896211646,-7859586000000.0,0.0,0.05142326374948912,37894000000.0
SHB,Private_2,2023,4,2023-12-31,2023-Q4,5808241000000.0,734974000000.0,0.03728924078696346,0.11406899696403222,0.03527477110116601,0.0037781870283598675,0.046603202081376034,0.02846886589338398,0.012701289348522264,0.009428700103491283,0.003312432077974705,0.7771081243880971,0.022123386977863892,438464147000000.0,447503426000000.0,630424751000000.0,49879866000000.0,12.638862161337803,5356054000000.0,-1192502000000.0,4615739000000.0,-3880765000000.0,579065000000.0,0.9798006484982754,0.10051068748689311,0.20531207296666926,0.18754071690771215,0.0008759059791374005,-9700312000000.0,-4966265000000.0,0.041170155241906245,134246000000.0
SHB,Private_2,2024,1,2024-03-31,2024-Q1,5839868000000.0,4017021000000.0,0.03499399305391976,0.10827070683108597,0.013226498954098052,0.02051367107195789,0.2491176279952696,0.03019385994496408,0.015059814957338765,0.0016700681344420164,0.004001198300941125,0.6926809264915919,0.02091471088103508,437666533000000.0,444297051000000.0,621144113000000.0,53180974000000.0,11.679818293662692,5170071000000.0,-1114655000000.0,4725213000000.0,-708192000000.0,3209284000000.0,0.9850763853033092,0.0776364032179903,0.1908698963743701,0.18082262753260075,0.0009494771196225603,-9153669000000.0,0.0,0.045253674902302844,148542000000.0
SHB,Private_2,2024,2,2024-06-30,2024-Q2,4382911000000.0,2857699000000.0,0.029202622998838884,0.09046908957625042,0.01429037929265134,0.014271485266185071,0.16729670634005428,0.0301531681305198,0.018751720954178513,0.0015844940101920016,0.0062870742735085935,0.6322814499117866,0.019065288864998937,461255744000000.0,459295640000000.0,659861729000000.0,56097065000000.0,11.762856559429624,4412039000000.0,-1197373000000.0,3185538000000.0,-327839000000.0,2285232000000.0,1.0042676303219424,0.09464441465196578,0.27319126489221435,0.18056823231717456,0.001394947580574734,-8793974000000.0,0.0,0.04890488908469831,223367000000.0
SHB,Private_2,2024,3,2024-09-30,2024-Q3,3851703000000.0,2173413000000.0,0.020389378047412685,0.0773716087240741,0.02493951810782895,0.010324094806249396,0.12444953261357047,0.03094419132141581,0.01833555406584076,0.0021145254290860387,0.002482581550247318,0.6211633174342411,0.0192213965365305,480983938000000.0,471799292000000.0,688387029000000.0,55751069000000.0,12.347512636932576,3261808000000.0,-1160910000000.0,2690793000000.0,-517380000000.0,1739931000000.0,1.0194672738084567,0.07110520208241432,0.3014017435923798,0.17961003225185515,0.0008587495394525704,-9245183000000.0,0.0,0.049279745387256574,144726000000.0
SHB,Private_2,2024,4,2024-12-31,2024-Q4,9497783000000.0,2521109000000.0,0.049394269585873424,0.11602643954334373,0.014519735224604601,0.01163063021955284,0.1467250821710192,0.028973390250525075,0.01034792594120845,0.01421120844164239,0.007061899019172653,0.5839368075623607,0.016918629007150035,519949991000000.0,499896571000000.0,747478069000000.0,58067344000000.0,12.872606486013895,8388201000000.0,-2287293000000.0,7210490000000.0,-4689381000000.0,2087502000000.0,1.0401151381372449,0.07810762518713096,0.24082388490029727,0.1640108077197607,0.004272184071152901,-8796841000000.0,-6654308000000.0,0.03932131619173353,766785000000.0
SHB,Private_2,2025,1,2025-03-31,2025-Q1,6051001000000.0,4370504000000.0,0.030392394614466287,0.09307921471257896,0.019396551653330277,0.0181838702580194,0.23398601042927047,0.02872220501300239,0.006395955413837844,0.0024461314011254595,-0.0009154091898041787,0.591665842667714,0.0169939476322929,567948143000000.0,530116264000000.0,790742321000000.0,61473136000000.0,12.863217536193371,5543669000000.0,-1059418000000.0,4991583000000.0,-621079000000.0,3496350000000.0,1.071365248661754,0.07026353750957545,0.17508144520220703,0.1527771064399115,0.0017123736085698357,-9651681000000.0,-23857000000.0,0.03511816042684024,329251000000.0
SHB,Private_2,2025,2,2025-06-30,2025-Q2,10304043000000.0,4542518000000.0,0.047607565753331325,0.11401014567709604,0.022866700051223543,0.017851419171182964,0.2315813020902332,0.025649193400026853,0.0025159843316208473,0.004936367931746191,0.0011743043941953694,0.6544064985845985,0.016784998844430767,594564116000000.0,561718311000000.0,825492653000000.0,63114159000000.0,13.079357565391943,9126756000000.0,-1620706000000.0,8683337000000.0,-4140819000000.0,3606511000000.0,1.0584738014709298,0.07299202678119568,0.15728835758934623,0.15897370452734558,0.003388497395552585,-9979758000000.0,-3866234000000.0,0.0281651777316477,684576000000.0
SOCB,SOCB,2018,1,2018-03-31,2018-Q1,30037178000000.0,9872713000000.0,,,,,,0.014194038381596044,0.0165392435812575,,,0.9596484784166011,0.013621287335485477,2282724770000000.0,2430312870000000.0,3344943414000000.0,173040871000000.0,19.330366257807384,22596312000000.0,-10302476000000.0,19734702000000.0,-9861989000000.0,7910710000000.0,0.9392719752992132,0.21010038637535586,0.34299080958936956,0.0,,-31093650000000.0,0.0,0.03073328196285354,2219115000000.0
SOCB,SOCB,2018,2,2018-06-30,2018-Q2,28483280000000.0,8379936000000.0,0.027287741249458007,0.0755111006530855,0.016792336372014473,0.007997928933556737,0.1506985069099401,0.013338446823490398,0.015085655936990761,-0.00015404353806525698,-0.0008141870734595831,1.062943775249268,0.01417801902252249,2402786803000000.0,2581486664000000.0,3386066132000000.0,179845545000000.0,18.827634190215832,22306124000000.0,-11752045000000.0,16731235000000.0,-8351299000000.0,6647432000000.0,0.930776376460878,0.20241787969972638,0.41259451158714866,0.0,0.0028929912915621942,-34066757000000.0,0.0,0.028424102760481157,2434094000000.0
SOCB,SOCB,2018,3,2018-09-30,2018-Q3,29569327000000.0,8280410000000.0,0.027811488281931165,0.07546542448654181,0.01768422943136985,0.007764870997382979,0.14375949209335467,0.014706007992847419,0.013564005179077236,0.0018910612436887101,0.0008522578854866467,1.1528654688632423,0.01695404879978063,2488320489000000.0,2552668073000000.0,3436041282000000.0,185161532000000.0,18.55699315557618,23089577000000.0,-11808587000000.0,17760740000000.0,-9480330000000.0,6559154000000.0,0.9747920285129841,0.20129785436463207,0.39935257911010286,0.0,0.002933668261940386,-42187107000000.0,0.0,0.028270013171924655,2501725000000.0
SOCB,SOCB,2018,4,2018-12-31,2018-Q4,24134690000000.0,7797900000000.0,0.020665948056753924,0.07712126422739347,0.020262953842016845,0.007049930360935824,0.13268694208477347,0.014652413425278812,0.012985582951434371,-6.55084426305184e-05,-0.0006544892457379914,0.9795123860648244,0.014352220435803115,2486297236000000.0,2617710218000000.0,3550339218000000.0,186051002000000.0,19.082612723579956,17584909000000.0,-9955237000000.0,14179453000000.0,-6381553000000.0,6156882000000.0,0.9497984990483771,0.20781017175217367,0.4124866323122443,0.09639064726387783,0.0029405429606933087,-35683886000000.0,0.0,0.027637996376713183,2567969000000.0
SOCB,SOCB,2019,1,2019-03-31,2019-Q1,32105212000000.0,11551830000000.0,0.028875497344721203,0.0782637849090192,0.02174644555615181,0.01043072003664871,0.1908637359244908,0.01593971897192186,0.014013202576589332,0.0017537062491429323,0.0031913561601208326,0.9947298745369325,0.015855714653093794,2559046999000000.0,2677824274000000.0,3563044301000000.0,199769676000000.0,17.83576152468706,24993445000000.0,-10619413000000.0,21485799000000.0,-9933969000000.0,9204897000000.0,0.9556441114701764,0.1980861224353813,0.3307691287009723,0.0,0.0032785489405579736,-40575519000000.0,0.0,0.029952921548511195,2915197000000.0
SOCB,SOCB,2019,2,2019-06-30,2019-Q2,33208983000000.0,9795336000000.0,0.02927598791670501,0.07996789885454944,0.021578923145663877,0.008670985491659072,0.15442255851720987,0.015594769443157352,0.014254627175267705,0.00018496065143975887,0.0009107574034047665,0.9953375127984416,0.015522059030217377,2646003402000000.0,2777879941000000.0,3706561681000000.0,206423050000000.0,17.956142402701637,25907982000000.0,-11904797000000.0,21304186000000.0,-11508850000000.0,7840665000000.0,0.9525261919877912,0.19948405070397532,0.35848122780513936,0.0,0.0034701996315156,-41071421000000.0,0.0,0.029849396618425058,3153373000000.0
SOCB,SOCB,2019,3,2019-09-30,2019-Q3,33958469000000.0,11749889000000.0,0.028392620553985667,0.08047904347596188,0.021020705102071924,0.010083654588946238,0.17766482662964295,0.016461380301450758,0.014617425439677381,0.0010822340582916604,0.0016365020531443745,1.0939398253348576,0.01800775949173971,2680662690000000.0,2852448936000000.0,3785098345000000.0,215646537000000.0,17.55232612430034,25940821000000.0,-11448037000000.0,22510432000000.0,-10760543000000.0,9373365000000.0,0.9397758733445036,0.20030837495069534,0.3371187611549861,0.0,0.0036524914244687057,-48272729000000.0,0.0,0.03107880574112814,3420403000000.0
SOCB,SOCB,2019,4,2019-12-31,2019-Q4,35147518000000.0,12682203000000.0,0.02852578242060915,0.08138444353918067,0.01773489046531383,0.010412320841366327,0.17598728763298105,0.01291328678475237,0.011850719015859152,-0.0030363141287276245,-0.005333352850895239,1.0500288790114192,0.013559324046946505,2786902715000000.0,2935427057000000.0,3954875214000000.0,240875210000000.0,16.418772251407688,26928806000000.0,-14867311000000.0,20280207000000.0,-7598004000000.0,10042753000000.0,0.9494028163139603,0.2141212613344117,0.4229974645720361,0.1148666651351673,0.0032658209756553512,-37788517000000.0,0.0,0.02476400580061152,3159671000000.0
SOCB,SOCB,2020,1,2020-03-31,2020-Q1,34309108000000.0,10011417000000.0,0.02810157711041763,0.08041671652524172,0.016224496791875376,0.00827187363552017,0.1322520542768552,0.015231233834557963,0.013675746467942099,0.004055820800332458,0.0058650683829126775,1.0435006137410638,0.01589380185439489,2783687025000000.0,2930091643000000.0,3812965886000000.0,243152538000000.0,15.681373994130384,26601410000000.0,-11711811000000.0,22597297000000.0,-12585880000000.0,8001708000000.0,0.9500341163902634,0.19559661772667633,0.3413615708108762,0.0,0.003369943290935753,-44243370000000.0,-4892264000000.0,0.028906980302500062,3272148000000.0
SOCB,SOCB,2020,2,2020-06-30,2020-Q2,31531720000000.0,12789496000000.0,0.024359913143226934,0.07269264800541009,0.01653753535505291,0.010696052782517864,0.16481721019465273,0.015843080114772607,0.01200057281142847,0.002284007125405917,0.00090099855963513,1.056712690852653,0.016741583819475516,2851458471000000.0,3025958429000000.0,3871468893000000.0,250244043000000.0,15.470773436153284,22814261000000.0,-10358127000000.0,21173593000000.0,-8384097000000.0,10165031000000.0,0.9423323346653947,0.20210758222547942,0.3284986356595834,0.0,0.003613887136616948,-47737931000000.0,-3581064000000.0,0.027843652926201078,3471335000000.0
SOCB,SOCB,2020,3,2020-09-30,2020-Q3,35489980000000.0,10590173000000.0,0.028380834487138698,0.07466144122688027,0.011901086376610392,0.008742040128768128,0.1326966860731322,0.016750061267647234,0.011938678770093048,0.004132767886977934,0.004220214715517068,1.0691427093215902,0.017908205884994994,2887127350000000.0,3065671432000000.0,3917582518000000.0,258339208000000.0,15.164490703246253,26945743000000.0,-12259014000000.0,23230966000000.0,-12640793000000.0,8435914000000.0,0.9417602029570663,0.21768399836789815,0.34542183455724684,0.0,0.003781178277807621,-51703271000000.0,-8600741000000.0,0.02868874003774028,3681474000000.0
SOCB,SOCB,2020,4,2020-12-31,2020-Q4,42982661000000.0,15937774000000.0,0.03162298950727666,0.07558744998462445,0.009402680702683734,0.012591319961231176,0.1938889507029465,0.011758264104322638,0.006762559134315575,-0.0010329675966666313,-0.00578210656346697,1.4073625403947425,0.01654814044049182,3069417448000000.0,3249118894000000.0,4185799837000000.0,264042865000000.0,15.852728446193765,31242580000000.0,-15465892000000.0,27516769000000.0,-11578995000000.0,12660514000000.0,0.944692252926833,0.23408021399416354,0.35981699690486824,0.126134141429393,0.005709936662614756,-50793151000000.0,-9286230000000.0,0.018520823238638212,5783725000000.0
SOCB,SOCB,2021,1,2021-03-31,2021-Q1,43213193000000.0,20087680000000.0,0.030919010651339607,0.0693745642950297,0.008377606076181418,0.015392838694481555,0.23759206148694428,0.012302409163738419,0.00729348869580604,0.001671440945037594,0.002328798256052658,1.530902484251595,0.018833788751046732,3122623747000000.0,3255205642000000.0,4181837774000000.0,275108078000000.0,15.200708770172863,31553938000000.0,-12327951000000.0,30885242000000.0,-10797562000000.0,16012248000000.0,0.9592708081820165,0.22990743759591947,0.2852821128029118,0.0,0.005884848542588253,-58810836000000.0,-2805576000000.0,0.019595897859544457,6155285000000.0
SOCB,SOCB,2021,2,2021-06-30,2021-Q2,44278362000000.0,12395555000000.0,0.03319836474548731,0.0718327739688433,0.009621422864062996,0.009301131183981693,0.1415308916080212,0.012899997663149268,0.007262586322130438,0.003505486375204973,0.0038777620940189435,1.666229746459981,0.02149435983560355,3295974318000000.0,3384742877000000.0,4419529782000000.0,282735479000000.0,15.631323658535264,34904303000000.0,-13031514000000.0,31246848000000.0,-18851293000000.0,9869012000000.0,0.9737739136395854,0.23154217335841668,0.2943088545145369,0.0,0.0032803518529234215,-70844858000000.0,-6844049000000.0,0.020162583985279706,3526939000000.0
SOCB,SOCB,2021,3,2021-09-30,2021-Q3,40755019000000.0,11472318000000.0,0.029689116173053733,0.06767809801380778,0.009496379193694372,0.008221932330790365,0.12688212666564305,0.015050655973396464,0.007712072860869666,0.004921071111331396,0.005496100773925994,1.5462147601137857,0.02327154641546033,3349628753000000.0,3491264341000000.0,4519722579000000.0,291146327000000.0,15.523886650302822,32504313000000.0,-13720119000000.0,27034900000000.0,-15562582000000.0,9101918000000.0,0.9594314339545451,0.23941664290037212,0.33664857327142944,0.0,0.0034686480197468495,-77951041000000.0,-8323675000000.0,0.02276272883426613,3875890000000.0
SOCB,SOCB,2021,4,2021-12-31,2021-Q4,44008236000000.0,14610708000000.0,0.028340190565547905,0.06710503543231013,0.009406347198317415,0.010176206449176465,0.15921727899894073,0.009769549610166536,0.008976393762022106,-0.003604915914692114,-0.0020822026900006135,2.4007867200374498,0.023454604964834865,3446050365000000.0,3677522325000000.0,4708172754000000.0,291190418000000.0,16.168707701089257,32030566000000.0,-15034359000000.0,28973877000000.0,-14363169000000.0,11589759000000.0,0.9370576329540026,0.24777526755055118,0.3416260310910894,0.13315692004707388,0.004695029412076666,-80825750000000.0,-4672620000000.0,0.018745943372188642,5415655000000.0
SOCB,SOCB,2022,1,2022-03-31,2022-Q1,47030366000000.0,20286253000000.0,0.029429152748017034,0.06733824790976001,0.010380102136805172,0.013470278366135843,0.2172661272336506,0.010179842552885789,0.010286881823043695,0.00136426938147783,0.0033621792408132724,2.5920218126680736,0.02638637394660661,3676332989000000.0,3788648057000000.0,4974182759000000.0,305211836000000.0,16.297476612276597,34947644000000.0,-12652219000000.0,34378147000000.0,-14091894000000.0,16197251000000.0,0.9703548425955048,0.25242882859836985,0.2690223376105557,0.0,0.004349395345322516,-97005097000000.0,-943210000000.0,0.020466724375929484,5264049000000.0
SOCB,SOCB,2022,2,2022-06-30,2022-Q2,50044449000000.0,19698003000000.0,0.031330461740735574,0.07042486794012966,0.01199399313107625,0.012353761376411056,0.20150676214226795,0.010112844244608519,0.0101078620008593,0.002166533886846451,0.002389045830799197,2.7238458598256505,0.02754582892673857,3822374207000000.0,3807256042000000.0,5272035550000000.0,319689317000000.0,16.491122066490572,39417276000000.0,-15283722000000.0,34760727000000.0,-15062724000000.0,15740226000000.0,1.0039708821348559,0.24725012466077795,0.305402942891828,0.0,0.0029330634087312416,-105290466000000.0,-6734316000000.0,0.020220706245467818,3756601000000.0
SOCB,SOCB,2022,3,2022-09-30,2022-Q3,51593131000000.0,18396169000000.0,0.030935468330143698,0.07337285504569456,0.013729822955366271,0.011001012533743084,0.17928098932576905,0.01208708919824759,0.011662855994761969,0.002919488097100379,0.004620672138184507,2.5318931947217234,0.030603218885037527,3870286405000000.0,3801097847000000.0,5449406648000000.0,335423266000000.0,16.246358557608225,40686012000000.0,-16669193000000.0,34923938000000.0,-16527769000000.0,14681154000000.0,1.0182022565019226,0.24380458022973908,0.3230893856781051,0.0,0.002991364725725307,-118443222000000.0,-3033954000000.0,0.02374994519300956,4008968000000.0
SOCB,SOCB,2022,4,2022-12-31,2022-Q4,53588028000000.0,23149276000000.0,0.030890703584458973,0.08047541830647222,0.019563935214309814,0.01319997976527249,0.2143109348753279,0.01045791517542068,0.015116396472466202,0.005756008126742238,0.009490099480118449,2.2495584859381093,0.023525691828088523,3942116503000000.0,3966254487000000.0,5743904450000000.0,350498729000000.0,16.387803934090726,42189429000000.0,-18506084000000.0,35081944000000.0,-11932668000000.0,18375073000000.0,0.9939141615649939,0.23950803033784251,0.345339895694613,0.1403733613687728,0.003971968581123769,-92741018000000.0,-27831577000000.0,0.025574311647886882,5557435000000.0
SOCB,SOCB,2023,1,2023-03-31,2023-Q1,52813615000000.0,24121258000000.0,0.028985237876868433,0.0855522146943103,0.017379378355273693,0.013458463447315926,0.21462522604719939,0.012598120337517539,0.01952802399355267,0.004805602519758915,0.01002084945230245,2.0059757085915977,0.025271523370973964,4104342919000000.0,4051233772000000.0,5777258022000000.0,367451993000000.0,15.722483840222361,40805310000000.0,-14419914000000.0,38393701000000.0,-14272443000000.0,19261292000000.0,1.0131093760540462,0.21281476743179165,0.27303402730526966,0.0,0.003454107004975843,-103722998000000.0,-8463559000000.0,0.03212614433107021,4974416000000.0
SOCB,SOCB,2023,2,2023-06-30,2023-Q2,52499267000000.0,22778511000000.0,0.028629608870975536,0.08659023434853856,0.02004416432296956,0.0127268853246648,0.19213090603651223,0.012737718671988222,0.018896562974576522,0.0039935800500786565,0.003646689444664309,2.0037645615416917,0.025523389269817898,4166151755000000.0,4182471435000000.0,5689145287000000.0,384213145000000.0,14.807263522959373,40325239000000.0,-16773128000000.0,35726139000000.0,-12947628000000.0,18052263000000.0,0.9960980773560262,0.21663667668300524,0.3194926131063887,0.0,0.0035444111727781545,-106334313000000.0,-15030759000000.0,0.031634281646564746,5080206000000.0
SOCB,SOCB,2023,3,2023-09-30,2023-Q3,51057292000000.0,19814902000000.0,0.028051645675776834,0.08200988999874065,0.017478136461677375,0.011115754605731309,0.16024351826086658,0.014121330113980231,0.016846603303814503,0.0034078484978279436,0.0016143029336193732,1.8976594391432546,0.026797475384052475,4229562762000000.0,4242874113000000.0,5752498444000000.0,400336479000000.0,14.369158809532319,39466651000000.0,-16358841000000.0,34698451000000.0,-14883549000000.0,15714874000000.0,0.9968626570938754,0.22961453346329816,0.32040165780825197,0.0,0.003125728509016796,-113341604000000.0,-7537831000000.0,0.030967933417794732,4470434000000.0
SOCB,SOCB,2023,4,2023-12-31,2023-Q4,55035891000000.0,27278842000000.0,0.028796989907084493,0.07614494032592001,0.01614547303850255,0.014553271723397697,0.21039436264923828,0.01134447798457507,0.012495378876955869,0.0025940835063555916,-0.0008950606039026783,1.8887117460396063,0.021426448822154654,4521368464000000.0,4510862699000000.0,6172727670000000.0,419030950000000.0,14.730958822969997,42242338000000.0,-19886080000000.0,35149811000000.0,-7870969000000.0,21548786000000.0,1.0023289924125443,0.2557592265567647,0.36132930054680135,0.12799802575463995,0.003341469890723449,-96876870000000.0,-19406326000000.0,0.023839856861530936,4980973000000.0
SOCB,SOCB,2024,1,2024-03-31,2024-Q1,53518521000000.0,24318435000000.0,0.028177414565414657,0.06793881228181509,0.014952036900391812,0.01263138166446603,0.18165147289929812,0.013740627803146345,0.014838055383887792,0.004465569917771692,0.0069836148616088545,1.6371556487365406,0.0224955464251074,4574805744000000.0,4509769561000000.0,6180059392000000.0,433214449000000.0,14.265589262467097,42793652000000.0,-15254003000000.0,38264518000000.0,-13946083000000.0,19351454000000.0,1.0144211765413527,0.2463262346277564,0.28502288021001176,0.0,0.003182005793730244,-102912755000000.0,-8622349000000.0,0.02857868318703414,4913330000000.0
SOCB,SOCB,2024,2,2024-06-30,2024-Q2,56616909000000.0,25024753000000.0,0.028105824275548766,0.0639721505839762,0.016942517910449484,0.012570121228833752,0.17931795849199136,0.01446503482314868,0.01190663053421286,0.006048220525273521,0.0037653360522667038,1.445316006485315,0.020906546364264263,4823990115000000.0,4648438756000000.0,6588146505000000.0,452392912000000.0,14.562886221789434,44084361000000.0,-16904137000000.0,39712772000000.0,-14688019000000.0,19850663000000.0,1.0377656603033452,0.2500905196394073,0.2985704677025021,0.0,0.003335851594467752,-100852973000000.0,-20750952000000.0,0.02637166535736154,5324105000000.0
SOCB,SOCB,2024,3,2024-09-30,2024-Q3,56010839000000.0,23749902000000.0,0.02636020107805839,0.06178347282535493,0.016928892771539535,0.011393349599191497,0.164350556835056,0.014868936113519946,0.012199156411970166,0.001940807459552599,0.002576266473133103,1.4813160471968745,0.022025593669702224,4959598349000000.0,4820686419000000.0,6738134294000000.0,469722613000000.0,14.34492210405889,43144874000000.0,-18213568000000.0,37797271000000.0,-14047369000000.0,18943775000000.0,1.0288157988149778,0.2486635366439503,0.3251793460904951,0.0,0.002730656553682304,-109238098000000.0,-5397670000000.0,0.02706809252549011,4548687000000.0
SOCB,SOCB,2024,4,2024-12-31,2024-Q4,65401776000000.0,32891839000000.0,0.026617587545966232,0.06195599774501173,0.016314148729145998,0.015114767033817346,0.21826287735902425,0.01224152948059539,0.011729125414069475,0.0006253560836484584,0.0007882706874415083,1.6547448572859702,0.020256607953329817,5227236033000000.0,5074147021000000.0,7232053108000000.0,489624989000000.0,14.77059641659752,45793218000000.0,-23168401000000.0,42233375000000.0,-9341536000000.0,26173746000000.0,1.0301703934407935,0.26583824658950495,0.354247276098435,0.44770860027393694,0.0023598091458157805,-105886071000000.0,-12856102000000.002,0.023970654894664864,4120872000000.0
SOCB,SOCB,2025,1,2025-03-31,2025-Q1,55616519000000.0,25096256000000.0,0.02382199944461241,0.05911369773669984,0.018426451436387107,0.010993920564214874,0.1589357089412754,0.01542851949570268,0.012453466603412436,0.0057143069131426,0.006788729603173058,1.319581335424101,0.020359186359756122,5374179747000000.0,5107286797000000.0,7435234968000000.0,514830316000000.0,14.442107888611595,43107952000000.0,-17078478000000.0,38538041000000.0,-13441785000000.0,19955477000000.0,1.0522572866197315,0.25543965570257754,0.30707563700633617,0.0,0.0021573945937407115,-109413927000000.0,-10943758000000.0,0.027881986099115116,3955391000000.0
SOCB,SOCB,2025,2,2025-06-30,2025-Q2,60875229000000.0,31755780000000.0,0.023906031035998015,0.05961878252572528,0.018702813609544032,0.013367803903317056,0.1915002699611828,0.014823398461102378,0.009887450792518418,0.002740284228159814,0.0006541282885006563,1.2591932903897276,0.01866552388299353,5635000585000000.0,5381427951000000.0,7819399935000000.0,540313972000000.0,14.471955826084024,44994539000000.0,-19238988000000.0,41636241000000.0,-9880461000000.0,25257552000000.0,1.047119953348605,0.26797827716564,0.31603968175626906,0.0,0.0021934731452287713,-105180238000000.0,-14112558000000.0,0.024710849253620798,4182579000000.0
SSB,Private_3,2020,4,2020-12-31,2020-Q4,1399753000000.0,597600000000.0,0.008226051186504204,0.026963737141653187,-0.0011082986396992525,0.003763404814597677,0.049291903655028876,0.018563196310112804,0.0010537687616362073,-0.02225013021135638,-0.02457316142503292,0.5484133538450272,0.010180304746512596,108869236000000.0,113276597000000.0,180207288000000.0,13670378000000.0,13.182319318456301,976644000000.0,-590382000000.0,809371000000.0,-211771000000.0,473107000000.0,0.9610920426926314,0.10365291075966909,0.4217758418806747,0.0,0.0005338451143450947,-1108322000000.0,0.0,0.01961696507174901,67111000000.0
SSB,Private_3,2021,1,2021-03-31,2021-Q1,1440035000000.0,698238000000.0,0.02539375070937003,0.08502112848104111,0.0030868163172442405,0.01218342005570845,0.1592066595788659,0.018008460114931263,0.0014342544785310636,-0.00019400338218594646,0.000215212312135634,0.6319215537242979,0.011379934096009413,111050028000000.0,115198284000000.0,184320897000000.0,14225440000000.0,12.957131519306257,1105391000000.0,-586143000000.0,853892000000.0,-155654000000.0,555150000000.0,0.9639902969387981,0.09111778956707375,0.40703385681598014,0.21859698396209523,0.0027027814049550105,-1263742000000.0,0.0,0.019442714593462328,123155000000.0
SSB,Private_3,2021,2,2021-06-30,2021-Q2,1758990000000.0,858130000000.0,0.029913285069589225,0.08871941526821599,0.02169038327322503,0.014722438581247735,0.187797800637988,0.017601576581360523,0.0014455610611147543,-0.00032317866682573013,-0.00030499767186010975,0.7185388026483349,0.012647415761493763,111578130000000.0,107983872000000.0,186934447000000.0,14879182000000.0,12.563489511721814,1325011000000.0,-638549000000.0,1120441000000.0,-262311000000.0,683223000000.0,1.0332851372471623,0.07958701462381346,0.36302025594233056,0.19083796043922607,0.0074563882910733265,-1411175000000.0,0.0,0.019047137642475277,346028000000.0
SSB,Private_3,2021,3,2021-09-30,2021-Q3,1949404000000.0,973967000000.0,0.030923343270532838,0.09066726143574366,-0.009754664927705757,0.016156679468785913,0.20098748368281455,0.016847293444297175,0.0023032037071830224,-0.0006029228129204173,0.0002754123948841946,0.7325940407385967,0.012342226779866537,112580576000000.0,110440626000000.0,197629226000000.0,16034544000000.0,12.325216482614037,1418343000000.0,-595410000000.0,1353994000000.0,-380027000000.0,776659000000.0,1.019376474740373,0.12013496736246315,0.3054318140313655,0.19015877721343497,0.007138146925281734,-1389495000000.0,0.0,0.0191504971514802,343134000000.0
SSB,Private_3,2021,4,2021-12-31,2021-Q4,1887361000000.0,738203000000.0,0.027234800296394128,0.07908909542284927,0.0041886836939376325,0.011561133452889652,0.13637426318112084,0.01649533167102129,0.0016405832770108393,0.001846952710563499,0.0014030306613460567,0.8465315885278453,0.013963819322763329,127588159000000.0,109784637000000.0,211663515000000.0,18663264000000.0,11.341184210864723,1337348000000.0,-709312000000.0,1178049000000.0,-439846000000.0,591486000000.0,1.1621676992929348,0.08866849010941304,0.37582211352253225,0.2323771305340952,0.0065199299491119,-1781618000000.0,0.0,0.018135914948032128,333570000000.0
SSB,Private_3,2022,1,2022-03-31,2022-Q1,2322424000000.0,1306399000000.0,0.02918797140698248,0.08559349249244927,0.004896107062610699,0.018945915247696784,0.20339488229241529,0.01640764511116338,0.00241027587317396,0.0022590654356882756,0.0033734948711032033,0.8606893317937395,0.014121885107036025,145836833000000.0,106116923000000.0,231222030000000.0,22590832000000.0,10.235215329829375,1564572000000.0,-657821000000.0,1664603000000.0,-358204000000.0,1048859000000.0,1.3743032579261651,0.1189793450758085,0.28324758958743107,0.23307121646469164,0.00495309911277416,-2059491000000.0,0.0,0.01881792098433734,274207000000.0
SSB,Private_3,2022,2,2022-06-30,2022-Q2,2706747000000.0,1499887000000.0,0.030980627231658415,0.08805819351825096,0.007697765481995075,0.02085983074063752,0.20835825335523175,0.01600798072483,0.0031830927229911012,-0.0002957346173308632,0.0004977480551843854,0.9572032293346838,0.015322890844934647,146783660000000.0,116729330000000.0,229723225000000.0,23556800000000.0,9.751885867350405,1727625000000.0,-868356000000.0,1838391000000.0,-338504000000.0,1201905000000.0,1.2574702519066974,0.09331447374879989,0.3208116606391362,0.24406894934642254,0.008498223937677804,-2249150000000.0,0.0,0.019191073447821103,489652000000.0
SSB,Private_3,2022,3,2022-09-30,2022-Q3,2252799000000.0,1210053000000.0,0.03225663152666223,0.09548567073510479,0.017928685051851117,0.016819649062955824,0.160201607015147,0.015937053488501524,0.002787595636819933,0.00027566419858995205,-5.920958777019186e-05,0.9365702817327448,0.014926170675715698,149975841000000.0,113345223000000.0,229145802000000.0,24620095000000.0,9.307267173420737,1784555000000.0,-883525000000.0,1369274000000.0,-159221000000.0,964752000000.0,1.3231774311300266,0.09858618391001799,0.39218989355020134,0.25070483227266216,0.0056852300907204185,-2238565000000.0,0.0,0.018724649125321458,326097000000.0
SSB,Private_3,2022,4,2022-12-31,2022-Q4,2365277000000.0,1052647000000.0,0.03492760173110404,0.09840006459606356,0.02475035358992042,0.014545699049413366,0.13174023640811633,0.01597927412919401,0.003697114952174125,0.0004662884337484729,0.001473924056875267,0.9889858359704159,0.01580327578286138,153955992000000.0,115547271000000.0,231423056000000.0,26232220000000.0,8.822091915972038,1929175000000.0,-993821000000.0,1371456000000.0,-318809000000.0,837412000000.0,1.3324069938441039,0.10032366753170657,0.42017108355596405,0.24462416371515072,0.0048177117524520075,-2433009000000.0,0.0,0.019676389081368137,277361000000.0
SSB,Private_3,2023,1,2023-03-31,2023-Q1,2264105000000.0,1069896000000.0,0.031634042109951105,0.10750725373596103,0.03270507525039225,0.014331851848569287,0.12810603948663118,0.015989926897594754,0.00491303381310198,0.000563732524291747,0.0019495895944082514,1.0508426927690384,0.016802897838248548,159281216000000.0,117695160000000.0,245169088000000.0,27086484000000.0,9.051344131634066,1796093000000.0,-830988000000.0,1433117000000.0,-363221000000.0,853806000000.0,1.353337010629834,0.08849753889624688,0.3670271475925366,0.23334013388986788,0.0019932850592686226,-2676386000000.0,0.0,0.020902960710696732,118748000000.0
SSB,Private_3,2023,2,2023-06-30,2023-Q2,1952397000000.0,946470000000.0,0.025964191645680652,0.10606033578971212,0.03086890753143183,0.012292711901362923,0.10998402961477327,0.01729991283238656,0.006340550520168865,0.0015932512720143975,0.0031245868941633392,0.9867096087721866,0.017069990222637072,161889255000000.0,123232629000000.0,245206026000000.0,27721837000000.0,8.845230061774044,1507548000000.0,-852295000000.0,1100102000000.0,-153632000000.0,753505000000.0,1.3136882359297877,0.1024465362984344,0.43653775333602746,0.21839373923803573,0.004017593763944554,-2763448000000.0,0.0,0.023640463352555423,246266000000.0
SSB,Private_3,2023,3,2023-09-30,2023-Q3,2368283000000.0,1139872000000.0,0.028059158559918893,0.10381928537014985,0.0212115390229046,0.014707131478653495,0.12893724519665034,0.018734499785170767,0.011778950641559921,0.002239889237862019,0.008184607434261157,0.9826395606591125,0.01840926063806844,168848063000000.0,140963124000000.0,248810092000000.0,28627746000000.0,8.691221865668362,1638021000000.0,-883491000000.0,1484792000000.0,-344920000000.0,908195000000.0,1.1978172603495933,0.1729841699592299,0.37305127807783106,0.20330812724133468,0.0057976731844202704,-3108368000000.0,0.0,0.03051345042673069,358018000000.0
SSB,Private_3,2023,4,2023-12-31,2023-Q4,2839006000000.0,1460120000000.0,0.0362238657778995,0.10503223356689122,0.019585811605415938,0.018042344192766943,0.15766487326774933,0.01937669162683032,0.011239581215425643,0.0018934952188346987,0.002079952791640849,0.8550162403240658,0.016567386024691266,179751893000000.0,144840006000000.0,266107033000000.0,30296679000000.0,8.783373022501905,2215184000000.0,-1040374000000.0,1798632000000.0,-338512000000.0,1161289000000.0,1.2410375970296494,0.11530821118579627,0.36645713323606927,0.20850243967612545,0.006752542945624503,-2978019000000.0,0.0,0.030616272842255966,434625000000.0
SSB,Private_3,2024,1,2024-03-31,2024-Q1,2706480000000.0,1506256000000.0,0.031194212320022566,0.09656178222572295,0.0167747000428051,0.01787295447374994,0.15535550243510807,0.019608155460885998,0.011092956515456803,0.0003877511320562282,0.00032954312197424257,0.8504839704832612,0.016676421910227363,181184610000000.0,154371586000000.0,271613578000000.0,31565668000000.0,8.604715034068025,2001719000000.0,-911323000000.0,1795157000000.0,-288901000000.0,1201332000000.0,1.1736914460411128,0.11328150116952222,0.33671891164907924,0.19238123490431652,0.0020922686930443884,-3021511000000.0,0.0,0.0307011119763428,140632000000.0
SSB,Private_3,2024,2,2024-06-30,2024-Q2,3305016000000.0,1732402000000.0,0.041603883192585144,0.10023485339497121,0.03070621357900016,0.02001603816154716,0.171825632893763,0.019095455936255508,0.010938433111088348,-9.526195409201698e-06,0.00012418273273872432,0.7665668817252751,0.014637944112177776,185958901000000.0,149453325000000.0,280657951000000.0,32768668000000.0,8.564826345703157,2741576000000.0,-949315000000.0,2355701000000.0,-623299000000.0,1381786000000.0,1.244260714841908,0.13407544462460103,0.28723461550564355,0.18131597386977494,0.002767276456867651,-2722056000000.0,0.0,0.030033889047343856,191036000000.0
SSB,Private_3,2024,3,2024-09-30,2024-Q3,3178544000000.0,1269567000000.0,0.040911918667740396,0.0979719750840089,0.03156766244450868,0.014223698015553723,0.1216563448361755,0.018721021201260825,0.005937467156445096,0.0007260152607591503,-0.003925937376883078,0.8081071541644703,0.015128591166003598,196889847000000.0,153618314000000.0,288517800000000.0,33777668000000.0,8.541673155174596,2797217000000.0,-1129795000000.0,2048749000000.0,-779182000000.0,1011973000000.0,1.281682124176939,0.13457912967330185,0.3554441907993094,0.18058649748515532,0.003476170579164396,-2978666000000.0,0.0,0.02465848835770592,247319000000.0
SSB,Private_3,2024,4,2024-12-31,2024-Q4,3218959000000.0,1531174000000.0,0.032403977578503454,0.08637149515554045,0.02834894770452951,0.015902336792408142,0.14200938832640164,0.018912195799736815,0.006490957069435523,0.00139830962436575,0.002362732132144935,0.8287794782787908,0.015674039768012214,209354643000000.0,168320164000000.0,325698848000000.0,35002855000000.0,9.304922355619277,2425898000000.0,-1139785000000.0,2079174000000.0,-548000000000.0,1220935000000.0,1.243788254626463,0.19400830075236855,0.3540849697060447,0.2184349484341026,0.006938372663581727,-3281433000000.0,-1935968000.0,0.025403152869172337,532708000000.0
SSB,Private_3,2025,1,2025-03-31,2025-Q1,5819847000000.0,4350356000000.0,0.030325391161166688,0.08591420624753025,0.03208508454012748,0.04236877235436224,0.3796052417323383,0.018374592109031706,0.008323192858715172,-0.00021339552521889852,0.0017656768949709896,0.818088161176252,0.015032036270841419,213048049000000.0,160043132000000.0,333746268000000.0,38599606000000.0,8.64636462869595,2450482000000.0,-1033934000000.0,4785913000000.0,-435557000000.0,3492485000000.0,1.3311914503147815,0.10560649987779544,0.17765656038724043,0.19686695883113586,0.0021284561306842706,-3202546000000.0,-9656000.0,0.026697784967746878,175450000000.0
SSB,Private_3,2025,2,2025-06-30,2025-Q2,2692477000000.0,1505880000000.0,0.028265951532453978,0.08681732468246854,0.03172937281560047,0.013536692631096395,0.12345625940149085,0.01954662445553422,0.008469634196203831,0.002001323185081127,0.0024468189333195912,0.7358249389410889,0.01438289374649786,220570565000000.0,166648051000000.0,379086642000000.0,39560870000000.0,9.582363633560131,2464389000000.0,-967924000000.0,1724553000000.0,-218673000000.0,1206175000000.0,1.3235712249644012,0.10982339061379122,0.3594920216588665,0.1954275667569934,0.001930415923136882,-3172443000000.0,-29639000000.0,0.02801625865173805,172008000000.0
STB,Private_1,2018,1,2018-03-31,2018-Q1,2343487000000.0,503767000000.0,0.01930001624193357,0.09441026568748845,0.002532442469693573,0.004174200733882297,0.050193613730387464,0.040114132530542725,0.01022306899722444,,,0.30933320556038324,0.012408633203946829,229440983000000.0,339234749000000.0,381252451000000.0,23670441000000.0,16.10668981621424,1671855000000.0,-1758717000000.0,584770000000.0,-81003000000.0,396726000000.0,0.6763487044777952,0.15065485817904817,0.7504701327551636,0.0,0.005727044735814998,-2847049000000.0,,0.05033720152776716,544312000000.0
STB,Private_1,2018,2,2018-06-30,2018-Q2,2669449000000.0,492303000000.0,0.02139507126345494,0.09412207320031,0.014666424628064695,0.003798547907333546,0.06277032852205702,0.03697418559462262,0.003715063706463719,,,0.34272657734436507,0.01267203607894034,246691059000000.0,355860198000000.0,400686351000000.0,23648604000000.0,16.943340545598378,1781696000000.0,-1743875000000.0,925574000000.0,-433271000000.0,371279000000.0,0.6932246437967755,0.14549441126315565,0.6532715178300841,0.6044229445283023,0.006030835134333185,-3126078000000.0,,0.04068924930108634,589468000000.0
STB,Private_1,2018,3,2018-09-30,2018-Q3,2946011000000.0,318431000000.0,0.02399377546037471,0.09842816856112813,0.01401061522988344,0.001623098508032245,0.02752379906015874,0.031833231448992645,0.004517433272334277,,,0.4765344831070271,0.01516963249417207,253391900000000.0,357219509000000.0,403602479000000.0,23780895000000.0,16.97171107311142,2070205000000.0,-1963458000000.0,982553000000.0,-664122000000.0,163180000000.0,0.7093450766710505,0.14789366389280828,0.666480199836321,0.0,0.006231423107044766,-3843862000000.0,,0.03635066472132692,626483000000.0
STB,Private_1,2018,4,2018-12-31,2018-Q4,3717988000000.0,932490000000.0,0.02425060183831336,0.09681791428158748,0.012753640889661995,0.008487404135489198,0.141939787943638,0.021148650836895978,0.004446429580622573,,,0.6490687229661567,0.013726927791161215,256622753000000.0,349197426000000.0,406040598000000.0,24632366000000.0,16.484027478318566,2110038000000.0,-2371780000000.0,1346208000000.0,-413718000000.0,858971000000.0,0.7348930258151445,0.1510524794074513,0.6379202945248882,0.0,0.009109011377367708,-3522642000000.0,,0.02559508041751855,921881000000.0
STB,Private_1,2019,1,2019-03-31,2019-Q1,3541709000000.0,1061444000000.0,0.027348507083032762,0.09978626068063216,0.01872598957796315,0.008126760001981918,0.1347832643019889,0.021440694768269073,0.0049955626574748144,,,0.6529896414715609,0.014000551589633193,271020322000000.0,377222877000000.0,425033040000000.0,25477238000000.0,16.682853926316504,2457858000000.0,-2050281000000.0,1491428000000.0,-429984000000.0,844242000000.0,0.7184620512822185,0.15399779160265512,0.5788959510789847,0.0,0.006181141796727283,-3794434000000.0,,0.02643625742574389,642123000000.0
STB,Private_1,2019,2,2019-06-30,2019-Q2,3300792000000.0,399782000000.0,0.02143391188643645,0.09315598070356648,0.020939552708590947,0.002843636803928441,0.04820834933425444,0.0204083560844362,0.004004321034051108,,,0.6853521942809003,0.013986911624134313,279420154000000.0,388242919000000.0,439170151000000.0,25498994000000.0,17.22303832849249,2022480000000.0,-2284831000000.0,1015961000000.0,-616179000000.0,307185000000.0,0.7197044435986223,0.15578530873347365,0.6922069006468751,0.6206485273456163,0.006864978122951643,-3908225000000.0,,0.024412677118487307,741592000000.0
STB,Private_1,2019,3,2019-09-30,2019-Q3,4018619000000.0,1029837000000.0,0.029940175548233486,0.10607785577164648,0.0235987428740957,0.006943060014688526,0.11937153058689687,0.019998419907956214,0.004084798539245563,,,0.7054318104979174,0.014107521562767147,290476749000000.0,399369977000000.0,450200240000000.0,26229856000000.0,17.163656559914017,2924826000000.0,-2351354000000.0,1667265000000.0,-637428000000.0,771869000000.0,0.7273374708384752,0.16113530236650714,0.585114936250488,0.0,0.006721644952985622,-4097907000000.0,,0.024083218447201776,747254000000.0
STB,Private_1,2019,4,2019-12-31,2019-Q4,3774218000000.0,725683000000.0,0.0177988203225657,0.08838743272779741,0.0159269947447504,0.004705279932341861,0.08027985465994768,0.01936739984809771,0.002791611089768288,,,0.6926273348790327,0.0134143905403245,296029774000000.0,400844380000000.0,453581057000000.0,26741640000000.0,16.961602093214925,1775524000000.0,-2579237000000.0,1194981000000.0,-469298000000.0,531568000000.0,0.7385154657775169,0.17031707916174352,0.6833831538082856,0.0,0.01055141108988893,-3971059000000.0,,0.022159010937866,1192021000000.0
STB,Private_1,2020,1,2020-03-31,2020-Q1,3883112000000.0,987883000000.0,0.02802693638968239,0.10018981025561428,0.018959162510291585,0.006887499387722122,0.11578814064238839,0.019740773982314587,0.004902877005072793,0.0010581604538197566,0.003339501924559791,0.6817619365941772,0.013458508300050739,306298730000000.0,405709054000000.0,459076447000000.0,27546545000000.0,16.665481896186982,2839877000000.0,-2477566000000.0,1405546000000.0,-417663000000.0,785741000000.0,0.754971393859995,0.1567782487792348,0.6380361936508656,0.0,0.006322599633169728,-4122324000000.0,0.0,0.02464365098738738,721296000000.0
STB,Private_1,2020,2,2020-06-30,2020-Q2,3561262000000.0,440551000000.0,0.025036688066906218,0.09726641678692344,0.007216942127498824,0.0029192716373480417,0.04994995203771042,0.02150693296536257,0.0043307427163892815,0.0021674428751304324,0.0016574668788212083,0.6937700386226118,0.014920865714033515,310694975000000.0,426236433000000.0,481897995000000.0,27447702000000.0,17.556952308794376,2637199000000.0,-1973154000000.0,1588108000000.0,-1147557000000.0,343370000000.0,0.7289263679625435,0.1640883194984883,0.5540603302986413,0.6305988767131628,0.005930056918591632,-4635838000000.0,-28363000000.0,0.025837675681751854,697504000000.0
STB,Private_1,2020,3,2020-09-30,2020-Q3,4810047000000.0,897259000000.0,0.027875385501139438,0.09813345249517832,0.0037545486410991177,0.0059249479781061775,0.102962134326011,0.021352630870179145,0.002782918549865002,0.0005662016258872549,-0.000896355018294068,0.7407668064415497,0.015817320178827855,320214546000000.0,428953971000000.0,485212606000000.0,28204602000000.0,17.203313345814983,3035858000000.0,-2625228000000.0,2184819000000.0,-1287560000000.0,716260000000.0,0.7465009480003159,0.1677079730309805,0.545780113998886,0.0,0.010330839088796215,-5064936000000.0,-20589000000.0,0.024135549420044148,1248883000000.0
STB,Private_1,2020,4,2020-12-31,2020-Q4,5016448000000.0,1013587000000.0,0.027225475755475993,0.08787705895889551,0.0035096862144415966,0.00684449067715642,0.11708854403899284,0.016987371256197616,0.0023139487290268594,-0.002564468136310085,-0.002888525869777321,0.9365582280800123,0.01590966232344177,340268127000000.0,427971850000000.0,492636633000000.0,28956242000000.0,17.013141173498965,3013620000000.0,-3939271000000.0,1077177000000.0,-63590000000.0,836610000000.0,0.7950712809732696,0.19041950305843713,0.7852709726085071,0.0,0.008805709159016894,-5413551000000.0,-235982000000.0,0.019301319985224476,1076332000000.0
STB,Private_1,2021,1,2021-03-31,2021-Q1,4145339000000.0,1000244000000.0,0.026642686161418832,0.07829817263439513,0.004809316850866056,0.006472807798772571,0.10919209014288471,0.01482545846056893,0.0038213167736562137,-0.0013688411080594687,0.00032614573976833276,1.0687518045043451,0.015844735482337256,356974593000000.0,431136898000000.0,497427679000000.0,29733870000000.0,16.729328506514623,3008364000000.0,-2669373000000.0,1475966000000.0,-475722000000.0,801062000000.0,0.8279843239026135,0.19670859625658854,0.6439456459411401,0.0,0.0067665018512453965,-5656168000000.0,-22176000000.0,0.018646775234225144,837409000000.0
STB,Private_1,2021,2,2021-06-30,2021-Q2,4746113000000.0,1424248000000.0,0.027388924900500572,0.07647328664571111,0.007910281174276446,0.008885284438643183,0.1480881300421851,0.015532748973037368,0.0024774023193028156,0.000891466805314069,-0.0004237528467467151,1.0281380704650724,0.015969810558156973,361109293000000.0,433943764000000.0,504533717000000.0,30383791000000.0,16.605357672451078,3148209000000.0,-2336056000000.0,2410057000000.0,-985809000000.0,1112839000000.0,0.8321568898038134,0.19897554283093696,0.4922040414966942,0.600204609386856,0.007475880837229382,-5766847000000.0,-1523000000.0,0.018010151292340185,936318000000.0
STB,Private_1,2021,3,2021-09-30,2021-Q3,4198460000000.0,824771000000.0,0.028789783566299756,0.07914528417201415,0.007861319353224717,0.005123825541981148,0.0802582705243984,0.015621836119918235,0.005076575193013457,8.37419600829824e-06,0.00254190910561806,1.1222464428693242,0.017531550016665762,356440303000000.0,418839499000000.0,494294982000000.0,33383145000000.0,14.806723033434986,3313028000000.0,-2423811000000.0,1774649000000.0,-949878000000.0,639728000000.0,0.8510188362153494,0.22175332131222897,0.5773095373065362,0.0,0.004724197457205823,-6248951000000.0,-43792000000.0,0.02069841131293169,589833000000.0
STB,Private_1,2021,4,2021-12-31,2021-Q4,4614405000000.0,1150763000000.0,0.021227596185173486,0.06307704250823659,0.00591127947250469,0.0067582419584912784,0.10145596206945601,0.014747882242013831,0.00414092406602563,0.0007923655030671433,0.00022253936867515232,1.209073541287226,0.017831274208838656,387929596000000.0,427386772000000.0,521196331000000.0,34261337000000.0,15.212375716686129,2494886000000.0,-2399883000000.0,2214522000000.0,-1063759000000.0,857867000000.0,0.9076780598160394,0.2281692026724683,0.5200850380493259,0.0,0.015590159952456432,-6917279000000.0,-129543000000.0,0.018888806308039463,1978959000000.0
STB,Private_1,2022,1,2022-03-31,2022-Q1,5125261000000.0,1588946000000.0,0.021841797536598245,0.06737026993921395,0.010798839551374187,0.009492663230228291,0.146146441986607,0.01283006063451096,0.004120066274857387,-0.00105907877160267,-0.0008133769716296666,1.3415314694446605,0.017211930096079582,413027822000000.0,457791917000000.0,552539011000000.0,35481093000000.0,15.572773110456321,2739459000000.0,-2831806000000.0,2293455000000.0,-704509000000.0,1274076000000.0,0.9022173757602627,0.22928039159765243,0.552519374135288,0.0,0.011441307293766996,-7109006000000.0,-11120000000.0,0.016950126909368347,1535617000000.0
STB,Private_1,2022,2,2022-06-30,2022-Q2,6129190000000.0,1319061000000.0,0.019940749178556316,0.06271105368985032,0.008670346334789346,0.00582548771440893,0.09022422215687047,0.012743009915729466,0.0039036198026554956,0.0003938887196804868,0.00019193864378463105,1.3838279324664007,0.01763413306508275,414561633000000.0,456417837000000.0,551422119000000.0,35798125000000.0,15.40365924192957,2602299000000.0,-2389672000000.0,3739518000000.0,-2420457000000.0,803889000000.0,0.9082941098991274,0.22582559366539393,0.38988381825330914,0.5974213708758691,0.01261332815223304,-7310435000000.0,-179096000000.0,0.016646629718384962,1740578000000.0
STB,Private_1,2022,3,2022-09-30,2022-Q3,7054205000000.0,1532027000000.0,0.04341689789405239,0.0943035897148329,0.017087750690110252,0.008688352398139655,0.13325643123747077,0.00900980996339869,0.003759176040679147,0.00017528153648507073,8.693520367332208e-05,1.5366128002616821,0.013844589317683663,420748053000000.0,457890375000000.0,564192851000000.0,36940248000000.0,15.273120283328904,5761978000000.0,-3097107000000.0,3957098000000.0,-2425071000000.0,1211607000000.0,0.9188838114363073,0.21371526536236976,0.43904408788800436,0.0,0.0073965231929435295,-5825084000000.0,-1564568000000.0,0.012768986004077837,1031459000000.0
STB,Private_1,2022,4,2022-12-31,2022-Q4,7832634000000.0,1899038000000.0,0.0440956964158635,0.10350711947775713,0.022402768406554148,0.012116537696704807,0.1853843445713066,0.00980064242488683,0.012496249183051623,0.0013677781653335423,0.010635880470729117,1.309700258256076,0.012835903914949737,438627777000000.0,454740496000000.0,591994201000000.0,38626996000000.0,15.325918717572549,6043398000000.0,-2645824000000.0,5186810000000.0,-3287772000000.0,1751123000000.0,0.9645672220931913,0.19202880053154536,0.33779492313824444,0.0,0.006133443535570748,-5630184000000.0,-67516000000.0,0.022296891607938456,886426000000.0
STB,Private_1,2023,1,2023-03-31,2023-Q1,6800360000000.0,2382528000000.0,0.04115454790363594,0.11617634947172771,0.03026424535102927,0.012786915916162522,0.1919517143627168,0.011909647468050559,0.009422099977981534,0.0023762152208614,-0.0004865355346613172,1.0384938855383565,0.012368096074487873,448469026000000.0,478789403000000.0,596693994000000.0,40557793000000.0,14.712190922223012,5836702000000.0,-3416137000000.0,3384223000000.0,-1001695000000.0,1899957000000.0,0.9366728319172929,0.17365492945131036,0.5023464934209365,0.0,0.0044309887337612534,-5546708000000.0,0.0,0.02133174744603209,658383000000.0
STB,Private_1,2023,2,2023-06-30,2023-Q2,6737408000000.0,2372538000000.0,0.03913259772767849,0.1201134521324662,0.02357621240205909,0.012635463236992361,0.1870170865477979,0.017864835452653452,0.011556546012745899,0.006599499248360577,0.009043213164960026,0.7709652487311323,0.01377316730829572,460470628000000.0,501583494000000.0,622177662000000.0,41793014000000.0,14.88712113464705,5751436000000.0,-3049214000000.0,3688194000000.0,-1315656000000.0,1925126000000.0,0.9180338538014171,0.16978837425619114,0.4525796864313398,0.5711006010019336,0.0042909324983105524,-6342139000000.0,-74547000000.0,0.02942138146539935,653762000000.0
STB,Private_1,2023,3,2023-09-30,2023-Q3,5926849000000.0,2085293000000.0,0.03168466162109515,0.10974847428886274,0.006061793129225052,0.010268618400865133,0.15293891263535886,0.02200444858399879,0.007128406891826289,0.004767205260266894,0.0005186845489740988,0.6421260731668199,0.014129630161444336,472073361000000.0,507833203000000.0,651288299000000.0,43709987000000.0,14.900217174624188,4851108000000.0,-3014859000000.0,2911990000000.0,-826697000000.0,1634592000000.0,0.9295834896403967,0.17316863781354602,0.508678220079506,0.0,0.004520042291102903,-6670222000000.0,-33676000000.0,0.02913285547582508,719515000000.0
STB,Private_1,2023,4,2023-12-31,2023-Q4,6708395000000.0,2754641000000.0,0.03579296380735011,0.1063476364092438,0.00955153482361365,0.013631920088368913,0.2020433579050616,0.02275400424669533,0.007261750569295178,0.0018207657347562131,0.0021180542741957432,0.6884530737524702,0.015665064163814156,482731122000000.0,510744394000000.0,674389660000000.0,45733864000000.0,14.745958487128926,5633088000000.0,-3409696000000.0,3298699000000.0,-544058000000.0,2258942000000.0,0.945152071507612,0.18602693463924735,0.5082729922731145,0.0,0.003537770216484379,-7562014000000.0,-263183000000.0,0.030015754815990506,586243000000.0
STB,Private_1,2024,1,2024-03-31,2024-Q1,6874794000000.0,2654223000000.0,0.03665895285850858,0.09334155629687323,0.010471995584507992,0.012348081742741986,0.18037936324095516,0.02278631060242149,0.008539819597653153,0.000866668795387922,0.002457459123590544,0.7250964265605843,0.016522272392315376,500408346000000.0,533358461000000.0,693534553000000.0,47908999000000.0,14.476081059426852,5950840000000.0,-3542916000000.0,3331878000000.0,-677655000000.0,2111405000000.0,0.9382214450330056,0.18545702980795123,0.515348678084027,0.0,0.003381970986429202,-8267883000000.0,26000000.0,0.031326130200074645,578285000000.0
STB,Private_1,2024,2,2024-06-30,2024-Q2,7154384000000.0,2688040000000.0,0.03579127618985136,0.08714844852080318,0.02167180742430797,0.012343441918737338,0.17955727403650232,0.024288034711588354,0.007037763807966781,0.0022893003467212357,0.0010154546862813515,0.697455260958978,0.016939817587951572,516634843000000.0,549184397000000.0,717312771000000.0,49077949000000.0,14.615785411081461,6116566000000.0,-4001037000000.0,3153347000000.0,-465307000000.0,2176839000000.0,0.9407311020163597,0.1876462779404128,0.5592426965060864,0.553706296174512,0.0038587931574090013,-8751700000000.0,0.0,0.03132579851955514,680521000000.0
STB,Private_1,2024,3,2024-09-30,2024-Q3,7237897000000.0,2751738000000.0,0.036334448876888956,0.08564368151387255,0.023938386728986155,0.012398369532167462,0.1754648878641,0.02473710034178719,0.007233413934605351,0.0012324739777568583,0.0015521523777675213,0.7504113720386406,0.01856300140773805,525493361000000.0,566724116000000.0,702985596000000.0,51280500000000.0,13.708633808172697,6365108000000.0,-3287498000000.0,3950399000000.0,-1198661000000.0,2201173000000.0,0.9272472198800871,0.17672694733181252,0.45420624250386543,0.0,0.004258079950323564,-9754734000000.0,-185602000000.0,0.03197051427639254,755968000000.0
STB,Private_1,2024,4,2024-12-31,2024-Q4,7410043000000.0,4626364000000.0,0.03384022475345613,0.08510136511284105,0.023196943906857198,0.019836687972537907,0.2709075554595997,0.024025288035097313,0.007663969333464695,0.0010050098425506083,0.0016371396174498958,0.6843038498316378,0.016440597095731077,539314658000000.0,566881814000000.0,748094546000000.0,54972070000000.0,13.60862972778722,6099184000000.0,-3150938000000.0,4259105000000.0,367259000000.0,3598078000000.0,0.9513705408796197,0.18268393418597126,0.4252253327004985,0.5521994999385453,0.0053127375786250685,-8866655000000.0,-570118000000.0,0.031689257368562006,963651000000.0
STB,Private_1,2025,1,2025-03-31,2025-Q1,7796440000000.0,3674030000000.0,0.03669033720260978,0.08904055894458421,0.024481857118737276,0.015395776454940769,0.20537643083410512,0.02507546504036051,0.007860236033527649,0.002213134729966861,0.002773946485244612,0.7466986771812439,0.018723816575341723,564327201000000.0,585569336000000.0,757093326000000.0,57862377000000.0,13.084379959018968,6863173000000.0,-3927147000000.0,3869293000000.0,-195263000000.0,2896692000000.0,0.9637239628271792,0.1746152448802408,0.5037102831548758,0.0,0.0038683011657962654,-10566359000000.0,1000000.0,0.03293570107388816,727815000000.0
STB,Private_1,2025,2,2025-06-30,2025-Q2,7769380000000.0,3657243000000.0,0.03390677251522409,0.0862628877697447,0.023957712250842995,0.014796920455279456,0.1967035946152014,0.024614918168187245,0.007301343268693526,0.001603722093133696,0.0013505941210159743,0.7543938927854507,0.01856934393749409,587960029000000.0,624314777000000.0,807339224000000.0,59821207000000.0,13.495869850971077,6585077000000.0,-3199817000000.0,4569563000000.0,-912320000000.0,2893598000000.0,0.9417685607656217,0.17760043504464415,0.4118497228865109,0.0,0.004700229485764663,-10918032000000.0,-583203000000.0,0.03191626143688077,919149000000.0
Sector,Sector,2018,1,2018-03-31,2018-Q1,62767702000000.0,23326790000000.0,0.030756396327503766,0.08266428567472228,0.014405095183490365,0.011800675300966647,0.17170651123070485,0.01765784080899331,0.018525724236134383,-0.0016715304839032932,0.00010137845525325257,0.7455251539356015,0.013164364487295086,4116859348000000.0,4510733086000000.0,6272137798000000.0,417689555000000.0,15.016266801308928,46784393000000.0,-24263409000000.0,38504293000000.0,-15177503000000.0,18734771000000.0,0.9126807704001664,0.1940489994224411,0.38655882287995824,0.047272199009345914,0.002984563896436371,-54195837000000.0,0.0,0.036183565045127694,4772559000000.0
Sector,Sector,2018,2,2018-06-30,2018-Q2,61996662000000.0,20542782000000.0,0.027493005991213567,0.07372659580312206,0.0124025983063474,0.008773002094452625,0.11618907243309182,0.01709171854224087,0.016459424447288436,-0.004992815418738645,-0.0055107998249817255,0.8014982573944535,0.013698982627482523,4404393497000000.0,4836628502000000.0,6569656975000000.0,449664842000000.0,14.610119274123726,48438657000000.0,-26547053000000.0,35449609000000.0,-14906827000000.0,16018035000000.0,0.9106329946942863,0.1863655582865769,0.42820132800053007,0.17839381103978855,0.0031535389166186894,-60335710000000.0,0.0,0.033551142989529305,5831813000000.0
Sector,Sector,2018,3,2018-09-30,2018-Q3,63733639000000.0,20073406000000.0,0.031006637054698395,0.08568666682686044,0.012956224049928107,0.009517722661420938,0.13624279573556722,0.018139819975334825,0.015504797495013283,0.001118396590888616,0.0019378422470337625,0.8684359232039316,0.01575327130703302,4414231790000000.0,4724043019000000.0,6520509076000000.0,455184554000000.0,14.324978777728912,49519766000000.0,-27769524000000.0,35964115000000.0,-15890709000000.0,15792209000000.0,0.9344182032733517,0.18630897823329073,0.435712199016284,0.0498890342935812,0.003803411316701379,-69538591000000.0,0.0,0.03364461747034811,6371099000000.0
Sector,Sector,2018,4,2018-12-31,2018-Q4,67312715000000.0,22851297000000.0,0.02758776714643894,0.08284403969654801,0.016691225573539952,0.009906397472421221,0.13790982976475813,0.01645133868116744,0.014198078652510129,-0.0005500947359202987,-0.0014380298278529563,0.8375564488212692,0.013778924804154583,4557460244000000.0,4884546936000000.0,6880300817000000.0,472113446000000.0,14.573405767816238,48533524000000.0,-31225824000000.0,36086891000000.0,-13235594000000.0,18158199000000.0,0.9330364317743962,0.19404452233110858,0.46389191106019123,0.140062141054568,0.004483116080661047,-62796902000000.0,0.0,0.03064941733367757,8273309000000.0
Sector,Sector,2019,1,2019-03-31,2019-Q1,70024939000000.0,26448524000000.0,0.0343993943536216,0.09282950694988874,0.02281697086822736,0.012478087228743976,0.17619891963330644,0.0173404947808692,0.016023215204536187,0.0016062981213687865,0.0024244859155462513,0.8440398281926909,0.014636068235621092,4749196839000000.0,5080711649000000.0,7019550160000000.0,502211596000000.0,13.977276143978164,55604470000000.0,-28106751000000.0,41918188000000.0,-15469664000000.0,20964950000000.0,0.9347503198562254,0.17759564315711474,0.4013820133424179,0.05490617047151529,0.004131983230675805,-69509569000000.0,0.0,0.03336370998540539,7018797000000.0
Sector,Sector,2019,2,2019-06-30,2019-Q2,74944940000000.0,26065374000000.0,0.03392951891456452,0.09281010648591961,0.0194774052859593,0.011633078663108455,0.16202238979245576,0.0173267549785719,0.015113079472008347,0.0008188024484617493,0.0006348429223318616,0.8170252903347863,0.014156397016927414,4977393465000000.0,5301498595000000.0,7365526469000000.0,518064677000000.0,14.217387897689076,58129204000000.0,-30351709000000.0,44593231000000.0,-18527857000000.0,20663450000000.0,0.9388653747252385,0.18028921650596041,0.4049867676190014,0.21490678043817252,0.004500826076204283,-70461958000000.0,0.0,0.03243983445058025,8093091000000.0
Sector,Sector,2019,3,2019-09-30,2019-Q3,79473798000000.0,29555787000000.0,0.03455697506749329,0.09428477644323584,0.022963881682940498,0.012722753240626022,0.17714282533942674,0.017878195293778078,0.015488784740349674,0.0009974069831748774,0.001759475729934081,0.878078117272349,0.015698452063788025,5101553177000000.0,5437731598000000.0,7530020463000000.0,541659281000000.0,13.901765791030543,61349766000000.0,-30626625000000.0,48847173000000.0,-19291386000000.0,23465312000000.0,0.9381767167170136,0.18066601988250616,0.38536757737436933,0.08921388423851397,0.004281551814857522,-80086488000000.0,0.0,0.033366980034127754,7972007000000.0
Sector,Sector,2019,4,2019-12-31,2019-Q4,86369402000000.0,31274520000000.0,0.034476534061058654,0.09551878255723736,0.01577334659590208,0.012836771527296079,0.17397674547858696,0.014640971232540146,0.013048852611115226,-0.002607683491368221,-0.0044865338468273305,0.8751818150824057,0.012813511777863773,5320912579000000.0,5628201510000000.0,7883196449000000.0,581224030000000.0,13.563094507637615,63295989000000.0,-38275555000000.0,48093847000000.0,-16819327000000.0,24419448000000.0,0.9454019316021256,0.19632204302507286,0.4431610514103131,0.15492741522084175,0.005228349179804238,-68179576000000.0,0.0,0.02768982384365537,10073210000000.0
Sector,Sector,2020,1,2020-03-31,2020-Q1,81347523000000.0,27427800999999.0,0.030822861019373773,0.08521835804076748,0.014076246546865092,0.010192197975227494,0.1276550333870135,0.016802735898504104,0.0157910493522866,0.0013618239975160622,0.0031940541321945795,0.8448879539273751,0.014196429153669188,5414274827000000.0,5666234879000000.0,7832528078000000.0,603532187000000.0,12.977813357284953,63426412000000.0,-33062114000000.0,48285409000000.0,-20857608000001.0,21723980999999.0,0.955533073128718,0.1749896275346407,0.4064304945093411,0.09049067957391116,0.003668660410657884,-76863369000000.0,-10929576000000.0,0.03259378525079071,7914227000000.0
Sector,Sector,2020,2,2020-06-30,2020-Q2,78797116000000.0,31777870000001.0,0.031224327700526303,0.08847371026984159,0.012848713313498824,0.0128625555048956,0.16307612006315303,0.017501749034278855,0.014405638666807143,0.0028212258313573043,0.0017923491714174856,0.8454043469751439,0.01479605471324737,5548276050000000.0,5910368581000000.0,8028061983000000.0,626951540000000.0,12.804916282684305,58997653000000.0,-29036606000000.0,49760510000000.0,-17982639999999.0,25082814000001.0,0.9387360490234036,0.1833353852894001,0.36849833438066437,0.21727061120330998,0.004583687222253086,-82092596000000.0,-9144987000000.0,0.031907387701086,9087498000000.0
Sector,Sector,2020,3,2020-09-30,2020-Q3,88277867000000.0,31662025000000.0,0.034993974044471896,0.09076008862252881,0.009725759201415411,0.012486770125070254,0.15658783644880825,0.018268965809727904,0.013302994513405598,0.003932734024652576,0.0031224654007617376,0.8546135028370435,0.015612904863861748,5670217027000000.0,6073732475000000.0,8224675752000000.0,653229581000000.0,12.590788891417334,67787660000000.0,-33629844000000.0,54648023000000.0,-22985998000000.0,25057599000000.0,0.933563842388366,0.19582457424583885,0.38095442428394877,0.09215010689844183,0.005127353271722501,-88528559000000.0,-15335428000000.0,0.0315719603231335,10416691000000.0
Sector,Sector,2020,4,2020-12-31,2020-Q4,111479369040423.0,42750142056763.0,0.023735631119546144,0.05696392945641794,0.002662476630213272,0.009642574965608575,0.11499314163334959,0.01392067725527277,0.010247158201178282,-0.011823955566255756,-0.01935291983284115,1.0219983449032155,0.014226909114820606,6360832456166154.0,6724000310610769.0,9328662462939056.0,721264271901234.0,12.93376481597923,81208690548343.0,-43201789507343.0,68277579533080.0,-25527437476317.0,33731184178371.0,0.9459893162301732,0.21371574020378264,0.3875317009704083,0.15458377822496083,0.0038660440224739705,-90494985248477.0,-22367471000000.0,0.02416783545645105,13650590876003.0
Sector,Sector,2021,1,2021-03-31,2021-Q1,109702927505752.0,52169540057780.0,0.03677849861248505,0.08518525643106431,0.006460401593614101,0.01785981885542409,0.22429381246233865,0.014169826015494139,0.01119874072854556,0.002180109295897915,0.0034842214190997523,1.089554560734079,0.01543879855999004,6561067620931401.0,6801531991066741.0,9425492265356400.0,757885717087690.0,12.436561414002526,82308052076608.0,-35871973868351.0,73830953637401.0,-21661413579621.0,41470523779244.0,0.9646455577285867,0.2072321439417729,0.32699194710615304,0.09356940214376282,0.00563408274939894,-101295001338033.0,-9445219000000.0,0.0253685667440397,13207807454281.0
Sector,Sector,2021,2,2021-06-30,2021-Q2,119263408753883.0,46981010986556.0,,,,,,0.014164200334763014,0.010595852959242858,,,1.2048814513826336,0.017066182257023648,6905702238397389.0,7073659633459792.0,9989842811090040.0,798851915541989.0,12.505249867633268,90945911880092.0,-38002205736440.0,81261203017443.0,-34280192030887.0,36988058370223.0,0.9762559405222253,0.20978252196551575,0.31864094891722367,0.24991690433093958,,-117853973013226.0,-15111180000000.0,0.024760053294005872,14161935162096.0
Sector,Sector,2021,3,2021-09-30,2021-Q3,107997955856828.0,39556595337361.0,0.03517388944345618,0.08223104034319159,0.006983716595692851,0.012484852751775705,0.15285197509382878,0.01620474050759312,0.014143481637190685,0.0044838762995829526,0.008214927917316825,1.150793371006098,0.018648307955012152,6995260399417883.0,7220716957552192.0,1.0266927283062808e+16,836772875688895.0,12.269670278939543,85021493929147.0,-37567976161948.0,70429979694880.0,-30873384357519.0,31251059981509.0,0.9687764304487101,0.22107631559946428,0.3478582151291044,0.10974864969884406,0.004243211134804295,-130449770153846.0,-15421685000000.0,0.030348222144783804,10744219052335.0
Sector,Sector,2021,4,2021-12-31,2021-Q4,124382785600907.0,45905023698174.0,0.03580757859082055,0.08196042241639659,0.0065716463649883585,0.013730839112331496,0.16688791165196357,0.013468679556691154,0.011992473039570949,0.000418118905475112,-0.0010840373271242393,1.4443361544752025,0.019453300836770077,7373738736548096.0,7493618696653417.0,1.095034396811479e+16,892568255707666.0,12.268354714713546,90818129389237.0,-44016862414596.0,80365923186311.0,-34460899488137.0,36075766244077.0,0.9840023939089857,0.23678774168843403,0.35388226917370974,0.16872002537437186,0.006462932636824033,-143443557933815.0,-16966706000000.0,0.025461152596262103,17140724354198.0
Sector,Sector,2022,1,2022-03-31,2022-Q1,134306579610541.0,68343541893638.0,0.03665427666106679,0.08163630704768271,0.008671229071800327,0.019659999117663245,0.23551812801204106,0.014217584303480097,0.01322086859774278,0.0023769660951194834,0.0044463016613210254,1.4899253025657102,0.021183138595116075,7842760258581863.0,7744255075561182.0,1.1424765299213656e+16,949959179934613.0,12.026585500231745,98354627403161.0,-40345375456742.0,93961204153799.0,-25617662260161.0,54243576556662.0,1.0127197751184018,0.2377968602588731,0.3003976095120176,0.11920681550179042,0.0053409657087657506,-166134277525808.0,-5336546000000.0,0.027438452901222876,14938086415836.0
Sector,Sector,2022,2,2022-06-30,2022-Q2,138309086620922.0,63814013615721.0,0.037881549307230825,0.08406436239932795,0.010485765753098463,0.017437893565368356,0.20750619985117286,0.014977408419444158,0.012203805245907702,0.003064972462119421,0.002487582589599358,1.4629962004069434,0.021911891609589767,8125315873067805.0,7848432010191010.0,1.187300468127436e+16,996763614468201.0,11.911555065750381,105929462722163.0,-44880930114561.0,93428156506361.0,-29614142890640.0,50494631153773.0,1.0352788764070668,0.22860402777939404,0.324497335721483,0.27286485733296423,0.005318627226361363,-178041040704341.0,-13846775000000.0,0.02718121366535186,15489019216466.0
Sector,Sector,2022,3,2022-09-30,2022-Q3,138254305590975.0,60673832646735.0,0.03867559441395118,0.08849518837611364,0.01415193495749046,0.016112831405200867,0.18828867315373893,0.015991582858606475,0.014337517153978834,0.0031893232594483465,0.0055919858539067325,1.4298666090097958,0.022865830354734818,8277734821042238.0,7798125596994592.0,1.2175926485950088e+16,1050455811514108.0,11.591088699295145,111278027818181.0,-46962954325996.0,91291351264979.0,-30617518618244.0,48183528671596.0,1.061503141759154,0.22271583849834067,0.3396852931650156,0.12210901225671258,0.004806364902130007,-189277280139433.0,-15236351000000.0,0.03032910001258531,14448492336986.0
Sector,Sector,2022,4,2022-12-31,2022-Q4,142955095191411.0,53786563555544.0,0.038180806632570556,0.09568850807573283,0.020619939367637043,0.013747526491123145,0.16333937014092037,0.01601203424580961,0.018251930713403444,0.005620021974814675,0.010143453172517684,1.2287284498971962,0.019674442018554464,8553940477866473.0,8293989927466888.0,1.2820611813209592e+16,1091318459760799.0,11.747819070172865,113753140466729.0,-54510658694637.0,88444436496774.0,-34657872941230.0,43729507556759.0,1.031342038352219,0.21254613452078053,0.38131315726556975,0.18929450714602858,0.005851109493048036,-168294005961950.0,-41929146000000.0,0.03426396495921305,18282185316944.0
Sector,Sector,2023,1,2023-03-31,2023-Q1,140557019499876.0,65932458352660.0,0.03623030997671769,0.10396257664345819,0.020722862037710607,0.016195517795472812,0.18986627540348333,0.0191965135334917,0.025014145961241182,0.006394183688798027,0.014199085216295908,1.058721664420434,0.02032376475924772,8910501776705970.0,8602243840510086.0,1.3106627013620972e+16,1138702353085673.0,11.510143083576173,112230427389592.0,-44917442117636.0,95639577382240.0,-29707119029580.0,52925718225926.0,1.03583459640428,0.18362886820851437,0.3195674060068955,0.1259436202043626,0.0043678185619846635,-181094941996631.0,-20610886600000.0,0.04421065949473288,14155684376105.0
Sector,Sector,2023,2,2023-06-30,2023-Q2,141209507007319.0,62152251120346.0,0.03393463148888407,0.10428800104834954,0.020206104486773666,0.015141884637024304,0.17419280136416038,0.020916365023016772,0.025648922314005417,0.0051903057451417765,0.006447766705173268,0.9778497633289985,0.02045306258745989,9126824015568718.0,8966222757977986.0,1.3330859339651758e+16,1171438211293324.0,11.379908228308388,107621798866056.0,-48519308852865.0,92690198154454.0,-30537947034108.0,50301232056770.0,1.0179118076726157,0.18907842478589906,0.3435980330301005,0.25682826615202353,0.004762635002601796,-186671502815159.0,-26398813900000.0,0.046565287337022185,15739012235863.0
Sector,Sector,2023,3,2023-09-30,2023-Q3,137920293097457.0,59747970021387.0,0.03318434341072199,0.09796501634467006,0.024642280474128753,0.014175419936289353,0.15885908509588328,0.022375299262382423,0.023117314178148426,0.004144540233200161,0.002166757611274564,0.9379388663171149,0.020986662823665146,9345476924900272.0,9228730001871852.0,1.364234432930537e+16,1219146732622920.0,11.190075783539768,107348380443473.0,-48165253534372.0,89755039563085.0,-30007069541698.0,47470767129316.0,1.0126503780048544,0.1961165534426845,0.34922528405836223,0.1340641322374271,0.00431176123431869,-196130373149225.0,-19618629000000.0,0.04549261344053085,14537751743149.0
Sector,Sector,2023,4,2023-12-31,2023-Q4,156513356035894.0,67884790562904.0,0.035625031740206606,0.09623205123341395,0.005740429336207929,0.015169462136353177,0.16891967607802383,0.019234001330754705,0.01909711433182491,0.002839117895138256,0.00030594907326920735,0.9505551066597636,0.018282978186449576,1.0073179230294704e+16,9822654143815048.0,1.4716197947220364e+16,1307102684933507.0,11.258639521476452,121308334773093.0,-55569456190535.0,100943899845359.0,-33059109282455.0,53341654163241.0,1.0255048261713868,0.22215373484623596,0.355046097010347,0.1905705038670151,0.00522564904315312,-184167716135675.0,-41893211000000.0,0.038331115662579615,18523973664068.0
Sector,Sector,2024,1,2024-03-31,2024-Q1,151495284320623.0,72258644514942.0,0.034374950521671166,0.08415064545168097,0.01400104758100203,0.015624533558872934,0.17298135204026793,0.021679078136538493,0.02101909237964915,0.004891943010182727,0.007257442587047784,0.8750006892905567,0.01896920831265502,1.0285732264166336e+16,9892861904708378.0,1.476544326646101e+16,1356808026127104.0,10.88248520213117,121980768483905.0,-47815867821898.0,103679416498725.0,-31420771983783.0,57600859564227.0,1.039712508194517,0.21217424908176838,0.31562611362015075,0.13878443513010955,0.0039605543896965335,-195112197967168.0,-20039768000000.0,0.04269817051618764,14595455440538.0
Sector,Sector,2024,2,2024-06-30,2024-Q2,163550858535663.0,76115126061230.0,0.035409723787411015,0.0798014701745194,0.019017578237058273,0.01604983583221975,0.1756329284774855,0.022220107593211205,0.018519444515622027,0.005428726210511152,0.004004105907372563,0.8090091418978244,0.01797627017686113,1.0882804474327484e+16,1.0266284895458024e+16,1.5599650858831184e+16,1391863649086266.0,11.207743566743826,129674127558687.0,-51771444544367.0,111779413991296.0,-35664287930066.0,60344656967605.0,1.0600528414268162,0.2172662770482115,0.3165464553833449,0.2445563592947393,0.004357333910256167,-195632233512464.0,-37006531447720.0,0.04073955210883323,16538856790032.0
Sector,Sector,2024,3,2024-09-30,2024-Q3,155983369817765.0,70369913925928.0,0.033006612595613494,0.07698915528256851,0.02008660650315885,0.014241537973313886,0.15763986815082706,0.02244542687652163,0.0172453382970568,0.0024683353293485496,0.0017591396716514149,0.8309090893564168,0.018650109206186632,1.1239295664787884e+16,1.0547996720415436e+16,1.5988800522619122e+16,1441502244367513.0,11.09176248950935,126247864058278.0,-52916154295705.0,103067215522060.0,-32697301596132.0,55831428233388.0,1.0655384110078887,0.2105812164276786,0.33924228177354304,0.13605474809363174,0.0035913174491703586,-209614091548914.0,-16408708114209.0,0.03969076517357843,14180519579809.0
Sector,Sector,2024,4,2024-12-31,2024-Q4,181350406828124.0,81812783021053.0,0.03333151088974207,0.0774482860608795,0.0181827381709551,0.015428426728981157,0.17153132160683274,0.019204036200789865,0.016224238005299957,0.0012637453907212487,0.0011948449178578885,0.9067507983163713,0.017413275155962703,1.1898929435754836e+16,1.1145785927365736e+16,1.7256391091362614e+16,1506211969985716.0,11.456814469165494,134868120859488.0,-66138407990807.0,115211998837317.0,-33399215816264.0,63203164363407.0,1.067572041424189,0.22554941727684077,0.36469952920199455,0.4379916299074014,0.003831384481679528,-207199332326183.0,-37966925444052.0,0.03542827420608982,15921888905034.0
Sector,Sector,2025,1,2025-03-31,2025-Q1,165547999263517.0,82837776837938.0,0.03039118632857467,0.07502375851022841,0.021150494591862513,0.015202478026344416,0.17108911837820098,0.021470904762310162,0.016058012284959185,0.005350862308253026,0.005792690040065816,0.8031201669828177,0.017243716617978713,1.2349494860164136e+16,1.141881935126178e+16,1.7730635920322664e+16,1577544111952730.0,11.239391523813028,129606885835512.0,-51777653336996.0,113770345926521.0,-30932569088583.0,65949638669033.0,1.081503654648807,0.21072025652891666,0.3127652014360926,0.13557171907271864,0.003304844959380343,-212951189743855.0,-27022176656000.0,0.03752891704726935,14453337482909.0
Sector,Sector,2025,2,2025-06-30,2025-Q2,183520584436859.0,89633574680214.0,0.031396068015546445,0.07607223015684847,0.021351906348480703,0.01564706376805536,0.17730024008860368,0.02026582178374605,0.012489941980298042,0.0029057923934952797,0.00013583301992723814,0.8039389593685689,0.016292483675573673,1.3138631179365826e+16,1.207340074317787e+16,1.8918487950558144e+16,1625392838201652.0,11.639332662182586,140301644357411.0,-56629211169472.0,126891373267387.0,-37257798587173.0,70985186281379.0,1.0882295269449969,0.2213352578476684,0.30857144087264776,0.13628046113431133,0.0037986558061698654,-214060934009201.0,-34774738270000.0,0.03275576376404409,17402175897895.0
TCB,Private_1,2018,1,2018-03-31,2018-Q1,4659780000000.0,2568785000000.0,0.019254418267327964,0.040000932824326534,0.005771527031446305,0.015171082445484646,0.16823415120123866,0.01871583291406512,0.017093547642448425,,,0.7618704027792715,0.01425903916058834,163948354000000.0,181390553000000.0,273152696000000.0,37615799000000.0,7.261648117590164,2546672000000.0,-1267035000000.0,3392745000000.0,-823960000000.0,2049029000000.0,0.9038417452754555,0.23164620927088744,0.2719087596410131,0.0,0.003640526992557242,-2337746000000.0,,0.035809380556513545,491695000000.0
TCB,Private_1,2018,2,2018-06-30,2018-Q2,3997946000000.0,2627683000000.0,0.03708518551590256,0.09404752709009392,0.01408081142604943,0.02930130611629135,0.1976122849157964,0.020373055926475436,0.01369678004592442,,,0.7418459529880039,0.01511366908905407,166700421000000.0,186283209000000.0,300404808000000.0,47429440000000.0,6.333720322230244,2503946000000.0,-1150302000000.0,2847644000000.0,-219961000000.0,2100748000000.0,0.8948762580099208,0.2461989260663853,0.28772324588676285,0.3927445645556745,0.009595187861058828,-2519455000000.0,,0.034069835972399855,687924000000.0
TCB,Private_1,2018,3,2018-09-30,2018-Q3,4635143000000.0,2577858000000.0,0.04340336219277238,0.09364659285825386,0.012235898827014289,0.026913590412227795,0.17001792407486827,0.020535759051892356,0.017092552153078807,,,0.774992007504778,0.015915049133260473,166938850000000.0,193583132000000.0,311795636000000.0,49481001000000.0,6.301320298673828,3116905000000.0,-1314671000000.0,3320472000000.0,-742614000000.0,2059564000000.0,0.8623625843598811,0.2474719388257444,0.28363116305149594,0.0,0.012180794824774743,-2656840000000.0,,0.03762831120497116,932136000000.0
TCB,Private_1,2018,4,2018-12-31,2018-Q4,5055365000000.0,2886806000000.0,0.0400089773750742,0.09564500844644518,0.014963089702175402,0.028629426560976282,0.17803235445481325,0.017527904857139256,0.016178647406090485,,,0.8507784518284441,0.014912363758153203,159942048000000.0,201471336000000.0,321049453000000.0,51782705000000.0,6.199935924552416,2959012000000.0,-2108849000000.0,2946516000000.0,-59710000000.0,2253527000000.0,0.793869992503549,0.28717711486263237,0.41715069040514385,0.0,0.017983535304008657,-2385114000000.0,,0.033706552263229744,1422599000000.0
TCB,Private_1,2019,1,2019-03-31,2019-Q1,4391813000000.0,2616989000000.0,0.045056700527552604,0.08612988772618783,0.018011420313809687,0.025861982353831345,0.15770365398758668,0.01784615763982926,0.02167112383227719,,,0.8765740040556352,0.0156434778593532,163835435000000.0,207978332000000.0,326111765000000.0,53874961000000.0,6.053122989731723,3430416000000.0,-1607495000000.0,2784318000000.0,-167329000000.0,2082825000000.0,0.7877524231706984,0.2816218229887525,0.36602082101400946,0.0,0.00615515251718931,-2562956000000.0,,0.03951728147210645,497922000000.0
TCB,Private_1,2019,2,2019-06-30,2019-Q2,4690564000000.0,3044705000000.0,0.039369435188427164,0.08815122690817208,0.015000376549314479,0.02833751953671919,0.17480585384034725,0.017804386849498307,0.015205689908220615,,,0.7708233757563973,0.01372403757460309,185432165000000.0,220262623000000.0,360661683000000.0,56365695000000.0,6.398602607490248,3198514000000.0,-1573878000000.0,3116686000000.0,-71981000000.0,2408839000000.0,0.8418685043989511,0.3036021186399837,0.33554131230274226,0.4660868363146532,0.008810020273235724,-2544878000000.0,,0.03301007675771892,756311000000.0
TCB,Private_1,2019,3,2019-09-30,2019-Q3,5358591000000.0,3198548000000.0,0.04340034683410468,0.08947585630795137,0.014043425716886063,0.02837233162045031,0.17721331001714058,0.01804008154569466,0.009195691081293245,,,0.7708073249645783,0.013905426998379754,205317032000000.0,218654681000000.0,367538462000000.0,58940723000000.0,6.235730464317514,3724705000000.0,-1794313000000.0,3564278000000.0,-365730000000.0,2554229000000.0,0.9390013104727449,0.2995555535351196,0.3348479105794788,0.0,0.0069814542538988375,-2855021000000.0,,0.027235772626987904,635487000000.0
TCB,Private_1,2019,4,2019-12-31,2019-Q4,6627177000000.0,3978026000000.0,0.04439428592038289,0.09214075195578743,0.010232134753679832,0.03321265771616271,0.20025840094356423,0.013335567455826546,0.009326165926610341,,,0.9476483133173657,0.01263742800664398,230802027000000.0,231296761000000.0,383699461000000.0,62072767000000.0,6.181446059912232,3904209000000.0,-2336823000000.0,4290354000000.0,-312328000000.0,3029246000000.0,0.9978610422477987,0.34464648642442514,0.3526121303233639,0.0,0.014521450083930335,-2916744000000.0,,0.022661733382436888,1363633000000.0
TCB,Private_1,2020,1,2020-03-31,2020-Q1,6030464000000.0,3120730000000.0,0.04660903623393985,0.09342402705266228,0.011733939863295214,0.025847895284856887,0.1551128009318104,0.010903031255712844,0.010167261876972967,0.0006293878866150513,0.001524185054059339,1.1793458044781802,0.012858444167519405,232021072000000.0,235098792000000.0,391807859000000.0,64590770000000.0,6.066003842344657,4212412000000.0,-2137714000000.0,3892750000000.0,-772020000000.0,2455892000000.0,0.9869088225685141,0.32212133612324134,0.35448582397639716,0.0,0.008892253911929549,-2983430000000.0,-693407000000.0,0.02107029313268581,862001000000.0
TCB,Private_1,2020,2,2020-06-30,2020-Q2,5895131000000.0,3616843000000.0,0.04314744872090388,0.08280404048976465,0.010074573060897108,0.02934222705324246,0.1706941115644676,0.009066591261488257,0.010077159127515018,0.002689221261765397,0.002583687743671833,1.085648625345705,0.009843132339606106,231665787000000.0,249857269000000.0,395861051000000.0,67429203000000.0,5.8707656829341435,3935378000000.0,-1839257000000.0,4055874000000.0,-439031000000.0,2816879000000.0,0.9271925044534126,0.34417818758757024,0.31199595055648466,0.44982598505476395,0.012740266719426567,-2280317000000.0,-1053270000000.0,0.019143750389003275,1254389000000.0
TCB,Private_1,2020,3,2020-09-30,2020-Q3,7496764000000.0,3973866000000.0,0.05583573010580437,0.10082863072654648,0.0052965511581159,0.03190945579154279,0.17960433898148703,0.005998941398467255,0.008577500137766954,0.002832692770469383,0.0012978567266818729,1.4795809399949424,0.008875919353318756,230715706000000.0,252572479000000.0,401461729000000.0,70608353000000.0,5.685754049524424,5147680000000.0,-2489180000000.0,5007584000000.0,-1033718000000.0,3099018000000.0,0.9134633627284467,0.3857329602406919,0.33203392823890415,0.0,0.01148862697739553,-2047814000000.0,-1372607000000.0,0.014576441536234209,1145018000000.0
TCB,Private_1,2020,4,2020-12-31,2020-Q4,7761890000000.0,5088857000000.0,0.05577960324250915,0.08748658431437274,0.004725192761159874,0.03811883847760566,0.21776689457180787,0.004666944587960243,0.006507048032478128,0.0006736775865618788,-7.658776381699822e-05,1.709590547193003,0.007978564351850376,277524615000000.0,277458651000000.0,439602933000000.0,74614786000000.0,5.891632966688399,5455739000000.0,-2306767000000.0,5455123000000.0,-366266000000.0,3953099000000.0,1.0002377435331797,0.46146849823759867,0.2971914057014464,0.0,0.010169339393788489,-2214248000000.0,-244286000000.0,0.011173992620438371,1069134000000.0
TCB,Private_1,2021,1,2021-03-31,2021-Q1,8932202000000.0,5518302000000.0,0.0584339703605778,0.08705076398135526,0.0051843092778078624,0.0396816480907923,0.22883607064951544,0.003831797171106695,0.006105469977167285,0.0003880340487995993,0.0003992943112451485,2.193928781563677,0.008406690098805255,296290213000000.0,287445926000000.0,462822690000000.0,79092765000000.0,5.8516438260819434,6123721000000.0,-2563083000000.0,6369119000000.0,-850817000000.0,4396729000000.0,1.0307685244424025,0.4424295615169025,0.28694861580604647,0.0,0.011746758657804644,-2490820000000.0,-267557000000.0,0.00993726714827398,1325072000000.0
TCB,Private_1,2021,2,2021-06-30,2021-Q2,9205963000000.0,6017766000000.0,0.05891161921438749,0.08790471569257198,0.004967679888699593,0.03976031858237161,0.231229738681738,0.0035675249976324023,0.006798548266383429,0.00047279658204572557,0.0015610843008169156,2.5894074846955975,0.009237775930707985,313513991000000.0,289334731000000.0,504303766000000.0,83901010000000.0,6.010699585142062,6587800000000.0,-2590526000000.0,6615437000000.0,-597671000000.0,4711126000000.0,1.0835684672781298,0.4610890284028847,0.2813965252738904,0.4148941918879419,0.012052876774989184,-2896172000000.0,-156940000000.0,0.010366073264015832,1457082000000.0
TCB,Private_1,2021,3,2021-09-30,2021-Q3,8779149000000.0,5562329000000.0,0.05570136460821012,0.08825847642075722,0.004306793031550117,0.03389914510516593,0.20141456982342634,0.005696989518032431,0.009340148175496133,0.0025757510770867,0.005341624450820761,1.8442557653940217,0.01050670576402062,321042016000000.0,316376047000000.0,541635295000000.0,88384441000000.0,6.128174697625796,6742489000000.0,-2627889000000.0,6151260000000.0,-588931000000.0,4337600000000.0,1.0147481740297488,0.4899527523333649,0.29933299913237604,0.0,0.011450296146842153,-3373094000000.0,-97030000000.0,0.015037137693528563,1497039000000.0
TCB,Private_1,2021,4,2021-12-31,2021-Q4,10159011000000.0,6139979000000.0,0.05634942509352903,0.08745510411264804,0.004154979137317665,0.03374366638911171,0.20247896666031343,0.006604093350918039,0.006175010992935812,0.0017754716566444687,-0.000883818895530484,1.6285388822577003,0.010755022804029573,347341244000000.0,314752525000000.0,568811435000000.0,93055837000000.0,6.112582008154953,7244603000000.0,-3391848000000.0,6767163000000.0,-627184000000.0,4592230000000.0,1.1035375935427365,0.5047084880415177,0.33387580739896827,0.0,0.015150997833097316,-3735663000000.0,-105100000000.0,0.012779104343853851,2103047000000.0
TCB,Private_1,2022,1,2022-03-31,2022-Q1,10006380000000.0,6785330000000.0,0.05904269621287958,0.08698170444503259,0.011164280802423576,0.037933488550824006,0.22978758181010245,0.006676328542675019,0.0059566722212829465,0.0007265880581691013,0.0008238209684076562,1.6084003803723292,0.01073820936752914,365742636000000.0,328914024000000.0,615270328000000.0,98585990000000.0,6.2409509505356695,8111063000000.0,-3002664000000.0,7003716000000.0,-218386000000.0,5504614000000.0,1.1119703305809787,0.5039161966532628,0.30007495218050884,0.0,0.011398341247824793,-3927421000000.0,-104430000000.0,0.012633000763957965,1687071000000.0
TCB,Private_1,2022,2,2022-06-30,2022-Q2,10934380000000.0,7321136000000.0,0.0546652078831864,0.08423187721954388,0.009823523131949306,0.03798039108731712,0.2286414719341512,0.00602139530053358,0.005281754169696919,5.6930742961014805e-05,-0.00024134457214334727,1.7160294931688118,0.010332891925743704,391823802000000.0,321633599000000.0,623738504000000.0,104475159000000.0,5.9702087076986405,7793840000000.0,-3195863000000.0,7738517000000.0,-417381000000.0,5803525000000.0,1.2182303192770603,0.4746351639711621,0.2922765625485853,0.5296388644873612,0.012830655915776394,-4048673000000.0,-103314000000.0,0.011303149470230499,1987162000000.0
TCB,Private_1,2022,3,2022-09-30,2022-Q3,10338368000000.0,6715079000000.0,0.05212753892725039,0.0872423113645897,0.019408887207292648,0.03315619204784419,0.19770899038890424,0.006492115251028695,0.0070511636441955156,0.0015818028328968131,0.0036881296966231776,1.6498761307779843,0.010711185990931965,410545854000000.0,318918817000000.0,671353524000000.0,109899149000000.0,6.108814582358595,7565461000000.0,-3014021000000.0,7324347000000.0,-609268000000.0,5297966000000.0,1.2873052078328762,0.46462519644928946,0.2915374070646353,0.0,0.013114490424459628,-4397433000000.0,-313803000000.0,0.01354327889522421,2123059000000.0
TCB,Private_1,2022,4,2022-12-31,2022-Q4,9427322000000.0,4746223000000.0,0.0449670697142772,0.09392536728919774,0.029009574097915065,0.02085302577667478,0.1269642376059567,0.009078009050643173,0.02076725734165212,0.003199803352538545,0.017420621668243666,1.2498825152887294,0.01134644478603174,420523705000000.0,358403785000000.0,699032544000000.0,113424966000000.0,6.162951320611373,6819411000000.0,-3989840000000.0,5437482000000.0,-691259000000.0,3544272000000.0,1.1733238391999683,0.3695882787621788,0.4232209316707332,0.0,0.014796250832871135,-4771449000000.0,-161459000000.0,0.029845266392295296,2534572000000.0
TCB,Private_1,2023,1,2023-03-31,2023-Q1,9299974000000.0,5623358000000.0,0.041182271106363896,0.10064313431054478,0.028084698592771136,0.02551528397788641,0.1554738779073367,0.008478796959370573,0.01923967849236917,0.0006659933712892595,0.0011927413223946554,1.3380084926260318,0.011344702338889602,465425345000000.0,387297891000000.0,723517800000000.0,117965416000000.0,6.133304357609352,6526880000000.0,-3142086000000.0,6157888000000.0,-534530000000.0,4496895000000.0,1.201724449875716,0.3203339622626553,0.3378596542312914,0.0,0.010933253832175095,-5280112000000.0,-151337000000.0,0.027718475451739742,1944138000000.0
TCB,Private_1,2023,2,2023-06-30,2023-Q2,9325171000000.0,5649010000000.0,0.038632066062811124,0.09621169568878832,0.025108680119365644,0.024744429739171837,0.1482360054107304,0.010743450096392057,0.019598146264681853,0.005095137223349966,0.005500802711979512,1.1557876638264626,0.012417147088345161,466546217000000.0,381946519000000.0,732470169000000.0,122464970000000.0,5.981058657018411,6294877000000.0,-2868890000000.0,6456281000000.0,-807271000000.0,4455055000000.0,1.2214961880566322,0.34919948046443644,0.3076501224481567,0.42874630471242203,0.011095410363243187,-5793173000000.0,-1305337000000.0,0.030341596361073912,2019348000000.0
TCB,Private_1,2023,3,2023-09-30,2023-Q3,10418493000000.0,5842790000000.0,0.04293297048096596,0.10037344634010482,0.01392370316689402,0.02467360445565595,0.14785384353187292,0.013598338937938763,0.012564457058977076,0.0046190171980324945,-0.0021706959848738845,0.9303632376675429,0.012651394641201325,475605589000000.0,409044572000000.0,781278666000000.0,127129786000000.0,6.145520185175172,7272160000000.0,-3630731000000.0,6787762000000.0,-944972000000.0,4612943000000.0,1.162723139619122,0.336345196630552,0.34848907610726426,0.0,0.011920920817752438,-6017074000000.0,-699855000000.0,0.026162795996915837,2255660000000.0
TCB,Private_1,2023,4,2023-12-31,2023-Q4,11017454000000.0,5773070000000.0,0.04165218714569971,0.09392556894748731,0.01530353140975204,0.02198539643718341,0.1372374668546772,0.011567030816935985,0.008558808768679337,9.050566476837597e-05,-0.0031406842866180027,1.0214618988078796,0.011815281261836692,518641568000000.0,454660779000000.0,849482012000000.0,131628065000000.0,6.453654180816226,7597203000000.0,-3610089000000.0,7407365000000.0,-1634295000000.0,4438909000000.0,1.1407220326783454,0.39914107260173415,0.3276699861873714,0.0,0.012243371004313608,-6127896000000.0,-511348000000.0,0.02012583958561532,2495751000000.0
TCB,Private_1,2024,1,2024-03-31,2024-Q1,12261767000000.0,7801659000000.0,0.04351796056154744,0.08550160931659695,0.01610681111075876,0.02894069355471012,0.184667272460807,0.011294798997459013,0.010885790497134527,0.002471529624868017,0.005651407794602379,1.060606118171514,0.011979332920222512,559276885000000.0,458040690000000.0,885653461000000.0,137872726000000.0,6.423703126026536,8499544000000.0,-3249136000000.0,9012631000000.0,-1210972000000.0,6220997000000.0,1.2210200910316504,0.40466531696125074,0.2649810586027283,0.0,0.010010289265753487,-6699764000000.0,-964061000000.0,0.02218058949459354,2171151000000.0
TCB,Private_1,2024,2,2024-06-30,2024-Q2,13419696000000.0,7826509000000.0,0.046507403050818685,0.0869870385813895,0.025605038011683297,0.027960344432643173,0.17924210397893878,0.01230750192906565,0.008199196359324262,0.0035409795275197185,0.0013353385774203773,1.0113525800370136,0.012447223829771066,592083271000000.0,481860239000000.0,908306700000000.0,138551657000000.0,6.555725999004111,9477926000000.0,-3948974000000.0,9470722000000.0,-1644213000000.0,6193361000000.0,1.22874481660646,0.37374727446644546,0.2942670236345145,0.3676310741720238,0.010976707525669517,-7369793000000.0,-1010242000000.0,0.020506698288389913,2461472000000.0
TCB,Private_1,2024,3,2024-09-30,2024-Q3,11754335000000.0,7214168000000.0,0.04221354133313083,0.08028028362106367,0.02730429257845545,0.02525072730348121,0.16223702307212404,0.012907541188332077,0.008243051294367058,0.0016946737885455304,0.0022147695505485747,1.0349254577693814,0.01335834297301172,626290777000000.0,494954017000000.0,927053345000000.0,144367982000000.0,6.42146085411099,8928676000000.0,-3430902000000.0,8323433000000.0,-1109265000000.0,5737505000000.0,1.2653514376871902,0.36537533546272843,0.29188397301931585,0.0,0.008485672357545519,-8366207000000.0,-206580000000.0,0.021150592482699133,1946783000000.0
TCB,Private_1,2024,4,2024-12-31,2024-Q4,9554599000000.0,4696032000000.0,0.03836876782583559,0.07771586815610364,0.020879669401159415,0.014356250916525835,0.09226075450387788,0.011240334646645372,0.007029817172145187,-0.0007893170682920659,-0.0019415550167043256,1.1394058415953132,0.012807302957873927,631724964000000.0,533392350000000.0,978798549000000.0,147939621000000.0,6.616202896720954,8601817000000.0,-4740723000000.0,4813876000000.0,-117844000000.0,3371065000000.0,1.1843532514105235,0.37353817691611063,0.4961718435279178,0.3951119036561094,0.006140422577873199,-8090693000000.0,-488732000000.0,0.018270151818790558,1462842000000.0
TCB,Private_1,2025,1,2025-03-31,2025-Q1,11611198000000.0,7236228000000.0,0.03563171495328196,0.07237347758019465,0.025058752939522713,0.024444986037100127,0.15761807176484133,0.011728183921747924,0.00782357211596124,0.0019131933497565565,0.0031028534753298116,1.1158474042358135,0.013086863585482627,663692866000000.0,531583052000000.0,989215993000000.0,153952665000000.0,6.425455467107374,8305393000000.0,-3284915000000.0,8326283000000.0,-1090055000000.0,5947960000000.0,1.2485214934956204,0.35059910450267706,0.2829092226314632,0.0,0.0074313759821801155,-8685658000000.0,-525500000000.0,0.019551756037709166,1828132000000.0
TCB,Private_1,2025,2,2025-06-30,2025-Q2,12743031000000.0,7898588000000.0,0.03793079639284676,0.07422423971171999,0.02526931332165206,0.02505394808971515,0.15827135593376315,0.012572270075695221,0.005951500170326318,0.002050879359610293,0.0005968619225748918,1.0650415380448044,0.013389989858133106,710313010000000.0,545078843000000.0,1037645395000000.0,161827229000000.0,6.412056867141932,9137076000000.0,-3830693000000.0,8912338000000.0,-1013750000000.0,6247364000000.0,1.3031381040045247,0.3639425241826897,0.3006108201416131,0.0,0.008316270712834755,-9511084000000.0,-214819000000.0,0.01852377024602154,2106991000000.0
TPB,Private_2,2018,1,2018-03-31,2018-Q1,1188144000000.0,512793000000.0,0.006743563105258879,0.01420924655063767,0.005792922808365307,0.0035399833190160697,0.024259098801560863,0.011492327024647534,0.02578237893814315,,,0.9250693802035153,0.010631199837786803,69794568000000.0,73126601000000.0,121214303000000.0,7278146000000.0,16.654557767871104,933011000000.0,-608191000000.0,579953000000.0,-67160000000.0,512793000000.0,0.9544347343588416,0.12761535299582705,0.5118832397419841,0.0,0.0005157552730770692,-742000000000.0,,0.037274705962790686,74711000000.0
TPB,Private_2,2018,2,2018-06-30,2018-Q2,1461155000000.0,511521000000.0,0.036302106416252825,0.087065503644546,0.013373835220265001,0.009885884034099906,0.14462795032574358,0.01169433366985481,0.022582707531532825,,,0.9909690087817725,0.01158872224517933,73770428000000.0,75170153000000.0,126532888000000.0,9656340000000.0,13.103607370908646,1064786000000.0,-642101000000.0,819054000000.0,-307533000000.0,306150000000.0,0.9813792450309367,0.15111995315481133,0.4394475603204314,0.4686767589941034,0.005484881562188933,-854905000000.0,,0.03427704120138764,169858000000.0
TPB,Private_2,2018,3,2018-09-30,2018-Q3,1387978000000.0,589192000000.0,0.03773620823697269,0.09049458017807077,0.012463318413017331,0.01485453947634206,0.18958296016988707,0.012398705800451344,0.021447748459341255,,,0.9905583882819108,0.012281642034476662,73805929000000.0,70158755000000.0,126912061000000.0,10202027000000.0,12.43988679896652,1119505000000.0,-728559000000.0,659419000000.0,-70227000000.0,470601000000.0,1.0519845883810224,0.1448923943989599,0.5249067348329729,0.0,0.006160832978368017,-906458000000.0,,0.0338464542597926,195179000000.0
TPB,Private_2,2018,4,2018-12-31,2018-Q4,1592262000000.0,644223000000.0,0.04159050537253044,0.0939241421190078,0.0195904236616366,0.015648915162066984,0.19751802819716396,0.011159323034529907,0.02062268507925903,,,1.0331776058996858,0.011529562656276826,77185148000000.0,76138062000000.0,136179403000000.0,10642126000000.0,12.796259224895477,1263213000000.0,-867837000000.0,724425000000.0,-80202000000.0,514637000000.0,1.0137524645689038,0.1912680808712993,0.5450340459045057,0.0,0.007189499694296429,-889911000000.0,,0.03178200811378894,236437000000.0
TPB,Private_2,2019,1,2019-03-31,2019-Q1,1905964000000.0,852866000000.0,0.040047952449970683,0.09629458251143191,0.012610277017189664,0.019765810509329657,0.2482558141914984,0.013865761084111831,0.02351554509131322,,,0.8883021013689628,0.012316984708096527,84723658000000.0,77912920000000.0,139944260000000.0,11342487000000.0,12.338057782213019,1283678000000.0,-898212000000.0,1007752000000.0,-154886000000.0,682226000000.0,1.087414744563546,0.16832971989754716,0.4712638853619481,0.0,0.006279881923774132,-1043540000000.0,,0.03738130617542505,216753000000.0
TPB,Private_2,2019,2,2019-06-30,2019-Q2,1920858000000.0,766824000000.0,0.04194194889535069,0.09910416778969693,0.01573491796976562,0.017173283154600514,0.21683309507332402,0.015015302563931927,0.02525981140505421,,,0.8412415467002465,0.01263149635305427,88957315000000.0,80873528000000.0,145716202000000.0,11281956000000.0,12.915863348518643,1407961000000.0,-795325000000.0,1125533000000.0,-358709000000.0,613216000000.0,1.0999559089347506,0.1797975970579644,0.41404674369474476,0.5254485664042361,0.0075228051686060775,-1123664000000.0,,0.040275113968986136,268621000000.0
TPB,Private_2,2019,3,2019-09-30,2019-Q3,1961332000000.0,784476000000.0,0.04144449521355881,0.10214630562110039,0.013744498846059742,0.016748873565653754,0.21640722090440725,0.015129030750208126,0.020086450282588684,,,0.8010295071335928,0.012118800045248184,92954005000000.0,85596232000000.0,153929979000000.0,11909211000000.0,12.925287745762503,1442154000000.0,-728320000000.0,1233012000000.0,-448536000000.0,627342000000.0,1.0859590758621245,0.16423284847398423,0.3713394774571567,0.0,0.007264567807056416,-1126491000000.0,,0.035215481032796814,272100000000.0
TPB,Private_2,2019,4,2019-12-31,2019-Q4,2803865000000.0,1464174000000.0,0.0410420333678191,0.10123680202068057,0.011028014877502164,0.02941686793770051,0.3750388798971309,0.012912873508657653,0.020166796140258063,,,0.9783674146886525,0.012633534670866978,95643700000000.0,92439495000000.0,164593666000000.0,13074780000000.0,12.588637514359707,1503061000000.0,-1000467000000.0,1803398000000.0,-339224000000.0,1171246000000.0,1.034662727224981,0.16519735422613463,0.3568171078136786,0.0,0.007908838290482329,-1208318000000.0,,0.03307966964891572,314894000000.0
TPB,Private_2,2020,1,2020-03-31,2020-Q1,2429510000000.0,1009455000000.0,0.04342548009445596,0.10775744597469389,0.00995542462486899,0.018973692116004626,0.24034464518520698,0.018744501155885898,0.026535255586975857,0.007849058537049487,0.015567235479179497,0.7601173895319705,0.014248021286690993,100508623000000.0,89686651000000.0,176632067000000.0,13862837000000.0,12.741408342318387,1727524000000.0,-1095980000000.0,1333530000000.0,-324075000000.0,809289000000.0,1.1206642446711494,0.13907749772036868,0.4511115410103272,0.0,0.0036808478333607976,-1432049000000.0,-101764000000.0,0.045279756742861756,157000000000.0
TPB,Private_2,2020,2,2020-06-30,2020-Q2,2449736000000.0,1024884000000.0,0.041819200479326885,0.10439618580246252,0.0063531592235353,0.018277410030770457,0.23092107608346166,0.014707476843203856,0.0191962340478425,-0.001978546656638605,-0.0093346219657193,1.1273858008077648,0.016581000558737038,100419332000000.0,96214153000000.0,181339877000000.0,14470653000000.0,12.531561429881569,1764509000000.0,-983182000000.0,1466554000000.0,-441670000000.0,817850000000.0,1.043706449299616,0.1562633929750439,0.40134202216075526,0.5297766287170199,0.003555049554386307,-1665053000000.0,-208208000000.0,0.03390371089104636,159076000000.0
TPB,Private_2,2020,3,2020-09-30,2020-Q3,2215083000000.0,989403000000.0,0.038704944665302825,0.10592444647071224,0.004702201367807254,0.016894481841514722,0.21171321824739892,0.01786008570291931,0.019492581817301236,0.007550030306913414,0.009772142280333034,0.9218546232124245,0.016464402576206294,110340232000000.0,108694001000000.0,193461319000000.0,15438070000000.0,12.531444604150648,1708234000000.0,-809689000000.0,1405394000000.0,-415991000000.0,791509000000.0,1.015145555273101,0.1693441572732243,0.3655343840388825,0.0,0.010533306836085977,-1816686000000.0,-264398000000.0,0.037352667520220546,493487000000.0
TPB,Private_2,2020,4,2020-12-31,2020-Q4,3274860000000.0,1364781000000.0,0.04476796803491465,0.10506720506128753,0.0034301495304812843,0.021823786066870916,0.27109946180786604,0.011837963735127415,0.013527865604510258,-0.0003451415617831944,-0.005126661325127538,1.3420974635484977,0.015887701102493604,119990991000000.0,115903526000000.0,206314594000000.0,16744303000000.0,12.32147996844061,2088466000000.0,-1308442000000.0,1966418000000.0,-601637000000.0,1090578000000.0,1.0352660970814642,0.19377694342103105,0.3995413544395791,0.0,0.009161012159329369,-1906381000000.0,-512154000000.0,0.02536582933963767,457794000000.0
TPB,Private_2,2021,1,2021-03-31,2021-Q1,2797996000000.0,1422035000000.0,0.04630936137164821,0.10206308114757226,0.0010558616483283033,0.02155014703150502,0.2624141969380468,0.011926554111260009,0.01745269536900712,0.003105291463089925,0.0076695174556896525,1.3401963454191013,0.01598392423335382,124386976000000.0,120036649000000.0,216152686000000.0,17949826000000.0,12.042049098414658,2263489000000.0,-984895000000.0,1813101000000.0,-391066000000.0,1138029000000.0,1.0362416564960923,0.1809217866453436,0.3520001458186502,0.0,0.005344906237472403,-1988192000000.0,-309548000000.0,0.029379249480267128,282256000000.0
TPB,Private_2,2021,2,2021-06-30,2021-Q2,3434709000000.0,1584629000000.0,0.04768351041475687,0.1043569464256386,0.0011846577045681052,0.022112570327487046,0.2651472385248015,0.011491742985291369,0.014656340759915103,0.003507264297509733,0.0016319232650209294,1.4481635334300038,0.01664192312684901,132203531000000.0,132062360000000.0,242246851000000.0,20279469000000.0,11.94542376824561,2526602000000.0,-1237841000000.0,2196868000000.0,-612239000000.0,1267049000000.0,1.0010689722643151,0.1843405797079501,0.36039181194098246,0.5204962315988481,0.007200077080357086,-2200121000000.0,-400517000000.0,0.026148083745206472,412564000000.0
TPB,Private_2,2021,3,2021-09-30,2021-Q3,3673552000000.0,1386967000000.0,0.040650587310023245,0.09751877392300849,0.0010450315757047678,0.017667099215548602,0.19714272195722607,0.010357615645275934,0.025583186735956734,0.01372172124510048,0.024803089412188242,1.154275165797512,0.011955538516217785,133002039000000.0,131508437000000.0,260327561000000.0,24759130000000.0,10.51440664514464,2345634000000.0,-940970000000.0,2732582000000.0,-1345615000000.0,1109879000000.0,1.0113574614227983,0.21552966978080654,0.25614718397888475,0.5085489043277716,0.005694997460395974,-1590111000000.0,-1955725000000.0,0.035940802381232664,357770000000.0
TPB,Private_2,2021,4,2021-12-31,2021-Q4,3611151000000.0,1644591000000.0,0.04413362243464689,0.10392635509501935,0.0010959080981097697,0.01902011346957175,0.2073234080261239,0.008191273482256407,0.01470711263430132,0.00024874054750393716,-0.009717738237080711,1.5259656511381043,0.012499601973001687,141227857000000.0,139562262000000.0,292827078000000.0,25987981000000.0,11.267788675080222,2810324000000.0,-1406990000000.0,2204161000000.0,-559570000000.0,1315133000000.0,1.011934422501693,0.23283322822612318,0.38962369615671016,0.0,0.0070848325652385965,-1765292000000.0,-253831000000.0,0.02289838611655773,489876000000.0
TPB,Private_2,2022,1,2022-03-31,2022-Q1,3615995000000.0,1623147000000.0,0.04106771550876055,0.1021882360346952,0.0016247321965755155,0.01745773248554147,0.1947817228442636,0.011438496535670395,0.01630762653597218,0.00656962457484574,0.009168630237021864,1.2569447806596687,0.014377558519104607,149875029000000.0,152538738000000.0,302622532000000.0,27380476000000.0,11.052493462860179,2831379000000.0,-1237583000000.0,2378412000000.0,-755265000000.0,1299400000000.0,0.9825374915583739,0.1878311462102171,0.34225240908795507,0.5940254938201001,0.00687055954239352,-2154837000000.0,-370305000000.0,0.02774612307164257,511384000000.0
TPB,Private_2,2022,2,2022-06-30,2022-Q2,4572835000000.0,2164683000000.0,0.043104358295998464,0.10523357766923414,0.0021498119713333117,0.02256913037226636,0.24550574763562932,0.008508252751932201,0.015328566561637,0.001973590944225939,0.0011181449045791344,1.6146252930861997,0.013737640093239994,151083664000000.0,156336660000000.0,310769290000000.0,29008102000000.0,10.713189370335225,3034868000000.0,-1762811000000.0,2810024000000.0,-645341000000.0,1730465000000.0,0.9663994612651953,0.18128238124058682,0.3854963059021373,0.5987731300381185,0.008876870875529866,-2075533000000.0,-724679000000.0,0.0238368193135692,680625000000.0
TPB,Private_2,2022,3,2022-09-30,2022-Q3,3764987000000.0,2137715000000.0,0.03830753814636795,0.10689789251840248,0.002483126972888656,0.021800733836308494,0.2295730433528822,0.009128189087358567,0.019861252954891728,0.003426704028041046,0.008630794127418039,1.4215744654884723,0.01297640052273946,156191002000000.0,162694692000000.0,317327732000000.0,30637298000000.0,10.357562602289535,2740672000000.0,-1298798000000.0,2466189000000.0,-328474000000.0,1711622000000.0,0.9600251863164657,0.17364654404336682,0.3449674593829939,0.600222995993136,0.008709444255253928,-2026797000000.0,-377436000000.0,0.028989442042250294,683797000000.0
TPB,Private_2,2022,4,2022-12-31,2022-Q4,3663372000000.0,1902743000000.0,0.037692420357614026,0.11587908764326646,0.0045837715064904715,0.018816321875063872,0.19330994881223226,0.008431734994528923,0.019200913769131637,0.0015463694893256398,0.001476346249446559,1.3500224685992117,0.011383031691888297,160992963000000.0,194959921000000.0,328634007000000.0,32239052000000.0,10.193662239199838,2779678000000.0,-1646065000000.0,2017307000000.0,-114564000000.0,1519328000000.0,0.8257746626805414,0.18045716175685156,0.44933056211599587,0.589680534492332,0.010108016629758933,-1832588000000.0,-309820000000.0,0.02763264876366056,816174000000.0
TPB,Private_2,2023,1,2023-03-31,2023-Q1,3659066000000.0,1765001000000.0,0.03542358839508971,0.1268405537966882,0.0038144423044012355,0.016820399206510062,0.17155850157534722,0.01445520989553956,0.04018426940726006,0.007412224595183083,0.03133095326657228,0.8387362880493741,0.012124109090759429,172753147000000.0,200998074000000.0,343522216000000.0,33662293000000.0,10.204955913134022,2736874000000.0,-1579089000000.0,2079977000000.0,-314976000000.0,1413242000000.0,0.8594766286168494,0.14180817971419965,0.4315552110839214,0.0,0.008280682093751886,-2094478000000.0,-53583000000.0,0.05463947930279962,695739000000.0
TPB,Private_2,2023,2,2023-06-30,2023-Q2,3917179000000.0,1618437000000.0,0.034433526997978345,0.1287853050530818,0.002767720709766905,0.015059547003071841,0.16001736907515118,0.022091639572365925,0.035093482388136615,0.008655280821020296,0.004450205471510166,0.608930204836992,0.01345226660998578,177113201000000.0,199126911000000.0,343406813000000.0,30985939000000.0,11.082666011832012,2729027000000.0,-1930622000000.0,1986557000000.0,-368120000000.0,1293105000000.0,0.8894488450132187,0.164357895352477,0.49286029563622186,0.5623223397464258,0.009358859108573208,-2382574000000.0,-79689000000.0,0.057185121960502544,803609000000.0
TPB,Private_2,2023,3,2023-09-30,2023-Q3,4214189000000.0,1575657000000.0,0.03735179193962073,0.12229244091103325,0.001417565043062659,0.014688267584143756,0.1594247714797485,0.02973337229016488,0.037698042261389834,0.014673479928805532,0.017881033046204163,0.4699453705110658,0.013973060657444991,179946188000000.0,193753424000000.0,344402552000000.0,32383937000000.0,10.634980916619249,2962701000000.0,-1345558000000.0,2868631000000.0,-1292974000000.0,1262841000000.0,0.9287381058101972,0.17333901154696496,0.31929227663970455,0.5368983175838914,0.0077448436602778736,-2514399000000.0,-1161181000000.0,0.06743141455155471,665872000000.0
TPB,Private_2,2023,4,2023-12-31,2023-Q4,4443231000000.0,629608000000.0,0.04919304017960249,0.11552926408746429,0.0017057728420234266,0.005636567709450484,0.060673411893186764,0.02046333523678595,0.028080162994733582,0.003162167569784807,-0.0025052267292264064,0.6370878405998361,0.0130369420574745,205262092000000.0,208261560000000.0,356636840000000.0,32742712000000.0,10.892098369860138,3996093000000.0,-1843428000000.0,2599803000000.0,-1970195000000.0,493932000000.0,0.9855975917975454,0.22680002012853454,0.4148845738607783,0.5349387343461498,0.001301838399403382,-2675990000000.0,-1719080000000.0,0.04854349823151953,114080000000.0
TPB,Private_2,2024,1,2024-03-31,2024-Q1,4685167000000.0,1828594000000.0,0.04128952306779928,0.10075238461707638,0.004065685770073528,0.01642421844677505,0.17483736143310635,0.02232498856106723,0.026864451433867377,0.0069817129214487395,0.005185867442099343,0.6025382757639317,0.013451660114034947,200829487000000.0,190827358000000.0,355870488000000.0,34190213000000.0,10.408548434606125,3427386000000.0,-1675773000000.0,3009394000000.0,-1180800000000.0,1462797000000.0,1.0524145442499917,0.2445121417024492,0.35767625785804436,0.5174880105409838,0.008029402330582065,-2701490000000.0,-1149912000000.0,0.04918943999493461,715126000000.0
TPB,Private_2,2024,2,2024-06-30,2024-Q2,4236158000000.0,1904021000000.0,0.038590709764827334,0.0943039789399173,0.005433921578849533,0.01697803080276967,0.1745073942087032,0.02060847199340126,0.026144884031408334,0.0037509979796940874,0.004672117695545376,0.6598534550199124,0.013598571447526924,213432272000000.0,202997118000000.0,361554998000000.0,35609007000000.0,10.153470384613646,3236772000000.0,-1383027000000.0,2853131000000.0,-949110000000.0,1522560000000.0,1.051405429312548,0.22175777884688982,0.3264814485200977,0.5095116134051421,0.010539686904850213,-2902374000000.0,-838314000000.0,0.046753356024809595,945180000000.0
TPB,Private_2,2024,3,2024-09-30,2024-Q3,3995304000000.0,1730586000000.0,0.03593744233652725,0.08910710034133876,0.004092538129073017,0.014813352250327707,0.15384029905747196,0.022875122903315816,0.02216146621554881,0.007271290257360893,0.005498474944782484,0.5884707066865551,0.01346133974045606,234722105000000.0,224821010000000.0,385352239000000.0,36311082000000.0,10.612524270138797,3173833000000.0,-1426370000000.0,2568934000000.0,-838348000000.0,1383026000000.0,1.0440399008971626,0.1930974689598628,0.35701163165556365,0.49875037371671055,0.008509383341267584,-3159674000000.0,-581144000000.0,0.04503658911886463,794465000000.0
TPB,Private_2,2024,4,2024-12-31,2024-Q4,5121638000000.0,2136997000000.0,0.03183386588651799,0.08859113852040545,0.0031550815983164746,0.01696085702240543,0.1843706706144441,0.01519288625467025,0.01769677941439604,-0.0014385734995006115,-0.004726406147388632,0.8131222300050273,0.0123536735516102,250331368000000.0,242805789000000.0,418028391000000.0,37594469000000.0,11.1194120337223,3068665000000.0,-1793687000000.0,3327951000000.0,-1190954000000.0,1703252000000.0,1.0309942321844723,0.22212374433955526,0.3502174499642497,0.4951454353922427,0.009050146006134104,-3092512000000.0,-1228376000000.0,0.03288966566906629,908839000000.0
TPB,Private_2,2025,1,2025-03-31,2025-Q1,4482468000000.0,2108875000000.0,0.03475113034803787,0.08504976117099686,0.007145835966475824,0.016722271942104325,0.17504507461886917,0.022748184066186467,0.02208573037472986,0.009448911732068672,0.014909441952156792,0.5705614582775068,0.012979237073968497,262477215000000.0,233114646000000.0,388891150000000.0,39491596000000.0,9.84744070611884,3383618000000.0,-1883976000000.0,2598492000000.0,-489617000000.0,1686692000000.0,1.1259576328807757,0.20289170934373638,0.42029881752641624,0.48253383468522876,0.009021350494224801,-3406754000000.0,-197735000000.0,0.04483391444091633,909938000000.0
TPB,Private_2,2025,2,2025-06-30,2025-Q2,4615730000000.0,2037358000000.0,0.03188043550622837,0.08668419690438998,0.014999479319288677,0.015947563237267096,0.16773777306213736,0.020490913550490836,0.018018083865999932,0.0016953890645327063,-0.0008364916550947098,0.6271657325970424,0.01285119880847625,284849379000000.0,246844312000000.0,428589979000000.0,38229908000000.0,11.210855621206308,3151325000000.0,-1753628000000.0,2862102000000.0,-824744000000.0,1629604000000.0,1.1539637137759933,0.2249141920677516,0.37992430233137553,0.48014747376622213,0.009676191558912426,-3660656000000.0,-579057000000.0,0.03850899741649077,988763000000.0
VAB,Private_3,2018,1,2018-03-31,2018-Q1,272107000000.0,72929000000.0,0.004613714694013859,0.0196961075493161,0.0013518524091511233,0.0011924612345350256,0.013753140519095769,0.027162940720958293,0.004397750032161723,,,0.3618597296360179,0.00982917438540515,33339321000000.0,33810901000000.0,60677079000000.0,4191821000000.0,14.475112129072306,272095000000.0,-127698000000.0,144409000000.0,-71480000000.0,72929000000.0,0.986052427292606,0.034767544349084335,0.4692933294623071,0.0,-3.4467883590887496e-05,-327698000000.0,,0.03156069075312001,-2108000000.0
VAB,Private_3,2021,2,2021-06-30,2021-Q2,520622280616.0,270555870610.0,0.024625281592531613,0.0,0.0,0.01066038416631144,0.14970204146172025,0.020608811741813133,0.015604012128225996,0.004591083087744949,0.024235969712100614,0.6123847376065407,0.01262052177089283,51369171889328.0,64547364674283.0,83024915451674.0,6041295738837.0,13.742898715906431,396505984952.0,-165156640670.0,355465639946.0,-84909769336.0,191489808290.0,0.7958368579189188,0.06963842093790223,0.3172292981287446,0.0950677272922517,0.0007429917639723909,-648305752182.0,0.0,0.03621282387003913,13346174793.0
VAB,Private_3,2021,3,2021-09-30,2021-Q3,422496048598.0,126374548603.0,0.019282475096407167,0.09315721972195277,0.007635503757546301,0.003785236086695329,0.05189195271153755,0.01990280464583686,0.01527748418797206,-0.0003944699136606051,-0.0004818604830019153,0.6249336569028712,0.012437932489946282,52173249874972.0,63969618989406.0,83676577902970.0,6118672722163.0,13.67560935231549,351384832027.0,-155713102540.0,266782946058.0,-140408397455.0,78875563544.0,0.8155941945443259,0.07637972645747924,0.3685551688748672,0.07669412826982289,0.0002069880332900974,-648927359726.0,0.0,0.03518028883380892,4313151782.0
VAB,Private_3,2021,4,2021-12-31,2021-Q4,750931345065.0,321951698389.0,0.027774980073281677,0.10316649711610276,0.004463186195887863,0.011339732124108819,0.16756981168399132,0.01857658031973997,0.014666977688574985,0.002576856920398466,0.002608846493675952,0.5935467818163667,0.01102606946593491,54458731509641.0,67690998877873.0,101038216098446.0,6381289307311.0,15.833511259658327,560498931119.0,-185992872954.0,564938472111.0,-242986773722.0,261827035417.0,0.8045195434018422,0.0,0.24768292624394392,0.0891889468188718,0.0008403428716316576,-600465756652.0,-161180000000.0,0.03324355800831495,19402970053.0
VAB,Private_3,2022,1,2022-03-31,2022-Q1,516220078867.0,339355891123.0,0.011851445202553268,0.0767717845218143,0.007359585722569878,0.014136908620852942,0.20724225478378985,0.017902407673258992,0.014006584960707901,0.00010259144576312645,4.992771452119936e-05,0.6113613546808828,0.01094484020717305,56821630842396.0,67560300479796.0,91001444183393.0,6718583263639.0,13.544737128717774,251511733599.0,-178332138376.0,337887940491.0,1467950632.0,339355891123.0,0.8410505938970563,0.07927658642669454,0.3454575784177234,0.07530668230841171,0.0003521729557152097,-621903669881.0,0.0,0.03190899263396689,8453896847.0
VAB,Private_3,2022,2,2022-06-30,2022-Q2,480979807694.0,279868324156.0,0.01988520153504694,0.08730792634963826,0.006964104723933636,0.006960092720991625,0.09495224552897483,0.017342582513785915,0.0136860034913364,-0.00019854002318748474,-0.00023401115027622303,0.6328641990976837,0.010975499592872619,58005353660295.0,66290255606130.0,94415744880740.0,6872678541309.0,13.737838066082045,411567901484.0,-185534570865.0,295445236829.0,-15576912673.0,161315103494.0,0.8750208176136693,0.06250825214763275,0.3857429519848728,0.060248464692829476,0.0009905605843721014,-636637735483.0,0.0,0.031028586005122316,22958369894.0
VAB,Private_3,2022,3,2022-09-30,2022-Q3,396239852474.0,190676696235.0,0.01559767149903246,0.08040813869318397,0.007139061307554624,0.006466974851913267,0.08631556854836833,0.01556090998461303,0.012953491151341302,-0.0008460534933104382,-0.0007997210926024045,0.68482357257231,0.010656477968138824,61492997578303.0,66025248480300.0,90998418363339.0,7019006945488.0,12.964571636709257,321409012161.0,-186764127729.0,209475724745.0,-18799028510.0,149883591361.0,0.931355791817288,0.059461601286837924,0.4713410994954246,0.05167664230869705,0.0011010602651063625,-655298773888.0,0.0,0.028514401135954333,25519020967.0
VAB,Private_3,2022,4,2022-12-31,2022-Q4,592217776549.0,353975152049.0,0.02311820093041752,0.10135179695368847,0.016017109745303272,0.011576187064499758,0.15855574369636796,0.015284174499200161,0.018072660259112746,-2.4425545332822757e-05,0.005393085604221932,0.7149286533994149,0.010927094293034848,62508119103848.0,70195187081044.0,105203594358900.0,7305741870004.0,14.400124755412746,505068721813.0,-209787397161.0,382430379388.0,-28455227339.0,283908900213.0,0.8904900991527969,0.04088248951721889,0.3542402904274222,0.042181970570036684,0.0006469940583724271,-683032111528.0,0.0,0.03335683475831291,15867692059.0
VAB,Private_3,2023,1,2023-03-31,2023-Q1,499956556302.0,244674389800.0,0.019964285536642517,0.1168262777838946,0.019232079439383012,0.008787190107681916,0.11884117597953943,0.014316102583753527,0.01734324628924515,-2.628458548353372e-05,0.0003852299564476519,0.747776467950452,0.010705244624895553,66620226728631.0,77085798633840.0,94791523177439.0,7482020905943.0,12.669240619489008,445933414419.0,-225185792189.0,274770764113.0,-30096374313.0,219674389800.0,0.8642347606084902,0.035827675770976466,0.4504107193925385,0.03890359762493255,0.0004933844242576117,-713185824096.0,0.0,0.03165934887299868,12334309490.0
VAB,Private_3,2023,2,2023-06-30,2023-Q2,496442683469.0,284706119096.0,0.019549513250449548,0.12407735341632088,0.01793062922466028,0.008365215178610523,0.10999497252428588,0.024901777148668983,0.011571243053146357,0.010604198615094044,0.004840803049269764,0.4252336275990131,0.01058907303059072,66669784493744.0,84082460207879.0,104625187608605.0,7683796746020.0,13.616339820909245,432240468968.0,-218951171531.0,277491511938.0,7214607158.0,208520461992.0,0.7929095358165634,0.0347069681526938,0.4410401821234057,0.033042179076984625,0.0009705551710942424,-705971216938.0,0.0,0.03647302020181534,24193114982.0
VAB,Private_3,2023,3,2023-09-30,2023-Q3,331652824299.0,63016685268.0,0.006221878415318958,0.108806816991171,0.009672444794925333,0.002124194163786151,0.028716650266025445,0.01692739493968117,0.011619523947423658,-0.007957669580629635,-0.007897916585292238,0.6630445147681603,0.011223616364069915,66735608404330.0,87658120642086.0,104023783279265.0,7750138693322.0,13.422183446716682,141875187828.0,-225732615217.0,105920209082.0,-42903523814.0,55401365780.0,0.7613168970027999,0.03555886182783925,0.6806292564947128,0.03375224997370021,0.0005386961006215745,-749014866553.0,0.0,0.02854691888710483,14049798377.0
VAB,Private_3,2023,4,2023-12-31,2023-Q4,1184957577093.0,336023748124.0,0.03312268200585482,0.13075107243038617,0.007425923016843228,0.010164938359319952,0.13945239247215546,0.015930397945495643,0.004758797641761121,0.00998303628197347,0.00328798980404235,0.6682457461791157,0.010645420662017986,69059040694653.0,86694868216938.0,112207371391411.0,8011343197574.0,14.006062232534203,789494557513.0,-239395077911.0,945562499182.0,-609538751058.0,274747044824.0,0.7965758771539444,0.04990919403871518,0.20202839539479256,0.0,0.0009622610555120776,-735162538710.0,-695746000000.0,0.020689195587256765,26008852391.0
VAB,Private_3,2024,1,2024-03-31,2024-Q1,642980102414.0,247729540916.0,0.022057935718702657,0.09598104177426406,0.006858829603592681,0.007432995405384557,0.10006635157824754,0.023514588123255062,0.0003341393834743993,0.008378685747437567,0.003965317172747848,0.519118963124612,0.012206868604846486,71392362528339.0,88080608628589.0,105986807250637.0,8196266071160.0,12.93110866954041,539485731250.0,-228343494554.0,414636607860.0,-166907066944.0,202729540916.0,0.8105343916205255,0.04592632888196247,0.35513306507729986,0.0,0.0005404121377291262,-871477188773.0,0.0,0.02384872750672946,14739347815.0
VAB,Private_3,2024,2,2024-06-30,2024-Q2,585429382208.0,315457141559.0,0.02120814234409692,0.08237390070787877,0.011328875551751503,0.009210451475465998,0.11906744280906141,0.025386097525269918,0.0001818564171998606,0.0027263599781662596,0.0025802008386384425,0.490379069364852,0.012448810879247233,73796426492066.0,86327769330189.0,108913569807357.0,8427333531345.0,12.923847074790503,512085968898.0,-265853422458.0,319575959750.0,-4118818191.0,247416186869.0,0.8548399554934316,0.042174669850710354,0.4541169789861071,0.0,0.001238728900360008,-918677756964.0,0.0,0.025567953942469777,33275413470.0
VAB,Private_3,2024,3,2024-09-30,2024-Q3,530119950553.0,230232427295.0,0.01798652070196342,0.07640689467746689,0.01692141151359859,0.006709207801286348,0.08869221698281685,0.017035749407260027,0.00018468346976928678,-0.007549095619201758,-0.007537582239538431,0.7025715806479795,0.011968833388581557,77267337557750.0,92364088594883.0,116405903509621.0,8617174088223.0,13.508593689514955,462486283832.0,-293765390614.0,236354559939.0,-6122132644.0,188964396020.0,0.8365517240867425,0.07110358690167205,0.5541489059363935,0.0,0.0014489519122065145,-924799889608.0,0.0,0.017220432877029315,40809635215.0
VAB,Private_3,2024,4,2024-12-31,2024-Q4,903419154882.0,292242474202.0,0.029501767243648603,0.09592802814153804,0.017566366688861586,0.007718143084348741,0.10434552506981383,0.013652454099374867,0.004175488336634779,0.0041295528075044425,0.008263465002036402,0.6951810185831496,0.009490926946963118,79915536116174.0,90289420877823.0,119832036692527.0,8856677552392.0,13.530134295129997,813643304885.0,-233160692995.0,670258461887.0,-378015987685.0,227914778054.0,0.8851040945795119,0.040652852687147516,0.25808694860521775,0.0,0.0013479582183941875,-758472515206.0,-544343362086.99994,0.017827942436009644,39804859124.0
VAB,Private_3,2025,1,2025-03-31,2025-Q1,665721024863.0,352933978951.0,0.02088386413957295,0.08642063520902146,0.018885980226882655,0.009416128791987182,0.13013115392647098,0.006315499263883246,0.017099505269373743,-0.006436498003407576,0.007556283192546645,1.5021449345177267,0.009486795228192648,84910468292933.0,93896377376687.0,129046444409199.0,9151860456363.0,14.100569498901951,612534952132.0,-225316493955.0,440404530908.0,-87470551957.0,292933978951.0,0.9042997255612434,0.04340884189438378,0.33845482648136027,0.0,0.0012867863688910107,-805528225425.0,-40415000000.0,0.02341500453325699,40031679624.0
VAB,Private_3,2025,2,2025-06-30,2025-Q2,605574767148.0,361342232718.0,0.017535481635608394,0.08362205217869874,0.011395026818124784,0.008610991224546297,0.12190701026563053,0.011113318644307858,0.0078118264295803635,0.005602465862735003,-0.0034541795128034958,0.8829429581583972,0.009812426438762048,87421681236290.0,95784767789663.0,133951803544459.0,9425213989687.0,14.212070271404775,542378510292.0,-239541943571.0,366032823577.0,-4690590859.0,283084450650.0,0.912688763084567,0.052565581315146964,0.39556130236261466,0.0,0.0007190346274600335,-857818816284.0,-40415000000.0,0.01892514507388822,23638105905.0
VBB,Private_3,2018,2,2018-06-30,2018-Q2,376895000000.0,123632000000.0,0.014155320805648828,0.04985786943742973,0.00978999411352792,0.0038702191288657204,0.053605623976316026,0.01729747345721462,0.010307996537427718,,,0.6150177281968753,0.010638252829201885,31648148000000.0,35542606000000.0,44855643000000.0,3484327000000.0,12.87354573781393,296377000000.0,-251715000000.0,125180000000.0,-1548000000.0,86503000000.0,0.8904284621110787,0.16390216294213203,0.6678650552541159,0.4552584201819736,5.310740790450748e-05,-336681000000.0,,0.02760546999464234,1187000000.0
VBB,Private_3,2018,3,2018-09-30,2018-Q3,304619000000.0,100562000000.0,0.023782814298582405,0.1046858375920648,-0.02087646070708744,0.004734279775858229,0.061477306829929725,0.016826250550610565,0.00750976979011364,,,0.5779706724167406,0.009725079344988941,32330019000000.0,37263303000000.0,46574526000000.0,3556580000000.0,13.095312350628975,250061000000.0,-262152000000.0,42467000000.0,58095000000.0,54107000000.0,0.8676101257046376,0.050067300797248165,0.8605897859293085,0.0,0.0004189426796312714,-314412000000.0,,0.024336020340724206,4788000000.0
VBB,Private_3,2018,4,2018-12-31,2018-Q4,324589000000.0,99618000000.0,0.02242683240057879,0.10268440712817857,0.15233568442039958,0.005840555849048638,0.07121266233343336,0.012498424438137878,0.009287574452869415,,,0.6951142267855331,0.008687832639353622,35495274000000.0,39856364000000.0,51714749000000.0,4504683000000.0,11.480219362827528,253052000000.0,-231675000000.0,92914000000.0,6704000000.0,71758000000.0,0.8905798331227606,0.04146687841369574,0.7137487715233727,0.0,0.0003394063085723239,-308377000000.0,,0.021785998891007293,4170000000.0
VBB,Private_3,2019,1,2019-03-31,2019-Q1,334533000000.0,98718000000.0,0.02395713874777789,0.1039206448036087,0.0,0.006025598062038213,0.06818262568065464,0.014047950162264797,0.007450550365211008,,,0.660884814286822,0.009284076934098901,35802590000000.0,40764402000000.0,52108970000000.0,4670675000000.0,11.156625113072522,286133000000.0,-212048000000.0,122485000000.0,-23767000000.0,78200000000.0,0.8782807607480664,0.03711630554521565,0.6338627280417777,0.0,0.0004053023760399105,-332394000000.0,,0.021498500527475806,5260000000.0
VBB,Private_3,2019,2,2019-06-30,2019-Q2,387063000000.0,151343000000.0,0.024576789091066222,0.10113080843590483,0.0,0.008872089797701151,0.10258392586750034,0.011438529618388016,0.009085929899209396,,,0.7606943814211083,0.0087012252124267,37569077000000.0,42769934000000.0,56590561000000.0,4730330000000.0,11.963343149420865,304572000000.0,-237979000000.0,149084000000.0,2259000000.0,120549000000.0,0.8783992278314013,0.044709795437140494,0.6148327274888067,0.42249629318154847,0.0005472700705580781,-326897000000.0,,0.02052445951759741,7436000000.0
VBB,Private_3,2019,3,2019-09-30,2019-Q3,458061000000.0,180014000000.0,0.023838658872057956,0.0,0.6804433236330604,0.009707257328664539,0.11946079330409991,0.012293479068116476,0.00980450941264838,,,0.7004260182876143,0.008610672594582954,39142703000000.0,45351230000000.0,61505000000000.0,4865990000000.0,12.639771146262117,319110000000.0,-262902000000.0,195159000000.0,-15145000000.0,143298000000.0,0.8631012433400373,0.050667027112605324,0.5739453915526534,0.0,0.0006377885786917935,-337045000000.0,,0.022097988480764857,9415000000.0
VBB,Private_3,2019,4,2019-12-31,2019-Q4,564925000000.0,183327000000.0,0.020794652576703085,0.1285605754856242,0.0,0.00792109903501539,0.10473862622983816,0.013173653484842528,0.004654413926627797,,,0.6388442630553752,0.0084159129522711,40918793000000.0,49446570000000.0,68961744000000.0,5000857000000.0,13.789985196537314,306335000000.0,-337999000000.0,226926000000.0,-43599000000.0,129180000000.0,0.8275355196528293,0.05010776278314148,0.5983077399654821,0.0,0.0016052519866671924,-344369000000.0,,0.017828067411470326,26179000000.0
VBB,Private_3,2020,1,2020-03-31,2020-Q1,521268000000.0,230033000000.0,0.017460496332050084,0.11105837091524084,0.0,0.010592383468538266,0.1437864546255531,0.013588471045483441,0.013923828380212668,0.0008015876714643073,0.01046731754770968,0.6542467430270176,0.008890212924224474,42083469000000.0,52007054000000.0,69358777000000.0,5188865000000.0,13.366849397700653,275219000000.0,-261473000000.0,259795000000.0,-29762000000.0,183143000000.0,0.8091877113439265,0.028477771496151272,0.5016095367450141,0.0,0.0005987253330256037,-374131000000.0,0.0,0.027512299425696107,10352000000.0
VBB,Private_3,2020,2,2020-06-30,2020-Q2,337119000000.0,44004000000.0,-0.004448790005974253,0.0712250480518078,0.0,0.0019298821012149012,0.02703697977265143,0.018761972025742056,0.010770267241839484,0.005579197855576022,0.002658526083008984,0.5693207147656582,0.01068157932410875,42993455000000.0,55433255000000.0,76614907000000.0,5230642000000.0,14.647323789316875,-75395000000.0,-281965000000.0,55154000000.0,-11150000000.0,35214000000.0,0.775589580658758,0.038262555572462775,0.8363960500594746,0.36562758402252943,0.0005970939255050931,-459238000000.0,0.0,0.029532239267581542,10895000000.0
VBB,Private_3,2020,3,2020-09-30,2020-Q3,405182000000.0,85907000000.0,0.009146742968367259,0.11365560011190136,0.0,0.0033155083471905398,0.05001023399196698,0.020333873927998715,0.006715618329290593,0.0014161457831197795,-0.0026899443182689087,0.53867026617039,0.010953253281070224,42664128000000.0,60695560000000.0,82269929000000.0,5302882000000.0,15.514191905458201,168992000000.0,-294267000000.0,110915000000.0,-25008000000.0,65848000000.0,0.702920081798405,0.045597486867243665,0.7262588170254355,0.0,0.0009029936626551322,-467311000000.0,0.0,0.02704949225728931,17934000000.0
VBB,Private_3,2020,4,2020-12-31,2020-Q4,410775000000.0,29055000000.0,0.0041976877245373835,0.08725049917657188,0.0,0.0010745452670304439,0.017636157066126153,0.01751565714287755,0.015873629154610262,-0.0019405529629012927,0.008012843951715127,0.5812752075541425,0.010181417241173347,44801916000000.0,64534749000000.0,91660389000000.0,5294438000000.0,17.312581429794815,85706000000.0,-399973000000.0,10802000000.0,18253000000.0,23362000000.0,0.6942293368182155,0.03811388497071554,0.9737033655894346,0.0,0.0010716015594245047,-456147000000.0,0.0,0.033389286297487816,23298000000.0
VBB,Private_3,2021,1,2021-03-31,2021-Q1,415172000000.0,124141000000.0,0.010706597771745444,0.09522045861291474,0.0,0.004234389992350539,0.0737934671879356,0.018690440621863036,0.005690789111114729,0.000879114187884286,-0.009393750035154746,0.536003814973772,0.010018147476859347,44093182000000.0,66336239000000.0,94499129000000.0,5387700000000.0,17.539790448614436,237467000000.0,-294369000000.0,120803000000.0,3338000000.0,98534000000.0,0.66469222049203,0.035382922447562935,0.709029028932587,0.0,0.000871123871302675,-441732000000.0,0.0,0.024381229732977766,20271000000.0
VBB,Private_3,2021,2,2021-06-30,2021-Q2,559587000000.0,202116000000.0,0.010897047393452635,0.08671227073567742,0.011825340947921155,0.006847387915726593,0.11878100473706107,0.019079615136367585,0.021690697370289003,0.0014204690421299147,0.018592806479695658,0.5397224032820828,0.010297695735097517,46476514000000.0,66965618000000.0,94249050000000.0,5493097000000.0,17.15772541427905,244959000000.0,-326430000000.0,233157000000.0,-31041000000.0,161554000000.0,0.6940354675738227,0.03054276300414341,0.5833409282202767,0.44271778156543756,0.000887955586580785,-478601000000.0,0.0,0.04077031250665659,20950000000.0
VBB,Private_3,2021,3,2021-09-30,2021-Q3,410731000000.0,68276000000.0,0.013810730029282254,0.09497695024230698,0.008421568805925128,0.0022864485292113735,0.03899424118086136,0.026486324637799676,0.03040604428180071,0.00768078259914244,0.0167107627736452,0.41856994685341675,0.011086379495986152,46957440000000.0,67049361000000.0,94315877000000.0,5563510000000.0,16.95258514858426,308568000000.0,-291393000000.0,119338000000.0,-51062000000.0,53893000000.0,0.7003413500092864,0.053985495849841136,0.7094497371759132,0.43742784286927977,0.0010257686998176496,-520588000000.0,0.0,0.05689236891960039,24178000000.0
VBB,Private_3,2021,4,2021-12-31,2021-Q4,968483000000.0,241098000000.0,0.029708106164668617,0.11361543882977687,0.008638956823412796,0.0077265679371207,0.1354028580034846,0.036513859169562034,0.022625479327631603,0.012805659763394256,0.00674653473443186,0.4973802892169376,0.018161273834183294,50530156000000.0,66755406000000.0,103779838000000.0,5740535000000.0,18.07842613972391,698793000000.0,-323422000000.0,645061000000.0,-403963000000.0,191325000000.0,0.7569447783749529,0.04827195568251057,0.33394700784629155,0.4376910407029975,0.0013322044850894428,-917692000000.0,0.0,0.05913933849719363,32988000000.0
VBB,Private_3,2022,1,2022-03-31,2022-Q1,493394000000.0,113191000000.0,0.01463979987370666,0.08426703533747372,0.013706741879772189,0.0034444751597076024,0.06213584042463444,0.04339281383774126,0.01904028609867399,0.007866926039175498,0.004715243705164892,0.4462763225017034,0.0193651853825082,51680631000000.0,69314512000000.0,104918430000000.0,5828569000000.0,18.00071852971115,364290000000.0,-306369000000.0,187025000000.0,-73834000000.0,89857000000.0,0.7455961170151497,0.04240433806992683,0.620941884173703,0.42219677313019977,0.0009559830175495276,-1000805000000.0,0.0,0.06243309993641525,24939000000.0
VBB,Private_3,2022,2,2022-06-30,2022-Q2,688249000000.0,274409000000.0,0.022210227356368652,0.10012573620944915,0.018500244562069012,0.008190308380309569,0.14791786484891986,0.03906449431698365,0.013208559258098785,-0.0008953838044276201,-0.005566360054698249,0.3775783205709254,0.014749906158159146,56222256000000.0,71849115000000.0,109305494000000.0,6033149000000.0,18.11748624143047,568424000000.0,-319214000000.0,369035000000.0,-94626000000.0,219320000000.0,0.7825045026650641,0.056046368838363565,0.46380597719720623,0.4457892076330318,0.0009392788454383835,-829273000000.0,0.0,0.05227305357508244,25152000000.0
VBB,Private_3,2022,3,2022-09-30,2022-Q3,558297000000.0,148245000000.0,0.015454598851150855,0.08777693718863087,0.024219193198504917,0.004275668985582925,0.07673118175011266,0.043306681633261734,0.02136392154422991,0.005160909942852524,0.013769493703703388,0.22772207144959966,0.009861887249134694,57414974000000.0,70137274000000.0,109207212000000.0,6142970000000.0,17.77759162099115,402966000000.0,-369518000000.0,188779000000.0,-40534000000.0,116786000000.0,0.8186085760903682,0.049882705735041825,0.6618663542881298,0.45968901974527004,0.0011580104637027378,-566220000000.0,0.0,0.06467060317749164,31630000000.0
VBB,Private_3,2022,4,2022-12-31,2022-Q4,577779000000.0,113142000000.0,0.0177443141946669,0.09527094802274207,0.0409441732372503,0.0032907427579030577,0.05868368140333516,0.03652649163014026,0.028229817230270234,-0.00282440256787367,0.007098757895457725,0.26929912760418345,0.009836552330438283,63632966000000.0,75988224000000.0,111936783000000.0,6257888000000.0,17.887310063714786,466537000000.0,-372710000000.0,205069000000.0,-91927000000.0,90966000000.0,0.8374056222185163,0.06965601670069299,0.6450736354211558,0.46523062177959584,0.001346055089580886,-625929000000.0,0.0,0.06475630886041049,37209000000.0
VBB,Private_3,2023,1,2023-03-31,2023-Q1,544913000000.0,197340000000.0,0.01823689172998276,0.1113654313715524,0.047721798643651274,0.005761694410110226,0.09946167673582693,0.04314017287924337,0.045979406913209266,0.0051784007679290004,0.021398248197325897,0.25230216526754407,0.010884359027449284,61515887000000.0,74006490000000.0,106932166000000.0,6420925000000.0,16.653701141190716,479360000000.0,-326784000000.0,218129000000.0,-20789000000.0,157632000000.0,0.8312228697780425,0.035824020298760285,0.5996994015558447,0.4595851522736147,0.0007908294017531011,-669561000000.0,0.0,0.08911957979245264,21636000000.0
VBB,Private_3,2023,2,2023-06-30,2023-Q2,586155000000.0,171569000000.0,0.016585484094163563,0.11736842127926866,0.044968351291611926,0.00491425415607042,0.08441214201488946,0.0386412247666752,0.027086498124286127,-9.174865673317853e-05,-0.015895324731316968,0.2740058954097219,0.01058792339192116,68532041000000.0,80887842000000.0,115698566000000.0,6540054000000.0,17.69076616186961,448057000000.0,-367075000000.0,219080000000.0,-47511000000.0,136758000000.0,0.8472477359452858,0.08803769298233967,0.6262422055599628,0.5169341390917371,0.0008521375207085067,-725612000000.0,0.0,0.06572772289096132,23714000000.0
VBB,Private_3,2023,3,2023-09-30,2023-Q3,417746000000.0,49643000000.0,0.011933817278786597,-0.16741958709001192,0.7158993250924783,0.0012914816312031,0.02370429998715534,0.040577291264036607,0.018942603839760583,0.0035403002224900903,-0.003854693310534849,0.25988952485586964,0.010545612946548705,71241473000000.0,85847982000000.0,125079152000000.0,6578241000000.0,19.014072606947664,348666000000.0,-347823000000.0,69923000000.0,-20280000000.0,38870000000.0,0.8298561170605036,0.06725053828289172,0.8326183853346292,0.49897204132864564,0.0010784386618366405,-751285000000.0,0.0,0.05951989510379719,32458000000.0
VBB,Private_3,2023,4,2023-12-31,2023-Q4,848022000000.0,393613000000.0,0.02264524167099899,0.3767523654897461,-0.5704081467770947,0.009533904672991067,0.18632988682603782,0.02564728647084748,0.019422538181496668,-0.011505292710609731,-0.008431844187163284,0.37557818622859385,0.009632561334406051,80754430000000.0,89995715000000.0,138258073000000.0,6895883000000.0,20.049364671645385,723815000000.0,-431719000000.0,416303000000.0,-22690000000.0,313829000000.0,0.8973141665689305,0.0834771855526677,0.5090893868319454,0.4503812604688489,0.0007758872677419609,-777872000000.0,0.0,0.045069824652344145,25540000000.0
VBB,Private_3,2024,1,2024-03-31,2024-Q1,513582000000.0,73395000000.0,0.013376981370554894,0.09018542118364664,0.02123632827467385,0.001658281591482942,0.0331827050414986,0.030974064096702177,0.022586349550544373,0.005608323902478168,0.008977439380105834,0.34401863053079024,0.010655655112520401,81488467000000.0,93436816000000.0,138857709000000.0,6952777000000.0,19.971546477040757,449994000000.0,-349746000000.0,163836000000.0,-90441000000.0,57442000000.0,0.8721237568711674,0.05992659253286199,0.6809934927625968,0.44757105028601163,0.000976169592535152,-868313000000.0,0.0,0.05356041364724655,33814000000.0
VBB,Private_3,2024,2,2024-06-30,2024-Q2,857490000000.0,337146000000.0,0.023597358422608062,0.08868045388981749,0.0342459780159343,0.0075951374253138354,0.14253380565873922,0.03430907405035149,0.013191961040559036,0.00649734888251119,-0.0016811090580462142,0.330839027368046,0.011350780688716554,88999429000000.0,93577931000000.0,144103333000000.0,8125246000000.0,17.735257861731203,810891000000.0,-378444000000.0,479046000000.0,-141900000000.0,268641000000.0,0.9510728443012915,0.08503079641715951,0.4413392576006717,0.4320433995002297,0.0008416989077952293,-1010213000000.0,0.0,0.047501035090910526,29771000000.0
VBB,Private_3,2024,3,2024-09-30,2024-Q3,916308000000.0,409828000000.0,0.02364692434755037,0.08723268515150952,0.03998221061835149,0.008849209620601196,0.1580280274785825,0.03296962876642974,0.01565393605525501,-0.00024519258432545676,0.002736332162310839,0.3768165754406983,0.012423502605317188,91953295000000.0,91497386000000.0,151957458000000.0,8453484000000.0,17.97571959679583,852093000000.0,-374311000000.0,541997000000.0,-132169000000.0,327488000000.0,1.0049827543707095,0.055685481550259805,0.4084991072870694,0.4462813516697052,0.001250256742035118,-1142382000000.0,0.0,0.04862356482168475,46269000000.0
VBB,Private_3,2024,4,2024-12-31,2024-Q4,1213983000000.0,310929000000.0,0.018169430967861284,0.08431154745879514,0.03572849027033824,0.006285742075472855,0.11535327359753282,0.027534724614734708,0.008223231243671575,-0.0001592873860583245,-0.0074394180219425525,0.4436936395334856,0.012216982177863895,93637036000000.0,94841470000000.0,162855332000000.0,8701053000000.0,18.716738307420954,698595000000.0,-462725000000.0,751258000000.0,-440329000000.0,247354000000.0,0.987300555337238,0.04954701777608466,0.3811626686699896,0.47578118119417245,0.0006828693332313468,-1143962000000.0,-438749000000.0,0.035757955858406285,26872000000.0
VBB,Private_3,2025,1,2025-03-31,2025-Q1,764922000000.0,248345000000.0,0.017066334308418793,0.08535758642046168,0.040069721402092834,0.004700844091640222,0.09007763036192538,0.026375046966139015,0.01142941895021093,-0.0001282505353971264,0.003524897990149966,0.49190670785239693,0.012974062522565792,97298822000000.0,103017174000000.0,174377720000000.0,8897989000000.0,19.597430385674787,702512000000.0,-398178000000.0,366744000000.0,-118399000000.0,198160000000.0,0.9444912748237493,0.05482601376737436,0.5205471930471343,0.4737133326893418,0.0007243655346095792,-1262361000000.0,0.0,0.03780446591634994,30535000000.0
VBB,Private_3,2025,2,2025-06-30,2025-Q2,763043000000.0,265997000000.0,0.015970096360127594,0.08355772132527324,0.038848238233967505,0.004795938862871453,0.09421596756994251,0.025061861466587097,0.010494023189916532,1.2980629919651032e-05,-0.0003671164693031946,0.5238969528619791,0.013129832855394031,102447458000000.0,104208415000000.0,178670984000000.0,9073487000000.0,19.69154570894299,687406000000.0,-403039000000.0,360004000000.0,-94007000000.0,211650000000.0,0.9831015854141913,0.05301254222127839,0.5281995903245296,0.4489696282004947,0.0007745333629662609,-1345118000000.0,0.0,0.035555884656503625,34181000000.0
VCB,SOCB,2018,1,2018-03-31,2018-Q1,9924314000000.0,4359355000000.0,0.042931589028175676,0.11731781184622457,0.02241162998146662,0.023730369581128372,0.43033339742681925,0.013670114983101871,0.010528573496213332,,,1.2136506866655092,0.01659074443603805,577614527000000.0,730986638000000.0,1003905794000000.0,56065738000000.0,17.90586960613985,6197099000000.0,-4067409000000.0,5856905000000.0,-1497550000000.0,3503948000000.0,0.790184795416192,0.3128317251128741,0.40984283649227543,0.0,0.00596235621328935,-9583055000000.0,,0.0241986884793152,881368000000.0
VCB,SOCB,2018,2,2018-06-30,2018-Q2,9259259000000.0,3657422000000.0,0.02813060468098408,0.07145263134050908,0.014371245128267696,0.011835519275810783,0.20418875133403627,0.011521883035275191,0.007741323843218697,,,1.405967863061424,0.016199397269549536,606052672000000.0,764496671000000.0,977681955000000.0,58603184000000.0,16.683085939494344,6799964000000.0,-3864021000000.0,5395238000000.0,-1737816000000.0,2926763000000.0,0.7927473002691466,0.29901654470382905,0.41731427968479984,0.0,0.0034367229023477375,-9817688000000.0,,0.019263206878493887,851271000000.0
VCB,SOCB,2018,3,2018-09-30,2018-Q3,9414497000000.0,3666499000000.0,0.030844253189642873,0.07275870703128652,0.014860321210726356,0.011915506447162818,0.19543056572130732,0.01182245245615828,0.006451003496413154,,,1.5546664920957494,0.01837997068798437,627950675000000.0,773406098000000.0,995111405000000.0,61526479000000.0,16.173709615334886,7431525000000.0,-3985542000000.0,5428955000000.0,-1762456000000.0,2934626000000.0,0.8119287869902468,0.2972090711392348,0.4233409389795334,0.0,0.003629022757862486,-11541715000000.0,,0.018273455952571432,894914000000.0
VCB,SOCB,2018,4,2018-12-31,2018-Q4,10690267000000.0,6616547000000.0,0.03162044005491125,0.0760893412616627,0.017985513584988146,0.020425080315338736,0.3365559210320684,0.009823992478110215,0.005003438742038214,,,1.6531163349437978,0.016240202439928995,632632508000000.0,802222944000000.0,1072983278000000.0,63889089000000.0,16.79446826984808,7980640000000.0,-1692860000000.0,8997407000000.0,-2380860000000.0,5276169000000.0,0.7885993697033926,0.30303843316652884,0.15835525904077044,0.37955010549001517,0.0029931859749382666,-10274080000000.0,,0.01482743122014843,773774000000.0
VCB,SOCB,2019,1,2019-03-31,2019-Q1,11767686000000.0,5878154000000.0,0.03255469018614353,0.07764194986997928,0.01948424539260507,0.017559027333227128,0.27511997339995414,0.010329561850577285,0.005812381076469488,,,1.6917308926038763,0.01747483888968406,673021770000000.0,838277163000000.0,1073331964000000.0,72991878000000.0,14.704813650636583,8498757000000.0,-4383646000000.0,7384040000000.0,-1505886000000.0,4707336000000.0,0.8028630621302039,0.2975583625674889,0.3725155480865142,0.0,0.0039860165145302546,-11760947000000.0,,0.016141942927046772,1069406000000.0
VCB,SOCB,2019,2,2019-06-30,2019-Q2,11303317000000.0,5425270000000.0,0.03212343959317384,0.07653133547349379,0.02023722195064376,0.015901044769709202,0.23353413543053075,0.01025764305275701,0.005576982302194692,,,1.7684109491566196,0.018139728287035826,695437925000000.0,871229465000000.0,1122654558000000.0,76397332000000.0,14.694944556440793,8579589000000.0,-4067395000000.0,7235922000000.0,-1810652000000.0,4360935000000.0,0.7982259013703124,0.30648045058944373,0.35984083256268934,0.0,0.003917634244933676,-12615055000000.0,,0.0158346253549517,1075384000000.0
VCB,SOCB,2019,3,2019-09-30,2019-Q3,11994525000000.0,6309272000000.0,0.03185282078756632,0.07801499001813536,0.01877552681802914,0.01772377094870737,0.25595532077279326,0.01076837563086473,0.0059297205341670555,,,1.852129096190015,0.019944421824628075,708095934000000.0,902184481000000.0,1157490007000000.0,81390894000000.0,14.22136986233374,8859286000000.0,-4182440000000.0,7812085000000.0,-1502813000000.0,5048342000000.0,0.7848682269674289,0.30028718150827954,0.34869575910675915,0.0,0.004485627866319081,-14122564000000.0,,0.016698096165031786,1278485000000.0
VCB,SOCB,2019,4,2019-12-31,2019-Q4,10667464000000.0,5510002000000.0,0.029755750550844406,0.07615941838760955,0.015649077280879956,0.014782036487764104,0.21046793822547594,0.007790525813919445,0.003271448831422489,,,1.819922872283273,0.01417815611586526,734706891000000.0,928413676000000.0,1223981046000000.0,85753348000000.0,14.273274158345398,8639718000000.0,-3186384000000.0,7481080000000.0,-1971078000000.0,4397313000000.0,0.7913572473053488,0.3077324283189469,0.29870117208738645,0.4359877059316765,0.0029758211803887083,-10416789000000.0,,0.011061974645341935,885854000000.0
VCB,SOCB,2020,1,2020-03-31,2020-Q1,12285485000000.0,5222747000000.0,0.03130078748236942,0.07810643443743127,0.01459448824219913,0.014129091742488336,0.19565786419009723,0.008205950081033291,0.00670477445181596,0.0006365531693372943,0.004250554933205329,2.3497624863258637,0.019282033665074708,754505321000000.0,934048243000000.0,1144270262000000.0,85071986000000.0,13.450611838308324,9034321000000.0,-4910290000000.0,7375195000000.0,-2152448000000.0,4177915000000.0,0.8077798193556476,0.2940178915362512,0.3996822266276016,0.0,0.0038077377892870145,-14548397000000.0,0.0,0.014910724532849251,1127210000000.0
VCB,SOCB,2020,2,2020-06-30,2020-Q2,10733556000000.0,5759319000000.0,0.028344934734542436,0.0709152114244939,0.012421248410887114,0.015846636472946443,0.21118017643081197,0.00834654759265971,0.010022420895314634,0.00032023896091251024,0.0038535964148621294,2.544729059521487,0.021239702205720277,770744422000000.0,981240858000000.0,1185871662000000.0,89578460000000.0,13.238357323847719,8077319000000.0,-3118019000000.0,7615537000000.0,-1856218000000.0,4610339000000.0,0.7854793404862479,0.28797483991438116,0.2904926382272566,0.0,0.003968135976939746,-16370382000000.0,0.0,0.018368968487974344,1155790000000.0
VCB,SOCB,2020,3,2020-09-30,2020-Q3,11586450000000.0,4983070000000.0,0.03003168931564324,0.07098490966405291,0.008273534355751877,0.013462727035464047,0.1743185533872827,0.010059956668833902,0.005303123459567879,0.003654586292938491,-0.0009751753999719507,2.151355718419469,0.021642545306547887,783757352000000.0,981492077000000.0,1188572083000000.0,93576020000000.0,12.701673815577966,8723174000000.0,-4578828000000.0,7007622000000.0,-2024552000000.0,3990903000000.0,0.7985366060168411,0.3053133571041552,0.3951881723910257,0.0,0.004235255529290292,-16962504000000.0,-1365242000000.0,0.01536308012840178,1257047000000.0
VCB,SOCB,2020,4,2020-12-31,2020-Q4,14393363000000.0,7079454000000.0,0.03374494483709857,0.06956326147887537,0.006370105912840425,0.018039926841884414,0.23561230782604287,0.006227247084607676,0.005184848612690956,-0.0015491580358406641,-0.001296767420945354,3.7035547288887476,0.023062950388157425,839788261000000.0,1032113567000000.0,1327537012000000.0,98859394000000.0,13.428536816642838,10390415000000.0,-3430347000000.0,10963016000000.0,-3883562000000.0,5667519000000.0,0.8136587754010214,0.32797642994261694,0.23832838788266508,0.4640933431061782,0.00975645453878859,-19367995000000.0,-1440832000000.0,0.011412095697298633,3068538000000.0
VCB,SOCB,2021,1,2021-03-31,2021-Q1,15685596000000.0,8631466000000.0,0.031552136722603166,0.06644649582430912,0.006016878603307848,0.02120088822307723,0.27628674984398255,0.008827582364800912,0.004805856928749179,0.0029384109240364817,0.0027434022443426367,2.7902711201511634,0.024631348133259696,871937942000000.0,1025547607000000.0,1278965858000000.0,101007679000000.0,12.662065603942844,10081733000000.0,-4779221000000.0,10906375000000.0,-2274909000000.0,6902578000000.0,0.8502169339077791,0.32824121055162286,0.3046885180518483,0.0,0.010551397551309813,-21477007000000.0,-108000000.0,0.013633439293550091,3437781000000.0
VCB,SOCB,2021,2,2021-06-30,2021-Q2,12903301000000.0,4941962000000.0,0.034961402354092765,0.06680895367899999,0.008205882165204728,0.012278595449357058,0.15382991592743067,0.007446123584024255,0.006108876347061913,-0.00024573652513449175,0.0014076609594309867,3.517922365549483,0.026194884692884404,921948437000000.0,1051273660000000.0,1304179106000000.0,104939518000000.0,12.427912104570558,11096258000000.0,-4736182000000.0,8167119000000.0,-3225157000000.0,3960105000000.0,0.8769823425424736,0.3322414232275162,0.3670519660046681,0.0,0.0013269685007116774,-24150333000000.0,-617895000000.0,0.013554999931086168,428469000000.0
VCB,SOCB,2021,3,2021-09-30,2021-Q3,13252785000000.0,5737854000000.0,0.03149460189731858,0.06464517657283143,0.007499401486124787,0.013681157688109595,0.17136971171750612,0.011623881816774642,0.00670473449852405,0.004588226228534731,0.005288766490961576,2.4285339683974736,0.028228991836674957,936342968000000.0,1108418876000000.0,1385235404000000.0,109526852000000.0,12.647450179614403,10427846000000.0,-5002394000000.0,8250391000000.0,-2512537000000.0,4594130000000.0,0.8447555236329266,0.34331724336314895,0.3774598320277587,0.0,0.00335319377748133,-26432018000000.0,-211110000000.0,0.018328616315298692,1127266000000.0
VCB,SOCB,2021,4,2021-12-31,2021-Q4,14869393000000.0,8064414000000.0,0.03135295440907312,0.06364899817825106,0.007471662934761025,0.018447994175704696,0.23384909372809545,0.00637119675951481,0.0036407318905364926,-0.0032605317755747807,-0.0062296340116263895,4.243608734143239,0.02703686621562215,960749955000000.0,1135323913000000.0,1414765480000000.0,111170655000000.0,12.726069482994411,10781286000000.0,-3056781000000.0,11812612000000.0,-3748198000000.0,6451239000000.0,0.8462342279581668,0.3568148599368047,0.20557537217558242,0.47937020865016583,0.006895874965730904,-25975668000000.0,-1709837000000.0,0.010011928650051303,2413557000000.0
VCB,SOCB,2022,1,2022-03-31,2022-Q1,16733361000000.0,9950256000000.0,0.03390742384246394,0.06609193571415709,0.00953536469800717,0.022150862174297712,0.2790709065519919,0.008137318576298527,0.004402123750552707,0.002405298056974668,0.0034789499417671064,3.7255141096102293,0.03031569517039359,1028899744000000.0,1179668881000000.0,1462748158000000.0,117077688000000.0,12.493825108674848,11975852000000.0,-4509166000000.0,12224195000000.0,-2273939000000.0,7962184000000.0,0.872193681270804,0.3630912605212649,0.2694716261724109,0.0,0.007536584262750243,-31191811000000.0,-59532000000.0,0.012539442326851235,2710828000000.0
VCB,SOCB,2022,2,2022-06-30,2022-Q2,15972341000000.0,7423087000000.0,0.03389793215750923,0.0663914249989682,0.011612746449134723,0.015512007655434363,0.19784291814566982,0.006098223926549164,0.005406060141428818,-0.0015504785663548576,-0.00016848871914968618,5.044047712856513,0.030759732449197177,1100852163000000.0,1195391576000000.0,1601680964000000.0,122989697000000.0,13.022887307381527,12797206000000.0,-5815802000000.0,10156539000000.0,-2733452000000.0,5936954000000.0,0.9209134354816635,0.35393272170758544,0.36411706962680046,0.0,0.0018133987698084537,-33861918000000.0,-63955000000.0,0.011504284067977981,694629000000.0
VCB,SOCB,2022,3,2022-09-30,2022-Q3,16714424000000.0,7566222000000.0,0.03410603414402479,0.06942491542535884,0.014246262200237622,0.01493398813543609,0.19301100062568013,0.007966705120792833,0.0035972353933682475,0.002238311448909784,0.0005252031284785694,4.01760255206739,0.032007054824865634,1130144001000000.0,1197150901000000.0,1649664327000000.0,128389550000000.0,12.84889873825401,13663951000000.0,-6370005000000.0,10344419000000.0,-2778197000000.0,6064870000000.0,0.9440280252522651,0.34901609366954817,0.381108257155616,0.0,0.002712154880753328,-36172581000000.0,-173769000000.0,0.01156394051416108,1102269000000.0
VCB,SOCB,2022,4,2022-12-31,2022-Q4,18662641000000.0,12419095000000.0,0.03501038376273252,0.07686398561325751,0.014957462789738982,0.022942129081444246,0.2981710891491366,0.006818887553449418,0.003566046069386815,0.0018029950149688933,0.001818891219332323,3.1735619188230446,0.02164016186836351,1145066250000000.0,1243468472000000.0,1814188209000000.0,137988442000000.0,13.14739251132352,14809469000000.0,-4564916000000.0,14097725000000.0,-1678630000000.0,9928277000000.0,0.9208647229778738,0.3392061925957701,0.24460182243231277,0.48233163244244187,0.005384390878699924,-24779419000000.0,-3233090000000.0,0.010384933622836233,2331342000000.0
VCB,SOCB,2023,1,2023-03-31,2023-Q1,18517174000000.0,11221344000000.0,0.03165106367346607,0.08202432637810116,0.014259886987227173,0.01965110223000536,0.254350942589833,0.008467956048046444,0.006424163436142723,0.001889761400268325,0.0049106599727308355,3.207974982262238,0.027164991153029203,1174080964000000.0,1281487916000000.0,1846431290000000.0,144658358000000.0,12.764083012749253,14202946000000.0,-5274254000000.0,13242920000000.0,-2021576000000.0,8986435000000.0,0.9161857473184319,0.30410235721645307,0.28483039582605857,0.0,0.0031827312298321996,-31893899000000.0,-29914000000.0,0.014892119484189167,1456346000000.0
VCB,SOCB,2023,2,2023-06-30,2023-Q2,17470176000000.0,9277682000000.0,0.03195629449884526,0.08325982124722511,0.01956259406359491,0.01673573942541598,0.2001708585175665,0.008306692380449121,0.006860760604003984,0.001059958416973363,0.001517869767625327,3.8584222594476882,0.03205072678310939,1177728457000000.0,1326853836000000.0,1704273133000000.0,152001128000000.0,11.212240036797622,14020581000000.0,-5656105000000.0,11814071000000.0,-2536389000000.0,7422823000000.0,0.8876097917088134,0.29977792595385766,0.3237577572200761,0.0,0.0036547407088973567,-37747053000000.0,-1403515000000.0,0.015167452984453104,1622113000000.0
VCB,SOCB,2023,3,2023-09-30,2023-Q3,15777277000000.0,9051164000000.0,0.02962139338086,0.07709582040419236,0.018020896871446528,0.016939343556677446,0.1868348668718947,0.012096282113448844,0.006436654362253516,0.003941205608484333,0.0035832410900129927,2.7008525119218127,0.0326702739310232,1189830550000000.0,1349007010000000.0,1731305572000000.0,159243518000000.0,10.872063075119955,12596118000000.0,-5232506000000.0,10544771000000.0,-1493607000000.0,7268919000000.0,0.8820047199013443,0.31292003515978767,0.3316482305533458,0.0,0.0020747875720693175,-38872090000000.0,-32171999999.999996,0.01853293647570236,891012000000.0
VCB,SOCB,2023,4,2023-12-31,2023-Q4,15958835000000.0,11693497000000.0,0.02892784978162669,0.06956169972670984,0.018002550356771407,0.02097175680872116,0.22831974445148717,0.009804289042328032,0.004376479342629424,0.0019793087343403645,0.00021533654519124594,2.30299164983737,0.022579195797073487,1270359018000000.0,1395694611000000.0,1839223339000000.0,168543324000000.0,10.912466274843375,12801224000000.0,-5752034000000.0,10206801000000.0,1486696000000.0,9355026000000.0,0.9101984115922047,0.3517485344793668,0.3604294423747097,0.4560984453413475,0.004055986202879958,-28683685000000.0,-4292601000000.0,0.014180768384957456,1810252000000.0
VCB,SOCB,2024,1,2024-03-31,2024-Q1,17280398000000.0,10718239000000.0,0.031474730889606166,0.06472446581680043,0.01598425203068033,0.01901166432293122,0.2006093042837442,0.012206636763921487,0.005561123380812184,0.0023286023542047228,0.0034962565204539682,1.9981767122681577,0.024391017316784263,1266477925000000.0,1347325611000000.0,1773713584000000.0,173614126000000.0,10.216412828066767,14078056000000.0,-5053949000000.0,12226449000000.0,-1508210000000.0,8579996000000.0,0.9399939514695382,0.3470000378401476,0.2924671642400829,0.0,0.003192004799913303,-30890685000000.0,46308000000.0,0.01776776014473367,1441564000000.0
VCB,SOCB,2024,2,2024-06-30,2024-Q2,16751609000000.0,10116275000000.0,0.030461939535144127,0.05781736376220666,0.01996395447567491,0.017665519501754583,0.18280951451815364,0.012007530621194184,0.003559944289518284,0.0019851589596399793,0.00027397319222914997,2.1210886523688535,0.02546903694358651,1369645310000000.0,1374683432000000.0,1905638840000000.0,181702785000000.0,10.487669960589763,13907711000000.0,-5121793000000.0,11629816000000.0,-1513541000000.0,8119414000000.0,0.9963350674906511,0.35416640127223126,0.30574931637910124,0.0,0.003259169173841554,-34883547000000.0,-1527538000000.0,0.015567474910712469,1498954000000.0
VCB,SOCB,2024,3,2024-09-30,2024-Q3,16835953000000.0,10698944000000.0,0.02858652707230348,0.05616151628662177,0.01867630800433822,0.017868665616007848,0.18422801995912977,0.012228094435243779,0.0034608351733226884,0.0005026323201880639,0.0004831338414176733,2.0464945838293183,0.02502472903227982,1401151675000000.0,1430071020000000.0,1932361908000000.0,190297001000000.0,10.154452765127918,13577636000000.0,-5811433000000.0,11024520000000.0,-325576000000.0,8566598000000.0,0.9797776861459649,0.34782512549621486,0.34517992536567427,0.0,0.0026519223596566115,-35063441000000.0,-1071000000.0,0.015688929608566465,1272260000000.0
VCB,SOCB,2024,4,2024-12-31,2024-Q4,17710536000000.0,10702677000000.0,0.02789854424178564,0.05505935214830876,0.016181416153433555,0.017062058506611695,0.1772883061020431,0.009635678035386086,0.002715442995930678,0.0005041003144788019,-0.00014817596389056167,2.233109691812111,0.02151752600800175,1449198899000000.0,1514664850000000.0,2085873522000000.0,196209168000000.0,10.630866759498211,13842332000000.0,-7040188000000.0,10670348000000.0,32329000000.0,8565378000000.0,0.9567785896662222,0.36723269309378903,0.39751411250342733,0.4513373816438724,0.0018391814339260852,-31183175000000.0,-3875722000000.0,0.012351121031316765,923783000000.0
VCB,SOCB,2025,1,2025-03-31,2025-Q1,17264726000000.0,10859933000000.0,0.0263677105038914,0.055056632485019276,0.02096982567423831,0.016593940911073676,0.1734255471210315,0.010253492934436123,0.002911866174237229,0.0010454444873270637,0.0012764107130335323,2.161136833354117,0.0221592012511461,1466390536000000.0,1509113389000000.0,2109260616000000.0,204941834000000.0,10.291996391522485,13687153000000.0,-5652437000000.0,11612289000000.0,-752356000000.0,8696229000000.0,0.9716900974364094,0.3540516503892737,0.32739801373042354,0.0,0.0015369501398288781,-32494043000000.0,-443446000000.0,0.013165359108673353,805964000000.0
VCB,SOCB,2025,2,2025-06-30,2025-Q2,17868237000000.0,11033915000000.0,0.026422124278089442,0.054717843973643314,0.02031310006142272,0.016338264927947384,0.1687522225207397,0.010011720399635864,0.002491755404513413,0.0003684584609184903,0.00010022432387002258,2.138363881858989,0.021408701297852176,1555769476000000.0,1586682675000000.0,2217941098000000.0,213749422000000.0,10.376360680872391,14160192000000.0,-6024732000000.0,11843505000000.0,-809590000000.0,8831885000000.0,0.9805170879552207,0.36966484303485575,0.3371755142938836,0.0,0.0015916872970622973,-33307004000000.0,0.0,0.012503475804149277,860944000000.0
VIB,Private_2,2018,1,2018-03-31,2018-Q1,1250967000000.0,518110000000.0,0.0036131440944386617,0.008557291334657024,0.00014774195656707583,0.0014086451647055598,0.014875743992105901,0.025450309481205993,0.006485303361549957,,,0.46043007132728814,0.011718087809733232,84266991000000.0,74256655000000.0,136025737000000.0,9157345000000.0,14.854276758165167,1052535000000.0,-637393000000.0,613574000000.0,-95464000000.0,414488000000.0,1.134807257342793,0.15306211948275883,0.509520235146091,0.6826337411577775,0.00044195015177433456,-987448000000.0,,0.03193561284275595,130042000000.0
VIB,Private_2,2018,2,2018-06-30,2018-Q2,1448625000000.0,632399000000.0,0.03722543884168118,0.08940832474514047,0.0023544824969699914,0.015377008854742,0.21509667269770716,0.023312926930084476,0.006668248957462767,,,0.5319046046423853,0.012400253181803402,87282734000000.0,75331152000000.0,127237947000000.0,9663067000000.0,13.167449527153233,1203862000000.0,-676801000000.0,771824000000.0,-139425000000.0,506026000000.0,1.1586539125274495,0.15426847580931724,0.46720234705324015,0.7315553478947652,0.005623229066413885,-1082328000000.0,,0.029981175887547243,185049000000.0
VIB,Private_2,2018,3,2018-09-30,2018-Q3,1486832000000.0,569977000000.0,0.04004878538195842,0.09448499584295889,0.00404259250436293,0.014043994866239855,0.18440170909926926,0.025040637566505788,0.0074233099027527115,,,0.46645772329172946,0.011680398789045643,90747929000000.0,79574941000000.0,132506950000000.0,10119049000000.0,13.09480268353281,1273502000000.0,-682333000000.0,804499000000.0,-234522000000.0,455982000000.0,1.1404083730329124,0.14457508677260597,0.4589173491019833,0.7583538556910154,0.006342931156795738,-1059972000000.0,,0.0324639474692585,205943000000.0
VIB,Private_2,2018,4,2018-12-31,2018-Q4,1866164000000.0,1021068000000.0,0.039130481034988236,0.0961130885050835,0.009861764854465827,0.024068694692903986,0.3143840065205047,0.025189108481499245,0.012202168170843606,,,0.3625265263463037,0.00913171999955814,96138734000000.0,84862631000000.0,139000254000000.0,10667072000000.0,13.030778642911569,1298918000000.0,-694027000000.0,1172137000000.0,-151069000000.0,816853000000.0,1.1328747749996109,0.14641931146348738,0.37190032601636297,0.7465358843953709,0.006302506801992628,-877912000000.0,,0.03739127665234285,213897000000.0
VIB,Private_2,2019,1,2019-03-31,2019-Q1,1713933000000.0,809862000000.0,0.03997638709229203,0.09924013098023203,0.006038814555666178,0.018257971865809366,0.23641256608599087,0.02521123010975284,0.014495385963227346,,,0.40265085949362606,0.010151323472583565,101904151000000.0,88668128000000.0,144836310000000.0,11253421000000.0,12.870424913455206,1385178000000.0,-747759000000.0,966174000000.0,-156312000000.0,647785000000.0,1.1492759946392463,0.12155622593047188,0.4362825151274875,0.7571191480524937,0.009797102814421048,-1034462000000.0,,0.039706616072980185,347597000000.0
VIB,Private_2,2019,2,2019-06-30,2019-Q2,1948430000000.0,1010386000000.0,0.04069862333424277,0.10056396609332431,0.005616053389978927,0.02094950460788451,0.28271304605715597,0.021796901813185623,0.012122706623440227,,,0.43986219454821307,0.009587633065899754,114484252000000.0,99158301000000.0,163856431000000.0,11621222000000.0,14.099759130322095,1532088000000.0,-774584000000.0,1173846000000.0,-163460000000.0,808370000000.0,1.154560443709095,0.12096451713104685,0.3975426368922671,0.762571137252095,0.010799942976307306,-1097633000000.0,,0.03391960843662585,416733000000.0
VIB,Private_2,2019,3,2019-09-30,2019-Q3,2207349000000.0,1095019000000.0,0.039024697692413624,0.10333294378261322,0.014719118824809875,0.020641913234485155,0.2905603090719913,0.02043014281562234,0.012403926881421575,,,0.4993205466610261,0.010201190079059381,123223074000000.0,113716543000000.0,175657834000000.0,12498466000000.0,14.0543514700124,1618523000000.0,-913166000000.0,1294183000000.0,-199164000000.0,876028000000.0,1.0835984875129383,0.10459902039055127,0.41369353011236554,0.7923471688663006,0.012055976499249598,-1257022000000.0,,0.032834069697043916,511647000000.0
VIB,Private_2,2019,4,2019-12-31,2019-Q4,2244696000000.0,1166260000000.0,0.038034554716925524,0.10423726034303796,0.013106575118694098,0.020729296374176715,0.28798069369388063,0.019632707498028288,0.011134614242377423,,,0.4958601119161441,0.009735076537189228,129199806000000.0,122357044000000.0,184570119000000.0,13431300000000.0,13.741791114784125,1674522000000.0,-992598000000.0,1252098000000.0,-85838000000.0,933409000000.0,1.0559245448917514,0.11473158014507118,0.44219707256572827,0.8208698820456476,0.011582310493267023,-1257770000000.0,,0.03076732174040571,521534000000.0
VIB,Private_2,2020,1,2020-03-31,2020-Q1,2260362000000.0,1075311000000.0,0.03903439455221378,0.1043454800623987,0.00798772923834746,0.018211893462067134,0.2483030082438715,0.02186731061742031,0.016035138984978978,0.0033312433921146908,0.008934672858564509,0.4733267595719098,0.010350383275095973,134863315000000.0,123195235000000.0,193314367000000.0,14284804000000.0,13.532868004349238,1799491000000.0,-1029168000000.0,1231194000000.0,-155883000000.0,860249000000.0,1.0947121047335961,0.10448861922297563,0.4553111404279492,0.8172984572685404,0.008698891120923128,-1395887000000.0,-17840000000.0,0.03790244960239929,410897000000.0
VIB,Private_2,2020,2,2020-06-30,2020-Q2,2554285000000.0,1281156000000.0,0.039509314261643926,0.11058201273604357,0.00541217861773382,0.020722041450527435,0.27794145164133366,0.023692920254572914,0.022279107308836945,0.0028062338524008548,0.00955234564714652,0.49779177088039017,0.011794140730851716,137902967000000.0,127953459000000.0,202369814000000.0,15215596000000.0,13.300156891652486,1901936000000.0,-1007740000000.0,1546545000000.0,-265389000000.0,1024923000000.0,1.0777588044728044,0.1198332746909171,0.39452919310100476,0.8338693708938267,0.01235324593378172,-1626447000000.0,-60232000000.0,0.04597202756340986,610998000000.0
VIB,Private_2,2020,3,2020-09-30,2020-Q3,3031242000000.0,1668118000000.0,0.04420759146186176,0.10937216314141271,0.002153241870278043,0.025704449778768474,0.3361634798033814,0.021376572622270083,0.01658563660295012,0.0015953391343639474,-0.0027640014445809566,0.4826914635961241,0.010318289125712383,148995728000000.0,138030636000000.0,213086346000000.0,16551900000000.0,12.873829953056749,2233417000000.0,-1124746000000.0,1906496000000.0,-238378000000.0,1334884000000.0,1.07943955282507,0.11648308278460733,0.3710512060732861,0.8308838291805889,0.011853669470203547,-1537381000000.0,-302308000000.0,0.0379622092252202,615585000000.0
VIB,Private_2,2020,4,2020-12-31,2020-Q4,3369625000000.0,1776270000000.0,0.045782516338756477,0.10806106927548009,0.0018981815865420316,0.024824723166949062,0.3291756063435538,0.01744596448913606,0.014912473428319634,-0.0008510848042569382,-0.0004700201874244341,0.5823917545015223,0.010160385867799203,169520235000000.0,150360495000000.0,244701478000000.0,17972092000000.0,13.615636844057999,2561263000000.0,-1303218000000.0,2066407000000.0,-290137000000.0,1420557000000.0,1.1274253586355911,0.12176441691017312,0.38675460919241755,0.8366055287337303,0.013127391522759243,-1722391000000.0,-100766000000.0,0.03235843791745569,751195000000.0
VIB,Private_2,2021,1,2021-03-31,2021-Q1,3501600000000.0,1806902000000.0,0.045108659768479414,0.10366199223164092,0.003464612825713985,0.023021177333545154,0.3101975720892495,0.017265068260140046,0.023199547109030636,0.0017064098572067221,0.011086470001649066,0.6198890841612104,0.010702427351758996,177506741000000.0,156867117000000.0,257866042000000.0,19325737000000.0,13.343141428448499,2778385000000.0,-1360655000000.0,2140945000000.0,-334043000000.0,1446212000000.0,1.1315739359192787,0.12502396534768978,0.3885809344299749,0.8594732972699242,0.009687836571690905,-1899753000000.0,-182049000000.0,0.04046461536917068,608599000000.0
VIB,Private_2,2021,2,2021-06-30,2021-Q2,3806874000000.0,2147185000000.0,0.045637438664145887,0.10606494735873133,0.005054589351483366,0.02568328355836534,0.3403734529955942,0.016910845667785293,0.023916470088015424,0.0015115538626220399,0.0029612621866569,0.6382714636743227,0.010793710216347898,182945434000000.0,168109367000000.0,277200433000000.0,21048340000000.0,13.169705211907447,2959605000000.0,-1345835000000.0,2461039000000.0,-313854000000.0,1717783000000.0,1.0882524707858783,0.12397249107481322,0.353527592455122,0.8882472370925484,0.011436246309395482,-1974660000000.0,-239215000000.0,0.04082731575580072,764894000000.0
VIB,Private_2,2021,3,2021-09-30,2021-Q3,3080219000000.0,1384669000000.0,0.039666840064052133,0.09959935902810957,0.004687948760571295,0.01576638443484932,0.20516218829724664,0.021220533606295243,0.03340132788188821,0.005351377066890885,0.015733363424637315,0.5406692935507887,0.01147329091368642,187859178000000.0,170590963000000.0,285035255000000.0,22158569000000.0,12.863432426525376,2678429000000.0,-1428619000000.0,1651600000000.0,-266931000000.0,1108053000000.0,1.1012258486400595,0.1264847188886553,0.4638043593653568,0.8727557050995425,0.00589347149375548,-2155363000000.0,-86300000000.0,0.05462186148818345,414190000000.0
VIB,Private_2,2021,4,2021-12-31,2021-Q4,4502211000000.0,2672258000000.0,0.047445857298381106,0.10758931694857578,0.0030200308536745147,0.02876387759972383,0.36817839421464804,0.023175035858308834,0.026245227233066687,0.005809287635656534,0.0005612448703464464,0.5139706194094504,0.011911287534931215,201516754000000.0,173564890000000.0,309517129000000.0,24290740000000.0,12.742186075846186,3399728000000.0,-1146733000000.0,3355478000000.0,-683220000000.0,2137704000000.0,1.1610456123931516,0.16276601794291462,0.2547044107883882,0.8777373569825453,0.012840167166834537,-2400324000000.0,-407642000000.0,0.049420263091375524,954269000000.0
VIB,Private_2,2022,1,2022-03-31,2022-Q1,4136116000000.0,2278915000000.0,0.04535812617514114,0.10575279390569944,0.008763750352427746,0.02266992178148568,0.2899492429865558,0.02388856345229318,0.030930318830451803,0.0029192312218367707,0.009538641139485604,0.5178297165200391,0.012370208040571944,214119196000000.0,183802071000000.0,333850243000000.0,26011471000000.0,12.834731376783727,3515891000000.0,-1459919000000.0,2676197000000.0,-397282000000.0,1823136000000.0,1.1649444145817052,0.14984202218265538,0.3529685821190702,0.8755418303102583,0.008054234991574923,-2648699000000.0,-143432000000.0,0.05481888228274498,647729000000.0
VIB,Private_2,2022,2,2022-06-30,2022-Q2,4608602000000.0,2744047000000.0,0.04514057674598489,0.11066453951541391,0.005837113383962435,0.025756207505479405,0.3236655621623908,0.024485695169418013,0.028129536670866297,0.001735738817177326,-6.655638665857871e-05,0.5406105554693921,0.013237225266593282,221719578000000.0,197169492000000.0,348022816000000.0,28249674000000.0,12.31953388205471,3699595000000.0,-1501223000000.0,3107379000000.0,-363332000000.0,2195308000000.0,1.1245125995455727,0.13901988954761824,0.3257436853952674,0.9023287998307523,0.010622117862556586,-2934952000000.0,-57697000000.0,0.05261523184028431,905367000000.0
VIB,Private_2,2022,3,2022-09-30,2022-Q3,4626517000000.0,2791123000000.0,0.04619093998298197,0.11429192035093481,0.015713174014242742,0.02593467271329293,0.3042404641852532,0.02347405864172904,0.03258427443746186,0.000605517118564965,0.005711755413858852,0.5404543692436711,0.012686657556804615,226152711000000.0,189033408000000.0,340910343000000.0,30477741000000.0,11.185551547275107,3836028000000.0,-1669754000000.0,2956763000000.0,-165640000000.0,2233407000000.0,1.1963637189464416,0.13711790563496587,0.36090951357144047,0.9011662608128357,0.009237157359702583,-2869122000000.0,-254491000000.0,0.056058333079190906,795473000000.0
VIB,Private_2,2022,4,2022-12-31,2022-Q4,4686603000000.0,2767034000000.0,0.047133337544176666,0.12217947473936464,0.02328604050611218,0.02592965322504557,0.2809392216096156,0.02451815355305394,0.04378185380734289,0.0024343904504421352,0.014753132895232019,0.5389227653534767,0.013213391114172999,231944016000000.0,200123940000000.0,343069186000000.0,32651045000000.0,10.507142604471005,3911041000000.0,-1566220000000.0,3120383000000.0,-353349000000.0,2216919000000.0,1.1590018465556895,0.13773451592048408,0.3341908841009149,0.9075610738306817,0.00982265654912605,-3064767000000.0,-172427000000.0,0.06830000736039683,839812000000.0
VIB,Private_2,2023,1,2023-03-31,2023-Q1,4929597000000.0,2693900000000.0,0.05020426144394628,0.13683290731007597,0.01563398160838199,0.024618714064552807,0.26434378708566497,0.036400662306155185,0.054293967106598943,0.013960657644213594,0.02382515442864454,0.3803586076541597,0.01384530523245844,229177396000000.0,199267040000000.0,357247165000000.0,32570416000000.0,10.968455699184192,4304106000000.0,-1567510000000.0,3362087000000.0,-668187000000.0,2155111000000.0,1.1501018733454365,0.1292412633820425,0.3179793398933016,0.8949854795946087,0.007064590156913244,-3173031000000.0,-582721000000.0,0.09069462941275414,618431000000.0
VIB,Private_2,2023,2,2023-06-30,2023-Q2,5363904000000.0,2948005000000.0,0.04872201237605583,0.1388384177975505,0.01606306657173448,0.025637917680151105,0.2838015289410261,0.036342442619674065,0.06416208150794697,0.0036492167840147726,0.015057366303263172,0.39057998695709983,0.014194630764381443,234678172000000.0,205302772000000.0,378662835000000.0,33909846000000.0,11.166751833670963,4401862000000.0,-1555747000000.0,3808157000000.0,-860152000000.0,2358400000000.0,1.1430833091722696,0.12134740684358612,0.29004005291668156,0.8710269087472333,0.008545305811851993,-3331170000000.0,-649749000000.0,0.10050452412762104,786072000000.0
VIB,Private_2,2023,3,2023-09-30,2023-Q3,6024496000000.0,2682793000000.0,0.049957500207748154,0.12865826850917217,0.0028902410211765293,0.02250770617114962,0.24553712257004692,0.0368018324991085,0.06449332106078368,0.007328994364247903,0.010669978288394031,0.41365453361778437,0.015223244858698545,245630024000000.0,213533762000000.0,384419101000000.0,36039756000000.0,10.666528957632233,4673187000000.0,-1716919000000.0,4307577000000.0,-1624784000000.0,2146903000000.0,1.1503100104610156,0.13010294362724711,0.2849896489266488,0.8641435498038788,0.007446340598475391,-3739286000000.0,-1209098000000.0,0.10129515355989217,710271000000.0
VIB,Private_2,2023,4,2023-12-31,2023-Q4,5842493000000.0,2378457000000.0,0.044392641401330896,0.11373815741455355,0.004429693780710395,0.019156558018778518,0.20568144259772247,0.03144257960087149,0.05565786730166634,0.00204856064338454,-0.0020929159702398597,0.5100329078757398,0.016036750304946907,266345545000000.0,236577266000000.0,409880584000000.0,37938955000000.0,10.803686711982447,4333289000000.0,-1770567000000.0,4071926000000.0,-1693469000000.0,1902006000000.0,1.1258289923766387,0.13365328602622367,0.303049913795361,0.8577757519903865,0.008662886477161324,-4271317000000.0,-1168232000000.0,0.08710044690253782,860116000000.0
VIB,Private_2,2024,1,2024-03-31,2024-Q1,5318510000000.0,2501930000000.0,0.04291584998437118,0.10066956701711609,0.007961021696447542,0.019434035123748417,0.20966814345892093,0.03598390523146542,0.05645241068326818,0.006312213707197543,0.007395659649572888,0.4980441080799622,0.017921571986239084,267708603000000.0,234210794000000.0,413887815000000.0,38415725000000.0,10.77391654068744,4357794000000.0,-1871092000000.0,3447418000000.0,-945488000000.0,2001143000000.0,1.1430241895683082,0.13362297896483796,0.35180755512352146,0.8557574483310395,0.0041933533796554385,-4797759000000.0,-422620000000.0,0.0924363159147336,431794000000.0
VIB,Private_2,2024,2,2024-06-30,2024-Q2,5039190000000.0,2103115000000.0,0.04128382817878623,0.10006072027680875,0.013506201579785522,0.01593619893862921,0.17538583475212266,0.036575970566029736,0.04457833947853915,0.005946906383131811,-0.004062588903801496,0.48129765159378857,0.017603928738193646,278906037000000.0,247629776000000.0,430962080000000.0,38350429000000.0,11.237477421699767,4316913000000.0,-1806190000000.0,3233000000000.0,-1129885000000.0,1682962000000.0,1.1263025049136255,0.1487348758898849,0.358428636348302,0.830627720943351,0.0035067625829556387,-4909842000000.0,-1023980000000.0,0.08115431004456888,370336000000.0
VIB,Private_2,2024,3,2024-09-30,2024-Q3,4935980000000.0,1998147000000.0,0.03728353413356977,0.09891147977025253,0.01233787141214666,0.014598658921380752,0.16340494571422243,0.03851873937423372,0.036450469889037065,0.00674840537782981,0.0010570943647232706,0.4714624246591119,0.018160138260188634,297549717000000.0,255632643000000.0,445377594000000.0,39942085000000.0,11.15058450253661,4059739000000.0,-1782264000000.0,3153716000000.0,-1155569000000.0,1599173000000.0,1.1639738708956664,0.13667937548961617,0.36107601732584005,0.8114583209002022,0.0037353552476502394,-5403544000000.0,-622190000000.0,0.07496920926327078,409180000000.0
VIB,Private_2,2024,4,2024-12-31,2024-Q4,5275372000000.0,2401110000000.0,0.03492827714156355,0.09481747957104833,0.009114609186190552,0.016376075706780267,0.1878826941905724,0.035102385958411066,0.03311801952060616,0.0025030741333220627,0.0021156867710951308,0.5006046504185074,0.017572417651565895,324009713000000.0,276308322000000.0,493158370000000.0,41861809000000.0,11.780627301605623,4073698000000.0,-1751746000000.0,3523626000000.0,-1122516000000.0,1921192000000.0,1.1726382710977485,0.14117334837276455,0.3320611323713285,0.7997487019812154,0.004231415899156743,-5693634000000.0,-832515000000.0,0.06822040547901723,496417000000.0
VIB,Private_2,2025,1,2025-03-31,2025-Q1,4601155000000.0,2420788000000.0,0.030459171205754983,0.0888138350860254,0.014201277774571974,0.015665825953096683,0.18117885773237602,0.037931574728613505,0.03305820946064628,0.007785161675076081,0.008760786748389855,0.3861204134358363,0.014646155316484565,334158207000000.0,282298036000000.0,495727377000000.0,43643267000000.0,11.35862209857021,3737109000000.0,-1759035000000.0,2842120000000.0,-421332000000.0,1936464000000.0,1.1837071618875874,0.15130368813476266,0.3823029217663826,0.7809992292083466,0.003055802967296686,-4894133000000.0,-1220835000000.0,0.07098978418925979,377730000000.0
VIB,Private_2,2025,2,2025-06-30,2025-Q2,5116818000000.0,2595566000000.0,0.031184814561175837,0.08847433985903305,0.013728140258255457,0.016180754923378175,0.19034674149747416,0.03556975678732047,0.029048052701669415,0.002436079626199335,0.00033035848794819514,0.3715720400790008,0.013216727094578553,356066140000000.0,304392951000000.0,530909024000000.0,43627741000000.0,12.169069766871496,3968694000000.0,-1885615000000.0,3231203000000.0,-635637000000.0,2076469000000.0,1.1697581656547624,0.16798095301490737,0.368513204886318,0.7522287582610651,0.0031250635540245176,-4706029000000.0,-823997000000.0,0.06461780948898987,401038000000.0
VPB,Private_1,2018,1,2018-03-31,2018-Q1,7660070000000.0,2618975000000.0,0.06050230707725198,0.12159977693292409,0.004904651610459448,0.02050091427897655,0.22207914758186062,0.041484966621310064,0.07846086878768749,,,0.44450497471282185,0.01844027403896769,189116170000000.0,143121084000000.0,284388078000000.0,31635228000000.0,8.989601023264317,6026916000000.0,-2388778000000.0,5271292000000.0,-2652317000000.0,2089292000000.0,1.3213718392462706,0.12439780011727693,0.311848064051634,0.0,0.0030857659052491025,-3487354000000.0,,0.11994583540899756,314477000000.0
VPB,Private_1,2018,2,2018-06-30,2018-Q2,6850594000000.0,1756545000000.0,0.08967405853388664,0.1745860913217027,0.009654374620970286,0.019556021619397235,0.17475910870627517,0.040683903005526365,0.06717041075534898,,,0.43949869141898384,0.017880522132745703,198870423000000.0,151302335000000.0,293112204000000.0,32988631000000.0,8.88524910294095,6159594000000.0,-2299870000000.0,4550724000000.0,-2794179000000.0,1411701000000.0,1.3143909708994246,0.11895719917342981,0.3357183333299273,0.0,0.0040139616762992335,-3555907000000.0,,0.10785431376087534,289758000000.0
VPB,Private_1,2018,3,2018-09-30,2018-Q3,7601533000000.0,1749451000000.0,0.08579579119911102,0.1723922683161623,0.015200067164672156,0.018993173824193403,0.1722680030863896,0.04698567623163629,0.06242690818865298,,,0.4174935661562319,0.019616217528207937,200075422000000.0,156441918000000.0,296216157000000.0,31986964000000.0,9.260527413605118,6002414000000.0,-3104244000000.0,4497289000000.0,-2747838000000.0,1399152000000.0,1.2789118450976802,0.12280433048641094,0.4083707852087204,0.0,0.005427222261241217,-3924723000000.0,,0.10941258442028927,399802000000.0
VPB,Private_1,2018,4,2018-12-31,2018-Q4,8973466000000.0,3073537000000.0,0.08872653108665618,0.17324810758841294,0.011499542103948646,0.03170718972532679,0.2943400855114431,0.03506847373532514,0.05268667835368192,,,0.4592649104814219,0.016105719450774193,221460023000000.0,170850871000000.0,323308442000000.0,34750069000000.0,9.303821583778726,6512651000000.0,-2841032000000.0,6132434000000.0,-3058897000000.0,2455423000000.0,1.296218285009504,0.13680309537315732,0.3166036401096299,0.5897550520725172,0.007857108511683166,-3566773000000.0,,0.08775515208900705,608459000000.0
VPB,Private_1,2019,1,2019-03-31,2019-Q1,7962794000000.0,1782538000000.0,0.08896327217660012,0.176424933399633,0.015637388578147036,0.017625147360793826,0.16037045439168574,0.03618789827335459,0.0582796214701042,,,0.4830308315977166,0.01747987059675204,231458178000000.0,188117243000000.0,322080318000000.0,36179904000000.0,8.902188297680391,6785452000000.0,-2975846000000.0,4986948000000.0,-3204410000000.0,1421884000000.0,1.2303932074956043,0.09654066639707239,0.37371882281520785,0.0,0.009233628425756903,-4045859000000.0,,0.0944675197434588,744910000000.0
VPB,Private_1,2019,2,2019-06-30,2019-Q2,8869423000000.0,2560073000000.0,0.0967746439951183,0.1786027219122688,0.015074006183204649,0.024439232032993155,0.22038606718454742,0.034290647834869174,0.05052920373277213,,,0.4845973421151461,0.016617156800184094,247632796000000.0,197362899000000.0,348732250000000.0,38208392000000.0,9.127111394795154,7665856000000.0,-3043733000000.0,5825690000000.0,-3265617000000.0,2049268000000.0,1.2547079377872332,0.10414856137677629,0.3431714780093361,0.5798905503610263,0.005828501412334899,-4114953000000.0,,0.0848198515676413,488729000000.0
VPB,Private_1,2019,3,2019-09-30,2019-Q3,9501293000000.0,2856407000000.0,0.09544015811005212,0.18171031287692407,0.012328493706396404,0.02582973714401098,0.23203176909189555,0.03501815947396724,0.050887618967078295,,,0.4961144895146659,0.01737301631117042,254186603000000.0,205585380000000.0,358236462000000.0,40491245000000.0,8.847257277468252,7976968000000.0,-3122221000000.0,6379072000000.0,-3522665000000.0,2282602000000.0,1.2364040818466762,0.1032532371708533,0.3286101165388753,0.5817003893752674,0.008017599511532556,-4415988000000.0,,0.08590577844104554,708524000000.0
VPB,Private_1,2019,4,2019-12-31,2019-Q4,10021995000000.0,3134852000000.0,0.09353411612168396,0.18305494871251504,0.011370806864235923,0.027349513698884925,0.2431932174918268,0.03420744837355894,0.04758708143224438,,,0.46422782922674316,0.015880049501843154,257183959000000.0,213949567000000.0,377213836000000.0,42217509000000.0,8.935009310947265,8064068000000.0,-3192210000000.0,6829785000000.0,-3694933000000.0,2514276000000.0,1.2020774924026838,0.1326018855649285,0.31852041434864015,0.5964220526154765,0.011177598299103551,-4084094000000.0,,0.08179452980580332,1027571000000.0
VPB,Private_1,2020,1,2020-03-31,2020-Q1,9905613000000.0,2911391999999.0,0.08922120253057461,0.1767731047056115,0.009846183655137824,0.0240283151669087,0.21341588752358942,0.030269923161590464,0.05200552280393227,0.01099561967626449,0.016741366828403166,0.5203200198806833,0.015750047021225507,263747911000000.0,215715762000000.0,393208887000000.0,44523737000000.0,8.83144393292953,8021178000000.0,-3282646000000.0,6622967000000.0,-3711575000001.0,2313994999999.0,1.2226640675427325,0.12205331569605006,0.33139251452686475,0.5854524938722647,0.007218385224081715,-4154042000000.0,-3641875000000.0,0.08227544596552273,695151000000.0
VPB,Private_1,2020,2,2020-06-30,2020-Q2,8948471000000.0,3673481000001.0,0.082914528135962,0.16414143948440366,0.006107578621677941,0.02978265320909348,0.25661480378992285,0.03208796207917747,0.0620155995773132,0.012614465788129029,0.024127410055581444,0.4881063322529893,0.01566233747994032,270139499000000.0,236776714000000.0,399473210000000.0,47474759000000.0,8.414433657261958,7700802000000.0,-2555273000000.0,6393198000000.0,-2719716999999.0,2951022000001.0,1.1409039953143365,0.12064226890149342,0.2855541466246021,0.5707566651794257,0.0069376008627075126,-4231016000000.0,-2642442000000.0,0.09410356165649067,687414000000.0
VPB,Private_1,2020,3,2020-09-30,2020-Q3,9471526000000.0,2812644000000.0,0.08257064695818926,0.1615443088670419,0.0043122586306887315,0.02214517060011072,0.185307826772868,0.03649733352374283,0.05310498446918611,0.017478236309307733,0.010117850259284,0.47903970204935675,0.017483671776809765,278025352000000.0,241657962000000.0,413892030000000.0,49726273000000.0,8.323407426894834,7883845000000.0,-2786691000000.0,6684835000000.0,-3872191000000.0,2251514000000.0,1.1504911723123776,0.1562591180008379,0.2942177427375483,0.5617433678631562,0.009250663330535246,-4860904000000.0,-3242604000000.0,0.08960231799292893,940521000000.0
VPB,Private_1,2020,4,2020-12-31,2020-Q4,10707504000000.0,3621938000000.0,0.0893459085360128,0.1602953651497807,0.002230463327477658,0.027827248901119154,0.22608157304285928,0.03412530625970944,0.051542637156598,0.016030448187329335,0.016839352837147024,0.4531034680116902,0.015462294613235391,290816086000000.0,233427953000000.0,419026527000000.0,52793502000000.0,7.937085268562028,8739998000000.0,-2767411000000.0,7940093000000.0,-4318155000000.0,2897229000000.0,1.2458494463171683,0.1559350134900082,0.2584552851906476,0.5678966771521826,0.009922132158714769,-4496684000000.0,-4679867000000.0,0.08566794341630744,1033041000000.0
VPB,Private_1,2021,1,2021-03-31,2021-Q1,11051476000000.0,4006176000000.0,0.09078362258806148,0.15616481567560597,0.0029748725991182953,0.029949078645974795,0.23545141323077573,0.03460831676977599,0.05737234377629876,0.016773865803282974,0.024646734981503052,0.43856389487906694,0.015177958197761488,301172723000000.0,232426703000000.0,436241186000000.0,55995312000000.0,7.7906733692277665,9119891000000.0,-2592035000000.0,8459441000000.0,-4453265000000.0,3201810000000.0,1.295775051285738,0.16985109064684362,0.23454197430279902,0.5704746788634297,0.009236742928468293,-4571187000000.0,-4379217000000.0,0.09198066054607476,987486000000.0
VPB,Private_1,2021,2,2021-06-30,2021-Q2,12046946000000.0,5031158000000.0,0.08908117762043834,0.15334178540730894,0.004220330616558965,0.036183115349165955,0.2769738688239528,0.03474639644472179,0.05469618465988774,0.014348414281860447,0.013430210278372387,0.4468874887105413,0.015527729848922603,310852523000000.0,233591350000000.0,451767038000000.0,60011675000000.0,7.5279858127606,9231836000000.0,-2816551000000.0,9230395000000.0,-4199237000000.0,4016363000000.0,1.3307535702841735,0.18467822973753095,0.2337979268770691,0.569477878048336,0.009774008579452076,-4826834000000.0,-3943427000000.0,0.08944258110460954,1084925000000.0
VPB,Private_1,2021,3,2021-09-30,2021-Q3,10132609000000.0,2698371000000.0,0.06909248388070803,0.12683414243918542,0.0028485451752499943,0.01856376635745484,0.14130606354708583,0.040032087551474256,0.07720769633273275,0.017642542988142322,0.0417531177638214,0.4894594131370442,0.01959408207959536,317290648000000.0,239357320000000.0,479431926000000.0,62322495000000.0,7.692758866601858,7474232000000.0,-2455568000000.0,7677041000000.0,-4978670000000.0,2160820000000.0,1.3255940866984974,0.21856201431399716,0.2423431122231204,0.5637322185224515,0.006791622676246878,-6217019000000.0,-3583427000000.0,0.117239783884207,790544000000.0
VPB,Private_1,2021,4,2021-12-31,2021-Q4,11070444000000.0,2844755000000.0,0.07149875269349737,0.12807602689246572,0.0031696036226314074,0.017693480822756413,0.13060836425484415,0.0447165911125744,0.04587233754115216,0.015807963555232174,-0.01003490339242523,0.6089424254412343,0.027229829449555,355281219000000.0,241837028000000.0,547626129000000.0,86451499000000.0,6.334489688836975,8522870000000.0,-2854783000000.0,8215661000000.0,-5370906000000.0,2428891000000.0,1.4690935541930328,0.2236501144894983,0.2578743002539013,0.5657054077022498,0.009316521060730106,-9674247000000.0,-1830561000000.0,0.09058892865372656,1196076000000.0
VPB,Private_1,2022,1,2022-03-31,2022-Q1,18269595000000.0,11146176000000.0,0.07633981726287793,0.13372842211465796,0.00551632194695173,0.06417578690719838,0.38189300578258,0.04832035239672262,0.04897513241691922,0.013275210587475494,0.019021374163884525,0.636160192577641,0.030739484686118534,374457058000000.0,274148697000000.0,563923685000000.0,95202019000000.0,5.923442495479009,9887714000000.0,-2990976000000.0,15278619000000.0,-4132443000000.0,8671526000000.0,1.3658903438085646,0.2155112778084807,0.1637133171260775,0.5883654277243622,0.0089908269284277,-11510617000000.0,-2509501000000.0,0.09729548481364184,1249219000000.0
VPB,Private_1,2022,2,2022-06-30,2022-Q2,13286489000000.0,4176730000000.0,0.07632749356076185,0.13707320931896935,0.003942483843295571,0.022686083158875443,0.14487302037446806,0.05254732856984526,0.03872017142519938,0.018278451036700716,0.009889633326126277,0.6199212607969435,0.03257520617852972,392504254000000.0,295419571000000.0,608275139000000.0,98523824000000.0,6.173888855552338,10465653000000.0,-3524036000000.0,9762453000000.0,-5585723000000.0,3508206000000.0,1.3286332136742558,0.19003575426626018,0.26523455519362565,0.6061717239067197,0.010496560607366725,-12785907000000.0,-4313342000000.0,0.09126749999504463,1538007000000.0
VPB,Private_1,2022,3,2022-09-30,2022-Q3,13473138000000.0,4514000000000.0,0.07434045602284244,0.1378288929910712,0.0071848435447917185,0.023534280835835884,0.1485342845055792,0.05015026251608715,0.04677745480310208,0.01332479825811009,0.022590901651730888,0.6202445526685683,0.031105427140501747,402647324000000.0,277422332000000.0,595901874000000.0,102366254000000.0,5.821272643228696,10384901000000.0,-3536223000000.0,9936915000000.0,-5422915000000.0,3729883000000.0,1.4513875688998246,0.19364647616039793,0.26246469085375657,0.6060111502273693,0.011755454428359862,-12524517000000.0,-5662221000000.0,0.09692771731918923,1769456000000.0
VPB,Private_1,2022,4,2022-12-31,2022-Q4,12767808000000.0,1382817000000.0,0.07229917307034144,0.13829429057098191,0.008626402628774637,0.007435832037648711,0.0880351433142829,0.05734645708269992,0.054381950558811516,0.027601134634636242,0.04002605515888143,0.5440423319539929,0.031198900240571634,438338047000000.0,303151417000000.0,631073662000000.0,103516889000000.0,6.096335275299859,10282653000000.0,-4064846000000.0,8702962000000.0,-7320145000000.0,2265619000000.0,1.4459376483798523,0.17735410090463144,0.3183667862173366,0.6056447542838866,0.012265261660441125,-13675665000000.0,-6169258000000.0,0.11172840764151143,1881147000000.0
VPB,Private_1,2023,1,2023-03-31,2023-Q1,12358753000000.0,2549655000000.0,0.062427590505230494,0.14013623423272684,0.013536809988600306,0.010084647566674494,0.09724937277618556,0.06243942907534015,0.08218020495814404,0.02403897875650297,0.056548830679076324,0.46039959439843003,0.02874708782075614,463469068000000.0,331184428000000.0,677623733000000.0,105097639000000.0,6.447563803027012,9533939000000.0,-3422919000000.0,8935834000000.0,-6386179000000.0,2535954000000.0,1.3994289248406329,0.14204142170597464,0.2769631369766837,0.5839216913781259,0.01019856236513713,-13323386000000.0,-6735589000000.0,0.14461963403348418,1668354000000.0
VPB,Private_1,2023,2,2023-06-30,2023-Q2,12781506000000.0,2612539000000.0,0.05265357876762763,0.13808001722781763,0.01003082703913237,0.013840867547219868,0.11517995952901848,0.06520956508473506,0.08192602886071601,0.019497540664353462,0.023693548843263905,0.4300760145485723,0.028045069862088594,488644495000000.0,387611144000000.0,739761986000000.0,107563870000000.0,6.877420698976338,8762153000000.0,-3678666000000.0,9102840000000.0,-6490301000000.0,3061793000000.0,1.2606564660586745,0.1495712543290551,0.2878116240762239,0.5677351647467466,0.009352666548208674,-13704069000000.0,-6110956000000.0,0.14713559394545106,1657042000000.0
VPB,Private_1,2023,3,2023-09-30,2023-Q3,11262031000000.0,3117132000000.0,0.049471710328667165,0.13495721544693734,0.008159707442345497,0.012777465174624655,0.08916334136068264,0.05739193618047621,0.08032379033026686,0.008056460351610019,0.011865933330528976,0.42652700556653556,0.02447921068272423,521566286000000.0,421471748000000.0,780212730000000.0,109991548000000.0,7.093388030142098,8836748000000.0,-3194749000000.0,8067282000000.0,-4950150000000.0,2424746000000.0,1.2374881317074662,0.1679675098887055,0.2836743212658534,0.5483643744371977,0.009944170676586438,-12767531000000.0,-5867341000000.0,0.13771572651074307,1889361000000.0
VPB,Private_1,2023,4,2023-12-31,2023-Q4,13341140000000.0,2707851000000.0,0.05857907301469663,0.13432903049176287,0.005391796948277674,0.010569596553094366,0.06497864325386363,0.05005418339326368,0.06890919544941083,0.006751116961574468,0.0012429350159339095,0.5168345449431061,0.02586973109655621,566271290000000.0,442368381000000.0,817699538000000.0,139946573000000.0,5.842940777120709,11041836000000.0,-3615483000000.0,9725657000000.0,-7017806000000.0,2030080000000.0,1.280089885086068,0.17439633869311288,0.2710025530052155,0.5310889574303493,0.009417628427645316,-14649286000000.0,-5110607000000.0,0.11896337884267452,1881068000000.0
VPB,Private_1,2024,1,2024-03-31,2024-Q1,13410612000000.0,4181852000000.0,0.05801911964335036,0.12283239586944253,0.006233542531574149,0.015325636923144823,0.10086670760712528,0.04835057192924525,0.08304465561034248,0.008999583927343376,0.025543067881827454,0.5343638682905023,0.025836798650169673,582691308000000.0,455817478000000.0,822366981000000.0,142937410000000.0,5.75333623996685,11323398000000.0,-3466567000000.0,9944045000000.0,-5762193000000.0,3566697000000.0,1.2783434952005066,0.14434616963064326,0.25849431778355825,0.5091581084744684,0.007579355993182128,-15054878000000.0,-5266995000000.0,0.13139522753958774,1553831000000.0
VPB,Private_1,2024,2,2024-06-30,2024-Q2,16137032000000.0,4492488000000.0,0.061596358987426304,0.115076647737907,0.01287467155669117,0.017269373635553115,0.10154251071295542,0.050797192004978044,0.07827051452410279,0.02033872967948923,0.021150684471854177,0.4807898335565013,0.02442277348921103,624277460000000.0,471348616000000.0,864392980000000.0,138075614000000.0,6.260287062710436,12408240000000.0,-3331107000000.0,12805925000000.0,-8313437000000.0,3566846000000.0,1.3244495450051348,0.17920921401411308,0.20642624988287808,0.49513298154262864,0.008930906796642893,-15246587000000.0,-8313117000000.0,0.12906770652908084,1883037000000.0
VPB,Private_1,2024,3,2024-09-30,2024-Q3,15063007000000.0,5186926000000.0,0.05841497103497948,0.11184742745298268,0.011761598282371223,0.01933181311161193,0.1149513936240298,0.04805537765386197,0.070580530018095,0.006333720586355945,-0.00010501260128789529,0.5069725338497885,0.024362756574286906,635344648000000.0,475782339000000.0,858884594000000.0,142239874000000.0,6.038282865745508,12155772000000.0,-3750960000000.0,11312047000000.0,-6125121000000.0,4027832000000.0,1.335368289069679,0.14126527298441818,0.24901800815733538,0.46833764775843023,0.005327359990352895,-15478747000000.0,-5133814000000.0,0.11863590767195697,1147565000000.0
VPB,Private_1,2024,4,2024-12-31,2024-Q4,17644405000000.0,6151434000000.0,0.06043579650994018,0.11633205058713854,0.01295166392522063,0.022614824200146523,0.12759042760375747,0.04195581315043824,0.06258004375381954,0.009534071025966996,0.007200269986377536,0.56174913351885,0.023568641683337454,692875738000000.0,485666548000000.0,923847637000000.0,147275262000000.0,6.27293154637199,13192997000000.0,-3791098000000.0,13853307000000.0,-7701873000000.0,4617420000000.0,1.4266490884605871,0.14149735097670346,0.21486119820985747,0.4593418845953381,0.006919221959138966,-16330140000000.0,-7518983000000.0,0.10453585690425778,1541890000000.0
VPB,Private_1,2025,1,2025-03-31,2025-Q1,15566088000000.0,5014882000000.0,0.05731087349771591,0.11345502645244485,0.02023713736000407,0.01641372850122645,0.10439014922056125,0.04741379465051464,0.04300071903062282,0.01746195361800935,0.00018467669306671553,0.47424959107898634,0.022485972724509595,729968910000000.0,552373981000000.0,994036651000000.0,151213362000000.0,6.57373553403303,13355764000000.0,-3873901000000.0,11692187000000.0,-6677305000000.0,3894909000000.0,1.3215121187976449,0.13904175729088153,0.24886798789779424,0.4407432763448294,0.0048753681640255455,-16414061000000.0,-6558533000000.0,0.09041451368113745,1168799000000.0
VPB,Private_1,2025,2,2025-06-30,2025-Q2,16534631000000.0,6214525000000.0,0.052707136539008485,0.10756906231998727,0.01728133179103513,0.01882066509424536,0.12821261313269516,0.03973495669983915,0.03034214992219428,0.004848676363490604,-0.0036882639289391107,0.5219494644974396,0.02073963937130999,829126712000000.0,600774163000000.0,1104718510000000.0,152182685000000.0,7.25916033088784,13478566000000.0,-4404427000000.0,12130204000000.0,-5915679000000.0,4862400000000.0,1.3800971530794677,0.13938797997210142,0.26637588706999266,0.4287890818514865,0.005120185622261824,-17195789000000.0,-5204665000000.0,0.07007710662203342,1343252000000.0
