TICKER,Type,Year,TOI,Net Interest Income,Fees Income,OPEX,Provision expense,PBT,Loan,NIM,Core TOI,Core PBT,Non-recurring income,Core TOI_Prior_Year,PBT_Prior_Year,OPEX_Prior_Year,Provision expense_Prior_Year,Non-recurring income_Prior_Year,Net Interest Income_Prior_Year,Fees Income_Prior_Year,Loan_Prior_Year,NIM_Prior_Year,Core_TOI_Change,PBT_Change,OPEX_Change,Provision_Change,Non_Recurring_Change,NII_Change,Fee_Change,Loan_Avg,Loan_Growth_%,NIM_Change_bps,Raw_Top_Line,Raw_Cost_Cutting,Raw_Non_Recurring,Check_Sum,PBT_Change_NonZero,PBT_Change_Adjusted,PBT_Change_Abs_Adjusted,Top_Line_Score,Cost_Cutting_Score,Non_Recurring_Score,NII_Sub_Score,Fee_Sub_Score,OPEX_Sub_Score,Provision_Sub_Score,Loan_Growth_Score,NIM_Change_Score,Small_PBT_Flag,Scores_Capped,Total_Score,PBT_Growth_%,Top_Line_Impact,Cost_Cutting_Impact,Non_Recurring_Impact,NII_Impact,Fee_Impact,OPEX_Impact,Provision_Impact,Loan_Impact,NIM_Impact,Total_Impact
ABB,Private_3,2020,3774900000000.0,2381546000000.0,193827000000.0,-1858323000000.0,-513380000000.0,1403197000000.0,63293151000000.0,,2575373000000.0,203670000000.0,1199527000000.0,,,,,,,,,,,,,,,,,,,,,,,,,,,,,,,,,,,,False,False,,0.0,,,,,,,,,,
ABB,Private_3,2021,4535723000000.0,3064563000000.0,352239000000.0,-1829863000000.0,-747051000000.0,1958809000000.0,68983999000000.0,0.0267610826339526,3416802000000.0,839888000000.0,1118921000000.0,2575373000000.0,1403197000000.0,-1858323000000.0,-513380000000.0,1199527000000.0,2381546000000.0,193827000000.0,63293151000000.0,,841429000000.0,555612000000.0,28460000000.0,-233671000000.0,-80606000000.0,683017000000.0,158412000000.0,66138575000000.0,8.604430924010686,,841429000000.0,-205211000000.0,-80606000000.0,555612000000.0,555612000000.0,555612000000.0,555612000000.0,151.4,-36.9,-14.5,122.9,28.5,5.1,-42.1,4.3,118.6,False,False,100.0,39.5961507899461,59.9,-14.6,-5.7,48.7,11.3,2.0,-16.7,4.3,44.4,39.6
ABB,Private_3,2022,4485854000000.0,3765380000000.0,232042000000.0,-2006536000000.0,-776913000000.0,1702405000000.0,82010652000000.0,0.0312453515301615,3997422000000.0,1213973000000.0,488432000000.0,3416802000000.0,1958809000000.0,-1829863000000.0,-747051000000.0,1118921000000.0,3064563000000.0,352239000000.0,68983999000000.0,0.0267610826339526,580620000000.0,-256404000000.0,-176673000000.0,-29862000000.0,-630489000000.0,700817000000.0,-120197000000.0,75497325500000.0,17.25445625222843,0.44842688962088983,580620000000.0,-206535000000.0,-630489000000.0,-256404000000.0,-256404000000.0,-256404000000.0,256404000000.0,226.4,-80.6,-245.9,273.3,-46.9,-68.9,-11.6,8.6,264.7,False,False,-100.0,-13.089790786135861,29.6,-10.6,-32.2,35.8,-6.1,-9.0,-1.5,8.6,27.2,-13.2
ABB,Private_3,2023,4335614000000.0,2758206000000.0,748954000000.0,-2252222000000.0,-1499348000000.0,584044000000.0,98107189000000.0,0.0195578130056053,3507160000000.0,-244410000000.0,828454000000.0,3997422000000.0,1702405000000.0,-2006536000000.0,-776913000000.0,488432000000.0,3765380000000.0,232042000000.0,82010652000000.0,0.0312453515301615,-490262000000.0,-1118361000000.0,-245686000000.0,-722435000000.0,340022000000.0,-1007174000000.0,516912000000.0,90058920500000.0,17.873339931939334,-1.1687538524556198,-490262000000.0,-968121000000.0,340022000000.0,-1118361000000.0,-1118361000000.0,-1118361000000.0,1118361000000.0,-43.8,-86.6,30.4,-90.1,46.2,-22.0,-64.6,8.9,-99.0,False,False,-100.0,-65.69300489601476,-28.8,-56.9,20.0,-59.2,30.4,-14.5,-42.4,8.9,-68.1,-65.7
ABB,Private_3,2024,4520553000000.0,3035257000000.0,499749000000.0,-2364544000000.0,-1411791000000.0,744218000000.0,98738176000000.0,0.0182716786074015,3535006000000.0,-241329000000.0,985547000000.0,3507160000000.0,584044000000.0,-2252222000000.0,-1499348000000.0,828454000000.0,2758206000000.0,748954000000.0,98107189000000.0,0.0195578130056053,27846000000.0,160174000000.0,-112322000000.0,87557000000.0,157093000000.0,277051000000.0,-249205000000.0,98422682500000.0,0.6410991693911614,-0.1286134398203801,27846000000.0,-24765000000.0,157093000000.0,160174000000.0,160174000000.0,160174000000.0,160174000000.0,17.4,-15.5,98.1,173.0,-155.6,-70.1,54.7,0.3,172.6,False,False,100.0,27.42498852826157,4.8,-4.3,26.9,47.4,-42.7,-19.2,15.0,0.3,47.1,27.4
ACB,Private_1,2018,14033199000000.0,10362920000000.0,1497526000000.0,-6712217000000.0,-932411000000.0,6388571000000.0,230527220000000.0,0.042353683431278,11860446000000.0,4215818000000.0,2172753000000.0,,,,,,,,,,,,,,,,,,,,,,,,,,,,,,,,,,,,False,False,,0.0,,,,,,,,,,
ACB,Private_1,2019,16097353000000.0,12112160000000.0,1896492000000.0,-8307596000000.0,-273821000000.0,7515936000000.0,268700541000000.0,0.0353934932131447,14008652000000.0,5427235000000.0,2088701000000.0,11860446000000.0,6388571000000.0,-6712217000000.0,-932411000000.0,2172753000000.0,10362920000000.0,1497526000000.0,230527220000000.0,0.042353683431278,2148206000000.0,1127365000000.0,-1595379000000.0,658590000000.0,-84052000000.0,1749240000000.0,398966000000.0,249613880500000.0,15.292948021774775,-0.6960190218133301,2148206000000.0,-936789000000.0,-84052000000.0,1127365000000.0,1127365000000.0,1127365000000.0,1127365000000.0,190.6,-83.1,-7.5,155.2,35.4,-141.5,58.4,7.6,147.5,False,False,100.0,17.64659107647078,33.6,-14.7,-1.3,27.4,6.2,-25.0,10.3,7.6,19.8,17.6
ACB,Private_1,2020,18161309000000.0,14582123000000.0,1694654000000.0,-7624268000000.0,-941153000000.0,9595888000000.0,311478989000000.0,0.036499865669137,16276777000000.0,7711356000000.0,1884532000000.0,14008652000000.0,7515936000000.0,-8307596000000.0,-273821000000.0,2088701000000.0,12112160000000.0,1896492000000.0,268700541000000.0,0.0353934932131447,2268125000000.0,2079952000000.0,683328000000.0,-667332000000.0,-204169000000.0,2469963000000.0,-201838000000.0,290089765000000.0,14.746624376768342,0.11063724559923008,2268125000000.0,15996000000.0,-204169000000.0,2079952000000.0,2079952000000.0,2079952000000.0,2079952000000.0,109.0,0.8,-9.8,118.8,-9.7,32.9,-32.1,7.4,111.4,False,False,100.0,27.67389184793484,30.2,0.2,-2.7,32.9,-2.7,9.1,-8.9,7.4,25.5,27.7
ACB,Private_1,2021,23563997000000.0,18944792000000.0,2893963000000.0,-8229776000000.0,-3336109000000.0,11998112000000.0,361912538000000.0,0.0401041190144977,21838755000000.0,10272870000000.0,1725242000000.0,16276777000000.0,9595888000000.0,-7624268000000.0,-941153000000.0,1884532000000.0,14582123000000.0,1694654000000.0,311478989000000.0,0.036499865669137,5561978000000.0,2402224000000.0,-605508000000.0,-2394956000000.0,-159290000000.0,4362669000000.0,1199309000000.0,336695763500000.0,14.978967503403112,0.36042533453607,5561978000000.0,-3000464000000.0,-159290000000.0,2402224000000.0,2402224000000.0,2402224000000.0,2402224000000.0,231.5,-124.9,-6.6,181.6,49.9,-25.2,-99.7,7.5,174.1,False,False,100.0,25.033889516009356,58.0,-31.3,-1.7,45.5,12.5,-6.3,-25.0,7.5,38.0,25.0
ACB,Private_1,2022,28790067000000.0,23533529000000.0,3526244000000.0,-11605045000000.0,-70814000000.0,17114208000000.0,413706244000000.0,0.042589623951575,27059773000000.0,15383914000000.0,1730294000000.0,21838755000000.0,11998112000000.0,-8229776000000.0,-3336109000000.0,1725242000000.0,18944792000000.0,2893963000000.0,361912538000000.0,0.0401041190144977,5221018000000.0,5116096000000.0,-3375269000000.0,3265295000000.0,5052000000.0,4588737000000.0,632281000000.0,387809391000000.0,13.355454303580801,0.24855049370772972,5221018000000.0,-109974000000.0,5052000000.0,5116096000000.0,5116096000000.0,5116096000000.0,5116096000000.0,102.1,-2.1,0.1,89.7,12.4,-66.0,63.8,6.7,83.0,False,False,100.0,42.640842159166375,43.5,-0.9,0.0,38.2,5.3,-28.1,27.2,6.7,31.5,42.6
ACB,Private_1,2023,32746516000000.0,24959570000000.0,2922337000000.0,-10874286000000.0,-1804231000000.0,20067999000000.0,487601852000000.0,0.038635363203004,27881907000000.0,15203390000000.0,4864609000000.0,27059773000000.0,17114208000000.0,-11605045000000.0,-70814000000.0,1730294000000.0,23533529000000.0,3526244000000.0,413706244000000.0,0.042589623951575,822134000000.0,2953791000000.0,730759000000.0,-1733417000000.0,3134315000000.0,1426041000000.0,-603907000000.0,450654048000000.0,16.397413565449657,-0.3954260748570998,822134000000.0,-1002658000000.0,3134315000000.0,2953791000000.0,2953791000000.0,2953791000000.0,2953791000000.0,27.8,-33.9,106.1,48.3,-20.4,24.7,-58.7,8.2,40.1,False,False,100.0,17.259291227499396,4.8,-5.9,18.3,8.3,-3.5,4.3,-10.1,8.2,0.1,17.2
ACB,Private_1,2024,33514759000000.0,27794702000000.0,3238785000000.0,-10902603000000.0,-1606285000000.0,21005871000000.0,580686248000000.0,0.0358462079538882,31033487000000.0,18524599000000.0,2481272000000.0,27881907000000.0,20067999000000.0,-10874286000000.0,-1804231000000.0,4864609000000.0,24959570000000.0,2922337000000.0,487601852000000.0,0.038635363203004,3151580000000.0,937872000000.0,-28317000000.0,197946000000.0,-2383337000000.0,2835132000000.0,316448000000.0,534144050000000.0,17.42683382881453,-0.2789155249115799,3151580000000.0,169629000000.0,-2383337000000.0,937872000000.0,937872000000.0,937872000000.0,937872000000.0,336.0,18.1,-254.1,302.3,33.7,-3.0,21.1,8.7,293.6,False,False,100.0,4.673470434197251,15.7,0.8,-11.9,14.1,1.6,-0.1,1.0,8.7,5.4,4.6
BAB,Private_3,2018,1996735000000.0,1698672000000.0,73004000000.0,-879857000000.0,-274412000000.0,842466000000.0,63979415000000.0,0.0026935025832776,1771676000000.0,617407000000.0,225059000000.0,,,,,,,,,,,,,,,,,,,,,,,,,,,,,,,,,,,,False,False,,0.0,,,,,,,,,,
BAB,Private_3,2019,2192386000000.0,1966555000000.0,72725000000.0,-1103592000000.0,-154901000000.0,933893000000.0,72933312000000.0,0.0199045890869697,2039280000000.0,780787000000.0,153106000000.0,1771676000000.0,842466000000.0,-879857000000.0,-274412000000.0,225059000000.0,1698672000000.0,73004000000.0,63979415000000.0,0.0026935025832776,267604000000.0,91427000000.0,-223735000000.0,119511000000.0,-71953000000.0,267883000000.0,-279000000.0,68456363500000.0,13.079714641868174,1.72110865036921,267604000000.0,-104224000000.0,-71953000000.0,91427000000.0,91427000000.0,91427000000.0,91427000000.0,292.7,-114.0,-78.7,293.0,-0.3,-244.7,130.7,6.5,286.5,False,False,100.0,10.8523073928206,31.8,-12.4,-8.5,31.8,-0.0,-26.6,14.2,6.5,25.3,10.9
BAB,Private_3,2020,2229528000000.0,2031071000000.0,59762000000.0,-1240389000000.0,-254326000000.0,734813000000.0,79440423000000.0,0.0186495878530068,2090833000000.0,596118000000.0,138695000000.0,2039280000000.0,933893000000.0,-1103592000000.0,-154901000000.0,153106000000.0,1966555000000.0,72725000000.0,72933312000000.0,0.0199045890869697,51553000000.0,-199080000000.0,-136797000000.0,-99425000000.0,-14411000000.0,64516000000.0,-12963000000.0,76186867500000.0,8.540987723376341,-0.12550012339628996,51553000000.0,-236222000000.0,-14411000000.0,-199080000000.0,-199080000000.0,-199080000000.0,199080000000.0,25.9,-118.7,-7.2,32.4,-6.5,-68.7,-49.9,4.3,28.1,False,False,-100.0,-21.317217282922133,5.5,-25.3,-1.5,6.9,-1.4,-14.6,-10.6,4.3,2.6,-21.3
BAB,Private_3,2021,2464088000000.0,2117228000000.0,64859000000.0,-1312134000000.0,-243589000000.0,908365000000.0,84598379000000.0,0.0183909393456305,2182087000000.0,626364000000.0,282001000000.0,2090833000000.0,734813000000.0,-1240389000000.0,-254326000000.0,138695000000.0,2031071000000.0,59762000000.0,79440423000000.0,0.0186495878530068,91254000000.0,173552000000.0,-71745000000.0,10737000000.0,143306000000.0,86157000000.0,5097000000.0,82019401000000.0,6.288702352264192,-0.02586485073763009,91254000000.0,-61008000000.0,143306000000.0,173552000000.0,173552000000.0,173552000000.0,173552000000.0,52.6,-35.2,82.6,49.6,2.9,-41.3,6.2,3.1,46.5,False,False,100.0,23.61852607398073,12.4,-8.3,19.5,11.7,0.7,-9.8,1.5,3.1,8.6,23.6
BAB,Private_3,2022,2867676000000.0,2513199000000.0,91130000000.0,-1716333000000.0,-112384000000.0,1038959000000.0,94120600000000.0,0.020841345863201,2604329000000.0,775612000000.0,263347000000.0,2182087000000.0,908365000000.0,-1312134000000.0,-243589000000.0,282001000000.0,2117228000000.0,64859000000.0,84598379000000.0,0.0183909393456305,422242000000.0,130594000000.0,-404199000000.0,131205000000.0,-18654000000.0,395971000000.0,26271000000.0,89359489500000.0,10.656082586505823,0.24504065175705025,422242000000.0,-272994000000.0,-18654000000.0,130594000000.0,130594000000.0,130594000000.0,130594000000.0,323.3,-209.0,-14.3,303.2,20.1,-309.5,100.5,5.3,297.9,False,False,100.0,14.37681989068271,46.5,-30.0,-2.1,43.6,2.9,-44.5,14.4,5.3,38.3,14.4
BAB,Private_3,2023,3046313000000.0,2389271000000.0,104852000000.0,-1832911000000.0,-152568000000.0,1060834000000.0,99853975000000.0,0.0175543960804664,2494123000000.0,508644000000.0,552190000000.0,2604329000000.0,1038959000000.0,-1716333000000.0,-112384000000.0,263347000000.0,2513199000000.0,91130000000.0,94120600000000.0,0.020841345863201,-110206000000.0,21875000000.0,-116578000000.0,-40184000000.0,288843000000.0,-123928000000.0,13722000000.0,96987287500000.0,5.911470614125588,-0.32869497827346,-110206000000.0,-156762000000.0,288843000000.0,21875000000.0,21875000000.0,50000000000.0,50000000000.0,649.5,923.9,-1473.4,730.4,-80.9,687.0,236.8,-8.7,739.1,True,True,100.0,2.105472881990531,13.7,19.5,-31.0,15.4,-1.7,14.5,5.0,3.0,12.4,2.2
BAB,Private_3,2024,3660963000000.0,3321210000000.0,105581000000.0,-2249272000000.0,-151413000000.0,1260278000000.0,109552804000000.0,0.0215633553733011,3426791000000.0,1026106000000.0,234172000000.0,2494123000000.0,1060834000000.0,-1832911000000.0,-152568000000.0,552190000000.0,2389271000000.0,104852000000.0,99853975000000.0,0.0175543960804664,932668000000.0,199444000000.0,-416361000000.0,1155000000.0,-318018000000.0,931939000000.0,729000000.0,104703389500000.0,9.263147111393181,0.40089592928347006,932668000000.0,-415206000000.0,-318018000000.0,199444000000.0,199444000000.0,199444000000.0,199444000000.0,467.6,-208.2,-159.5,467.3,0.4,-208.8,0.6,4.6,462.6,False,False,100.0,18.80067946540175,87.9,-39.1,-30.0,87.9,0.1,-39.3,0.1,4.6,83.3,18.8
BID,SOCB,2018,44483062000000.0,34955864000000.0,3550799000000.0,-16116922000000.0,-18893635000000.0,9472505000000.0,988738780000000.0,0.0483624374634092,38506663000000.0,3496106000000.0,5976399000000.0,,,,,,,,,,,,,,,,,,,,,,,,,,,,,,,,,,,,False,False,,0.0,,,,,,,,,,
BID,SOCB,2019,48121240000000.0,35977808000000.0,4266331000000.0,-17257115000000.0,-20131916000000.0,10732209000000.0,1116997985000000.0,0.0262290514054226,40244139000000.0,2855108000000.0,7877101000000.0,38506663000000.0,9472505000000.0,-16116922000000.0,-18893635000000.0,5976399000000.0,34955864000000.0,3550799000000.0,988738780000000.0,0.0483624374634092,1737476000000.0,1259704000000.0,-1140193000000.0,-1238281000000.0,1900702000000.0,1021944000000.0,715532000000.0,1052868382500000.0,12.181883997262117,-2.21333860579866,1737476000000.0,-2378474000000.0,1900702000000.0,1259704000000.0,1259704000000.0,1259704000000.0,1259704000000.0,137.9,-188.8,150.9,81.1,56.8,-90.5,-98.3,6.1,75.0,False,False,100.0,13.298530853243149,18.3,-25.1,20.1,10.8,7.6,-12.0,-13.1,6.1,4.7,13.3
BID,SOCB,2020,50037144000000.0,35796799000000.0,5266381000000.0,-17692960000000.0,-23317941000000.0,9026243000000.0,1214295916000000.0,0.0243247197144191,41063180000000.0,52279000000.0,8973964000000.0,40244139000000.0,10732209000000.0,-17257115000000.0,-20131916000000.0,7877101000000.0,35977808000000.0,4266331000000.0,1116997985000000.0,0.0262290514054226,819041000000.0,-1705966000000.0,-435845000000.0,-3186025000000.0,1096863000000.0,-181009000000.0,1000050000000.0,1165646950500000.0,8.347118392774451,-0.1904331691003503,819041000000.0,-3621870000000.0,1096863000000.0,-1705966000000.0,-1705966000000.0,-1705966000000.0,1705966000000.0,48.0,-212.3,64.3,-10.6,58.6,-25.5,-186.8,4.2,-14.8,False,False,-100.0,-15.89575827306382,7.6,-33.7,10.2,-1.7,9.3,-4.1,-29.7,4.2,-5.9,-15.9
BID,SOCB,2021,62493799000000.0,46823308000000.0,6614281000000.0,-19465321000000.0,-29480827000000.0,13547651000000.0,1354632643000000.0,0.029009677980452,53437589000000.0,4491441000000.0,9056210000000.0,41063180000000.0,9026243000000.0,-17692960000000.0,-23317941000000.0,8973964000000.0,35796799000000.0,5266381000000.0,1214295916000000.0,0.0243247197144191,12374409000000.0,4521408000000.0,-1772361000000.0,-6162886000000.0,82246000000.0,11026509000000.0,1347900000000.0,1284464279500000.0,10.925701028807785,0.46849582660329003,12374409000000.0,-7935247000000.0,82246000000.0,4521408000000.0,4521408000000.0,4521408000000.0,4521408000000.0,273.7,-175.5,1.8,243.9,29.8,-39.2,-136.3,5.5,238.4,False,False,100.0,50.09180453041204,137.1,-87.9,0.9,122.2,14.9,-19.6,-68.3,5.5,116.7,50.1
BID,SOCB,2022,69582444000000.0,56069684000000.0,5648065000000.0,-22557474000000.0,-24015485000000.0,23009485000000.0,1522221714000000.0,0.0292357545432116,61717749000000.0,15144790000000.0,7864695000000.0,53437589000000.0,13547651000000.0,-19465321000000.0,-29480827000000.0,9056210000000.0,46823308000000.0,6614281000000.0,1354632643000000.0,0.029009677980452,8280160000000.0,9461834000000.0,-3092153000000.0,5465342000000.0,-1191515000000.0,9246376000000.0,-966216000000.0,1438427178500000.0,11.65085542771535,0.022607656275960147,8280160000000.0,2373189000000.0,-1191515000000.0,9461834000000.0,9461834000000.0,9461834000000.0,9461834000000.0,87.5,25.1,-12.6,97.7,-10.2,-32.7,57.8,5.8,91.9,False,False,100.0,69.84114072616721,61.1,17.5,-8.8,68.2,-7.1,-22.8,40.4,5.8,62.4,69.8
BID,SOCB,2023,73013017000000.0,56135566000000.0,6569870000000.0,-25080598000000.0,-20343515000000.0,27588904000000.0,1777664882000000.0,0.0257257993365039,62705436000000.0,17281323000000.0,10307581000000.0,61717749000000.0,23009485000000.0,-22557474000000.0,-24015485000000.0,7864695000000.0,56069684000000.0,5648065000000.0,1522221714000000.0,0.0292357545432116,987687000000.0,4579419000000.0,-2523124000000.0,3671970000000.0,2442886000000.0,65882000000.0,921805000000.0,1649943298000000.0,15.48193615560236,-0.35099552067076983,987687000000.0,1148846000000.0,2442886000000.0,4579419000000.0,4579419000000.0,4579419000000.0,4579419000000.0,21.6,25.1,53.3,1.4,20.1,-55.1,80.2,7.7,-6.3,False,False,100.0,19.902309851785034,4.3,5.0,10.6,0.3,4.0,-11.0,16.0,7.7,-7.4,19.9
BID,SOCB,2024,81060866000000.0,58007576000000.0,7074445000000.0,-27966817000000.0,-21109180000000.0,31984869000000.0,2056082420000000.0,0.0232413113824463,65082021000000.0,16006024000000.0,15978845000000.0,62705436000000.0,27588904000000.0,-25080598000000.0,-20343515000000.0,10307581000000.0,56135566000000.0,6569870000000.0,1777664882000000.0,0.0257257993365039,2376585000000.0,4395965000000.0,-2886219000000.0,-765665000000.0,5671264000000.0,1872010000000.0,504575000000.0,1916873651000000.0,14.524563883214439,-0.2484487954057601,2376585000000.0,-3651884000000.0,5671264000000.0,4395965000000.0,4395965000000.0,4395965000000.0,4395965000000.0,54.1,-83.1,129.0,42.6,11.5,-65.7,-17.4,7.3,35.3,False,False,100.0,15.933815275880479,8.6,-13.2,20.6,6.8,1.8,-10.5,-2.8,7.3,-0.5,16.0
BVB,Private_3,2020,1415851000000.0,1104675000000.0,60218000000.0,-867461000000.0,-346902000000.0,201488000000.0,39832796000000.0,0.0006154535786979,1164893000000.0,-49470000000.0,250958000000.0,,,,,,,,,,,,,,,,,,,,,,,,,,,,,,,,,,,,False,False,,0.0,,,,,,,,,,
BVB,Private_3,2021,1733295000000.0,1434862000000.0,71002000000.0,-1051415000000.0,-370432000000.0,311448000000.0,46389215000000.0,0.0220524230670458,1505864000000.0,84017000000.0,227431000000.0,1164893000000.0,201488000000.0,-867461000000.0,-346902000000.0,250958000000.0,1104675000000.0,60218000000.0,39832796000000.0,0.0006154535786979,340971000000.0,109960000000.0,-183954000000.0,-23530000000.0,-23527000000.0,330187000000.0,10784000000.0,43111005500000.0,15.20822565829507,2.14369694883479,340971000000.0,-207484000000.0,-23527000000.0,109960000000.0,109960000000.0,109960000000.0,109960000000.0,310.1,-188.7,-21.4,300.3,9.8,-167.3,-21.4,7.6,292.7,False,False,100.0,54.57396966568729,169.2,-103.0,-11.7,163.9,5.3,-91.3,-11.7,7.6,156.3,54.5
BVB,Private_3,2022,1917238000000.0,1713866000000.0,99768000000.0,-1236838000000.0,-224345000000.0,456055000000.0,50859390000000.0,0.0232248434461844,1813634000000.0,352451000000.0,103604000000.0,1505864000000.0,311448000000.0,-1051415000000.0,-370432000000.0,227431000000.0,1434862000000.0,71002000000.0,46389215000000.0,0.0220524230670458,307770000000.0,144607000000.0,-185423000000.0,146087000000.0,-123827000000.0,279004000000.0,28766000000.0,48624302500000.0,9.193293826682655,0.11724203791385994,307770000000.0,-39336000000.0,-123827000000.0,144607000000.0,144607000000.0,144607000000.0,144607000000.0,212.8,-27.2,-85.6,192.9,19.9,-128.2,101.0,4.6,188.3,False,False,100.0,46.43054378258971,98.8,-12.6,-39.7,89.6,9.2,-59.5,46.9,4.6,85.0,46.5
BVB,Private_3,2023,1755036000000.0,1478618000000.0,54414000000.0,-1406915000000.0,-276515000000.0,71606000000.0,57768233000000.0,0.0187383150314567,1533032000000.0,-150398000000.0,222004000000.0,1813634000000.0,456055000000.0,-1236838000000.0,-224345000000.0,103604000000.0,1713866000000.0,99768000000.0,50859390000000.0,0.0232248434461844,-280602000000.0,-384449000000.0,-170077000000.0,-52170000000.0,118400000000.0,-235248000000.0,-45354000000.0,54313811500000.0,12.720232311444393,-0.44865284147277,-280602000000.0,-222247000000.0,118400000000.0,-384449000000.0,-384449000000.0,-384449000000.0,384449000000.0,-73.0,-57.8,30.8,-61.2,-11.8,-44.2,-13.6,6.4,-67.6,False,False,-100.0,-84.2988236068018,-61.5,-48.7,26.0,-51.6,-9.9,-37.3,-11.5,6.4,-58.0,-84.2
BVB,Private_3,2024,2477589000000.0,2306248000000.0,37546000000.0,-1475162000000.0,-611837000000.0,390590000000.0,68142074000000.0,0.0254117305817834,2343794000000.0,256795000000.0,133795000000.0,1533032000000.0,71606000000.0,-1406915000000.0,-276515000000.0,222004000000.0,1478618000000.0,54414000000.0,57768233000000.0,0.0187383150314567,810762000000.0,318984000000.0,-68247000000.0,-335322000000.0,-88209000000.0,827630000000.0,-16868000000.0,62955153500000.0,16.478144239613364,0.6673415550326699,810762000000.0,-403569000000.0,-88209000000.0,318984000000.0,318984000000.0,318984000000.0,318984000000.0,254.2,-126.5,-27.7,259.5,-5.3,-21.4,-105.1,8.2,251.2,False,False,100.0,445.47104991201854,1132.4,-563.5,-123.4,1156.0,-23.6,-95.3,-468.2,8.2,1147.8,445.5
CTG,SOCB,2018,28445527000000.0,22211832000000.0,2770777000000.0,-14084040000000.0,-7802854000000.0,6558633000000.0,864925948000000.0,0.0362598898681423,24982609000000.0,3095715000000.0,3462918000000.0,,,,,,,,,,,,,,,,,,,,,,,,,,,,,,,,,,,,False,False,,0.0,,,,,,,,,,
CTG,SOCB,2019,40519386000000.0,33199037000000.0,4055378000000.0,-15734862000000.0,-13003531000000.0,11780993000000.0,935270945000000.0,0.0284630951949824,37254415000000.0,8516022000000.0,3264971000000.0,24982609000000.0,6558633000000.0,-14084040000000.0,-7802854000000.0,3462918000000.0,22211832000000.0,2770777000000.0,864925948000000.0,0.0362598898681423,12271806000000.0,5222360000000.0,-1650822000000.0,-5200677000000.0,-197947000000.0,10987205000000.0,1284601000000.0,900098446500000.0,7.815255906010499,-0.7796794673159899,12271806000000.0,-6851499000000.0,-197947000000.0,5222360000000.0,5222360000000.0,5222360000000.0,5222360000000.0,235.0,-131.2,-3.8,210.4,24.6,-31.6,-99.6,3.9,206.5,False,False,100.0,79.62573908312906,187.1,-104.5,-3.0,167.5,19.6,-25.2,-79.3,3.9,163.6,79.6
CTG,SOCB,2020,45317434000000.0,35580829000000.0,4340916000000.0,-16085348000000.0,-12147237000000.0,17084849000000.0,1015333270000000.0,0.0284352661848681,39921745000000.0,11689160000000.0,5395689000000.0,37254415000000.0,11780993000000.0,-15734862000000.0,-13003531000000.0,3264971000000.0,33199037000000.0,4055378000000.0,935270945000000.0,0.0284630951949824,2667330000000.0,5303856000000.0,-350486000000.0,856294000000.0,2130718000000.0,2381792000000.0,285538000000.0,975302107500000.0,8.208976929745843,-0.0027829010114298336,2667330000000.0,505808000000.0,2130718000000.0,5303856000000.0,5303856000000.0,5303856000000.0,5303856000000.0,50.3,9.5,40.2,44.9,5.4,-6.6,16.1,4.1,40.8,False,False,100.0,45.02044946465888,22.6,4.3,18.1,20.2,2.4,-3.0,7.2,4.1,16.1,45.0
CTG,SOCB,2021,53156632000000.0,41788465000000.0,4960506000000.0,-17185850000000.0,-18381626000000.0,17589156000000.0,1130667767000000.0,0.0300629790821215,46748971000000.0,11181495000000.0,6407661000000.0,39921745000000.0,17084849000000.0,-16085348000000.0,-12147237000000.0,5395689000000.0,35580829000000.0,4340916000000.0,1015333270000000.0,0.0284352661848681,6827226000000.0,504307000000.0,-1100502000000.0,-6234389000000.0,1011972000000.0,6207636000000.0,619590000000.0,1073000518500000.0,10.748782969949703,0.16277128972534,6827226000000.0,-7334891000000.0,1011972000000.0,504307000000.0,504307000000.0,504307000000.0,504307000000.0,500.0,-500.0,200.7,500.0,122.9,-218.2,-500.0,5.4,500.0,False,True,200.7,2.951779088009499,14.8,-14.8,5.9,14.8,3.6,-6.4,-14.8,5.4,9.4,5.9
CTG,SOCB,2022,64116690000000.0,47791955000000.0,5861949000000.0,-19007454000000.0,-24163177000000.0,20946059000000.0,1274821709000000.0,0.0297533155495866,53653904000000.0,10483273000000.0,10462786000000.0,46748971000000.0,17589156000000.0,-17185850000000.0,-18381626000000.0,6407661000000.0,41788465000000.0,4960506000000.0,1130667767000000.0,0.0300629790821215,6904933000000.0,3356903000000.0,-1821604000000.0,-5781551000000.0,4055125000000.0,6003490000000.0,901443000000.0,1202744738000000.0,11.985414481189775,-0.03096635325348998,6904933000000.0,-7603155000000.0,4055125000000.0,3356903000000.0,3356903000000.0,3356903000000.0,3356903000000.0,205.7,-226.5,120.8,178.8,26.9,-54.3,-172.2,6.0,172.8,False,False,100.0,19.085071506557792,39.3,-43.2,23.1,34.1,5.1,-10.4,-32.9,6.0,28.1,19.2
CTG,SOCB,2023,70548165000000.0,52957478000000.0,7113729000000.0,-20443499000000.0,-25115141000000.0,24989525000000.0,1473344564000000.0,0.0285723384640053,60071207000000.0,14512567000000.0,10476958000000.0,53653904000000.0,20946059000000.0,-19007454000000.0,-24163177000000.0,10462786000000.0,47791955000000.0,5861949000000.0,1274821709000000.0,0.0297533155495866,6417303000000.0,4043466000000.0,-1436045000000.0,-951964000000.0,14172000000.0,5165523000000.0,1251780000000.0,1374083136500000.0,14.447659659492517,-0.11809770855813022,6417303000000.0,-2388009000000.0,14172000000.0,4043466000000.0,4043466000000.0,4043466000000.0,4043466000000.0,158.7,-59.1,0.4,127.7,31.0,-35.5,-23.5,7.2,120.5,False,False,100.0,19.304185097540305,30.6,-11.4,0.1,24.7,6.0,-6.9,-4.5,7.2,17.5,19.3
CTG,SOCB,2024,81908683000000.0,62402794000000.0,6695988000000.0,-22545929000000.0,-27598829000000.0,31763925000000.0,1721954714000000.0,0.0288169849309733,69098782000000.0,18954024000000.0,12809901000000.0,60071207000000.0,24989525000000.0,-20443499000000.0,-25115141000000.0,10476958000000.0,52957478000000.0,7113729000000.0,1473344564000000.0,0.0285723384640053,9027575000000.0,6774400000000.0,-2102430000000.0,-2483688000000.0,2332943000000.0,9445316000000.0,-417741000000.0,1597649639000000.0,15.560993094556697,0.024464646696800013,9027575000000.0,-4586118000000.0,2332943000000.0,6774400000000.0,6774400000000.0,6774400000000.0,6774400000000.0,133.3,-67.7,34.4,139.4,-6.2,-31.0,-36.7,7.8,131.6,False,False,100.0,27.10895865367589,36.1,-18.4,9.3,37.8,-1.7,-8.4,-9.9,7.8,30.0,27.0
EIB,Private_2,2018,4451578000000.0,3206895000000.0,346658000000.0,-2900904000000.0,-723546000000.0,827128000000.0,104042577000000.0,0.0020605421805174,3553553000000.0,-70897000000.0,898025000000.0,,,,,,,,,,,,,,,,,,,,,,,,,,,,,,,,,,,,False,False,,0.0,,,,,,,,,,
EIB,Private_2,2019,4486288000000.0,3220366000000.0,383536000000.0,-2700748000000.0,-690291000000.0,1095249000000.0,113254792000000.0,0.0208834710697872,3603902000000.0,212863000000.0,882386000000.0,3553553000000.0,827128000000.0,-2900904000000.0,-723546000000.0,898025000000.0,3206895000000.0,346658000000.0,104042577000000.0,0.0020605421805174,50349000000.0,268121000000.0,200156000000.0,33255000000.0,-15639000000.0,13471000000.0,36878000000.0,108648684500000.0,8.478901555407235,1.8822928889269799,50349000000.0,233411000000.0,-15639000000.0,268121000000.0,268121000000.0,268121000000.0,268121000000.0,18.8,87.1,-5.8,5.0,13.8,74.7,12.4,4.2,0.8,False,False,100.0,32.41590177094718,6.1,28.2,-1.9,1.6,4.5,24.2,4.0,4.2,-2.6,32.4
EIB,Private_2,2020,4365587000000.0,3313736000000.0,387956000000.0,-2438684000000.0,-667377000000.0,1259526000000.0,100767406000000.0,0.0209903771469984,3701692000000.0,595631000000.0,663895000000.0,3603902000000.0,1095249000000.0,-2700748000000.0,-690291000000.0,882386000000.0,3220366000000.0,383536000000.0,113254792000000.0,0.0208834710697872,97790000000.0,164277000000.0,262064000000.0,22914000000.0,-218491000000.0,93370000000.0,4420000000.0,107011099000000.0,-11.66924376694795,0.01069060772111996,97790000000.0,284978000000.0,-218491000000.0,164277000000.0,164277000000.0,164277000000.0,164277000000.0,59.5,173.5,-133.0,56.8,2.7,159.5,13.9,-5.8,62.7,False,False,100.0,14.999055009408819,8.9,26.0,-19.9,8.5,0.4,23.9,2.1,-5.8,14.3,15.0
EIB,Private_2,2021,4709349000000.0,3524302000000.0,432865000000.0,-2514159000000.0,-990124000000.0,1205066000000.0,114674630000000.0,0.0224990282006003,3957167000000.0,452884000000.0,752182000000.0,3701692000000.0,1259526000000.0,-2438684000000.0,-667377000000.0,663895000000.0,3313736000000.0,387956000000.0,100767406000000.0,0.0209903771469984,255475000000.0,-54460000000.0,-75475000000.0,-322747000000.0,88287000000.0,210566000000.0,44909000000.0,107721018000000.0,12.910408997434466,0.15086510536019004,255475000000.0,-398222000000.0,88287000000.0,-54460000000.0,-54460000000.0,-54460000000.0,54460000000.0,469.1,-500.0,162.1,386.6,82.5,-138.6,-500.0,6.5,380.2,False,True,131.2,-4.323848812966148,20.3,-21.6,7.0,16.7,3.6,-6.0,-21.6,6.5,10.2,5.7
EIB,Private_2,2022,7288065000000.0,5591971000000.0,513815000000.0,-3475409000000.0,-103590000000.0,3709066000000.0,130505614000000.0,0.0331242643555572,6105786000000.0,2526787000000.0,1182279000000.0,3957167000000.0,1205066000000.0,-2514159000000.0,-990124000000.0,752182000000.0,3524302000000.0,432865000000.0,114674630000000.0,0.0224990282006003,2148619000000.0,2504000000000.0,-961250000000.0,886534000000.0,430097000000.0,2067669000000.0,80950000000.0,122590122000000.0,12.913751729523526,1.06252361549569,2148619000000.0,-74716000000.0,430097000000.0,2504000000000.0,2504000000000.0,2504000000000.0,2504000000000.0,85.8,-3.0,17.2,82.6,3.2,-38.4,35.4,6.5,76.1,False,False,100.0,207.78944887665904,178.3,-6.2,35.7,171.6,6.6,-79.8,73.6,6.5,165.1,207.8
EIB,Private_2,2023,6554833000000.0,4597104000000.0,514300000000.0,-3140808000000.0,-694399000000.0,2719626000000.0,140448924000000.0,0.0246465981880243,5111404000000.0,1276197000000.0,1443429000000.0,6105786000000.0,3709066000000.0,-3475409000000.0,-103590000000.0,1182279000000.0,5591971000000.0,513815000000.0,130505614000000.0,0.0331242643555572,-994382000000.0,-989440000000.0,334601000000.0,-590809000000.0,261150000000.0,-994867000000.0,485000000.0,135477269000000.0,7.339467405413967,-0.8477666167532902,-994382000000.0,-256208000000.0,261150000000.0,-989440000000.0,-989440000000.0,-989440000000.0,989440000000.0,-100.5,-25.9,26.4,-100.5,0.0,33.8,-59.7,3.7,-104.2,False,False,-100.0,-26.67625758074944,-26.8,-6.9,7.0,-26.8,0.0,9.0,-15.9,3.7,-30.5,-26.7
EIB,Private_2,2024,8557635000000.0,5923525000000.0,1080300000000.0,-3400146000000.0,-969072000000.0,4188417000000.0,165154897000000.0,0.027732262783399,7003825000000.0,2634607000000.0,1553810000000.0,5111404000000.0,2719626000000.0,-3140808000000.0,-694399000000.0,1443429000000.0,4597104000000.0,514300000000.0,140448924000000.0,0.0246465981880243,1892421000000.0,1468791000000.0,-259338000000.0,-274673000000.0,110381000000.0,1326421000000.0,566000000000.0,152801910500000.0,16.168628336620174,0.3085664595374699,1892421000000.0,-534011000000.0,110381000000.0,1468791000000.0,1468791000000.0,1468791000000.0,1468791000000.0,128.8,-36.4,7.5,90.3,38.5,-17.7,-18.7,8.1,82.2,False,False,100.0,54.00709509322238,69.6,-19.7,4.1,48.8,20.8,-9.6,-10.1,8.1,40.7,54.0
EVF,Private_3,2018,521460000000.0,340726000000.0,151695000000.0,-213418000000.0,-53828000000.0,254214000000.0,8849621000000.0,0.002160082351115,492421000000.0,225175000000.0,29039000000.0,,,,,,,,,,,,,,,,,,,,,,,,,,,,,,,,,,,,False,False,,0.0,,,,,,,,,,
EVF,Private_3,2019,748079000000.0,553106000000.0,58005000000.0,-361262000000.0,-101351000000.0,285466000000.0,9874143000000.0,0.0281909146932603,611111000000.0,148498000000.0,136968000000.0,492421000000.0,254214000000.0,-213418000000.0,-53828000000.0,29039000000.0,340726000000.0,151695000000.0,8849621000000.0,0.002160082351115,118690000000.0,31252000000.0,-147844000000.0,-47523000000.0,107929000000.0,212380000000.0,-93690000000.0,9361882000000.0,10.943547461931265,2.6030832342145303,118690000000.0,-195367000000.0,107929000000.0,31252000000.0,31252000000.0,50000000000.0,50000000000.0,379.8,-625.1,345.4,679.6,-299.8,-473.1,-152.1,8.8,670.8,True,False,100.0,12.293579425208682,46.7,-76.8,42.5,83.5,-36.9,-58.2,-18.7,5.5,78.0,12.4
EVF,Private_3,2020,906602000000.0,713211000000.0,76568000000.0,-303212000000.0,-317670000000.0,285720000000.0,12029785000000.0,0.0301823513623056,789779000000.0,168897000000.0,116823000000.0,611111000000.0,285466000000.0,-361262000000.0,-101351000000.0,136968000000.0,553106000000.0,58005000000.0,9874143000000.0,0.0281909146932603,178668000000.0,254000000.0,58050000000.0,-216319000000.0,-20145000000.0,160105000000.0,18563000000.0,10951964000000.0,19.68269800740762,0.19914366690452975,178668000000.0,-158269000000.0,-20145000000.0,254000000.0,254000000.0,50000000000.0,50000000000.0,70341.7,-62310.6,-7931.1,63033.5,7308.3,22854.3,-85165.0,1937.3,61096.2,True,False,100.0,0.08897732129220293,62.6,-55.4,-7.1,56.1,6.5,20.3,-75.8,9.8,46.3,0.1
EVF,Private_3,2021,1168035000000.0,786127000000.0,38690000000.0,-248631000000.0,-507786000000.0,411618000000.0,16849954000000.0,0.0281312396599282,824817000000.0,68400000000.0,343218000000.0,789779000000.0,285720000000.0,-303212000000.0,-317670000000.0,116823000000.0,713211000000.0,76568000000.0,12029785000000.0,0.0301823513623056,35038000000.0,125898000000.0,54581000000.0,-190116000000.0,226395000000.0,72916000000.0,-37878000000.0,14439869500000.0,33.38097342223211,-0.20511117023773973,35038000000.0,-135535000000.0,226395000000.0,125898000000.0,125898000000.0,125898000000.0,125898000000.0,27.8,-107.7,179.8,57.9,-30.1,43.4,-151.0,16.7,41.2,False,False,100.0,44.06341873162537,12.2,-47.5,79.2,25.5,-13.3,19.1,-66.5,16.7,8.8,43.9
EVF,Private_3,2022,1144066000000.0,919202000000.0,16089000000.0,-327238000000.0,-361482000000.0,455346000000.0,24352548000000.0,0.027698756906481,935291000000.0,246571000000.0,208775000000.0,824817000000.0,411618000000.0,-248631000000.0,-507786000000.0,343218000000.0,786127000000.0,38690000000.0,16849954000000.0,0.0281312396599282,110474000000.0,43728000000.0,-78607000000.0,146304000000.0,-134443000000.0,133075000000.0,-22601000000.0,20601251000000.0,36.418147616375336,-0.043248275344720186,110474000000.0,67697000000.0,-134443000000.0,43728000000.0,43728000000.0,50000000000.0,50000000000.0,252.6,154.8,-307.5,304.3,-51.7,-179.8,334.6,20.8,283.5,True,False,100.0,10.623442123522295,26.8,16.4,-32.7,32.3,-5.5,-19.1,35.5,18.2,14.1,10.5
EVF,Private_3,2023,1093683000000.0,709025000000.0,3223000000.0,-297004000000.0,-387372000000.0,409307000000.0,33553388000000.0,0.0168904189094269,712248000000.0,27872000000.0,381435000000.0,935291000000.0,455346000000.0,-327238000000.0,-361482000000.0,208775000000.0,919202000000.0,16089000000.0,24352548000000.0,0.027698756906481,-223043000000.0,-46039000000.0,30234000000.0,-25890000000.0,172660000000.0,-210177000000.0,-12866000000.0,28952968000000.0,31.77857275288668,-1.08083379970541,-223043000000.0,4344000000.0,172660000000.0,-46039000000.0,-46039000000.0,-50000000000.0,50000000000.0,-484.5,9.4,375.0,-456.5,-27.9,65.7,-56.2,17.3,-473.8,True,False,-100.0,-10.110772906756619,-49.0,1.0,37.9,-46.2,-2.8,6.6,-5.7,15.9,-62.1,-10.1
EVF,Private_3,2024,1502085000000.0,1444335000000.0,40259000000.0,-153005000000.0,-645306000000.0,703774000000.0,46802982000000.0,0.0284688453902121,1484594000000.0,686283000000.0,17491000000.0,712248000000.0,409307000000.0,-297004000000.0,-387372000000.0,381435000000.0,709025000000.0,3223000000.0,33553388000000.0,0.0168904189094269,772346000000.0,294467000000.0,143999000000.0,-257934000000.0,-363944000000.0,735310000000.0,37036000000.0,40178185000000.0,32.97708445515894,1.15784264807852,772346000000.0,-113935000000.0,-363944000000.0,294467000000.0,294467000000.0,294467000000.0,294467000000.0,262.3,-38.7,-123.6,249.7,12.6,48.9,-87.6,16.5,233.2,False,False,100.0,71.942820425744,188.7,-27.8,-88.9,179.6,9.1,35.2,-63.0,16.5,163.1,72.0
HDB,Private_2,2018,9440355000000.0,7645693000000.0,438175000000.0,-4441456000000.0,-994271000000.0,4004628000000.0,123131648000000.0,,8083868000000.0,2648141000000.0,1356487000000.0,,,,,,,,,,,,,,,,,,,,,,,,,,,,,,,,,,,,False,False,,0.0,,,,,,,,,,
HDB,Private_2,2019,11387989000000.0,9746555000000.0,625876000000.0,-5080492000000.0,-1289083000000.0,5018414000000.0,146324378000000.0,0.0459982499903729,10372431000000.0,4002856000000.0,1015558000000.0,8083868000000.0,4004628000000.0,-4441456000000.0,-994271000000.0,1356487000000.0,7645693000000.0,438175000000.0,123131648000000.0,,2288563000000.0,1013786000000.0,-639036000000.0,-294812000000.0,-340929000000.0,2100862000000.0,187701000000.0,134728013000000.0,17.214482336349754,,2288563000000.0,-933848000000.0,-340929000000.0,1013786000000.0,1013786000000.0,1013786000000.0,1013786000000.0,225.7,-92.1,-33.6,207.2,18.5,-63.0,-29.1,8.6,198.6,False,False,100.0,25.31536012833152,57.1,-23.3,-8.5,52.5,4.7,-15.9,-7.4,8.6,43.9,25.3
HDB,Private_2,2020,13779435000000.0,11897705000000.0,949983000000.0,-6172829000000.0,-1788384000000.0,5818222000000.0,178323092000000.0,0.0459092237154717,12847688000000.0,4886475000000.0,931747000000.0,10372431000000.0,5018414000000.0,-5080492000000.0,-1289083000000.0,1015558000000.0,9746555000000.0,625876000000.0,146324378000000.0,0.0459982499903729,2475257000000.0,799808000000.0,-1092337000000.0,-499301000000.0,-83811000000.0,2151150000000.0,324107000000.0,162323735000000.0,19.71289904091968,-0.008902627490119802,2475257000000.0,-1591638000000.0,-83811000000.0,799808000000.0,799808000000.0,799808000000.0,799808000000.0,309.5,-199.0,-10.5,269.0,40.5,-136.6,-62.4,9.9,259.1,False,False,100.0,15.937465502049053,49.3,-31.7,-1.7,42.9,6.5,-21.8,-9.9,9.9,33.0,15.9
HDB,Private_2,2021,16758245000000.0,13890777000000.0,1927438000000.0,-6382768000000.0,-2305860000000.0,8069617000000.0,203210901000000.0,0.0427711692362667,15818215000000.0,7129587000000.0,940030000000.0,12847688000000.0,5818222000000.0,-6172829000000.0,-1788384000000.0,931747000000.0,11897705000000.0,949983000000.0,178323092000000.0,0.0459092237154717,2970527000000.0,2251395000000.0,-209939000000.0,-517476000000.0,8283000000.0,1993072000000.0,977455000000.0,190766996500000.0,13.046181706802729,-0.31380544792050036,2970527000000.0,-727415000000.0,8283000000.0,2251395000000.0,2251395000000.0,2251395000000.0,2251395000000.0,131.9,-32.3,0.4,88.5,43.4,-9.3,-23.0,6.5,82.0,False,False,100.0,38.695584321120776,51.0,-12.5,0.2,34.2,16.8,-3.6,-8.9,6.5,27.7,38.7
HDB,Private_2,2022,21967104000000.0,18011568000000.0,2956818000000.0,-8630709000000.0,-3068339000000.0,10268056000000.0,263856383000000.0,0.0498456582335985,20968386000000.0,9269338000000.0,998718000000.0,15818215000000.0,8069617000000.0,-6382768000000.0,-2305860000000.0,940030000000.0,13890777000000.0,1927438000000.0,203210901000000.0,0.0427711692362667,5150171000000.0,2198439000000.0,-2247941000000.0,-762479000000.0,58688000000.0,4120791000000.0,1029380000000.0,233533642000000.0,25.968627680631982,0.7074488997331805,5150171000000.0,-3010420000000.0,58688000000.0,2198439000000.0,2198439000000.0,2198439000000.0,2198439000000.0,234.3,-136.9,2.7,187.4,46.8,-102.3,-34.7,13.0,174.5,False,False,100.0,27.24341192401077,63.8,-37.3,0.7,51.1,12.7,-27.9,-9.5,13.0,38.1,27.2
HDB,Private_2,2023,26413685000000.0,22183974000000.0,2187802000000.0,-9129202000000.0,-4267751000000.0,13016732000000.0,343404295000000.0,0.0482765453326344,24371776000000.0,10974823000000.0,2041909000000.0,20968386000000.0,10268056000000.0,-8630709000000.0,-3068339000000.0,998718000000.0,18011568000000.0,2956818000000.0,263856383000000.0,0.0498456582335985,3403390000000.0,2748676000000.0,-498493000000.0,-1199412000000.0,1043191000000.0,4172406000000.0,-769016000000.0,303630339000000.0,26.198933960943872,-0.15691129009640994,3403390000000.0,-1697905000000.0,1043191000000.0,2748676000000.0,2748676000000.0,2748676000000.0,2748676000000.0,123.8,-61.8,38.0,151.8,-28.0,-18.1,-43.6,13.1,138.7,False,False,100.0,26.769195649108262,33.1,-16.5,10.2,40.6,-7.5,-4.8,-11.7,13.1,27.5,26.8
HDB,Private_2,2024,34032184000000.0,30857076000000.0,1416578000000.0,-11980755000000.0,-5321434000000.0,16729995000000.0,442484841000000.0,0.0520476727677208,32273654000000.0,14971465000000.0,1758530000000.0,24371776000000.0,13016732000000.0,-9129202000000.0,-4267751000000.0,2041909000000.0,22183974000000.0,2187802000000.0,343404295000000.0,0.0482765453326344,7901878000000.0,3713263000000.0,-2851553000000.0,-1053683000000.0,-283379000000.0,8673102000000.0,-771224000000.0,392944568000000.0,25.21489137877585,0.37711274350863966,7901878000000.0,-3905236000000.0,-283379000000.0,3713263000000.0,3713263000000.0,3713263000000.0,3713263000000.0,212.8,-105.2,-7.6,233.6,-20.8,-76.8,-28.4,12.6,221.0,False,False,100.0,28.526845294195198,60.7,-30.0,-2.2,66.6,-5.9,-21.9,-8.1,12.6,54.0,28.5
KLB,Private_3,2018,1256162000000.0,974871000000.0,55959000000.0,-928436000000.0,-37644000000.0,290082000000.0,29471994000000.0,0.0019259872544096,1030830000000.0,64750000000.0,225332000000.0,,,,,,,,,,,,,,,,,,,,,,,,,,,,,,,,,,,,False,False,,0.0,,,,,,,,,,
KLB,Private_3,2019,1202809000000.0,1007870000000.0,76456000000.0,-1041601000000.0,-75287000000.0,85921000000.0,33479645000000.0,0.0235857421009896,1084326000000.0,-32562000000.0,118483000000.0,1030830000000.0,290082000000.0,-928436000000.0,-37644000000.0,225332000000.0,974871000000.0,55959000000.0,29471994000000.0,0.0019259872544096,53496000000.0,-204161000000.0,-113165000000.0,-37643000000.0,-106849000000.0,32999000000.0,20497000000.0,31475819500000.0,12.732475480106245,2.1659754846579995,53496000000.0,-150808000000.0,-106849000000.0,-204161000000.0,-204161000000.0,-204161000000.0,204161000000.0,26.2,-73.9,-52.3,16.2,10.0,-55.4,-18.4,6.4,9.8,False,False,-100.0,-70.38044415027474,18.4,-52.0,-36.8,11.4,7.0,-39.0,-13.0,6.4,5.0,-70.4
KLB,Private_3,2020,1241278000000.0,952429000000.0,86979000000.0,-1085478000000.0,2410000000.0,158210000000.0,34716197000000.0,0.0189167157362798,1039408000000.0,-43660000000.0,201870000000.0,1084326000000.0,85921000000.0,-1041601000000.0,-75287000000.0,118483000000.0,1007870000000.0,76456000000.0,33479645000000.0,0.0235857421009896,-44918000000.0,72289000000.0,-43877000000.0,77697000000.0,83387000000.0,-55441000000.0,10523000000.0,34097921000000.0,3.6264732973016156,-0.4669026364709797,-44918000000.0,33820000000.0,83387000000.0,72289000000.0,72289000000.0,72289000000.0,72289000000.0,-62.1,46.8,115.4,-76.7,14.6,-60.7,107.5,1.8,-78.5,False,False,100.0,84.13426286938002,-52.2,39.4,97.1,-64.5,12.3,-51.1,90.4,1.8,-66.3,84.3
KLB,Private_3,2021,2318863000000.0,1930960000000.0,255650000000.0,-1227211000000.0,-81647000000.0,1010005000000.0,38387339000000.0,0.0289023817028776,2186610000000.0,877752000000.0,132253000000.0,1039408000000.0,158210000000.0,-1085478000000.0,2410000000.0,201870000000.0,952429000000.0,86979000000.0,34716197000000.0,0.0189167157362798,1147202000000.0,851795000000.0,-141733000000.0,-84057000000.0,-69617000000.0,978531000000.0,168671000000.0,36551768000000.0,10.043678324944501,0.99856659665978,1147202000000.0,-225790000000.0,-69617000000.0,851795000000.0,851795000000.0,851795000000.0,851795000000.0,134.7,-26.5,-8.2,114.9,19.8,-16.6,-9.9,5.0,109.9,False,False,100.0,538.395170975286,725.2,-142.7,-44.1,618.6,106.6,-89.4,-53.3,5.0,613.6,538.4
KLB,Private_3,2022,2613278000000.0,2091521000000.0,396044000000.0,-1459022000000.0,-472393000000.0,681863000000.0,44702595000000.0,0.0265300763470596,2487565000000.0,556150000000.0,125713000000.0,2186610000000.0,1010005000000.0,-1227211000000.0,-81647000000.0,132253000000.0,1930960000000.0,255650000000.0,38387339000000.0,0.0289023817028776,300955000000.0,-328142000000.0,-231811000000.0,-390746000000.0,-6540000000.0,160561000000.0,140394000000.0,41544967000000.0,15.201013398325722,-0.23723053558180018,300955000000.0,-622557000000.0,-6540000000.0,-328142000000.0,-328142000000.0,-328142000000.0,328142000000.0,91.7,-189.7,-2.0,48.9,42.8,-70.6,-119.1,7.6,41.3,False,False,-100.0,-32.489146093336174,29.8,-61.6,-0.6,15.9,13.9,-22.9,-38.7,7.6,8.3,-32.4
KLB,Private_3,2023,2782404000000.0,2038106000000.0,512733000000.0,-1645837000000.0,-417920000000.0,718647000000.0,51783052000000.0,0.0259236035648952,2550839000000.0,487082000000.0,231565000000.0,2487565000000.0,681863000000.0,-1459022000000.0,-472393000000.0,125713000000.0,2091521000000.0,396044000000.0,44702595000000.0,0.0265300763470596,63274000000.0,36784000000.0,-186815000000.0,54473000000.0,105852000000.0,-53415000000.0,116689000000.0,48242823500000.0,14.676705230571754,-0.06064727821643995,63274000000.0,-132342000000.0,105852000000.0,36784000000.0,36784000000.0,50000000000.0,50000000000.0,172.0,-359.8,287.8,-145.2,317.2,-507.9,148.1,10.0,-155.2,True,False,100.0,5.394632059519287,9.3,-19.4,15.5,-7.8,17.1,-27.4,8.0,7.3,-15.1,5.4
KLB,Private_3,2024,3956581000000.0,3191226000000.0,480475000000.0,-2021575000000.0,-822948000000.0,1112058000000.0,61431909000000.0,0.0389662898488715,3671701000000.0,827178000000.0,284880000000.0,2550839000000.0,718647000000.0,-1645837000000.0,-417920000000.0,231565000000.0,2038106000000.0,512733000000.0,51783052000000.0,0.0259236035648952,1120862000000.0,393411000000.0,-375738000000.0,-405028000000.0,53315000000.0,1153120000000.0,-32258000000.0,56607480500000.0,17.045197763217885,1.3042686283976301,1120862000000.0,-780766000000.0,53315000000.0,393411000000.0,393411000000.0,393411000000.0,393411000000.0,284.9,-198.5,13.6,293.1,-8.2,-95.5,-103.0,8.5,284.6,False,False,100.0,54.74328842950712,156.0,-108.7,7.4,160.5,-4.5,-52.3,-56.4,8.5,152.0,54.7
LPB,Private_2,2018,4879445000000.0,5015786000000.0,152825000000.0,-3048068000000.0,-618436000000.0,1212941000000.0,119193424000000.0,0.0399607645988384,5168611000000.0,1502107000000.0,-289166000000.0,,,,,,,,,,,,,,,,,,,,,,,,,,,,,,,,,,,,False,False,,0.0,,,,,,,,,,
LPB,Private_2,2019,6506595000000.0,6060876000000.0,393411000000.0,-4032180000000.0,-435591000000.0,2038824000000.0,140522626000000.0,0.0335905934393818,6454287000000.0,1986516000000.0,52308000000.0,5168611000000.0,1212941000000.0,-3048068000000.0,-618436000000.0,-289166000000.0,5015786000000.0,152825000000.0,119193424000000.0,0.0399607645988384,1285676000000.0,825883000000.0,-984112000000.0,182845000000.0,341474000000.0,1045090000000.0,240586000000.0,129858025000000.0,16.425016474723066,-0.6370171159456601,1285676000000.0,-801267000000.0,341474000000.0,825883000000.0,825883000000.0,825883000000.0,825883000000.0,155.7,-97.0,41.3,126.5,29.1,-119.2,22.1,8.2,118.3,False,False,100.0,68.08929700620227,106.0,-66.0,28.1,86.1,19.8,-81.2,15.0,8.2,77.9,68.1
LPB,Private_2,2020,7771086000000.0,6720171000000.0,626801000000.0,-4645147000000.0,-699386000000.0,2426553000000.0,176621536000000.0,0.0316285642334578,7346972000000.0,2002439000000.0,424114000000.0,6454287000000.0,2038824000000.0,-4032180000000.0,-435591000000.0,52308000000.0,6060876000000.0,393411000000.0,140522626000000.0,0.0335905934393818,892685000000.0,387729000000.0,-612967000000.0,-263795000000.0,371806000000.0,659295000000.0,233390000000.0,158572081000000.0,22.76498471379713,-0.19620292059239972,892685000000.0,-876762000000.0,371806000000.0,387729000000.0,387729000000.0,387729000000.0,387729000000.0,230.2,-226.1,95.9,170.0,60.2,-158.1,-68.0,11.4,158.7,False,False,100.0,19.017286435709998,43.8,-43.0,18.2,32.3,11.4,-30.1,-12.9,11.4,20.9,19.0
LPB,Private_2,2021,10050689000000.0,9017159000000.0,857882000000.0,-5090421000000.0,-1322250000000.0,3638018000000.0,208954136000000.0,0.035278891139331,9875041000000.0,3462370000000.0,175648000000.0,7346972000000.0,2426553000000.0,-4645147000000.0,-699386000000.0,424114000000.0,6720171000000.0,626801000000.0,176621536000000.0,0.0316285642334578,2528069000000.0,1211465000000.0,-445274000000.0,-622864000000.0,-248466000000.0,2296988000000.0,231081000000.0,192787836000000.0,16.77107885582574,0.3650326905873198,2528069000000.0,-1068138000000.0,-248466000000.0,1211465000000.0,1211465000000.0,1211465000000.0,1211465000000.0,208.7,-88.2,-20.5,189.6,19.1,-36.8,-51.4,8.4,181.2,False,False,100.0,49.92534677791913,104.2,-44.0,-10.2,94.7,9.5,-18.4,-25.7,8.4,86.3,50.0
LPB,Private_2,2022,14170311000000.0,11899969000000.0,1661862000000.0,-5306893000000.0,-3173737000000.0,5689681000000.0,235506871000000.0,0.0396077859071509,13561831000000.0,5081201000000.0,608480000000.0,9875041000000.0,3638018000000.0,-5090421000000.0,-1322250000000.0,175648000000.0,9017159000000.0,857882000000.0,208954136000000.0,0.035278891139331,3686790000000.0,2051663000000.0,-216472000000.0,-1851487000000.0,432832000000.0,2882810000000.0,803980000000.0,222230503500000.0,11.948285488180069,0.43288947678199047,3686790000000.0,-2067959000000.0,432832000000.0,2051663000000.0,2051663000000.0,2051663000000.0,2051663000000.0,179.7,-100.8,21.1,140.5,39.2,-10.6,-90.2,6.0,134.5,False,False,100.0,56.39507556037381,101.3,-56.8,11.9,79.2,22.1,-6.0,-50.9,6.0,73.2,56.4
LPB,Private_2,2023,15625305000000.0,11203129000000.0,3565627000000.0,-5759872000000.0,-2826040000000.0,7039393000000.0,275430884000000.0,0.0322981403168087,14768756000000.0,6182844000000.0,856549000000.0,13561831000000.0,5689681000000.0,-5306893000000.0,-3173737000000.0,608480000000.0,11899969000000.0,1661862000000.0,235506871000000.0,0.0396077859071509,1206925000000.0,1349712000000.0,-452979000000.0,347697000000.0,248069000000.0,-696840000000.0,1903765000000.0,255468877500000.0,15.627740408418243,-0.7309645590342202,1206925000000.0,-105282000000.0,248069000000.0,1349712000000.0,1349712000000.0,1349712000000.0,1349712000000.0,89.4,-7.8,18.4,-51.6,141.0,-33.6,25.8,7.8,-59.4,False,False,100.0,23.722103225119298,21.2,-1.9,4.4,-12.2,33.4,-8.0,6.1,7.8,-20.0,23.7
LPB,Private_2,2024,19932430000000.0,15393743000000.0,3210999000000.0,-5810443000000.0,-1953819000000.0,12168168000000.0,331606315000000.0,0.0352150714786781,18604742000000.0,10840480000000.0,1327688000000.0,14768756000000.0,7039393000000.0,-5759872000000.0,-2826040000000.0,856549000000.0,11203129000000.0,3565627000000.0,275430884000000.0,0.0322981403168087,3835986000000.0,5128775000000.0,-50571000000.0,872221000000.0,471139000000.0,4190614000000.0,-354628000000.0,303518599500000.0,18.508068728750178,0.2916931161869397,3835986000000.0,821650000000.0,471139000000.0,5128775000000.0,5128775000000.0,5128775000000.0,5128775000000.0,74.8,16.0,9.2,81.7,-6.9,-1.0,17.0,9.3,72.5,False,False,100.0,72.85819956351351,54.5,11.7,6.7,59.5,-5.0,-0.7,12.4,9.3,50.2,72.9
MBB,Private_1,2018,19536563000000.0,14583497000000.0,2561310000000.0,-8733802000000.0,-3035388000000.0,7767373000000.0,214685958000000.0,0.0297596661004194,17144807000000.0,5375617000000.0,2391756000000.0,,,,,,,,,,,,,,,,,,,,,,,,,,,,,,,,,,,,False,False,,0.0,,,,,,,,,,
MBB,Private_1,2019,24650448000000.0,17999997000000.0,3185837000000.0,-9723706000000.0,-4890623000000.0,10036119000000.0,250330623000000.0,0.048856749761485,21185834000000.0,6571505000000.0,3464614000000.0,17144807000000.0,7767373000000.0,-8733802000000.0,-3035388000000.0,2391756000000.0,14583497000000.0,2561310000000.0,214685958000000.0,0.0297596661004194,4041027000000.0,2268746000000.0,-989904000000.0,-1855235000000.0,1072858000000.0,3416500000000.0,624527000000.0,232508290500000.0,15.330492054002695,1.90970836610656,4041027000000.0,-2845139000000.0,1072858000000.0,2268746000000.0,2268746000000.0,2268746000000.0,2268746000000.0,178.1,-125.4,47.3,150.6,27.5,-43.6,-81.8,7.7,142.9,False,False,100.0,29.208665529516864,52.0,-36.6,13.8,44.0,8.0,-12.7,-23.9,7.7,36.3,29.2
MBB,Private_1,2020,27362173000000.0,20277795000000.0,3575553000000.0,-10555457000000.0,-6118440000000.0,10688276000000.0,298296983000000.0,0.0472446487590225,23853348000000.0,7179451000000.0,3508825000000.0,21185834000000.0,10036119000000.0,-9723706000000.0,-4890623000000.0,3464614000000.0,17999997000000.0,3185837000000.0,250330623000000.0,0.048856749761485,2667514000000.0,652157000000.0,-831751000000.0,-1227817000000.0,44211000000.0,2277798000000.0,389716000000.0,274313803000000.0,17.485944737531124,-0.16121010024625002,2667514000000.0,-2059568000000.0,44211000000.0,652157000000.0,652157000000.0,652157000000.0,652157000000.0,409.0,-315.8,6.8,349.3,59.8,-127.5,-188.3,8.7,340.5,False,False,100.0,6.4980995143640685,26.6,-20.5,0.4,22.7,3.9,-8.3,-12.2,8.7,14.0,6.5
MBB,Private_1,2021,36934498000000.0,26199554000000.0,4367378000000.0,-12377188000000.0,-8030051000000.0,16527259000000.0,363554778000000.0,0.0503247688370665,30566932000000.0,10159693000000.0,6367566000000.0,23853348000000.0,10688276000000.0,-10555457000000.0,-6118440000000.0,3508825000000.0,20277795000000.0,3575553000000.0,298296983000000.0,0.0472446487590225,6713584000000.0,5838983000000.0,-1821731000000.0,-1911611000000.0,2858741000000.0,5921759000000.0,791825000000.0,330925880500000.0,19.71976168844854,0.3080120078044001,6713584000000.0,-3733342000000.0,2858741000000.0,5838983000000.0,5838983000000.0,5838983000000.0,5838983000000.0,115.0,-63.9,49.0,101.4,13.6,-31.2,-32.7,9.9,91.6,False,False,100.0,54.62979249413096,62.8,-34.9,26.8,55.4,7.4,-17.0,-17.9,9.9,45.5,54.7
MBB,Private_1,2022,45592625000000.0,36023122000000.0,4135568000000.0,-14815628000000.0,-8047677000000.0,22729320000000.0,460574482000000.0,0.0566062642777152,40158690000000.0,17295385000000.0,5433935000000.0,30566932000000.0,16527259000000.0,-12377188000000.0,-8030051000000.0,6367566000000.0,26199554000000.0,4367378000000.0,363554778000000.0,0.0503247688370665,9591758000000.0,6202061000000.0,-2438440000000.0,-17626000000.0,-933631000000.0,9823568000000.0,-231810000000.0,412064630000000.0,23.544778400417428,0.6281495440648703,9591758000000.0,-2456066000000.0,-933631000000.0,6202061000000.0,6202061000000.0,6202061000000.0,6202061000000.0,154.7,-39.6,-15.1,158.4,-3.7,-39.3,-0.3,11.8,146.6,False,False,100.0,37.52625284083707,58.1,-14.9,-5.7,59.4,-1.4,-14.7,-0.1,11.8,47.6,37.5
MBB,Private_1,2023,47306062000000.0,38683848000000.0,4085225000000.0,-14912941000000.0,-6087032000000.0,26306089000000.0,611048830000000.0,0.0478614038857442,42769073000000.0,21769100000000.0,4536989000000.0,40158690000000.0,22729320000000.0,-14815628000000.0,-8047677000000.0,5433935000000.0,36023122000000.0,4135568000000.0,460574482000000.0,0.0566062642777152,2610383000000.0,3576769000000.0,-97313000000.0,1960645000000.0,-896946000000.0,2660726000000.0,-50343000000.0,535811656000000.0,28.083440573752654,-0.8744860391971004,2610383000000.0,1863332000000.0,-896946000000.0,3576769000000.0,3576769000000.0,3576769000000.0,3576769000000.0,73.0,52.1,-25.1,74.4,-1.4,-2.7,54.8,14.0,60.3,False,False,100.0,15.73636606814458,11.5,8.2,-3.9,11.7,-0.2,-0.4,8.6,14.0,-2.3,15.8
MBB,Private_1,2024,55413222000000.0,41152219000000.0,4368249000000.0,-17007250000000.0,-9576644000000.0,28829328000000.0,776657846000000.0,0.0407329367356565,45520468000000.0,18936574000000.0,9892754000000.0,42769073000000.0,26306089000000.0,-14912941000000.0,-6087032000000.0,4536989000000.0,38683848000000.0,4085225000000.0,611048830000000.0,0.0478614038857442,2751395000000.0,2523239000000.0,-2094309000000.0,-3489612000000.0,5355765000000.0,2468371000000.0,283024000000.0,693853338000000.0,23.86801459763245,-0.7128467150087698,2751395000000.0,-5583921000000.0,5355765000000.0,2523239000000.0,2523239000000.0,2523239000000.0,2523239000000.0,109.0,-221.3,212.3,97.8,11.2,-83.0,-138.3,11.9,85.9,False,False,100.0,9.591843926324433,10.5,-21.2,20.4,9.4,1.1,-8.0,-13.3,11.9,-2.5,9.7
MSB,Private_2,2018,4716110000000.0,2902271000000.0,271586000000.0,-2923739000000.0,-739595000000.0,1052776000000.0,48762243000000.0,0.0031470492498579,3173857000000.0,-489477000000.0,1542253000000.0,,,,,,,,,,,,,,,,,,,,,,,,,,,,,,,,,,,,False,False,,0.0,,,,,,,,,,
MSB,Private_2,2019,4715154000000.0,3062104000000.0,522253000000.0,-2502184000000.0,-925148000000.0,1287822000000.0,63594389000000.0,0.0244560373731785,3584357000000.0,157025000000.0,1130797000000.0,3173857000000.0,1052776000000.0,-2923739000000.0,-739595000000.0,1542253000000.0,2902271000000.0,271586000000.0,48762243000000.0,0.0031470492498579,410500000000.0,235046000000.0,421555000000.0,-185553000000.0,-411456000000.0,159833000000.0,250667000000.0,56178316000000.0,26.401905674780284,2.1308988123320596,410500000000.0,236002000000.0,-411456000000.0,235046000000.0,235046000000.0,235046000000.0,235046000000.0,174.6,100.4,-175.1,68.0,106.6,179.3,-78.9,13.2,54.8,False,False,100.0,22.326306830702826,39.0,22.4,-39.1,15.2,23.8,40.0,-17.6,13.2,2.0,22.3
MSB,Private_2,2020,7182480000000.0,4822389000000.0,820670000000.0,-3585922000000.0,-1073244000000.0,2523314000000.0,79340579000000.0,0.0334125327319146,5643059000000.0,983893000000.0,1539421000000.0,3584357000000.0,1287822000000.0,-2502184000000.0,-925148000000.0,1130797000000.0,3062104000000.0,522253000000.0,63594389000000.0,0.0244560373731785,2058702000000.0,1235492000000.0,-1083738000000.0,-148096000000.0,408624000000.0,1760285000000.0,298417000000.0,71467484000000.0,22.03266313390856,0.8956495358736102,2058702000000.0,-1231834000000.0,408624000000.0,1235492000000.0,1235492000000.0,1235492000000.0,1235492000000.0,166.6,-99.7,33.1,142.5,24.2,-87.7,-12.0,11.0,131.5,False,False,100.0,95.93655023753283,159.8,-95.6,31.8,136.7,23.2,-84.1,-11.5,11.0,125.7,96.0
MSB,Private_2,2021,10588242000000.0,6216244000000.0,2873439000000.0,-3931913000000.0,-1567866000000.0,5088463000000.0,101562609000000.0,0.0365214877498087,9089683000000.0,3589904000000.0,1498559000000.0,5643059000000.0,2523314000000.0,-3585922000000.0,-1073244000000.0,1539421000000.0,4822389000000.0,820670000000.0,79340579000000.0,0.0334125327319146,3446624000000.0,2565149000000.0,-345991000000.0,-494622000000.0,-40862000000.0,1393855000000.0,2052769000000.0,90451594000000.0,24.567869970318046,0.31089550178940994,3446624000000.0,-840613000000.0,-40862000000.0,2565149000000.0,2565149000000.0,2565149000000.0,2565149000000.0,134.4,-32.8,-1.6,54.3,80.0,-13.5,-19.3,12.3,42.1,False,False,100.0,101.6579387266111,136.6,-33.3,-1.6,55.2,81.3,-13.7,-19.6,12.3,42.9,101.7
MSB,Private_2,2022,10693674000000.0,8321791000000.0,1112464000000.0,-4427964000000.0,-478507000000.0,5787203000000.0,120643542000000.0,0.0436234607905231,9434255000000.0,4527784000000.0,1259419000000.0,9089683000000.0,5088463000000.0,-3931913000000.0,-1567866000000.0,1498559000000.0,6216244000000.0,2873439000000.0,101562609000000.0,0.0365214877498087,344572000000.0,698740000000.0,-496051000000.0,1089359000000.0,-239140000000.0,2105547000000.0,-1760975000000.0,111103075500000.0,17.174081738178344,0.7101973040714402,344572000000.0,593308000000.0,-239140000000.0,698740000000.0,698740000000.0,698740000000.0,698740000000.0,49.3,84.9,-34.2,301.3,-252.0,-71.0,155.9,8.6,292.7,False,False,100.0,13.731847907708083,6.8,11.7,-4.7,41.4,-34.6,-9.7,21.4,8.6,32.8,13.8
MSB,Private_2,2023,12258987000000.0,9188515000000.0,1597025000000.0,-4812331000000.0,-1616746000000.0,5829910000000.0,149145386000000.0,0.0410245503639491,10785540000000.0,4356463000000.0,1473447000000.0,9434255000000.0,5787203000000.0,-4427964000000.0,-478507000000.0,1259419000000.0,8321791000000.0,1112464000000.0,120643542000000.0,0.0436234607905231,1351285000000.0,42707000000.0,-384367000000.0,-1138239000000.0,214028000000.0,866724000000.0,484561000000.0,134894464000000.0,21.128994589429556,-0.25989104265740015,1351285000000.0,-1522606000000.0,214028000000.0,42707000000.0,42707000000.0,50000000000.0,50000000000.0,116.8,-116.8,100.0,116.8,116.8,-116.8,-116.8,2.5,116.8,True,True,100.0,0.7379557966084825,0.9,-0.9,0.7,0.9,0.9,-0.9,-0.9,10.6,-9.7,0.7
MSB,Private_2,2024,14218240000000.0,10243064000000.0,1354055000000.0,-5229935000000.0,-2084463000000.0,6903842000000.0,176493451000000.0,0.0364969337360228,11597119000000.0,4282721000000.0,2621121000000.0,10785540000000.0,5829910000000.0,-4812331000000.0,-1616746000000.0,1473447000000.0,9188515000000.0,1597025000000.0,149145386000000.0,0.0410245503639491,811579000000.0,1073932000000.0,-417604000000.0,-467717000000.0,1147674000000.0,1054549000000.0,-242970000000.0,162819418500000.0,16.79656226017046,-0.45276166279262997,811579000000.0,-885321000000.0,1147674000000.0,1073932000000.0,1073932000000.0,1073932000000.0,1073932000000.0,75.6,-82.4,106.9,98.2,-22.6,-38.9,-43.6,8.4,89.8,False,False,100.0,18.421073395644186,13.9,-15.2,19.7,18.1,-4.2,-7.2,-8.0,8.4,9.7,18.4
NAB,Private_3,2018,1796240000000.0,1706613000000.0,52524000000.0,-1154419000000.0,101142000000.0,742963000000.0,50814947000000.0,0.0070149301216164,1759137000000.0,705860000000.0,37103000000.0,,,,,,,,,,,,,,,,,,,,,,,,,,,,,,,,,,,,False,False,,0.0,,,,,,,,,,
NAB,Private_3,2019,2466054000000.0,2186136000000.0,73365000000.0,-1553650000000.0,12142000000.0,924546000000.0,67545653000000.0,0.026848952425437,2259501000000.0,717993000000.0,206553000000.0,1759137000000.0,742963000000.0,-1154419000000.0,101142000000.0,37103000000.0,1706613000000.0,52524000000.0,50814947000000.0,0.0070149301216164,500364000000.0,181583000000.0,-399231000000.0,-89000000000.0,169450000000.0,479523000000.0,20841000000.0,59180300000000.0,28.270735362950173,1.98340223038206,500364000000.0,-488231000000.0,169450000000.0,181583000000.0,181583000000.0,181583000000.0,181583000000.0,275.6,-268.9,93.3,264.1,11.5,-219.9,-49.0,14.1,249.9,False,False,100.0,24.440382630090596,67.4,-65.7,22.8,64.5,2.8,-53.7,-12.0,14.1,50.4,24.5
NAB,Private_3,2020,3194464000000.0,2603945000000.0,117408000000.0,-1630769000000.0,-558209000000.0,1005486000000.0,89171618000000.0,0.0241215627569729,2721353000000.0,532375000000.0,473111000000.0,2259501000000.0,924546000000.0,-1553650000000.0,12142000000.0,206553000000.0,2186136000000.0,73365000000.0,67545653000000.0,0.026848952425437,461852000000.0,80940000000.0,-77119000000.0,-570351000000.0,266558000000.0,417809000000.0,44043000000.0,78358635500000.0,27.598700337246175,-0.27273896684641,461852000000.0,-647470000000.0,266558000000.0,80940000000.0,80940000000.0,80940000000.0,80940000000.0,500.0,-500.0,329.3,500.0,54.4,-95.3,-500.0,13.8,500.0,False,True,329.3,8.754567106450084,43.8,-43.8,28.8,43.8,4.8,-8.3,-43.8,13.8,30.0,28.8
NAB,Private_3,2021,4818674000000.0,4283189000000.0,207650000000.0,-2239731000000.0,-779852000000.0,1799091000000.0,102653266000000.0,0.0311738226962591,4490839000000.0,1471256000000.0,327835000000.0,2721353000000.0,1005486000000.0,-1630769000000.0,-558209000000.0,473111000000.0,2603945000000.0,117408000000.0,89171618000000.0,0.0241215627569729,1769486000000.0,793605000000.0,-608962000000.0,-221643000000.0,-145276000000.0,1679244000000.0,90242000000.0,95912442000000.0,14.056203469410153,0.70522599392862,1769486000000.0,-830605000000.0,-145276000000.0,793605000000.0,793605000000.0,793605000000.0,793605000000.0,223.0,-104.7,-18.3,211.6,11.4,-76.7,-27.9,7.0,204.6,False,False,100.0,78.92750371462158,176.0,-82.6,-14.4,167.0,9.0,-60.5,-22.0,7.0,160.0,79.0
NAB,Private_3,2022,5973300000000.0,5119121000000.0,274892000000.0,-2841928000000.0,-863393000000.0,2267979000000.0,119538340000000.0,0.0319317662168033,5394013000000.0,1688692000000.0,579287000000.0,4490839000000.0,1799091000000.0,-2239731000000.0,-779852000000.0,327835000000.0,4283189000000.0,207650000000.0,102653266000000.0,0.0311738226962591,903174000000.0,468888000000.0,-602197000000.0,-83541000000.0,251452000000.0,835932000000.0,67242000000.0,111095803000000.0,15.198660565062031,0.07579435205441985,903174000000.0,-685738000000.0,251452000000.0,468888000000.0,468888000000.0,468888000000.0,468888000000.0,192.6,-146.2,53.6,178.3,14.3,-128.4,-17.8,7.6,170.7,False,False,100.0,26.062494893254428,50.2,-38.1,14.0,46.5,3.7,-33.5,-4.6,7.6,38.9,26.1
NAB,Private_3,2023,7644211000000.0,6647309000000.0,590031000000.0,-3492455000000.0,-847804000000.0,3303952000000.0,141438441000000.0,0.0353438514553205,7237340000000.0,2897081000000.0,406871000000.0,5394013000000.0,2267979000000.0,-2841928000000.0,-863393000000.0,579287000000.0,5119121000000.0,274892000000.0,119538340000000.0,0.0319317662168033,1843327000000.0,1035973000000.0,-650527000000.0,15589000000.0,-172416000000.0,1528188000000.0,315139000000.0,130488390500000.0,16.78317964999346,0.3412085238517201,1843327000000.0,-634938000000.0,-172416000000.0,1035973000000.0,1035973000000.0,1035973000000.0,1035973000000.0,177.9,-61.3,-16.6,147.5,30.4,-62.8,1.5,8.4,139.1,False,False,100.0,45.6782448161998,81.3,-28.0,-7.6,67.4,13.9,-28.7,0.7,8.4,59.0,45.7
NAB,Private_3,2024,9052063000000.0,7937820000000.0,560966000000.0,-3985763000000.0,-520902000000.0,4545398000000.0,167737997000000.0,0.0358024912004125,8498786000000.0,3992121000000.0,553277000000.0,7237340000000.0,3303952000000.0,-3492455000000.0,-847804000000.0,406871000000.0,6647309000000.0,590031000000.0,141438441000000.0,0.0353438514553205,1261446000000.0,1241446000000.0,-493308000000.0,326902000000.0,146406000000.0,1290511000000.0,-29065000000.0,154588219000000.0,17.01265217370801,0.04586397450919988,1261446000000.0,-166406000000.0,146406000000.0,1241446000000.0,1241446000000.0,1241446000000.0,1241446000000.0,101.6,-13.4,11.8,104.0,-2.3,-39.7,26.3,8.5,95.4,False,False,100.0,37.57457735463469,38.2,-5.0,4.4,39.1,-0.9,-14.9,9.9,8.5,30.6,37.6
NVB,Private_3,2018,1224017000000.0,981173000000.0,25421000000.0,-999842000000.0,-136345000000.0,87830000000.0,35674111000000.0,0.0065583916942594,1006594000000.0,-129593000000.0,217423000000.0,,,,,,,,,,,,,,,,,,,,,,,,,,,,,,,,,,,,False,False,,0.0,,,,,,,,,,
NVB,Private_3,2019,1241789000000.0,1158408000000.0,50745000000.0,-862619000000.0,-324129000000.0,55041000000.0,37910603000000.0,0.0182234866147024,1209153000000.0,22405000000.0,32636000000.0,1006594000000.0,87830000000.0,-999842000000.0,-136345000000.0,217423000000.0,981173000000.0,25421000000.0,35674111000000.0,0.0065583916942594,202559000000.0,-32789000000.0,137223000000.0,-187784000000.0,-184787000000.0,177235000000.0,25324000000.0,36792357000000.0,6.078686396742671,1.1665094920443,202559000000.0,-50561000000.0,-184787000000.0,-32789000000.0,-32789000000.0,-50000000000.0,50000000000.0,617.8,-154.2,-563.6,540.5,77.2,418.5,-572.7,4.6,535.9,True,False,-100.0,-37.33234657861779,230.6,-57.6,-210.4,201.8,28.8,156.2,-213.8,3.0,198.8,-37.4
NVB,Private_3,2020,1654923000000.0,1433742000000.0,44789000000.0,-802677000000.0,-848508000000.0,3738000000.0,40313272000000.0,0.0213258009465183,1478531000000.0,-172654000000.0,176392000000.0,1209153000000.0,55041000000.0,-862619000000.0,-324129000000.0,32636000000.0,1158408000000.0,50745000000.0,37910603000000.0,0.0182234866147024,269378000000.0,-51303000000.0,59942000000.0,-524379000000.0,143756000000.0,275334000000.0,-5956000000.0,39111937500000.0,6.143057985813155,0.31023143318158997,269378000000.0,-464437000000.0,143756000000.0,-51303000000.0,-51303000000.0,-51303000000.0,51303000000.0,500.0,-500.0,280.2,500.0,-11.6,116.8,-500.0,3.1,500.0,False,True,280.2,-93.20869896985883,466.0,-466.0,261.2,466.0,-10.8,108.9,-466.0,3.1,462.9,261.2
NVB,Private_3,2021,1702107000000.0,1259219000000.0,143632000000.0,-950593000000.0,-749204000000.0,2310000000.0,41615019000000.0,0.020180115389351,1402851000000.0,-296946000000.0,299256000000.0,1478531000000.0,3738000000.0,-802677000000.0,-848508000000.0,176392000000.0,1433742000000.0,44789000000.0,40313272000000.0,0.0213258009465183,-75680000000.0,-1428000000.0,-147916000000.0,99304000000.0,122864000000.0,-174523000000.0,98843000000.0,40964145500000.0,3.1777716442297077,-0.11456855571672989,-75680000000.0,-48612000000.0,122864000000.0,-1428000000.0,-1428000000.0,-50000000000.0,50000000000.0,-5299.7,-3404.2,8603.9,-12221.5,6921.8,-10358.3,6954.1,55.6,-12277.1,True,False,-100.0,-38.20224719101123,-2024.6,-1300.5,3286.9,-4668.9,2644.3,-3957.1,2656.6,1.6,-4670.5,-38.2
NVB,Private_3,2022,1336994000000.0,931777000000.0,132842000000.0,-1027681000000.0,-308075000000.0,1238000000.0,47722273000000.0,0.0140846056146572,1064619000000.0,-271137000000.0,272375000000.0,1402851000000.0,2310000000.0,-950593000000.0,-749204000000.0,299256000000.0,1259219000000.0,143632000000.0,41615019000000.0,0.020180115389351,-338232000000.0,-1072000000.0,-77088000000.0,441129000000.0,-26881000000.0,-327442000000.0,-10790000000.0,44668646000000.0,13.672350847616919,-0.6095509774693801,-338232000000.0,364041000000.0,-26881000000.0,-1072000000.0,-1072000000.0,-50000000000.0,50000000000.0,-930.0,930.0,-100.0,-930.0,-40.1,-286.8,930.0,12.7,-930.0,True,True,-100.0,-46.40692640692641,-431.6,431.6,-46.4,-431.6,-18.6,-133.1,431.6,6.8,-438.4,-46.4
NVB,Private_3,2023,719152000000.0,457229000000.0,33518000000.0,-1238721000000.0,-146950000000.0,-666519000000.0,55344259000000.0,0.0059189490052812,490747000000.0,-894924000000.0,228405000000.0,1064619000000.0,1238000000.0,-1027681000000.0,-308075000000.0,272375000000.0,931777000000.0,132842000000.0,47722273000000.0,0.0140846056146572,-573872000000.0,-667757000000.0,-211040000000.0,161125000000.0,-43970000000.0,-474548000000.0,-99324000000.0,51533266000000.0,14.7904190663949,-0.8165656609376002,-573872000000.0,-49915000000.0,-43970000000.0,-667757000000.0,-667757000000.0,-667757000000.0,667757000000.0,-85.9,-7.5,-6.6,-71.1,-14.9,-31.6,24.1,7.4,-78.5,False,False,-100.0,-53938.36833602585,-46333.1,-4045.4,-3559.9,-38350.2,-8036.8,-17044.5,12999.1,7.4,-38357.6,-53938.4
NVB,Private_3,2024,-1472498000000.0,-1782193000000.0,74968000000.0,-3392048000000.0,-263544000000.0,-5128090000000.0,71174720000000.0,-0.0189480455033433,-1707225000000.0,-5362817000000.0,234727000000.0,490747000000.0,-666519000000.0,-1238721000000.0,-146950000000.0,228405000000.0,457229000000.0,33518000000.0,55344259000000.0,0.0059189490052812,-2197972000000.0,-4461571000000.0,-2153327000000.0,-116594000000.0,6322000000.0,-2239422000000.0,41450000000.0,63259489500000.0,25.024642350299082,-2.48669945086245,-2197972000000.0,-2269921000000.0,6322000000.0,-4461571000000.0,-4461571000000.0,-4461571000000.0,4461571000000.0,-49.3,-50.9,0.1,-50.2,0.9,-48.3,-2.6,12.5,-62.7,False,False,-100.0,-669.3839185379561,-330.0,-340.7,0.7,-336.0,6.0,-323.3,-17.4,12.5,-348.5,-670.0
OCB,Private_2,2020,8012866790577.0,4981711182178.0,840561444289.0,-2330118602224.0,-1263439294228.0,4419308894125.0,89237886166154.0,0.0393394511022637,5822272626467.0,2228714730015.0,2190594164110.0,,,,,,,,,,,,,,,,,,,,,,,,,,,,,,,,,,,,False,False,,0.0,,,,,,,,,,
OCB,Private_2,2021,8919153043091.0,5765584993537.0,784500726282.0,-2402923565171.0,-997676515651.0,5518552962269.0,102050733038455.0,0.0361841168460836,6550085719819.0,3149485638997.0,2369067323272.0,5822272626467.0,4419308894125.0,-2330118602224.0,-1263439294228.0,2190594164110.0,4981711182178.0,840561444289.0,89237886166154.0,0.0393394511022637,727813093352.0,1099244068144.0,-72804962947.0,265762778577.0,178473159162.0,783873811359.0,-56060718007.0,95644309602304.5,13.39635042124062,-0.31553342561801007,727813093352.0,192957815630.0,178473159162.0,1099244068144.0,1099244068144.0,1099244068144.0,1099244068144.0,66.2,17.6,16.2,71.3,-5.1,-6.6,24.2,6.7,64.6,False,False,100.0,24.873664513592335,16.5,4.4,4.0,17.7,-1.3,-1.6,6.0,6.7,11.0,24.9
OCB,Private_2,2022,8533571498265.0,6947583041177.0,1014174306465.0,-3076802357805.0,-1067461492385.0,4389307648075.0,119802569762625.0,0.0391171478281809,7961757347642.0,3817493497452.0,571814150623.0,6550085719819.0,5518552962269.0,-2402923565171.0,-997676515651.0,2369067323272.0,5765584993537.0,784500726282.0,102050733038455.0,0.0361841168460836,1411671627823.0,-1129245314194.0,-673878792634.0,-69784976734.0,-1797253172649.0,1181998047640.0,229673580183.0,110926651400540.0,16.00322059670827,0.29330309820972955,1411671627823.0,-743663769368.0,-1797253172649.0,-1129245314194.0,-1129245314194.0,-1129245314194.0,1129245314194.0,125.0,-65.9,-159.2,104.7,20.3,-59.7,-6.2,8.0,96.7,False,False,-100.0,-20.46270683483123,25.6,-13.5,-32.6,21.4,4.2,-12.2,-1.3,8.0,13.4,-20.5
OCB,Private_2,2023,8938126559042.0,6765518258874.0,882062943945.0,-3171425038560.0,-1627225365223.0,4139476155259.0,147206466215571.0,0.0329921132255694,7647581202819.0,2848930799036.0,1290545356223.0,7961757347642.0,4389307648075.0,-3076802357805.0,-1067461492385.0,571814150623.0,6947583041177.0,1014174306465.0,119802569762625.0,0.0391171478281809,-314176144823.0,-249831492816.0,-94622680755.0,-559763872838.0,718731205600.0,-182064782303.0,-132111362520.0,133504517989098.0,20.526568587876408,-0.6125034602611497,-314176144823.0,-654386553593.0,718731205600.0,-249831492816.0,-249831492816.0,-249831492816.0,249831492816.0,-125.8,-261.9,287.7,-72.9,-52.9,-37.9,-224.1,10.3,-83.1,False,False,-100.0,-5.691820051063578,-7.2,-14.9,16.4,-4.1,-3.0,-2.2,-12.8,10.3,-14.4,-5.7
OCB,Private_2,2024,10069082912118.0,8606668671493.0,930981459789.0,-3803760652156.0,-2259026320781.0,4006295939181.0,170844469638663.0,0.0344944687201322,9537650131282.0,3474863158345.0,531432780836.0,7647581202819.0,4139476155259.0,-3171425038560.0,-1627225365223.0,1290545356223.0,6765518258874.0,882062943945.0,147206466215571.0,0.0329921132255694,1890068928463.0,-133180216078.0,-632335613596.0,-631800955558.0,-759112575387.0,1841150412619.0,48918515844.0,159025467927117.0,14.864287922690181,0.15023554945627973,1890068928463.0,-1264136569154.0,-759112575387.0,-133180216078.0,-133180216078.0,-133180216078.0,133180216078.0,500.0,-500.0,-500.0,500.0,36.7,-474.8,-474.4,7.4,500.0,False,True,-500.0,-3.217320527593839,16.1,-16.1,-16.1,16.1,1.2,-15.3,-15.3,7.4,8.7,-16.1
PGB,Private_3,2020,1148188511112.0,906428029099.0,29995133628.0,-655043136728.0,-280923870629.0,212221503755.0,25675229114079.0,0.0049091736347001,936423162727.0,456155370.0,211765348385.0,,,,,,,,,,,,,,,,,,,,,,,,,,,,,,,,,,,,False,False,,0.0,,,,,,,,,,
PGB,Private_3,2021,1165856000000.0,738114000000.0,48352000000.0,-664372000000.0,-178187000000.0,323297000000.0,27498895000000.0,0.0199146347178442,786466000000.0,-56093000000.0,379390000000.0,936423162727.0,212221503755.0,-655043136728.0,-280923870629.0,211765348385.0,906428029099.0,29995133628.0,25675229114079.0,0.0049091736347001,-149957162727.0,111075496245.0,-9328863272.0,102736870629.0,167624651615.0,-168314029099.0,18356866372.0,26587062057039.5,6.8592230386664514,1.50054610831441,-149957162727.0,93408007357.0,167624651615.0,111075496245.0,111075496245.0,111075496245.0,111075496245.0,-135.0,84.1,150.9,-151.5,16.5,-8.4,92.5,3.4,-155.0,False,False,100.0,52.33941626067807,-70.7,44.0,79.0,-79.3,8.6,-4.4,48.4,3.4,-82.7,52.3
PGB,Private_3,2022,1511481000000.0,1210225000000.0,79225000000.0,-745913000000.0,-259833000000.0,505735000000.0,29050846000000.0,0.0278494101981733,1289450000000.0,283704000000.0,222031000000.0,786466000000.0,323297000000.0,-664372000000.0,-178187000000.0,379390000000.0,738114000000.0,48352000000.0,27498895000000.0,0.0199146347178442,502984000000.0,182438000000.0,-81541000000.0,-81646000000.0,-157359000000.0,472111000000.0,30873000000.0,28274870500000.0,5.48879967460859,0.7934775480329097,502984000000.0,-163187000000.0,-157359000000.0,182438000000.0,182438000000.0,182438000000.0,182438000000.0,275.7,-89.4,-86.3,258.8,16.9,-44.7,-44.8,2.7,256.0,False,False,100.0,56.43046486667058,155.6,-50.4,-48.7,146.0,9.5,-25.2,-25.3,2.7,143.3,56.5
PGB,Private_3,2023,1393470000000.0,1301354000000.0,34690000000.0,-808209000000.0,-234029000000.0,351232000000.0,35335012000000.0,0.0255001559965558,1336044000000.0,293806000000.0,57426000000.0,1289450000000.0,505735000000.0,-745913000000.0,-259833000000.0,222031000000.0,1210225000000.0,79225000000.0,29050846000000.0,0.0278494101981733,46594000000.0,-154503000000.0,-62296000000.0,25804000000.0,-164605000000.0,91129000000.0,-44535000000.0,32192929000000.0,19.52033006999767,-0.2349254201617499,46594000000.0,-36492000000.0,-164605000000.0,-154503000000.0,-154503000000.0,-154503000000.0,154503000000.0,30.2,-23.6,-106.5,59.0,-28.8,-40.3,16.7,9.8,49.2,False,False,-100.0,-30.550189328403217,9.2,-7.2,-32.5,18.0,-8.8,-12.3,5.1,9.8,8.2,-30.5
PGB,Private_3,2024,1831397000000.0,1658838000000.0,17904000000.0,-973967000000.0,-431982000000.0,425448000000.0,41236482000000.0,0.0262030058225084,1676742000000.0,270793000000.0,154655000000.0,1336044000000.0,351232000000.0,-808209000000.0,-234029000000.0,57426000000.0,1301354000000.0,34690000000.0,35335012000000.0,0.0255001559965558,340698000000.0,74216000000.0,-165758000000.0,-197953000000.0,97229000000.0,357484000000.0,-16786000000.0,38285747000000.0,15.414274142280677,0.07028498259525999,340698000000.0,-363711000000.0,97229000000.0,74216000000.0,74216000000.0,74216000000.0,74216000000.0,459.1,-490.1,131.0,481.7,-22.6,-223.3,-266.7,7.7,474.0,False,False,100.0,21.130193148688047,97.0,-103.6,27.7,101.8,-4.8,-47.2,-56.4,7.7,94.1,21.1
Private_1,Private_1,2018,94682128000000.0,68671725000000.0,11626056000000.0,-39760280000000.0,-18659389000000.0,36262459000000.0,1083737144000000.0,,80297781000000.0,21878112000000.0,14384347000000.0,,,,,,,,,,,,,,,,,,,,,,,,,,,,,,,,,,,,False,False,,0.0,,,,,,,,,,
Private_1,Private_1,2019,112806788000000.0,84221150000000.0,14450291000000.0,-46953232000000.0,-21922326000000.0,43931230000000.0,1303046924000000.0,0.0482638213586736,98671441000000.0,29795883000000.0,14135347000000.0,80297781000000.0,36262459000000.0,-39760280000000.0,-18659389000000.0,14384347000000.0,68671725000000.0,11626056000000.0,1083737144000000.0,,18373660000000.0,7668771000000.0,-7192952000000.0,-3262937000000.0,-249000000000.0,15549425000000.0,2824235000000.0,1193392034000000.0,18.377010550750835,,18373660000000.0,-10455889000000.0,-249000000000.0,7668771000000.0,7668771000000.0,7668771000000.0,7668771000000.0,239.6,-136.3,-3.2,202.8,36.8,-93.8,-42.5,9.2,193.6,False,False,100.0,21.14796186325919,50.7,-28.8,-0.7,42.9,7.8,-19.8,-9.0,9.2,33.7,21.2
Private_1,Private_1,2020,128869991000000.0,97483504000000.0,16559127000000.0,-49097556000000.0,-27329240000000.0,52443195000000.0,1518384800000000.0,0.0484807152366411,114042631000000.0,37615835000000.0,14827360000000.0,98671441000000.0,43931230000000.0,-46953232000000.0,-21922326000000.0,14135347000000.0,84221150000000.0,14450291000000.0,1303046924000000.0,0.0482638213586736,15371190000000.0,8511965000000.0,-2144324000000.0,-5406914000000.0,692013000000.0,13262354000000.0,2108836000000.0,1410715862000000.0,15.264439976928537,0.021689387796750004,15371190000000.0,-7551238000000.0,692013000000.0,8511965000000.0,8511965000000.0,8511965000000.0,8511965000000.0,180.6,-88.7,8.1,155.8,24.8,-25.2,-63.5,7.6,148.2,False,False,100.0,19.375658273169226,35.0,-17.2,1.6,30.2,4.8,-4.9,-12.3,7.6,22.6,19.4
Private_1,Private_1,2021,159580578000000.0,118156275000000.0,22045131000000.0,-52249212000000.0,-36803906000000.0,70527460000000.0,1816019375000000.0,0.0496841482570827,140201406000000.0,51148288000000.0,19379172000000.0,114042631000000.0,52443195000000.0,-49097556000000.0,-27329240000000.0,14827360000000.0,97483504000000.0,16559127000000.0,1518384800000000.0,0.0484807152366411,26158775000000.0,18084265000000.0,-3151656000000.0,-9474666000000.0,4551812000000.0,20672771000000.0,5486004000000.0,1667202087500000.0,17.852339391339683,0.12034330204415966,26158775000000.0,-12626322000000.0,4551812000000.0,18084265000000.0,18084265000000.0,18084265000000.0,18084265000000.0,144.6,-69.8,25.2,114.3,30.3,-17.4,-52.4,8.9,105.4,False,False,100.0,34.48353022732501,49.9,-24.1,8.7,39.4,10.4,-6.0,-18.1,8.9,30.5,34.5
Private_1,Private_1,2022,198848262000000.0,148014618000000.0,27446249000000.0,-64480250000000.0,-41397512000000.0,92970500000000.0,2171770255000000.0,0.0522640462815219,175460867000000.0,69583105000000.0,23387395000000.0,140201406000000.0,70527460000000.0,-52249212000000.0,-36803906000000.0,19379172000000.0,118156275000000.0,22045131000000.0,1816019375000000.0,0.0496841482570827,35259461000000.0,22443040000000.0,-12231038000000.0,-4593606000000.0,4008223000000.0,29858343000000.0,5401118000000.0,1993894815000000.0,17.842008380968682,0.2579898024439198,35259461000000.0,-16824644000000.0,4008223000000.0,22443040000000.0,22443040000000.0,22443040000000.0,22443040000000.0,157.1,-75.0,17.9,133.0,24.1,-54.5,-20.5,8.9,124.1,False,False,100.0,31.821704623986175,50.0,-23.9,5.7,42.3,7.7,-17.3,-6.5,8.9,33.4,31.8
Private_1,Private_1,2023,196026169000000.0,151581547000000.0,25552244000000.0,-65870147000000.0,-40494810000000.0,89661212000000.0,2666294662000000.0,0.0442667656154381,177133791000000.0,70768834000000.0,18892378000000.0,175460867000000.0,92970500000000.0,-64480250000000.0,-41397512000000.0,23387395000000.0,148014618000000.0,27446249000000.0,2171770255000000.0,0.0522640462815219,1672924000000.0,-3309288000000.0,-1389897000000.0,902702000000.0,-4495017000000.0,3566929000000.0,-1894005000000.0,2419032458500000.0,20.44306620452071,-0.7997280666083795,1672924000000.0,-487195000000.0,-4495017000000.0,-3309288000000.0,-3309288000000.0,-3309288000000.0,3309288000000.0,50.6,-14.7,-135.8,107.8,-57.2,-42.0,27.3,10.2,97.6,False,False,-100.0,-3.5595032832995415,1.8,-0.5,-4.8,3.8,-2.0,-1.5,1.0,10.2,-6.4,-3.5
Private_1,Private_1,2024,226850552000000.0,178066989000000.0,24754030000000.0,-71601709000000.0,-45142211000000.0,110106632000000.0,3221259454000000.0,0.0427784370646112,202821019000000.0,86077099000000.0,24029533000000.0,177133791000000.0,89661212000000.0,-65870147000000.0,-40494810000000.0,18892378000000.0,151581547000000.0,25552244000000.0,2666294662000000.0,0.0442667656154381,25687228000000.0,20445420000000.0,-5731562000000.0,-4647401000000.0,5137155000000.0,26485442000000.0,-798214000000.0,2943777058000000.0,18.852133876504993,-0.1488328550826902,25687228000000.0,-10378963000000.0,5137155000000.0,20445420000000.0,20445420000000.0,20445420000000.0,20445420000000.0,125.6,-50.8,25.1,129.5,-3.9,-28.0,-22.7,9.4,120.1,False,False,100.0,22.8029708097187,28.6,-11.6,5.7,29.5,-0.9,-6.4,-5.2,9.4,20.1,22.7
Private_2,Private_2,2018,41941796000000.0,33529817000000.0,3334116000000.0,-22073362000000.0,-5676758000000.0,14191676000000.0,785442656000000.0,0.0132996453741289,36863933000000.0,9113813000000.0,5077863000000.0,,,,,,,,,,,,,,,,,,,,,,,,,,,,,,,,,,,,False,False,,0.0,,,,,,,,,,
Private_2,Private_2,2019,53106607000000.0,41766877000000.0,5590427000000.0,-25007761000000.0,-7681751000000.0,20417095000000.0,953701369000000.0,0.0325199028511387,47357304000000.0,14667792000000.0,5749303000000.0,36863933000000.0,14191676000000.0,-22073362000000.0,-5676758000000.0,5077863000000.0,33529817000000.0,3334116000000.0,785442656000000.0,0.0132996453741289,10493371000000.0,6225419000000.0,-2934399000000.0,-2004993000000.0,671440000000.0,8237060000000.0,2256311000000.0,869572012500000.0,19.34960078996333,1.9220257477009797,10493371000000.0,-4939392000000.0,671440000000.0,6225419000000.0,6225419000000.0,6225419000000.0,6225419000000.0,168.6,-79.3,10.8,132.3,36.2,-47.1,-32.2,9.7,122.6,False,False,100.0,43.866693405345494,74.0,-34.8,4.7,58.0,15.9,-20.7,-14.1,9.7,48.3,43.9
Private_2,Private_2,2020,74903568790577.0,57784075182178.0,7474428444289.0,-32134054602224.0,-12863060294228.0,29906453894125.0,1219439035166154.0,,65258503626467.0,20261388730015.0,9645065164110.0,47357304000000.0,20417095000000.0,-25007761000000.0,-7681751000000.0,5749303000000.0,41766877000000.0,5590427000000.0,953701369000000.0,0.0325199028511387,17901199626467.0,9489358894125.0,-7126293602224.0,-5181309294228.0,3895762164110.0,16017198182178.0,1884001444289.0,1086570202083077.0,24.456557492254536,,17901199626467.0,-12307602896452.0,3895762164110.0,9489358894125.0,9489358894125.0,9489358894125.0,9489358894125.0,188.6,-129.7,41.1,168.8,19.9,-75.1,-54.6,12.2,156.6,False,False,100.0,46.477517463307095,87.7,-60.3,19.1,78.5,9.2,-34.9,-25.4,12.2,66.3,46.5
Private_2,Private_2,2021,97587007043091.0,75746611993537.0,11746165726282.0,-34580664565171.0,-19177349515651.0,43828992962269.0,1435613744038455.0,0.0380369624146329,87492777719819.0,33734763638997.0,10094229323272.0,65258503626467.0,29906453894125.0,-32134054602224.0,-12863060294228.0,9645065164110.0,57784075182178.0,7474428444289.0,1219439035166154.0,,22234274093352.0,13922539068144.0,-2446609962947.0,-6314289221423.0,449164159162.0,17962536811359.0,4271737281993.0,1327526389602304.5,16.284023471432597,,22234274093352.0,-8760899184370.0,449164159162.0,13922539068144.0,13922539068144.0,13922539068144.0,13922539068144.0,159.7,-62.9,3.2,129.0,30.7,-17.6,-45.4,8.1,120.9,False,False,100.0,46.553627245251654,74.3,-29.3,1.5,60.1,14.3,-8.2,-21.1,8.1,52.0,46.5
Private_2,Private_2,2022,115668734498265.0,94672118041177.0,14030048306465.0,-41451741357805.0,-16274908492385.0,57942084648075.0,1648885173762625.0,0.0414548587266547,108702166347642.0,50975516497452.0,6966568150623.0,87492777719819.0,43828992962269.0,-34580664565171.0,-19177349515651.0,10094229323272.0,75746611993537.0,11746165726282.0,1435613744038455.0,0.0380369624146329,21209388627823.0,14113091685806.0,-6871076792634.0,2902441023266.0,-3127661172649.0,18925506047640.0,2283882580183.0,1542249458900540.0,13.828594880896238,0.3417896312021801,21209388627823.0,-3968635769368.0,-3127661172649.0,14113091685806.0,14113091685806.0,14113091685806.0,14113091685806.0,150.3,-28.1,-22.2,134.1,16.2,-48.7,20.6,6.9,127.2,False,False,100.0,32.2003558191618,48.4,-9.0,-7.1,43.2,5.2,-15.7,6.6,6.9,36.3,32.3
Private_2,Private_2,2023,129516583559042.0,103011974258874.0,14897772943945.0,-44377453038560.0,-26862068365223.0,58277062155259.0,1965707739215571.2,0.0388041835064523,117909747202819.0,46670225799036.0,11606836356223.0,108702166347642.0,57942084648075.0,-41451741357805.0,-16274908492385.0,6966568150623.0,94672118041177.0,14030048306465.0,1648885173762625.0,0.0414548587266547,9207580855177.0,334977507184.0,-2925711680755.0,-10587159872838.0,4640268205600.0,8339856217697.0,867724637480.0,1807296456489098.0,17.530193472985285,-0.26506752202023964,9207580855177.0,-13512871553593.0,4640268205600.0,334977507184.0,334977507184.0,334977507184.0,334977507184.0,500.0,-500.0,500.0,500.0,259.0,-500.0,-500.0,8.8,500.0,False,True,500.0,0.5781247071425983,2.9,-2.9,2.9,2.9,1.5,-2.9,-2.9,8.8,-5.9,2.9
Private_2,Private_2,2024,148989155912118.0,121913263671493.0,14405402459789.0,-49475419652156.0,-27343276320781.0,72170459939181.0,2380875045638663.0,0.037645605841009,136318666131282.0,59499970158345.0,12670489780836.0,117909747202819.0,58277062155259.0,-44377453038560.0,-26862068365223.0,11606836356223.0,103011974258874.0,14897772943945.0,1965707739215571.2,0.0388041835064523,18408918928463.0,13893397783922.0,-5097966613596.0,-481207955558.0,1063653424613.0,18901289412619.0,-492370484156.0,2173291392427117.0,19.103158824893505,-0.11585776654433055,18408918928463.0,-5579174569154.0,1063653424613.0,13893397783922.0,13893397783922.0,13893397783922.0,13893397783922.0,132.5,-40.2,7.7,136.0,-3.5,-36.7,-3.5,9.6,126.5,False,False,100.0,23.84025081241718,31.6,-9.6,1.8,32.4,-0.8,-8.7,-0.8,9.6,22.8,23.8
Private_3,Private_3,2018,8992976000000.0,7407068000000.0,416754000000.0,-5497953000000.0,-823958000000.0,2671065000000.0,237956461000000.0,0.0120965829972879,7823822000000.0,1501911000000.0,1169154000000.0,,,,,,,,,,,,,,,,,,,,,,,,,,,,,,,,,,,,False,False,,0.0,,,,,,,,,,
Private_3,Private_3,2019,10459799000000.0,8820305000000.0,423618000000.0,-6485936000000.0,-894835000000.0,3079028000000.0,277219100000000.0,0.0231338070121647,9243923000000.0,1863152000000.0,1215876000000.0,7823822000000.0,2671065000000.0,-5497953000000.0,-823958000000.0,1169154000000.0,7407068000000.0,416754000000.0,237956461000000.0,0.0120965829972879,1420101000000.0,407963000000.0,-987983000000.0,-70877000000.0,46722000000.0,1413237000000.0,6864000000.0,257587780500000.0,15.242430725474573,1.1037224014876799,1420101000000.0,-1058860000000.0,46722000000.0,407963000000.0,407963000000.0,407963000000.0,407963000000.0,348.1,-259.5,11.5,346.4,1.7,-242.2,-17.4,7.6,338.8,False,False,100.0,15.273420901400753,53.2,-39.6,1.8,52.9,0.3,-37.0,-2.7,7.6,45.3,15.4
Private_3,Private_3,2020,22578770511112.0,16349191029099.0,1125820133628.0,-12341978136728.0,-4001799870629.0,6234992503755.0,553591173114079.0,0.0131345343640298,17475011162727.0,1131233155370.0,5103759348385.0,9243923000000.0,3079028000000.0,-6485936000000.0,-894835000000.0,1215876000000.0,8820305000000.0,423618000000.0,277219100000000.0,0.0231338070121647,8231088162727.0,3155964503755.0,-5856042136728.0,-3106964870629.0,3887883348385.0,7528886029099.0,702202133628.0,415405136557039.5,66.53073079565308,-0.99992726481349,8231088162727.0,-8963007007357.0,3887883348385.0,3155964503755.0,3155964503755.0,3155964503755.0,3155964503755.0,260.8,-284.0,123.2,238.6,22.3,-185.6,-98.4,33.3,205.3,False,False,100.0,102.49872699290165,267.3,-291.1,126.3,244.6,22.9,-190.2,-100.9,33.3,211.3,102.5
Private_3,Private_3,2021,32057096255313.0,24427041386645.0,2491344909584.0,-14430723856039.0,-6003285071655.0,11623087327619.0,676055251509641.0,,26918386296229.0,6484377368535.0,5138709959084.0,17475011162727.0,6234992503755.0,-12341978136728.0,-4001799870629.0,5103759348385.0,16349191029099.0,1125820133628.0,553591173114079.0,0.0131345343640298,9443375133502.0,5388094823864.0,-2088745719311.0,-2001485201026.0,34950610699.0,8077850357546.0,1365524775956.0,614823212311860.0,19.91858406501476,,9443375133502.0,-4090230920337.0,34950610699.0,5388094823864.0,5388094823864.0,5388094823864.0,5388094823864.0,175.3,-75.9,0.6,149.9,25.3,-38.8,-37.1,10.0,140.0,False,False,100.0,86.41702168236836,151.5,-65.6,0.5,129.5,21.9,-33.5,-32.1,10.0,119.5,86.4
Private_3,Private_3,2022,36862907977185.0,29445952923112.0,2922066979767.0,-17516968234131.0,-5166417728801.0,14179522014253.0,791168547103848.0,0.0260835585696548,32368019902879.0,9684633939947.0,4494888074306.0,26918386296229.0,11623087327619.0,-14430723856039.0,-6003285071655.0,5138709959084.0,24427041386645.0,2491344909584.0,676055251509641.0,,5449633606650.0,2556434686634.0,-3086244378092.0,836867342854.0,-643821884778.0,5018911536467.0,430722070183.0,733611899306744.5,15.691307038910882,,5449633606650.0,-2249377035238.0,-643821884778.0,2556434686634.0,2556434686634.0,2556434686634.0,2556434686634.0,213.2,-88.0,-25.2,196.3,16.8,-120.7,32.7,7.8,188.5,False,False,100.0,21.99445478276113,46.9,-19.4,-5.5,43.2,3.7,-26.5,7.2,7.8,35.4,22.0
Private_3,Private_3,2023,38275306641163.0,29551222628728.0,3609210075240.0,-19530846656851.0,-6233695625146.0,12510764359166.0,922716289694653.0,0.0231537979010734,33160432703968.0,7395890421971.0,5114873937195.0,32368019902879.0,14179522014253.0,-17516968234131.0,-5166417728801.0,4494888074306.0,29445952923112.0,2922066979767.0,791168547103848.0,0.0260835585696548,792412801089.0,-1668757655087.0,-2013878422720.0,-1067277896345.0,619985862889.0,105269705616.0,687143095473.0,856942418399250.5,15.350826352665944,-0.29297606685813987,792412801089.0,-3081156319065.0,619985862889.0,-1668757655087.0,-1668757655087.0,-1668757655087.0,1668757655087.0,47.5,-184.6,37.2,6.3,41.2,-120.7,-64.0,7.7,-1.4,False,False,-100.0,-11.76878637664651,5.6,-21.7,4.4,0.7,4.8,-14.2,-7.5,7.7,-7.0,-11.7
Private_3,Private_3,2024,45001912590057.0,36922703288865.0,3228025255624.0,-23962290000621.0,-8630246005464.0,12409376583972.0,1069558903116174.0,0.0247240927929695,40150728544489.0,7558192538404.0,4851184045568.0,33160432703968.0,12510764359166.0,-19530846656851.0,-6233695625146.0,5114873937195.0,29551222628728.0,3609210075240.0,922716289694653.0,0.0231537979010734,6990295840521.0,-101387775194.0,-4431443343770.0,-2396550380318.0,-263689891627.0,7371480660137.0,-381184819616.0,996137596405413.5,14.741197797513728,0.15702948918960985,6990295840521.0,-6827993724088.0,-263689891627.0,-101387775194.0,-101387775194.0,-101387775194.0,101387775194.0,500.0,-500.0,-260.1,500.0,-376.0,-500.0,-500.0,7.4,500.0,False,True,-260.1,-0.8104043228958935,4.1,-4.1,-2.1,4.1,-3.0,-4.1,-4.1,7.4,-3.3,-2.1
SGB,Private_3,2018,845213000000.0,660555000000.0,42974000000.0,-449103000000.0,-343592000000.0,52518000000.0,13671099000000.0,,703529000000.0,-89166000000.0,141684000000.0,,,,,,,,,,,,,,,,,,,,,,,,,,,,,,,,,,,,False,False,,0.0,,,,,,,,,,
SGB,Private_3,2019,864755000000.0,732301000000.0,44031000000.0,-486328000000.0,-197240000000.0,181187000000.0,14556951000000.0,0.0363255625109595,776332000000.0,92764000000.0,88423000000.0,703529000000.0,52518000000.0,-449103000000.0,-343592000000.0,141684000000.0,660555000000.0,42974000000.0,13671099000000.0,,72803000000.0,128669000000.0,-37225000000.0,146352000000.0,-53261000000.0,71746000000.0,1057000000.0,14114025000000.0,6.276395287665992,,72803000000.0,109127000000.0,-53261000000.0,128669000000.0,128669000000.0,128669000000.0,128669000000.0,56.6,84.8,-41.4,55.8,0.8,-28.9,113.7,3.1,52.6,False,False,100.0,244.99980958909325,138.7,207.8,-101.4,136.7,2.0,-70.8,278.6,3.1,133.6,245.1
SGB,Private_3,2020,748756000000.0,590669000000.0,37571000000.0,-468663000000.0,-158968000000.0,121125000000.0,15447550000000.0,0.0269329584012829,628240000000.0,609000000.0,120516000000.0,776332000000.0,181187000000.0,-486328000000.0,-197240000000.0,88423000000.0,732301000000.0,44031000000.0,14556951000000.0,0.0363255625109595,-148092000000.0,-60062000000.0,17665000000.0,38272000000.0,32093000000.0,-141632000000.0,-6460000000.0,15002250500000.0,5.936436003384959,-0.9392604109676603,-148092000000.0,55937000000.0,32093000000.0,-60062000000.0,-60062000000.0,-60062000000.0,60062000000.0,-246.6,93.1,53.4,-235.8,-10.8,29.4,63.7,3.0,-238.8,False,False,-100.0,-33.14917736923731,-81.7,30.9,17.7,-78.2,-3.6,9.7,21.1,3.0,-81.2,-33.1
SGB,Private_3,2021,883129000000.0,589171000000.0,27761000000.0,-573544000000.0,-155472000000.0,154113000000.0,16502139000000.0,0.0257265358634405,616932000000.0,-112084000000.0,266197000000.0,628240000000.0,121125000000.0,-468663000000.0,-158968000000.0,120516000000.0,590669000000.0,37571000000.0,15447550000000.0,0.0269329584012829,-11308000000.0,32988000000.0,-104881000000.0,3496000000.0,145681000000.0,-1498000000.0,-9810000000.0,15974844500000.0,6.601560346956742,-0.12064225378423978,-11308000000.0,-101385000000.0,145681000000.0,32988000000.0,32988000000.0,50000000000.0,50000000000.0,-34.3,-307.3,441.6,-4.5,-29.7,-317.9,10.6,5.0,-9.5,True,False,100.0,27.23467492260062,-9.3,-83.7,120.3,-1.2,-8.1,-86.6,2.9,3.3,-4.5,27.3
SGB,Private_3,2022,1055455000000.0,875318000000.0,38205000000.0,-568001000000.0,-250448000000.0,237006000000.0,18714226000000.0,0.0352449532262018,913523000000.0,95074000000.0,141932000000.0,616932000000.0,154113000000.0,-573544000000.0,-155472000000.0,266197000000.0,589171000000.0,27761000000.0,16502139000000.0,0.0257265358634405,296591000000.0,82893000000.0,5543000000.0,-94976000000.0,-124265000000.0,286147000000.0,10444000000.0,17608182500000.0,12.562835488557663,0.9518417362761301,296591000000.0,-89433000000.0,-124265000000.0,82893000000.0,82893000000.0,82893000000.0,82893000000.0,357.8,-107.9,-149.9,345.2,12.6,6.7,-114.6,6.3,338.9,False,False,100.0,53.787156177609944,192.5,-58.0,-80.6,185.7,6.8,3.6,-61.6,6.3,179.4,53.9
SGB,Private_3,2023,1171587000000.0,891944000000.0,39004000000.0,-570437000000.0,-268905000000.0,332245000000.0,19967377000000.0,0.0320421292800033,930948000000.0,91606000000.0,240639000000.0,913523000000.0,237006000000.0,-568001000000.0,-250448000000.0,141932000000.0,875318000000.0,38205000000.0,18714226000000.0,0.0352449532262018,17425000000.0,95239000000.0,-2436000000.0,-18457000000.0,98707000000.0,16626000000.0,799000000.0,19340801500000.0,6.47931265930215,-0.3202823946198502,17425000000.0,-20893000000.0,98707000000.0,95239000000.0,95239000000.0,95239000000.0,95239000000.0,18.3,-21.9,103.6,17.5,0.8,-2.6,-19.4,3.2,14.2,False,False,100.0,40.18421474561825,7.4,-8.8,41.6,7.0,0.3,-1.0,-7.8,3.2,3.8,40.2
SGB,Private_3,2024,900869000000.0,704278000000.0,33527000000.0,-630387000000.0,-171138000000.0,99344000000.0,21834544000000.0,0.0232479691721573,737805000000.0,-63720000000.0,163064000000.0,930948000000.0,332245000000.0,-570437000000.0,-268905000000.0,240639000000.0,891944000000.0,39004000000.0,19967377000000.0,0.0320421292800033,-193143000000.0,-232901000000.0,-59950000000.0,97767000000.0,-77575000000.0,-187666000000.0,-5477000000.0,20900960500000.0,8.933402845290292,-0.8794160107846002,-193143000000.0,37817000000.0,-77575000000.0,-232901000000.0,-232901000000.0,-232901000000.0,232901000000.0,-82.9,16.2,-33.3,-80.6,-2.4,-25.7,42.0,4.5,-85.0,False,False,-100.0,-70.09917380246506,-58.1,11.4,-23.3,-56.5,-1.7,-18.0,29.4,4.5,-61.0,-70.0
SHB,Private_2,2018,6741735000000.0,5555902000000.0,713942000000.0,-3222791000000.0,-1425091000000.0,2093853000000.0,216988881000000.0,0.0334835439686387,6269844000000.0,1621962000000.0,471891000000.0,,,,,,,,,,,,,,,,,,,,,,,,,,,,,,,,,,,,False,False,,0.0,,,,,,,,,,
SHB,Private_2,2019,9389036000000.0,7830439000000.0,694106000000.0,-3951732000000.0,-2410964000000.0,3026340000000.0,265161676000000.0,0.0247817399805498,8524545000000.0,2161849000000.0,864491000000.0,6269844000000.0,2093853000000.0,-3222791000000.0,-1425091000000.0,471891000000.0,5555902000000.0,713942000000.0,216988881000000.0,0.0334835439686387,2254701000000.0,932487000000.0,-728941000000.0,-985873000000.0,392600000000.0,2274537000000.0,-19836000000.0,241075278500000.0,19.9824699155123,-0.87018039880889,2254701000000.0,-1714814000000.0,392600000000.0,932487000000.0,932487000000.0,932487000000.0,932487000000.0,241.8,-183.9,42.1,243.9,-2.1,-78.2,-105.7,10.0,233.9,False,False,100.0,44.534501705707136,107.7,-81.9,18.7,108.6,-0.9,-34.8,-47.1,10.0,98.6,44.5
SHB,Private_2,2020,12207411000000.0,9933199000000.0,522749000000.0,-4299189000000.0,-4640222000000.0,3268000000000.0,305637310000000.0,0.0278790332073919,10455948000000.0,1516537000000.0,1751463000000.0,8524545000000.0,3026340000000.0,-3951732000000.0,-2410964000000.0,864491000000.0,7830439000000.0,694106000000.0,265161676000000.0,0.0247817399805498,1931403000000.0,241660000000.0,-347457000000.0,-2229258000000.0,886972000000.0,2102760000000.0,-171357000000.0,285399493000000.0,14.182097373242355,0.30972932268420983,1931403000000.0,-2576715000000.0,886972000000.0,241660000000.0,241660000000.0,241660000000.0,241660000000.0,500.0,-500.0,367.0,500.0,-70.9,-143.8,-500.0,7.1,500.0,False,True,367.0,7.985223074737141,39.9,-39.9,29.3,39.9,-5.7,-11.5,-39.9,7.1,32.8,29.3
SHB,Private_2,2021,18153018000000.0,15570349000000.0,585623000000.0,-4405941000000.0,-7487035000000.0,6260042000000.0,362416124000000.0,0.0367524027935104,16155972000000.0,4262996000000.0,1997046000000.0,10455948000000.0,3268000000000.0,-4299189000000.0,-4640222000000.0,1751463000000.0,9933199000000.0,522749000000.0,305637310000000.0,0.0278790332073919,5700024000000.0,2992042000000.0,-106752000000.0,-2846813000000.0,245583000000.0,5637150000000.0,62874000000.0,334026717000000.0,16.998285200042844,0.88733695861185,5700024000000.0,-2953565000000.0,245583000000.0,2992042000000.0,2992042000000.0,2992042000000.0,2992042000000.0,190.5,-98.7,8.2,188.4,2.1,-3.6,-95.1,8.5,179.9,False,False,100.0,91.55575275397797,174.4,-90.4,7.5,172.5,1.9,-3.3,-87.1,8.5,164.0,91.5
SHB,Private_2,2022,19340982000000.0,17550084000000.0,890554000000.0,-4391593000000.0,-5260021000000.0,9689368000000.0,385633215000000.0,0.036447335394946,18440638000000.0,8789024000000.0,900344000000.0,16155972000000.0,6260042000000.0,-4405941000000.0,-7487035000000.0,1997046000000.0,15570349000000.0,585623000000.0,362416124000000.0,0.0367524027935104,2284666000000.0,3429326000000.0,14348000000.0,2227014000000.0,-1096702000000.0,1979735000000.0,304931000000.0,374024669500000.0,6.20736889655884,-0.030506739856440285,2284666000000.0,2241362000000.0,-1096702000000.0,3429326000000.0,3429326000000.0,3429326000000.0,3429326000000.0,66.6,65.4,-32.0,57.7,8.9,0.4,64.9,3.1,54.6,False,False,100.0,54.78119795362395,36.5,35.8,-17.5,31.6,4.9,0.2,35.6,3.1,28.5,54.8
SHB,Private_2,2023,21328397000000.0,19285353000000.0,544927000000.0,-5051539000000.0,-7037837000000.0,9239021000000.0,438464147000000.0,0.0352598237148955,19830280000000.0,7740904000000.0,1498117000000.0,18440638000000.0,9689368000000.0,-4391593000000.0,-5260021000000.0,900344000000.0,17550084000000.0,890554000000.0,385633215000000.0,0.036447335394946,1389642000000.0,-450347000000.0,-659946000000.0,-1777816000000.0,597773000000.0,1735269000000.0,-345627000000.0,412048681000000.0,12.821526784598541,-0.11875116800504973,1389642000000.0,-2437762000000.0,597773000000.0,-450347000000.0,-450347000000.0,-450347000000.0,450347000000.0,308.6,-500.0,132.7,385.3,-76.7,-146.5,-394.8,6.4,378.9,False,True,-58.7,-4.647847000960228,14.3,-23.2,6.2,17.9,-3.6,-6.8,-18.3,6.4,11.5,-2.7
SHB,Private_2,2024,23572265000000.0,21232119000000.0,1283420000000.0,-5760231000000.0,-6242792000000.0,11569242000000.0,519949991000000.0,0.0326796070243562,22515539000000.0,10512516000000.0,1056726000000.0,19830280000000.0,9239021000000.0,-5051539000000.0,-7037837000000.0,1498117000000.0,19285353000000.0,544927000000.0,438464147000000.0,0.0352598237148955,2685259000000.0,2330221000000.0,-708692000000.0,795045000000.0,-441391000000.0,1946766000000.0,738493000000.0,479207069000000.0,17.004307588793104,-0.25802166905393026,2685259000000.0,86353000000.0,-441391000000.0,2330221000000.0,2330221000000.0,2330221000000.0,2330221000000.0,115.2,3.7,-18.9,83.5,31.7,-30.4,34.1,8.5,75.0,False,False,100.0,25.22151427083021,29.1,0.9,-4.8,21.1,8.0,-7.7,8.6,8.5,12.6,25.2
SOCB,SOCB,2018,112207022000000.0,85576212000000.0,9724068000000.0,-43812056000000.0,-34094602000000.0,34300364000000.0,2485531486000000.0,,95300280000000.0,17393622000000.0,16906742000000.0,,,,,,,,,,,,,,,,,,,,,,,,,,,,,,,,,,,,False,False,,0.0,,,,,,,,,,
SOCB,SOCB,2019,134371007000000.0,103754195000000.0,12628553000000.0,-48809552000000.0,-39925876000000.0,45635579000000.0,2786975821000000.0,0.0283710369317304,116382748000000.0,27647320000000.0,17988259000000.0,95300280000000.0,34300364000000.0,-43812056000000.0,-34094602000000.0,16906742000000.0,85576212000000.0,9724068000000.0,2485531486000000.0,,21082468000000.0,11335215000000.0,-4997496000000.0,-5831274000000.0,1081517000000.0,18177983000000.0,2904485000000.0,2636253653500000.0,11.434572488872229,,21082468000000.0,-10828770000000.0,1081517000000.0,11335215000000.0,11335215000000.0,11335215000000.0,11335215000000.0,186.0,-95.5,9.5,160.4,25.6,-44.1,-51.4,5.7,154.7,False,False,100.0,33.04692335043441,61.5,-31.6,3.1,53.0,8.5,-14.6,-17.0,5.7,47.3,33.0
SOCB,SOCB,2020,144417119000000.0,107663103000000.0,16214614000000.0,-49816558000000.0,-45439908000000.0,49160653000000.0,3069417447000000.0,0.0271226846589178,123877717000000.0,28621251000000.0,20539402000000.0,116382748000000.0,45635579000000.0,-48809552000000.0,-39925876000000.0,17988259000000.0,103754195000000.0,12628553000000.0,2786975821000000.0,0.0283710369317304,7494969000000.0,3525074000000.0,-1007006000000.0,-5514032000000.0,2551143000000.0,3908908000000.0,3586061000000.0,2928196634000000.0,9.645582633369013,-0.12483522728126001,7494969000000.0,-6521038000000.0,2551143000000.0,3525074000000.0,3525074000000.0,3525074000000.0,3525074000000.0,212.6,-185.0,72.4,110.9,101.7,-28.6,-156.4,4.8,106.1,False,False,100.0,7.724398544390112,16.4,-14.3,5.6,8.6,7.9,-2.2,-12.1,4.8,3.8,7.7
SOCB,SOCB,2021,172374000000000.0,131011390000000.0,18981860000000.0,-54225359000000.0,-59623254000000.0,58525387000000.0,3446050365000000.0,0.0301306445874356,149993250000000.0,36144637000000.0,22380750000000.0,123877717000000.0,49160653000000.0,-49816558000000.0,-45439908000000.0,20539402000000.0,107663103000000.0,16214614000000.0,3069417447000000.0,0.0271226846589178,26115533000000.0,9364734000000.0,-4408801000000.0,-14183346000000.0,1841348000000.0,23348287000000.0,2767246000000.0,3257733906000000.0,11.561193420565393,0.30079599285178016,26115533000000.0,-18592147000000.0,1841348000000.0,9364734000000.0,9364734000000.0,9364734000000.0,9364734000000.0,278.9,-198.5,19.7,249.3,29.5,-47.1,-151.5,5.8,243.5,False,False,100.0,19.049246559031673,53.1,-37.8,3.8,47.5,5.6,-9.0,-28.9,5.8,41.7,19.1
SOCB,SOCB,2022,201781955000000.0,157108117000000.0,18349114000000.0,-62815440000000.0,-57642880000000.0,81323635000000.0,3942109673000000.0,0.0308213435383107,175457231000000.0,54998911000000.0,26324724000000.0,149993250000000.0,58525387000000.0,-54225359000000.0,-59623254000000.0,22380750000000.0,131011390000000.0,18981860000000.0,3446050365000000.0,0.0301306445874356,25463981000000.0,22798248000000.0,-8590081000000.0,1980374000000.0,3943974000000.0,26096727000000.0,-632746000000.0,3694080019000000.0,13.428493845520025,0.06906989508750974,25463981000000.0,-6609707000000.0,3943974000000.0,22798248000000.0,22798248000000.0,22798248000000.0,22798248000000.0,111.7,-29.0,17.3,114.5,-2.8,-37.7,8.7,6.7,107.8,False,False,100.0,38.954459199048095,43.5,-11.3,6.7,44.6,-1.1,-14.7,3.4,6.7,37.9,38.9
SOCB,SOCB,2023,211284644000000.0,162713913000000.0,19463322000000.0,-67438996000000.0,-50023532000000.0,93822116000000.0,4521368464000000.0,0.0279337338815357,182177235000000.0,64714707000000.0,29107409000000.0,175457231000000.0,81323635000000.0,-62815440000000.0,-57642880000000.0,26324724000000.0,157108117000000.0,18349114000000.0,3942109673000000.0,0.0308213435383107,6720004000000.0,12498481000000.0,-4623556000000.0,7619348000000.0,2782685000000.0,5605796000000.0,1114208000000.0,4231739068500000.0,13.688433564154664,-0.2887609656774998,6720004000000.0,2995792000000.0,2782685000000.0,12498481000000.0,12498481000000.0,12498481000000.0,12498481000000.0,53.8,24.0,22.3,44.9,8.9,-37.0,61.0,6.8,38.0,False,False,100.0,15.368817441571567,8.3,3.7,3.4,6.9,1.4,-5.7,9.4,6.8,0.1,15.4
SOCB,SOCB,2024,231548045000000.0,175816105000000.0,18906994000000.0,-73540109000000.0,-52023007000000.0,105984929000000.0,5227236033000000.0,0.0266311138802401,194723099000000.0,69159983000000.0,36824946000000.0,182177235000000.0,93822116000000.0,-67438996000000.0,-50023532000000.0,29107409000000.0,162713913000000.0,19463322000000.0,4521368464000000.0,0.0279337338815357,12545864000000.0,12162813000000.0,-6101113000000.0,-1999475000000.0,7717537000000.0,13102192000000.0,-556328000000.0,4874302248500000.0,14.481407451029963,-0.13026200012956,12545864000000.0,-8100588000000.0,7717537000000.0,12162813000000.0,12162813000000.0,12162813000000.0,12162813000000.0,103.1,-66.6,63.5,107.7,-4.6,-50.2,-16.4,7.2,100.5,False,False,100.0,12.963695041795903,13.4,-8.6,8.2,14.0,-0.6,-6.5,-2.1,7.2,6.8,13.0
SSB,Private_3,2020,4583687000000.0,3061716000000.0,356198000000.0,-2177375000000.0,-677376000000.0,1728936000000.0,108869236000000.0,0.0069952785372406,3417914000000.0,563163000000.0,1165773000000.0,,,,,,,,,,,,,,,,,,,,,,,,,,,,,,,,,,,,False,False,,0.0,,,,,,,,,,
SSB,Private_3,2021,7035790000000.0,5186093000000.0,1145887000000.0,-2529414000000.0,-1237838000000.0,3268538000000.0,127588159000000.0,0.0274508067973499,6331980000000.0,2564728000000.0,703810000000.0,3417914000000.0,1728936000000.0,-2177375000000.0,-677376000000.0,1165773000000.0,3061716000000.0,356198000000.0,108869236000000.0,0.0069952785372406,2914066000000.0,1539602000000.0,-352039000000.0,-560462000000.0,-461963000000.0,2124377000000.0,789689000000.0,118228697500000.0,15.832808273981028,2.04555282601093,2914066000000.0,-912501000000.0,-461963000000.0,1539602000000.0,1539602000000.0,1539602000000.0,1539602000000.0,189.3,-59.3,-30.0,138.0,51.3,-22.9,-36.4,7.9,130.1,False,False,100.0,89.04910303215388,168.6,-52.8,-26.7,122.9,45.7,-20.4,-32.4,7.9,115.0,89.1
SSB,Private_3,2022,9647247000000.0,7005927000000.0,1367317000000.0,-3403523000000.0,-1174738000000.0,5068986000000.0,153955992000000.0,0.0328577220741609,8373244000000.0,3794983000000.0,1274003000000.0,6331980000000.0,3268538000000.0,-2529414000000.0,-1237838000000.0,703810000000.0,5186093000000.0,1145887000000.0,127588159000000.0,0.0274508067973499,2041264000000.0,1800448000000.0,-874109000000.0,63100000000.0,570193000000.0,1819834000000.0,221430000000.0,140772075500000.0,18.730868964136285,0.5406915276811,2041264000000.0,-811009000000.0,570193000000.0,1800448000000.0,1800448000000.0,1800448000000.0,1800448000000.0,113.4,-45.0,31.7,101.1,12.3,-48.5,3.5,9.4,91.7,False,False,100.0,55.08419972476991,62.5,-24.8,17.5,55.7,6.8,-26.7,1.9,9.4,46.3,55.2
SSB,Private_3,2023,9423991000000.0,7070719000000.0,1307857000000.0,-3607148000000.0,-1200285000000.0,4616558000000.0,179751893000000.0,0.029740474436959,8378576000000.0,3571143000000.0,1045415000000.0,8373244000000.0,5068986000000.0,-3403523000000.0,-1174738000000.0,1274003000000.0,7005927000000.0,1367317000000.0,153955992000000.0,0.0328577220741609,5332000000.0,-452428000000.0,-203625000000.0,-25547000000.0,-228588000000.0,64792000000.0,-59460000000.0,166853942500000.0,15.460168704134755,-0.31172476372018987,5332000000.0,-229172000000.0,-228588000000.0,-452428000000.0,-452428000000.0,-452428000000.0,452428000000.0,1.2,-50.7,-50.5,14.3,-13.1,-45.0,-5.6,7.7,6.6,False,False,-100.0,-8.925414274176333,0.1,-4.5,-4.5,1.3,-1.2,-4.0,-0.5,7.7,-6.4,-8.9
SSB,Private_3,2024,12408999000000.0,9966410000000.0,1111695000000.0,-4130218000000.0,-2239382000000.0,6039399000000.0,209354643000000.0,0.0347419188944679,11078105000000.0,4708505000000.0,1330894000000.0,8378576000000.0,4616558000000.0,-3607148000000.0,-1200285000000.0,1045415000000.0,7070719000000.0,1307857000000.0,179751893000000.0,0.029740474436959,2699529000000.0,1422841000000.0,-523070000000.0,-1039097000000.0,285479000000.0,2895691000000.0,-196162000000.0,194553268000000.0,15.215755717863347,0.5001444457508899,2699529000000.0,-1562167000000.0,285479000000.0,1422841000000.0,1422841000000.0,1422841000000.0,1422841000000.0,189.7,-109.8,20.1,203.5,-13.8,-36.8,-73.0,7.6,195.9,False,False,100.0,30.820386097174563,58.5,-33.8,6.2,62.7,-4.3,-11.3,-22.5,7.6,55.1,30.9
STB,Private_1,2018,11676935000000.0,7633794000000.0,2682144000000.0,-7837830000000.0,-1592114000000.0,2246991000000.0,256622753000000.0,0.0228017928553224,10315938000000.0,885994000000.0,1360997000000.0,,,,,,,,,,,,,,,,,,,,,,,,,,,,,,,,,,,,False,False,,0.0,,,,,,,,,,
STB,Private_1,2019,14635338000000.0,9180688000000.0,3322990000000.0,-9265703000000.0,-2152889000000.0,3216746000000.0,296029774000000.0,0.024414036074686,12503678000000.0,1085086000000.0,2131660000000.0,10315938000000.0,2246991000000.0,-7837830000000.0,-1592114000000.0,1360997000000.0,7633794000000.0,2682144000000.0,256622753000000.0,0.0228017928553224,2187740000000.0,969755000000.0,-1427873000000.0,-560775000000.0,770663000000.0,1546894000000.0,640846000000.0,276326263500000.0,14.261047973096483,0.16122432193635994,2187740000000.0,-1988648000000.0,770663000000.0,969755000000.0,969755000000.0,969755000000.0,969755000000.0,225.6,-205.1,79.5,159.5,66.1,-147.2,-57.8,7.1,152.4,False,False,100.0,43.15793877234043,97.4,-88.5,34.3,68.8,28.5,-63.5,-24.9,7.1,61.7,43.2
STB,Private_1,2020,17270869000000.0,11526554000000.0,3744015000000.0,-10894615000000.0,-3036974000000.0,3339280000000.0,340268127000000.0,0.0270949627629064,15270569000000.0,1338980000000.0,2000300000000.0,12503678000000.0,3216746000000.0,-9265703000000.0,-2152889000000.0,2131660000000.0,9180688000000.0,3322990000000.0,296029774000000.0,0.024414036074686,2766891000000.0,122534000000.0,-1628912000000.0,-884085000000.0,-131360000000.0,2345866000000.0,421025000000.0,318148950500000.0,13.904918727682555,0.2680926688220401,2766891000000.0,-2512997000000.0,-131360000000.0,122534000000.0,122534000000.0,122534000000.0,122534000000.0,500.0,-500.0,-107.2,500.0,343.6,-500.0,-500.0,7.0,500.0,False,True,-107.2,3.809253201838131,19.0,-19.0,-4.1,19.0,13.1,-19.0,-19.0,7.0,12.0,-4.1
STB,Private_1,2021,17704317000000.0,11964487000000.0,4342519000000.0,-9749916000000.0,-3554375000000.0,4400026000000.0,387929596000000.0,0.0256470917583265,16307006000000.0,3002715000000.0,1397311000000.0,15270569000000.0,3339280000000.0,-10894615000000.0,-3036974000000.0,2000300000000.0,11526554000000.0,3744015000000.0,340268127000000.0,0.0270949627629064,1036437000000.0,1060746000000.0,1144699000000.0,-517401000000.0,-602989000000.0,437933000000.0,598504000000.0,364098861500000.0,13.090254883974692,-0.14478710045799023,1036437000000.0,627298000000.0,-602989000000.0,1060746000000.0,1060746000000.0,1060746000000.0,1060746000000.0,97.7,59.1,-56.8,41.3,56.4,107.9,-48.8,6.5,34.7,False,False,100.0,31.76570997340744,31.0,18.8,-18.0,13.1,17.9,34.3,-15.5,6.5,6.6,31.8
STB,Private_1,2022,26141290000000.0,17147134000000.0,5194080000000.0,-10920717000000.0,-8881501000000.0,6339072000000.0,438627777000000.0,0.0328420640803803,22341214000000.0,2538996000000.0,3800076000000.0,16307006000000.0,4400026000000.0,-9749916000000.0,-3554375000000.0,1397311000000.0,11964487000000.0,4342519000000.0,387929596000000.0,0.0256470917583265,6034208000000.0,1939046000000.0,-1170801000000.0,-5327126000000.0,2402765000000.0,5182647000000.0,851561000000.0,413278686500000.0,12.26731081376489,0.7194972322053798,6034208000000.0,-6497927000000.0,2402765000000.0,1939046000000.0,1939046000000.0,1939046000000.0,1939046000000.0,311.2,-335.1,123.9,267.3,43.9,-60.4,-274.7,6.1,261.1,False,False,100.0,44.0689668651958,137.1,-147.7,54.6,117.8,19.3,-26.6,-121.1,6.1,111.7,44.0
STB,Private_1,2023,26173011000000.0,22072333000000.0,2617903000000.0,-12889906000000.0,-3688105000000.0,9595000000000.0,482731122000000.0,0.036942873970352,24690236000000.0,8112225000000.0,1482775000000.0,22341214000000.0,6339072000000.0,-10920717000000.0,-8881501000000.0,3800076000000.0,17147134000000.0,5194080000000.0,438627777000000.0,0.0328420640803803,2349022000000.0,3255928000000.0,-1969189000000.0,5193396000000.0,-2317301000000.0,4925199000000.0,-2576177000000.0,460679449500000.0,9.573542958746632,0.41008098899717044,2349022000000.0,3224207000000.0,-2317301000000.0,3255928000000.0,3255928000000.0,3255928000000.0,3255928000000.0,72.1,99.0,-71.2,151.3,-79.1,-60.5,159.5,4.8,146.5,False,False,100.0,51.36284932557952,37.0,50.8,-36.6,77.7,-40.6,-31.1,81.9,4.8,72.9,51.2
STB,Private_1,2024,28677118000000.0,24531698000000.0,2978425000000.0,-13982389000000.0,-1974364000000.0,12720365000000.0,539314658000000.0,0.0355716981273453,27510123000000.0,11553370000000.0,1166995000000.0,24690236000000.0,9595000000000.0,-12889906000000.0,-3688105000000.0,1482775000000.0,22072333000000.0,2617903000000.0,482731122000000.0,0.036942873970352,2819887000000.0,3125365000000.0,-1092483000000.0,1713741000000.0,-315780000000.0,2459365000000.0,360522000000.0,511022890000000.0,11.07260302958249,-0.13711758430067014,2819887000000.0,621258000000.0,-315780000000.0,3125365000000.0,3125365000000.0,3125365000000.0,3125365000000.0,90.2,19.9,-10.1,78.7,11.5,-35.0,54.8,5.5,73.2,False,False,100.0,32.572850442939036,29.4,6.5,-3.3,25.6,3.7,-11.4,17.8,5.5,20.1,32.6
Sector,Sector,2018,257823922000000.0,195184822000000.0,25100994000000.0,-111143651000000.0,-59254707000000.0,87425564000000.0,4592667747000000.0,0.0251393006972942,220285816000000.0,49887458000000.0,37538106000000.0,,,,,,,,,,,,,,,,,,,,,,,,,,,,,,,,,,,,False,False,,0.0,,,,,,,,,,
Sector,Sector,2019,310744201000000.0,238562527000000.0,33092889000000.0,-127256481000000.0,-70424788000000.0,113062932000000.0,5320943214000000.0,0.033753988804795,271655416000000.0,73974147000000.0,39088785000000.0,220285816000000.0,87425564000000.0,-111143651000000.0,-59254707000000.0,37538106000000.0,195184822000000.0,25100994000000.0,4592667747000000.0,0.0251393006972942,51369600000000.0,25637368000000.0,-16112830000000.0,-11170081000000.0,1550679000000.0,43377705000000.0,7991895000000.0,4956805480500000.0,14.692435881638385,0.8614688107500799,51369600000000.0,-27282911000000.0,1550679000000.0,25637368000000.0,25637368000000.0,25637368000000.0,25637368000000.0,200.4,-106.4,6.0,169.2,31.2,-62.8,-43.6,7.3,161.9,False,False,100.0,29.32479566274231,58.8,-31.2,1.8,49.6,9.1,-18.4,-12.8,7.3,42.3,29.4
Sector,Sector,2020,370769449301689.0,279279873211277.0,41373989577917.0,-143390146738952.0,-89634008164857.0,137745294397880.0,6360832455280233.0,0.0217016789379759,320653862789194.0,87629707885385.0,50115586512495.0,271655416000000.0,113062932000000.0,-127256481000000.0,-70424788000000.0,39088785000000.0,238562527000000.0,33092889000000.0,5320943214000000.0,0.033753988804795,48998446789194.0,24682362397880.0,-16133665738952.0,-19209220164857.0,11026801512495.0,40717346211277.0,8281100577917.0,5840887834640116.0,17.803616003598627,-1.20523098668191,48998446789194.0,-35342885903809.0,11026801512495.0,24682362397880.0,24682362397880.0,24682362397880.0,24682362397880.0,198.5,-143.2,44.7,165.0,33.6,-65.4,-77.8,8.9,156.1,False,False,100.0,21.830640654073964,43.3,-31.3,9.8,36.0,7.3,-14.3,-17.0,8.9,27.1,21.8
Sector,Sector,2021,461598681298404.0,349341318380182.0,55264501635866.0,-155485959421210.0,-121607794587306.0,184504927289888.0,7373738735548096.0,,404605820016048.0,127512066007532.0,56992861282356.0,320653862789194.0,137745294397880.0,-143390146738952.0,-89634008164857.0,50115586512495.0,279279873211277.0,41373989577917.0,6360832455280233.0,0.0217016789379759,83951957226854.0,46759632892008.0,-12095812682258.0,-31973786422449.0,6877274769861.0,70061445168905.0,13890512057949.0,6867285595414164.0,14.749732863072735,,83951957226854.0,-44069599104707.0,6877274769861.0,46759632892008.0,46759632892008.0,46759632892008.0,46759632892008.0,179.5,-94.2,14.7,149.8,29.7,-25.9,-68.4,7.4,142.5,False,False,100.0,33.946446661867,60.9,-32.0,5.0,50.9,10.1,-8.8,-23.2,7.4,43.5,33.9
Sector,Sector,2022,553161859475450.0,429240805964289.0,62747478286232.0,-186264399591936.0,-120481718221186.0,246415741662328.0,8553933648866474.0,0.0378449699417578,491988284250521.0,185242166437399.0,61173575224929.0,404605820016048.0,184504927289888.0,-155485959421210.0,-121607794587306.0,56992861282356.0,349341318380182.0,55264501635866.0,7373738735548096.0,,87382464234473.0,61910814372440.0,-30778440170726.0,1126076366120.0,4180713942573.0,79899487584107.0,7482976650366.0,7963836192207285.0,14.819427281455308,,87382464234473.0,-29652363804606.0,4180713942573.0,61910814372440.0,61910814372440.0,61910814372440.0,61910814372440.0,141.1,-47.9,6.8,129.1,12.1,-49.7,1.8,7.4,121.6,False,False,100.0,33.55510082132809,47.3,-16.1,2.3,43.3,4.1,-16.7,0.6,7.4,35.9,33.5
Sector,Sector,2023,575102703200205.0,446858656887602.0,63522549019185.0,-197217442695411.0,-123614105990369.0,254271154514425.0,1.0076087154910224e+16,0.0339036966629475,510381205906787.0,189549657221007.0,64721497293418.0,491988284250521.0,246415741662328.0,-186264399591936.0,-120481718221186.0,61173575224929.0,429240805964289.0,62747478286232.0,8553933648866474.0,0.0378449699417578,18392921656266.0,7855412852097.0,-10953043103475.0,-3132387769183.0,3547922068489.0,17617850923313.0,775070732953.0,9315010401888348.0,16.34086748561416,-0.39412732788103033,18392921656266.0,-14085430872658.0,3547922068489.0,7855412852097.0,7855412852097.0,7855412852097.0,7855412852097.0,234.1,-179.3,45.2,224.3,9.9,-139.4,-39.9,8.2,216.1,False,False,100.0,3.1878697355551022,7.5,-5.7,1.4,7.2,0.3,-4.4,-1.3,8.2,-1.0,3.2
Sector,Sector,2024,652389665502175.0,512719060960358.0,61294451715413.0,-218579527652777.0,-133138740326245.0,300671397523153.0,1.1898929435754836e+16,0.033086585090078,574013512675771.0,222295244696749.0,78376152826404.0,510381205906787.0,254271154514425.0,-197217442695411.0,-123614105990369.0,64721497293418.0,446858656887602.0,63522549019185.0,1.0076087154910224e+16,0.0339036966629475,63632306768984.0,46400243008728.0,-21362084957366.0,-9524634335876.0,13654655532986.0,65860404072756.0,-2228097303772.0,1.098750829533253e+16,16.590133375543857,-0.08171115728694972,63632306768984.0,-30886719293242.0,13654655532986.0,46400243008728.0,46400243008728.0,46400243008728.0,46400243008728.0,137.1,-66.6,29.4,141.9,-4.8,-46.0,-20.5,8.3,133.6,False,False,100.0,18.248331430805564,25.0,-12.2,5.4,25.9,-0.9,-8.4,-3.7,8.3,17.6,18.2
TCB,Private_1,2018,18349768000000.0,11389939000000.0,3272580000000.0,-5842507000000.0,-1846245000000.0,10661016000000.0,159939217000000.0,0.0188587904431535,14662519000000.0,6973767000000.0,3687249000000.0,,,,,,,,,,,,,,,,,,,,,,,,,,,,,,,,,,,,False,False,,0.0,,,,,,,,,,
TCB,Private_1,2019,21068145000000.0,14257844000000.0,3253353000000.0,-7312509000000.0,-917368000000.0,12838268000000.0,230802027000000.0,0.0432777067016752,17511197000000.0,9281320000000.0,3556948000000.0,14662519000000.0,10661016000000.0,-5842507000000.0,-1846245000000.0,3687249000000.0,11389939000000.0,3272580000000.0,159939217000000.0,0.0188587904431535,2848678000000.0,2177252000000.0,-1470002000000.0,928877000000.0,-130301000000.0,2867905000000.0,-19227000000.0,195370622000000.0,36.270965037926736,2.44189162585217,2848678000000.0,-541125000000.0,-130301000000.0,2177252000000.0,2177252000000.0,2177252000000.0,2177252000000.0,130.8,-24.9,-6.0,131.7,-0.9,-67.5,42.7,18.1,113.6,False,False,100.0,20.422556349226003,26.7,-5.1,-1.2,26.9,-0.2,-13.8,8.7,18.1,8.8,20.4
TCB,Private_1,2020,27042526000000.0,18751209000000.0,4188778000000.0,-8631195000000.0,-2611035000000.0,15800296000000.0,277524615000000.0,0.0488080869905394,22939987000000.0,11697757000000.0,4102539000000.0,17511197000000.0,12838268000000.0,-7312509000000.0,-917368000000.0,3556948000000.0,14257844000000.0,3253353000000.0,230802027000000.0,0.0432777067016752,5428790000000.0,2962028000000.0,-1318686000000.0,-1693667000000.0,545591000000.0,4493365000000.0,935425000000.0,254163321000000.0,18.382899553000414,0.5530380288864198,5428790000000.0,-3012353000000.0,545591000000.0,2962028000000.0,2962028000000.0,2962028000000.0,2962028000000.0,183.3,-101.7,18.4,151.7,31.6,-44.5,-57.2,9.2,142.5,False,False,100.0,23.07186608037782,42.3,-23.5,4.2,35.0,7.3,-10.3,-13.2,9.2,25.8,23.0
TCB,Private_1,2021,37076291000000.0,26698613000000.0,6382240000000.0,-11173395000000.0,-2664603000000.0,23238293000000.0,347341244000000.0,0.0570341418576498,33080853000000.0,19242855000000.0,3995438000000.0,22939987000000.0,15800296000000.0,-8631195000000.0,-2611035000000.0,4102539000000.0,18751209000000.0,4188778000000.0,277524615000000.0,0.0488080869905394,10140866000000.0,7437997000000.0,-2542200000000.0,-53568000000.0,-107101000000.0,7947404000000.0,2193462000000.0,312432929500000.0,22.346117328839373,0.8226054867110401,10140866000000.0,-2595768000000.0,-107101000000.0,7437997000000.0,7437997000000.0,7437997000000.0,7437997000000.0,136.3,-34.9,-1.4,106.8,29.5,-34.2,-0.7,11.2,95.7,False,False,100.0,47.075048467446436,64.2,-16.4,-0.7,50.3,13.9,-16.1,-0.3,11.2,39.1,47.1
TCB,Private_1,2022,40527191000000.0,30289775000000.0,8152605000000.0,-13023129000000.0,-1936294000000.0,25567768000000.0,420523705000000.0,0.0528458271600354,38442380000000.0,23482957000000.0,2084811000000.0,33080853000000.0,23238293000000.0,-11173395000000.0,-2664603000000.0,3995438000000.0,26698613000000.0,6382240000000.0,347341244000000.0,0.0570341418576498,5361527000000.0,2329475000000.0,-1849734000000.0,728309000000.0,-1910627000000.0,3591162000000.0,1770365000000.0,383932474500000.0,19.061284434276217,-0.41883146976144026,5361527000000.0,-1121425000000.0,-1910627000000.0,2329475000000.0,2329475000000.0,2329475000000.0,2329475000000.0,230.2,-48.1,-82.0,154.2,76.0,-79.4,31.3,9.5,144.6,False,False,100.0,10.024294813736963,23.1,-4.8,-8.2,15.5,7.6,-8.0,3.1,9.5,6.0,10.1
TCB,Private_1,2023,40061092000000.0,27691120000000.0,8714897000000.0,-13251796000000.0,-3921068000000.0,22888228000000.0,518641568000000.0,0.0401347840535133,36406017000000.0,19233153000000.0,3655075000000.0,38442380000000.0,25567768000000.0,-13023129000000.0,-1936294000000.0,2084811000000.0,30289775000000.0,8152605000000.0,420523705000000.0,0.0528458271600354,-2036363000000.0,-2679540000000.0,-228667000000.0,-1984774000000.0,1570264000000.0,-2598655000000.0,562292000000.0,469582636500000.0,20.89469570921837,-1.2711043106522102,-2036363000000.0,-2213441000000.0,1570264000000.0,-2679540000000.0,-2679540000000.0,-2679540000000.0,2679540000000.0,-76.0,-82.6,58.6,-97.0,21.0,-8.5,-74.1,10.4,-107.4,False,False,-100.0,-10.480148286702226,-8.0,-8.7,6.1,-10.2,2.2,-0.9,-7.8,10.4,-20.6,-10.6
TCB,Private_1,2024,46990397000000.0,35507963000000.0,8042248000000.0,-15369735000000.0,-4082294000000.0,27538368000000.0,631724964000000.0,0.0420479609562984,43550211000000.0,24098182000000.0,3440186000000.0,36406017000000.0,22888228000000.0,-13251796000000.0,-3921068000000.0,3655075000000.0,27691120000000.0,8714897000000.0,518641568000000.0,0.0401347840535133,7144194000000.0,4650140000000.0,-2117939000000.0,-161226000000.0,-214889000000.0,7816843000000.0,-672649000000.0,575183266000000.0,19.66041133053408,0.19131769027850992,7144194000000.0,-2279165000000.0,-214889000000.0,4650140000000.0,4650140000000.0,4650140000000.0,4650140000000.0,153.6,-49.0,-4.6,168.1,-14.5,-45.5,-3.5,9.8,158.3,False,False,100.0,20.316732252055512,31.2,-10.0,-0.9,34.2,-2.9,-9.2,-0.7,9.8,24.4,20.3
TPB,Private_2,2018,5626800000000.0,4377777000000.0,676185000000.0,-2846688000000.0,-522332000000.0,2257780000000.0,77185148000000.0,0.0063678864655702,5053962000000.0,1684942000000.0,572838000000.0,,,,,,,,,,,,,,,,,,,,,,,,,,,,,,,,,,,,False,False,,0.0,,,,,,,,,,
TPB,Private_2,2019,8469463000000.0,5633322000000.0,1173945000000.0,-3303325000000.0,-1297949000000.0,3868189000000.0,95643700000000.0,0.0407329398716244,6807267000000.0,2205993000000.0,1662196000000.0,5053962000000.0,2257780000000.0,-2846688000000.0,-522332000000.0,572838000000.0,4377777000000.0,676185000000.0,77185148000000.0,0.0063678864655702,1753305000000.0,1610409000000.0,-456637000000.0,-775617000000.0,1089358000000.0,1255545000000.0,497760000000.0,86414424000000.0,21.360498798209893,3.43650534060542,1753305000000.0,-1232254000000.0,1089358000000.0,1610409000000.0,1610409000000.0,1610409000000.0,1610409000000.0,108.9,-76.5,67.6,78.0,30.9,-28.4,-48.2,10.7,67.3,False,False,100.0,71.3271000717519,77.7,-54.6,48.2,55.6,22.0,-20.3,-34.4,10.7,44.9,71.3
TPB,Private_2,2020,10369189000000.0,7619057000000.0,937033000000.0,-4197293000000.0,-1783373000000.0,4388523000000.0,119990991000000.0,0.0444578617735594,8556090000000.0,2575424000000.0,1813099000000.0,6807267000000.0,3868189000000.0,-3303325000000.0,-1297949000000.0,1662196000000.0,5633322000000.0,1173945000000.0,95643700000000.0,0.0407329398716244,1748823000000.0,520334000000.0,-893968000000.0,-485424000000.0,150903000000.0,1985735000000.0,-236912000000.0,107817345500000.0,22.58197963146848,0.3724921901934998,1748823000000.0,-1379392000000.0,150903000000.0,520334000000.0,520334000000.0,520334000000.0,520334000000.0,336.1,-265.1,29.0,381.6,-45.5,-171.8,-93.3,11.3,370.3,False,False,100.0,13.451617798406437,45.2,-35.7,3.9,51.3,-6.1,-23.1,-12.6,11.3,40.0,13.4
TPB,Private_2,2021,13517408000000.0,9946049000000.0,1542466000000.0,-4570696000000.0,-2908490000000.0,6038222000000.0,141227857000000.0,0.0429765506537479,11488515000000.0,4009329000000.0,2028893000000.0,8556090000000.0,4388523000000.0,-4197293000000.0,-1783373000000.0,1813099000000.0,7619057000000.0,937033000000.0,119990991000000.0,0.0444578617735594,2932425000000.0,1649699000000.0,-373403000000.0,-1125117000000.0,215794000000.0,2326992000000.0,605433000000.0,130609424000000.0,16.259826702857218,-0.14813111198115,2932425000000.0,-1498520000000.0,215794000000.0,1649699000000.0,1649699000000.0,1649699000000.0,1649699000000.0,177.8,-90.8,13.1,141.1,36.7,-22.6,-68.2,8.1,132.9,False,False,100.0,37.591212350943586,66.8,-34.1,4.9,53.0,13.8,-8.5,-25.6,8.1,44.9,37.6
TPB,Private_2,2022,15617189000000.0,11386597000000.0,2691980000000.0,-5945257000000.0,-1843644000000.0,7828288000000.0,160992963000000.0,0.0397533737274769,14078577000000.0,6289676000000.0,1538612000000.0,11488515000000.0,6038222000000.0,-4570696000000.0,-2908490000000.0,2028893000000.0,9946049000000.0,1542466000000.0,141227857000000.0,0.0429765506537479,2590062000000.0,1790066000000.0,-1374561000000.0,1064846000000.0,-490281000000.0,1440548000000.0,1149514000000.0,151110410000000.0,13.079910245760038,-0.32231769262709986,2590062000000.0,-309715000000.0,-490281000000.0,1790066000000.0,1790066000000.0,1790066000000.0,1790066000000.0,144.7,-17.3,-27.4,80.5,64.2,-76.8,59.5,6.5,73.9,False,False,100.0,29.645581099866813,42.9,-5.1,-8.1,23.9,19.0,-22.8,17.6,6.5,17.4,29.7
TPB,Private_2,2023,16236757000000.0,12427828000000.0,2279248000000.0,-6701533000000.0,-3946265000000.0,5588959000000.0,205262092000000.0,0.0392384339085886,14707076000000.0,4059278000000.0,1529681000000.0,14078577000000.0,7828288000000.0,-5945257000000.0,-1843644000000.0,1538612000000.0,11386597000000.0,2691980000000.0,160992963000000.0,0.0397533737274769,628499000000.0,-2239329000000.0,-756276000000.0,-2102621000000.0,-8931000000.0,1041231000000.0,-412732000000.0,183127527500000.0,24.173934746102002,-0.05149398188882964,628499000000.0,-2858897000000.0,-8931000000.0,-2239329000000.0,-2239329000000.0,-2239329000000.0,2239329000000.0,28.1,-127.7,-0.4,46.5,-18.4,-33.8,-93.9,12.1,34.4,False,False,-100.0,-28.605603166362815,8.0,-36.5,-0.1,13.3,-5.3,-9.7,-26.9,12.1,1.2,-28.6
TPB,Private_2,2024,18038267000000.0,12906656000000.0,3363610000000.0,-6278857000000.0,-4159212000000.0,7600198000000.0,250331368000000.0,0.0350588558113456,16270266000000.0,5832197000000.0,1768001000000.0,14707076000000.0,5588959000000.0,-6701533000000.0,-3946265000000.0,1529681000000.0,12427828000000.0,2279248000000.0,205262092000000.0,0.0392384339085886,1563190000000.0,2011239000000.0,422676000000.0,-212947000000.0,238320000000.0,478828000000.0,1084362000000.0,227796730000000.0,19.784865217336524,-0.4179578097243002,1563190000000.0,209729000000.0,238320000000.0,2011239000000.0,2011239000000.0,2011239000000.0,2011239000000.0,77.7,10.4,11.8,23.8,53.9,21.0,-10.6,9.9,13.9,False,False,100.0,35.98593226395112,28.0,3.7,4.2,8.6,19.4,7.6,-3.8,9.9,-1.3,35.9
VAB,Private_3,2021,1973855255313.0,1551307386645.0,40814909584.0,-661502856039.0,-472641071655.0,839711327619.0,54458731509641.0,0.0048183560404247,1592122296229.0,457978368535.0,381732959084.0,,,,,,,,,,,,,,,,,,,,,,,,,,,,,,,,,,,,False,False,,0.0,,,,,,,,,,
VAB,Private_3,2022,1985748977185.0,1489536923112.0,72798979767.0,-816418234131.0,-61492728801.0,1107838014253.0,62508119103848.0,0.0163134910550843,1562335902879.0,684424939947.0,423413074306.0,1592122296229.0,839711327619.0,-661502856039.0,-472641071655.0,381732959084.0,1551307386645.0,40814909584.0,54458731509641.0,0.0048183560404247,-29786393350.0,268126686634.0,-154915378092.0,411148342854.0,41680115222.0,-61770463533.0,31984070183.0,58483425306744.5,13.763536509683059,1.14951350146596,-29786393350.0,256232964762.0,41680115222.0,268126686634.0,268126686634.0,268126686634.0,268126686634.0,-11.1,95.6,15.5,-23.0,11.9,-57.8,153.3,6.9,-29.9,False,False,100.0,31.93081691469767,-3.5,30.5,4.9,-7.3,3.8,-18.5,48.9,6.9,-14.2,31.9
VAB,Private_3,2023,2513009641163.0,1809543628728.0,76586075240.0,-909264656851.0,-686831625146.0,916913359166.0,69059040694653.0,0.0185790400494228,1886129703968.0,290033421971.0,626879937195.0,1562335902879.0,1107838014253.0,-816418234131.0,-61492728801.0,423413074306.0,1489536923112.0,72798979767.0,62508119103848.0,0.0163134910550843,323793801089.0,-190924655087.0,-92846422720.0,-625338896345.0,203466862889.0,320006705616.0,3787095473.0,65783579899250.5,9.958292936988121,0.22655489943384996,323793801089.0,-718185319065.0,203466862889.0,-190924655087.0,-190924655087.0,-190924655087.0,190924655087.0,169.6,-376.2,106.6,167.6,2.0,-48.6,-327.5,5.0,162.6,False,False,-100.0,-17.23398661452666,29.2,-64.8,18.4,28.9,0.3,-8.4,-56.4,5.0,23.9,-17.2
VAB,Private_3,2024,2661948590057.0,2327701288865.0,128629255624.0,-1021123000621.0,-555164005464.0,1085661583972.0,79915536116174.0,0.021786656497156,2456330544489.0,880043538404.0,205618045568.0,1886129703968.0,916913359166.0,-909264656851.0,-686831625146.0,626879937195.0,1809543628728.0,76586075240.0,69059040694653.0,0.0185790400494228,570200840521.0,168748224806.0,-111858343770.0,131667619682.0,-421261891627.0,518157660137.0,52043180384.0,74487288405413.5,14.574963935365895,0.32076164477331975,570200840521.0,19809275912.0,-421261891627.0,168748224806.0,168748224806.0,168748224806.0,168748224806.0,337.9,11.7,-249.6,307.1,30.8,-66.3,78.0,7.3,299.8,False,False,100.0,18.40394439879128,62.2,2.2,-45.9,56.5,5.7,-12.2,14.4,7.3,49.2,18.5
VBB,Private_3,2018,1353149000000.0,1044458000000.0,15177000000.0,-872878000000.0,-79279000000.0,400992000000.0,35495274000000.0,0.0129863904108014,1059635000000.0,107478000000.0,293514000000.0,,,,,,,,,,,,,,,,,,,,,,,,,,,,,,,,,,,,False,False,,0.0,,,,,,,,,,
VBB,Private_3,2019,1743927000000.0,1215929000000.0,48291000000.0,-1076884000000.0,-54069000000.0,612974000000.0,40918793000000.0,0.0221188694887759,1264220000000.0,133267000000.0,479707000000.0,1059635000000.0,400992000000.0,-872878000000.0,-79279000000.0,293514000000.0,1044458000000.0,15177000000.0,35495274000000.0,0.0129863904108014,204585000000.0,211982000000.0,-204006000000.0,25210000000.0,186193000000.0,171471000000.0,33114000000.0,38207033500000.0,14.195080076028411,0.91324790779745,204585000000.0,-178796000000.0,186193000000.0,211982000000.0,211982000000.0,211982000000.0,211982000000.0,96.5,-84.3,87.8,80.9,15.6,-96.2,11.9,7.1,73.8,False,False,100.0,52.86439629718299,51.0,-44.6,46.4,42.8,8.2,-50.9,6.3,7.1,35.7,52.8
VBB,Private_3,2020,1680593000000.0,569759000000.0,62505000000.0,-1252588000000.0,-47947000000.0,380058000000.0,44801916000000.0,0.0076317306313687,632264000000.0,-668271000000.0,1048329000000.0,1264220000000.0,612974000000.0,-1076884000000.0,-54069000000.0,479707000000.0,1215929000000.0,48291000000.0,40918793000000.0,0.0221188694887759,-631956000000.0,-232916000000.0,-175704000000.0,6122000000.0,568622000000.0,-646170000000.0,14214000000.0,42860354500000.0,9.059941396424987,-1.44871388574072,-631956000000.0,-169582000000.0,568622000000.0,-232916000000.0,-232916000000.0,-232916000000.0,232916000000.0,-271.3,-72.8,244.1,-277.4,6.1,-75.4,2.6,4.5,-282.0,False,False,-100.0,-37.997696476522655,-103.1,-27.7,92.8,-105.4,2.3,-28.7,1.0,4.5,-109.9,-38.0
VBB,Private_3,2021,2257681000000.0,1486208000000.0,94808000000.0,-1142313000000.0,-479586000000.0,635782000000.0,50530156000000.0,0.0159669400387903,1581016000000.0,-40883000000.0,676665000000.0,632264000000.0,380058000000.0,-1252588000000.0,-47947000000.0,1048329000000.0,569759000000.0,62505000000.0,44801916000000.0,0.0076317306313687,948752000000.0,255724000000.0,110275000000.0,-431639000000.0,-371664000000.0,916449000000.0,32303000000.0,47666036000000.0,12.01744571333769,0.83352094074216,948752000000.0,-321364000000.0,-371664000000.0,255724000000.0,255724000000.0,255724000000.0,255724000000.0,371.0,-125.7,-145.3,358.4,12.6,43.1,-168.8,6.0,352.4,False,False,100.0,67.28551957859064,249.6,-84.6,-97.8,241.2,8.5,29.0,-113.6,6.0,235.2,67.2
VBB,Private_3,2022,2324570000000.0,1810880000000.0,121714000000.0,-1367537000000.0,-300921000000.0,656112000000.0,63632966000000.0,0.0176315614998875,1932594000000.0,264136000000.0,391976000000.0,1581016000000.0,635782000000.0,-1142313000000.0,-479586000000.0,676665000000.0,1486208000000.0,94808000000.0,50530156000000.0,0.0159669400387903,351578000000.0,20330000000.0,-225224000000.0,178665000000.0,-284689000000.0,324672000000.0,26906000000.0,57081561000000.0,22.954540433818902,0.16646214610972002,351578000000.0,-46559000000.0,-284689000000.0,20330000000.0,20330000000.0,50000000000.0,50000000000.0,-537.0,100.0,537.0,-537.0,-57.8,483.7,-383.7,-12.3,-537.0,True,True,100.0,3.1976369258645256,-17.2,3.2,17.2,-17.2,-1.8,15.5,-12.3,11.5,-28.7,3.2
VBB,Private_3,2023,2396836000000.0,1999898000000.0,103348000000.0,-1469723000000.0,-115168000000.0,811945000000.0,80754430000000.0,0.0166212306310296,2103246000000.0,518355000000.0,293590000000.0,1932594000000.0,656112000000.0,-1367537000000.0,-300921000000.0,391976000000.0,1810880000000.0,121714000000.0,63632966000000.0,0.0176315614998875,170652000000.0,155833000000.0,-102186000000.0,185753000000.0,-98386000000.0,189018000000.0,-18366000000.0,72193698000000.0,23.716009117582534,-0.10103308688578991,170652000000.0,83567000000.0,-98386000000.0,155833000000.0,155833000000.0,155833000000.0,155833000000.0,109.5,53.6,-63.1,121.3,-11.8,-65.6,119.2,11.9,109.4,False,False,100.0,23.750975443217012,26.0,12.7,-15.0,28.8,-2.8,-15.6,28.3,11.9,16.9,23.7
VBB,Private_3,2024,3501363000000.0,2811573000000.0,136726000000.0,-1565226000000.0,-804839000000.0,1131298000000.0,93637036000000.0,0.0191544761339448,2948299000000.0,578234000000.0,553064000000.0,2103246000000.0,811945000000.0,-1469723000000.0,-115168000000.0,293590000000.0,1999898000000.0,103348000000.0,80754430000000.0,0.0166212306310296,845053000000.0,319353000000.0,-95503000000.0,-689671000000.0,259474000000.0,811675000000.0,33378000000.0,87195733000000.0,14.774353694578151,0.2533245502915199,845053000000.0,-785174000000.0,259474000000.0,319353000000.0,319353000000.0,319353000000.0,319353000000.0,264.6,-245.9,81.2,254.2,10.5,-29.9,-216.0,7.4,246.8,False,False,100.0,39.33185129534636,104.1,-96.7,31.9,100.0,4.1,-11.8,-85.0,7.4,92.6,39.3
VCB,SOCB,2018,39278433000000.0,28408516000000.0,3402492000000.0,-13611094000000.0,-7398113000000.0,18269226000000.0,631866758000000.0,0.0471284378307429,31811008000000.0,10801801000000.0,7467425000000.0,,,,,,,,,,,,,,,,,,,,,,,,,,,,,,,,,,,,False,False,,0.0,,,,,,,,,,
VCB,SOCB,2019,45730381000000.0,34577350000000.0,4306844000000.0,-15817575000000.0,-6790429000000.0,23122377000000.0,734706891000000.0,0.0309007866144262,38884194000000.0,16276190000000.0,6846187000000.0,31811008000000.0,18269226000000.0,-13611094000000.0,-7398113000000.0,7467425000000.0,28408516000000.0,3402492000000.0,631866758000000.0,0.0471284378307429,7073186000000.0,4853151000000.0,-2206481000000.0,607684000000.0,-621238000000.0,6168834000000.0,904352000000.0,683286824500000.0,15.050799944116294,-1.62276512163167,7073186000000.0,-1598797000000.0,-621238000000.0,4853151000000.0,4853151000000.0,4853151000000.0,4853151000000.0,145.7,-32.9,-12.8,127.1,18.6,-45.5,12.5,7.5,119.6,False,False,100.0,26.564622934764724,38.7,-8.7,-3.4,33.8,4.9,-12.1,3.3,7.5,26.3,26.6
VCB,SOCB,2020,49062541000000.0,36285475000000.0,6607317000000.0,-16038250000000.0,-9974730000000.0,23049561000000.0,839788261000000.0,0.0291082309916617,42892792000000.0,16879812000000.0,6169749000000.0,38884194000000.0,23122377000000.0,-15817575000000.0,-6790429000000.0,6846187000000.0,34577350000000.0,4306844000000.0,734706891000000.0,0.0309007866144262,4008598000000.0,-72816000000.0,-220675000000.0,-3184301000000.0,-676438000000.0,1708125000000.0,2300473000000.0,787247576000000.0,13.347944560708308,-0.1792555622764501,4008598000000.0,-3404976000000.0,-676438000000.0,-72816000000.0,-72816000000.0,-72816000000.0,72816000000.0,500.0,-500.0,-500.0,500.0,500.0,-303.1,-500.0,6.7,500.0,False,True,-500.0,-0.31491571995387846,1.6,-1.6,-1.6,1.6,1.6,-1.0,-1.6,6.7,-5.1,-1.6
VCB,SOCB,2021,56723569000000.0,42399617000000.0,7407073000000.0,-17574188000000.0,-11760801000000.0,27388580000000.0,960749955000000.0,0.0315468135197493,49806690000000.0,20471701000000.0,6916879000000.0,42892792000000.0,23049561000000.0,-16038250000000.0,-9974730000000.0,6169749000000.0,36285475000000.0,6607317000000.0,839788261000000.0,0.0291082309916617,6913898000000.0,4339019000000.0,-1535938000000.0,-1786071000000.0,747130000000.0,6114142000000.0,799756000000.0,900269108000000.0,13.436170687753958,0.24385825280875995,6913898000000.0,-3322009000000.0,747130000000.0,4339019000000.0,4339019000000.0,4339019000000.0,4339019000000.0,159.3,-76.6,17.2,140.9,18.4,-35.4,-41.2,6.7,134.2,False,False,100.0,18.824735967856395,30.0,-14.4,3.2,26.5,3.5,-6.7,-7.8,6.7,19.8,18.8
VCB,SOCB,2022,68082821000000.0,53246478000000.0,6839100000000.0,-21250512000000.0,-9464218000000.0,37368091000000.0,1145066250000000.0,0.0338446568046902,60085578000000.0,29370848000000.0,7997243000000.0,49806690000000.0,27388580000000.0,-17574188000000.0,-11760801000000.0,6916879000000.0,42399617000000.0,7407073000000.0,960749955000000.0,0.0315468135197493,10278888000000.0,9979511000000.0,-3676324000000.0,2296583000000.0,1080364000000.0,10846861000000.0,-567973000000.0,1052908102500000.0,17.50544938939721,0.2297843284940898,10278888000000.0,-1379741000000.0,1080364000000.0,9979511000000.0,9979511000000.0,9979511000000.0,9979511000000.0,103.0,-13.8,10.8,108.7,-5.7,-36.8,23.0,8.8,99.9,False,False,100.0,36.43675940848339,37.5,-5.0,3.9,39.6,-2.1,-13.4,8.4,8.8,30.8,36.4
VCB,SOCB,2023,67723462000000.0,53620869000000.0,5779723000000.0,-21914899000000.0,-4564876000000.0,41243687000000.0,1270359018000000.0,0.0299646411034377,59400592000000.0,32920817000000.0,8322870000000.0,60085578000000.0,37368091000000.0,-21250512000000.0,-9464218000000.0,7997243000000.0,53246478000000.0,6839100000000.0,1145066250000000.0,0.0338446568046902,-684986000000.0,3875596000000.0,-664387000000.0,4899342000000.0,325627000000.0,374391000000.0,-1059377000000.0,1207712634000000.0,10.37438579946163,-0.3880015701252498,-684986000000.0,4234955000000.0,325627000000.0,3875596000000.0,3875596000000.0,3875596000000.0,3875596000000.0,-17.7,109.3,8.4,9.7,-27.3,-17.1,126.4,5.2,4.5,False,False,100.0,10.371404843774332,-1.8,11.3,0.9,1.0,-2.8,-1.8,13.1,5.2,-4.2,10.4
VCB,SOCB,2024,68578496000000.0,55405735000000.0,5136561000000.0,-23027363000000.0,-3314998000000.0,42236135000000.0,1449198899000000.0,0.0285517540983191,60542296000000.0,34199935000000.0,8036200000000.0,59400592000000.0,41243687000000.0,-21914899000000.0,-4564876000000.0,8322870000000.0,53620869000000.0,5779723000000.0,1270359018000000.0,0.0299646411034377,1141704000000.0,992448000000.0,-1112464000000.0,1249878000000.0,-286670000000.0,1784866000000.0,-643162000000.0,1359778958500000.0,13.15212887227509,-0.14128870051185982,1141704000000.0,137414000000.0,-286670000000.0,992448000000.0,992448000000.0,992448000000.0,992448000000.0,115.0,13.8,-28.9,179.8,-64.8,-112.1,125.9,6.6,173.3,False,False,100.0,2.406302811870335,2.8,0.3,-0.7,4.3,-1.6,-2.7,3.0,6.6,-2.3,2.4
VIB,Private_2,2018,6085773000000.0,4825493000000.0,734745000000.0,-2689716000000.0,-653487000000.0,2742570000000.0,96138735000000.0,0.0033185083398718,5560238000000.0,2217035000000.0,525535000000.0,,,,,,,,,,,,,,,,,,,,,,,,,,,,,,,,,,,,False,False,,0.0,,,,,,,,,,
VIB,Private_2,2019,8152082000000.0,6213215000000.0,1797300000000.0,-3437100000000.0,-632725000000.0,4082257000000.0,129199808000000.0,0.0392410248830077,8010515000000.0,3940690000000.0,141567000000.0,5560238000000.0,2742570000000.0,-2689716000000.0,-653487000000.0,525535000000.0,4825493000000.0,734745000000.0,96138735000000.0,0.0033185083398718,2450277000000.0,1339687000000.0,-747384000000.0,20762000000.0,-383968000000.0,1387722000000.0,1062555000000.0,112669271500000.0,29.343469217336686,3.59225165431359,2450277000000.0,-726622000000.0,-383968000000.0,1339687000000.0,1339687000000.0,1339687000000.0,1339687000000.0,182.9,-54.2,-28.7,103.6,79.3,-55.8,1.5,14.7,88.9,False,False,100.0,48.84786896961609,89.3,-26.5,-14.0,50.6,38.7,-27.3,0.7,14.7,35.9,48.8
VIB,Private_2,2020,11215514000000.0,8496107000000.0,2388675000000.0,-4464872000000.0,-947635000000.0,5803007000000.0,169520235000000.0,0.0403903002090105,10884782000000.0,5472275000000.0,330732000000.0,8010515000000.0,4082257000000.0,-3437100000000.0,-632725000000.0,141567000000.0,6213215000000.0,1797300000000.0,129199808000000.0,0.0392410248830077,2874267000000.0,1720750000000.0,-1027772000000.0,-314910000000.0,189165000000.0,2282892000000.0,591375000000.0,149360021500000.0,26.99546143276365,0.11492753260027994,2874267000000.0,-1342682000000.0,189165000000.0,1720750000000.0,1720750000000.0,1720750000000.0,1720750000000.0,167.0,-78.0,11.0,132.7,34.4,-59.7,-18.3,13.5,119.2,False,False,100.0,42.15192723045119,70.4,-32.9,4.6,55.9,14.5,-25.2,-7.7,13.5,42.4,42.1
VIB,Private_2,2021,14890903000000.0,11816147000000.0,2741952000000.0,-5281843000000.0,-1598048000000.0,8011012000000.0,201516754000000.0,0.0438035173779451,14558099000000.0,7678208000000.0,332804000000.0,10884782000000.0,5803007000000.0,-4464872000000.0,-947635000000.0,330732000000.0,8496107000000.0,2388675000000.0,169520235000000.0,0.0403903002090105,3673317000000.0,2208005000000.0,-816971000000.0,-650413000000.0,2072000000.0,3320040000000.0,353277000000.0,185518494500000.0,17.247077756983415,0.34132171689345986,3673317000000.0,-1467384000000.0,2072000000.0,2208005000000.0,2208005000000.0,2208005000000.0,2208005000000.0,166.4,-66.5,0.1,150.4,16.0,-37.0,-29.5,8.6,141.7,False,False,100.0,38.049325117133236,63.3,-25.3,0.0,57.2,6.1,-14.1,-11.2,8.6,48.6,38.0
VIB,Private_2,2022,18057838000000.0,14962555000000.0,3188381000000.0,-6197114000000.0,-1279609000000.0,10581115000000.0,231944016000000.0,0.0472293455676727,18150936000000.0,10674213000000.0,-93098000000.0,14558099000000.0,8011012000000.0,-5281843000000.0,-1598048000000.0,332804000000.0,11816147000000.0,2741952000000.0,201516754000000.0,0.0438035173779451,3592837000000.0,2570103000000.0,-915271000000.0,318439000000.0,-425902000000.0,3146408000000.0,446429000000.0,216730385000000.0,14.03922297281943,0.34258281897276005,3592837000000.0,-596832000000.0,-425902000000.0,2570103000000.0,2570103000000.0,2570103000000.0,2570103000000.0,139.8,-23.2,-16.6,122.4,17.4,-35.6,12.4,7.0,115.4,False,False,100.0,32.08212645293753,44.9,-7.4,-5.3,39.3,5.6,-11.4,4.0,7.0,32.3,32.2
VIB,Private_2,2023,22160493000000.0,17360553000000.0,3326781000000.0,-6610743000000.0,-4845805000000.0,10703945000000.0,266345545000000.0,0.0470425224884174,20687334000000.0,9230786000000.0,1473159000000.0,18150936000000.0,10581115000000.0,-6197114000000.0,-1279609000000.0,-93098000000.0,14962555000000.0,3188381000000.0,231944016000000.0,0.0472293455676727,2536398000000.0,122830000000.0,-413629000000.0,-3566196000000.0,1566257000000.0,2397998000000.0,138400000000.0,249144780500000.0,13.807846558519415,-0.01868230792552994,2536398000000.0,-3979825000000.0,1566257000000.0,122830000000.0,122830000000.0,122830000000.0,122830000000.0,500.0,-500.0,500.0,500.0,112.7,-336.7,-500.0,6.9,500.0,False,True,500.0,1.1608417449389785,5.8,-5.8,5.8,5.8,1.3,-3.9,-5.8,6.9,-1.1,5.8
VIB,Private_2,2024,20569052000000.0,16750412000000.0,1765459000000.0,-7211292000000.0,-4353458000000.0,9004302000000.0,324009713000000.0,0.037486359496893,18515871000000.0,6951121000000.0,2053181000000.0,20687334000000.0,10703945000000.0,-6610743000000.0,-4845805000000.0,1473159000000.0,17360553000000.0,3326781000000.0,266345545000000.0,0.0470425224884174,-2171463000000.0,-1699643000000.0,-600549000000.0,492347000000.0,580022000000.0,-610141000000.0,-1561322000000.0,295177629000000.0,19.535412692131896,-0.9556162991524397,-2171463000000.0,-108202000000.0,580022000000.0,-1699643000000.0,-1699643000000.0,-1699643000000.0,1699643000000.0,-127.8,-6.4,34.1,-35.9,-91.9,-35.3,29.0,9.8,-45.7,False,False,-100.0,-15.87865969042255,-20.3,-1.0,5.4,-5.7,-14.6,-5.6,4.6,9.8,-15.5,-15.9
VPB,Private_1,2018,31085663000000.0,24701575000000.0,1612496000000.0,-10633924000000.0,-11253231000000.0,9198508000000.0,221961996000000.0,0.052474165918898,26314071000000.0,4426916000000.0,4771592000000.0,,,,,,,,,,,,,,,,,,,,,,,,,,,,,,,,,,,,False,False,,0.0,,,,,,,,,,
VPB,Private_1,2019,36355504000000.0,30670461000000.0,2791619000000.0,-12343718000000.0,-13687625000000.0,10324161000000.0,257183959000000.0,0.0932554691971302,33462080000000.0,7430737000000.0,2893424000000.0,26314071000000.0,9198508000000.0,-10633924000000.0,-11253231000000.0,4771592000000.0,24701575000000.0,1612496000000.0,221961996000000.0,0.052474165918898,7148009000000.0,1125653000000.0,-1709794000000.0,-2434394000000.0,-1878168000000.0,5968886000000.0,1179123000000.0,239572977500000.0,14.7019765616095,4.078130327823219,7148009000000.0,-4144188000000.0,-1878168000000.0,1125653000000.0,1125653000000.0,1125653000000.0,1125653000000.0,500.0,-368.2,-166.9,500.0,104.8,-151.9,-216.3,7.4,500.0,False,True,-35.0,12.237343273496093,61.2,-45.1,-20.4,61.2,12.8,-18.6,-26.5,7.4,53.8,-4.3
VPB,Private_1,2020,39033114000000.0,32345823000000.0,3356127000000.0,-11392021000000.0,-14621638000000.0,13019455000000.0,290816086000000.0,0.0868453556016396,35701950000000.0,9688291000000.0,3331164000000.0,33462080000000.0,10324161000000.0,-12343718000000.0,-13687625000000.0,2893424000000.0,30670461000000.0,2791619000000.0,257183959000000.0,0.0932554691971302,2239870000000.0,2695294000000.0,951697000000.0,-934013000000.0,437740000000.0,1675362000000.0,564508000000.0,274000022500000.0,12.274497897167143,-0.6410113595490596,2239870000000.0,17684000000.0,437740000000.0,2695294000000.0,2695294000000.0,2695294000000.0,2695294000000.0,83.1,0.7,16.2,62.2,20.9,35.3,-34.7,6.1,56.0,False,False,100.0,26.106663776359163,21.7,0.2,4.2,16.2,5.5,9.2,-9.1,6.1,10.1,26.1
VPB,Private_1,2021,44301475000000.0,34348829000000.0,4059031000000.0,-10718937000000.0,-19218768000000.0,14363770000000.0,355281219000000.0,0.0762413278193074,38407860000000.0,8470155000000.0,5893615000000.0,35701950000000.0,13019455000000.0,-11392021000000.0,-14621638000000.0,3331164000000.0,32345823000000.0,3356127000000.0,290816086000000.0,0.0868453556016396,2705910000000.0,1344315000000.0,673084000000.0,-4597130000000.0,2562451000000.0,2003006000000.0,702904000000.0,323048652500000.0,19.95523971424088,-1.0604027782332202,2705910000000.0,-3924046000000.0,2562451000000.0,1344315000000.0,1344315000000.0,1344315000000.0,1344315000000.0,201.3,-291.9,190.6,149.0,52.3,50.1,-342.0,10.0,139.0,False,False,100.0,10.325432208951911,20.8,-30.1,19.7,15.4,5.4,5.2,-35.3,10.0,5.4,10.4
VPB,Private_1,2022,57797089000000.0,41021058000000.0,6437752000000.0,-14115731000000.0,-22461226000000.0,21220132000000.0,438338047000000.0,0.0748795046295428,47458810000000.0,10881853000000.0,10338279000000.0,38407860000000.0,14363770000000.0,-10718937000000.0,-19218768000000.0,5893615000000.0,34348829000000.0,4059031000000.0,355281219000000.0,0.0762413278193074,9050950000000.0,6856362000000.0,-3396794000000.0,-3242458000000.0,4444664000000.0,6672229000000.0,2378721000000.0,396809633000000.0,20.931152142669884,-0.1361823189764591,9050950000000.0,-6639252000000.0,4444664000000.0,6856362000000.0,6856362000000.0,6856362000000.0,6856362000000.0,132.0,-96.8,64.8,97.3,34.7,-49.5,-47.3,10.5,86.8,False,False,100.0,47.73372171790554,63.0,-46.2,30.9,46.4,16.6,-23.6,-22.6,10.5,35.9,47.7
VPB,Private_1,2023,49739488000000.0,38174676000000.0,7211882000000.0,-13941218000000.0,-24994374000000.0,10803896000000.0,566271290000000.0,0.0559276283812354,45386558000000.0,6450966000000.0,4352930000000.0,47458810000000.0,21220132000000.0,-14115731000000.0,-22461226000000.0,10338279000000.0,41021058000000.0,6437752000000.0,438338047000000.0,0.0748795046295428,-2072252000000.0,-10416236000000.0,174513000000.0,-2533148000000.0,-5985349000000.0,-2846382000000.0,774130000000.0,502304668500000.0,25.469252233318635,-1.8951876248307409,-2072252000000.0,-2358635000000.0,-5985349000000.0,-10416236000000.0,-10416236000000.0,-10416236000000.0,10416236000000.0,-19.9,-22.6,-57.5,-27.3,7.4,1.7,-24.3,12.7,-40.1,False,False,-100.0,-49.086574956272656,-9.8,-11.1,-28.2,-13.4,3.6,0.8,-11.9,12.7,-26.1,-49.1
VPB,Private_1,2024,62255056000000.0,49080407000000.0,6126323000000.0,-14339732000000.0,-27902624000000.0,20012700000000.0,692875738000000.0,0.0582380109758766,55206730000000.0,12964374000000.0,7048326000000.0,45386558000000.0,10803896000000.0,-13941218000000.0,-24994374000000.0,4352930000000.0,38174676000000.0,7211882000000.0,566271290000000.0,0.0559276283812354,9820172000000.0,9208804000000.0,-398514000000.0,-2908250000000.0,2695396000000.0,10905731000000.0,-1085559000000.0,629573514000000.0,20.109557531354472,0.2310382594641204,9820172000000.0,-3306764000000.0,2695396000000.0,9208804000000.0,9208804000000.0,9208804000000.0,9208804000000.0,106.6,-35.9,29.3,118.4,-11.8,-4.3,-31.6,10.1,108.4,False,False,100.0,85.2359556219349,90.9,-30.6,25.0,100.9,-10.1,-3.7,-26.9,10.1,90.8,85.3
