TICKER,Type,Date_Quarter,TOI,Net Interest Income,Fees Income,OPEX,Provision expense,PBT,Loan,NIM,Core TOI,Core PBT,Non-recurring income,Core TOI_T12M,PBT_T12M,OPEX_T12M,Provision expense_T12M,Non-recurring income_T12M,Net Interest Income_T12M,Fees Income_T12M,Loan_T12M,NIM_T12M,Core_TOI_Change,PBT_Change,OPEX_Change,Provision_Change,Non_Recurring_Change,NII_Change,Fee_Change,Loan_Growth_%,Small_PBT_Flag,PBT_Growth_%_T12M,Top_Line_Impact_T12M,Cost_Cutting_Impact_T12M,Non_Recurring_Impact_T12M,NII_Impact_T12M,Fee_Impact_T12M,OPEX_Impact_T12M,Provision_Impact_T12M,Loan_Impact_T12M,NIM_Impact_T12M,Total_Impact_T12M,Top_Line_Impact,Cost_Cutting_Impact,Non_Recurring_Impact,Total_Impact,NII_Impact,Fee_Impact,OPEX_Impact,Provision_Impact,Loan_Impact,NIM_Impact,PBT_Growth_%,Core TOI_QoQ,PBT_QoQ,OPEX_QoQ,Provision expense_QoQ,Non-recurring income_QoQ,Net Interest Income_QoQ,Fees Income_QoQ,Loan_QoQ,NIM_QoQ,PBT_Change_QoQ,Loan_Growth_%_QoQ,PBT_Growth_%_QoQ,Top_Line_Impact_QoQ,Cost_Cutting_Impact_QoQ,Non_Recurring_Impact_QoQ,NII_Impact_QoQ,Fee_Impact_QoQ,OPEX_Impact_QoQ,Provision_Impact_QoQ,Loan_Impact_QoQ,NIM_Impact_QoQ,Total_Impact_QoQ,Core TOI_YoY,PBT_YoY,OPEX_YoY,Provision expense_YoY,Non-recurring income_YoY,Net Interest Income_YoY,Fees Income_YoY,Loan_YoY,NIM_YoY,PBT_Change_YoY,Loan_Growth_%_YoY,PBT_Growth_%_YoY,Top_Line_Impact_YoY,Cost_Cutting_Impact_YoY,Non_Recurring_Impact_YoY,NII_Impact_YoY,Fee_Impact_YoY,OPEX_Impact_YoY,Provision_Impact_YoY,Loan_Impact_YoY,NIM_Impact_YoY,Total_Impact_YoY,Impacts_Capped
ABB,Private_3,2020-Q4,1195259000000.0,681721000000.0,54399000000.0,-627516000000.0,-110134000000.0,457609000000.0,63293151000000.0,,736120000000.0,-1530000000.0,459139000000.0,,,,,,,,,,,,,,,,,,False,0.0,,,,,,,,,,,,,,,,,,,,,0.0,,,,,,,,,,,,0.0,,,,,,,,,,,,,,,,,,,,,,0.0,,,,,,,,,,,False
ABB,Private_3,2021-Q1,999062000000.0,688378000000.0,54740000000.0,-400010000000.0,-121100000000.0,477952000000.0,67647831000000.0,0.0267528160264516,743118000000.0,222008000000.0,255944000000.0,,,,,,,,,,,,,,,,,,False,0.0,,,,,,,,,,,,,,,,,,,,,0.0,736120000000.0,457609000000.0,-627516000000.0,-110134000000.0,459139000000.0,681721000000.0,54399000000.0,63293151000000.0,,20343000000.0,6.651362978169814,4.445498231022555,1.5,47.3,-44.4,1.5,0.1,49.7,-2.4,3.3,-1.8,4.4,,,,,,,,,,,,0.0,,,,,,,,,,,False
ABB,Private_3,2021-Q2,1319217000000.0,740195000000.0,84375000000.0,-396987000000.0,-208767000000.0,713463000000.0,67007706000000.0,0.029118182994225,824570000000.0,218816000000.0,494647000000.0,,,,,,,,,,,,,,,,,,False,0.0,,,,,,,,,,,,,,,,,,,,,0.0,743118000000.0,477952000000.0,-400010000000.0,-121100000000.0,255944000000.0,688378000000.0,54740000000.0,67647831000000.0,0.0267528160264516,235511000000.0,-0.9507592695575526,49.27503180235672,17.0,-17.7,50.0,10.8,6.2,0.6,-18.3,-0.5,11.3,49.3,,,,,,,,,,,,0.0,,,,,,,,,,,False
ABB,Private_3,2021-Q3,878898000000.0,768197000000.0,69032000000.0,-386048000000.0,-84955000000.0,407895000000.0,66664887000000.0,0.0280071800489042,837229000000.0,366226000000.0,41669000000.0,,,,,,,,,,,,,,,,,,False,0.0,,,,,,,,,,,,,,,,,,,,,0.0,824570000000.0,713463000000.0,-396987000000.0,-208767000000.0,494647000000.0,740195000000.0,84375000000.0,67007706000000.0,0.029118182994225,-305568000000.0,-0.5129233933540887,-42.828850269740684,1.8,18.9,-63.5,3.9,-2.1,1.5,17.3,-0.3,4.2,-42.8,,,,,,,,,,,,0.0,,,,,,,,,,,False
ABB,Private_3,2021-Q4,1356447000000.0,869218000000.0,142570000000.0,-716073000000.0,-280875000000.0,359499000000.0,68983999000000.0,0.0306099631658875,1011788000000.0,14840000000.0,344659000000.0,785259250000.0,514229750000.0,-452640250000.0,-131239000000.0,312849750000.0,719622750000.0,65636500000.0,66153393750000.0,,226528750000.0,-154730750000.0,-263432750000.0,-149636000000.0,31809250000.0,149595250000.0,76933500000.0,4.189225783327834,False,-30.08980907852959,44.1,-80.3,6.2,29.1,15.0,-51.2,-29.1,2.1,27.0,-30.0,44.1,-80.3,6.2,-30.0,29.1,15.0,-51.2,-29.1,2.1,27.0,-30.08980907852959,837229000000.0,407895000000.0,-386048000000.0,-84955000000.0,41669000000.0,768197000000.0,69032000000.0,66664887000000.0,0.0280071800489042,-48396000000.0,3.4192864657952295,-11.864818151730224,-11.9,17.0,-17.0,-6.9,-5.0,17.0,13.3,1.7,-8.6,-11.9,736120000000.0,457609000000.0,-627516000000.0,-110134000000.0,459139000000.0,681721000000.0,54399000000.0,63293151000000.0,,-98110000000.0,8.604430924010686,-21.439700705187178,60.2,-56.7,-25.0,41.0,19.3,-19.4,-37.3,4.3,36.7,-21.5,False
ABB,Private_3,2022-Q1,1056939000000.0,827949000000.0,63456000000.0,-437105000000.0,-44238000000.0,575596000000.0,73436643000000.0,0.0275175039076203,891405000000.0,410062000000.0,165534000000.0,854176250000.0,489702250000.0,-474779500000.0,-173924250000.0,284229750000.0,766497000000.0,87679250000.0,67576105750000.0,0.028622035558867075,37228750000.0,85893750000.0,37674500000.0,129686250000.0,-118695750000.0,61452000000.0,-24223250000.0,8.312067244912846,False,17.53999496632903,7.6,34.2,-24.2,12.5,-4.9,7.7,26.5,4.2,8.3,17.6,7.6,34.2,-24.2,17.6,12.5,-4.9,7.7,26.5,4.2,8.3,17.53999496632903,1011788000000.0,359499000000.0,-716073000000.0,-280875000000.0,344659000000.0,869218000000.0,142570000000.0,68983999000000.0,0.0306099631658875,216097000000.0,6.2528070895790515,60.110598360496134,-33.5,143.4,-49.8,-11.5,-22.0,77.6,65.8,3.1,-14.6,60.1,743118000000.0,477952000000.0,-400010000000.0,-121100000000.0,255944000000.0,688378000000.0,54740000000.0,67647831000000.0,0.0267528160264516,97644000000.0,8.20616448554077,20.429666577396894,31.0,8.3,-18.9,29.2,1.8,-7.8,16.1,4.1,25.1,20.4,False
ABB,Private_3,2022-Q2,1749041000000.0,977229000000.0,86573000000.0,-491477000000.0,-172424000000.0,1085140000000.0,77706408000000.0,0.0313051796682031,1063802000000.0,399901000000.0,685239000000.0,891248000000.0,514113250000.0,-484053250000.0,-154708750000.0,261627250000.0,801389750000.0,89858250000.0,69023308750000.0,0.028813207529159248,172554000000.0,571026750000.0,-7423750000.0,-17715250000.0,423611750000.0,175839250000.0,-3285250000.0,11.835501958740066,False,111.07022625851405,33.5,-4.9,82.4,34.2,-0.7,-1.4,-3.4,5.9,28.3,111.0,33.5,-4.9,82.4,111.0,34.2,-0.7,-1.4,-3.4,5.9,28.3,111.07022625851405,891405000000.0,575596000000.0,-437105000000.0,-44238000000.0,165534000000.0,827949000000.0,63456000000.0,73436643000000.0,0.0275175039076203,509544000000.0,5.6499653430973815,88.52459016393442,29.9,-31.7,90.3,25.9,4.0,-9.5,-22.3,2.8,23.1,88.5,824570000000.0,713463000000.0,-396987000000.0,-208767000000.0,494647000000.0,740195000000.0,84375000000.0,67007706000000.0,0.029118182994225,371677000000.0,14.785982796398145,52.0947827707954,33.5,-8.1,26.7,33.2,0.3,-13.2,5.1,7.4,25.8,52.1,False
ABB,Private_3,2022-Q3,936305000000.0,979952000000.0,-106918000000.0,-540891000000.0,-309603000000.0,85811000000.0,80829376000000.0,0.0310000075645305,873034000000.0,22540000000.0,63271000000.0,951056000000.0,607032500000.0,-507675750000.0,-145623000000.0,309275250000.0,860648250000.0,90407750000.0,71697984250000.0,0.029359956697653775,-78022000000.0,-521221500000.0,-33215250000.0,-163980000000.0,-246004250000.0,119303750000.0,-197325750000.0,11.973447563811753,False,-85.86385407700577,-12.9,-32.5,-40.5,19.7,-32.5,-5.5,-27.0,6.0,13.7,-85.9,-12.9,-32.5,-40.5,-85.9,19.7,-32.5,-5.5,-27.0,6.0,13.7,-85.86385407700577,1063802000000.0,1085140000000.0,-491477000000.0,-172424000000.0,685239000000.0,977229000000.0,86573000000.0,77706408000000.0,0.0313051796682031,-999329000000.0,3.9397641607525027,-92.09217243857935,-17.6,-17.2,-57.3,0.3,-17.9,-4.5,-12.6,2.0,-1.7,-92.1,837229000000.0,407895000000.0,-386048000000.0,-84955000000.0,41669000000.0,768197000000.0,69032000000.0,66664887000000.0,0.0280071800489042,-322084000000.0,19.20683382783505,-78.96247808872381,8.8,-93.0,5.3,51.9,-43.1,-38.0,-55.0,9.6,42.3,-78.9,False
ABB,Private_3,2022-Q4,776822000000.0,951123000000.0,188931000000.0,-573133000000.0,-249064000000.0,-45375000000.0,82010652000000.0,0.0303635383935958,1140054000000.0,317857000000.0,-363232000000.0,960007250000.0,526511500000.0,-546386500000.0,-201785000000.0,314675750000.0,913587000000.0,46420250000.0,75239106500000.0,0.030108163576560352,180046750000.0,-571886500000.0,-26746500000.0,-47279000000.0,-677907750000.0,37536000000.0,142510750000.0,8.612471732349274,False,-108.61804537982552,34.2,-14.0,-128.7,7.2,27.0,-5.1,-9.0,4.3,2.9,-108.5,34.2,-14.0,-128.7,-108.5,7.2,27.0,-5.1,-9.0,4.3,2.9,-108.61804537982552,873034000000.0,85811000000.0,-540891000000.0,-309603000000.0,63271000000.0,979952000000.0,-106918000000.0,80829376000000.0,0.0310000075645305,-131186000000.0,1.450842295359959,-152.8778361748494,311.1,33.0,-497.0,-33.6,344.7,-37.6,70.5,0.7,-34.3,-152.9,1011788000000.0,359499000000.0,-716073000000.0,-280875000000.0,344659000000.0,869218000000.0,142570000000.0,68983999000000.0,0.0306099631658875,-404874000000.0,17.25445625222843,-112.62173191024176,35.7,48.7,-196.9,22.7,13.0,39.8,8.9,8.6,14.1,-112.5,False
ABB,Private_3,2023-Q1,1267175000000.0,790381000000.0,133979000000.0,-538657000000.0,-116846000000.0,611672000000.0,79453107000000.0,0.0250401928081001,924360000000.0,268857000000.0,342815000000.0,992073750000.0,425293000000.0,-510651500000.0,-193832250000.0,137703000000.0,934063250000.0,58010500000.0,78495769750000.0,0.030046557383487424,-67713750000.0,186379000000.0,-28005500000.0,76986250000.0,205112000000.0,-143682250000.0,75968500000.0,1.2122115328686565,False,43.823669799408876,-15.9,11.5,48.2,-33.8,17.9,-6.6,18.1,0.6,-34.4,43.8,-15.9,11.5,48.2,43.8,-33.8,17.9,-6.6,18.1,0.6,-34.4,43.823669799408876,1140054000000.0,-45375000000.0,-573133000000.0,-249064000000.0,-363232000000.0,951123000000.0,188931000000.0,82010652000000.0,0.0303635383935958,657047000000.0,-3.1679492857589175,1448.0374655647383,-475.0,367.8,1556.6,-354.8,-121.6,75.3,291.1,-1.6,-353.2,1449.4,891405000000.0,575596000000.0,-437105000000.0,-44238000000.0,165534000000.0,827949000000.0,63456000000.0,73436643000000.0,0.0275175039076203,36076000000.0,7.870330090800724,6.267590462755127,5.7,-30.3,30.8,-6.5,12.3,-17.6,-12.6,3.9,-10.4,6.2,False
ABB,Private_3,2023-Q2,1315798000000.0,776538000000.0,185089000000.0,-550868000000.0,-697883000000.0,67047000000.0,84020430000000.0,0.0223096358190149,961627000000.0,-287124000000.0,354171000000.0,1000312500000.0,434312000000.0,-536039500000.0,-211984250000.0,182023250000.0,924671250000.0,75641250000.0,79999885750000.0,0.029427229608607375,-38685500000.0,-367265000000.0,-14828500000.0,-485898750000.0,172147750000.0,-148133250000.0,109447750000.0,4.902495439806517,False,-84.56248042881616,-8.9,-115.3,39.7,-34.1,25.2,-3.4,-111.9,2.5,-36.6,-84.5,-8.9,-115.3,39.7,-84.5,-34.1,25.2,-3.4,-111.9,2.5,-36.6,-84.56248042881616,924360000000.0,611672000000.0,-538657000000.0,-116846000000.0,342815000000.0,790381000000.0,133979000000.0,79453107000000.0,0.0250401928081001,-544625000000.0,5.587843860012645,-89.0387331772584,6.1,-97.0,1.9,-2.2,8.4,-2.0,-95.0,2.8,-5.0,-89.0,1063802000000.0,1085140000000.0,-491477000000.0,-172424000000.0,685239000000.0,977229000000.0,86573000000.0,77706408000000.0,0.0313051796682031,-1018093000000.0,7.808255052881205,-93.82135024052197,-9.4,-53.9,-30.5,-18.5,9.1,-5.4,-48.4,3.9,-22.4,-93.8,False
ABB,Private_3,2023-Q3,820343000000.0,647727000000.0,189366000000.0,-554982000000.0,-235860000000.0,29501000000.0,81608475000000.0,0.0180294160332696,837093000000.0,46251000000.0,-16750000000.0,974768750000.0,179788750000.0,-550887250000.0,-343349000000.0,99256250000.0,874498500000.0,100270250000.0,81578391250000.0,0.027178343646310325,-137675750000.0,-150287750000.0,-4094750000.0,107489000000.0,-116006250000.0,-226771500000.0,89095750000.0,0.036870307876262685,False,-83.59129812071112,-76.6,57.5,-64.5,-126.1,49.6,-2.3,59.8,0.0,-126.1,-83.6,-76.6,57.5,-64.5,-83.6,-126.1,49.6,-2.3,59.8,0.0,-126.1,-83.59129812071112,961627000000.0,67047000000.0,-550868000000.0,-697883000000.0,354171000000.0,776538000000.0,185089000000.0,84020430000000.0,0.0223096358190149,-37546000000.0,-2.9124807653591622,-55.99952272286605,-56.0,112.4,-112.4,-57.9,1.9,-1.8,112.4,-1.5,-56.4,-56.0,873034000000.0,85811000000.0,-540891000000.0,-309603000000.0,63271000000.0,979952000000.0,-106918000000.0,80829376000000.0,0.0310000075645305,-56310000000.0,0.9592579502914009,-65.62095768607755,-41.9,69.5,-93.2,-328.1,328.1,-16.4,86.0,0.5,-328.6,-65.6,False
ABB,Private_3,2023-Q4,922289000000.0,658811000000.0,270950000000.0,-607852000000.0,-438616000000.0,-124179000000.0,98107189000000.0,0.0178193794978715,929761000000.0,-116707000000.0,-7472000000.0,965783500000.0,165711250000.0,-554410000000.0,-324913250000.0,79251000000.0,791442250000.0,174341250000.0,81773166000000.0,0.0239356957634951,-36022500000.0,-289890250000.0,-53442000000.0,-113702750000.0,-86723000000.0,-132631250000.0,96608750000.0,18.16098595091165,False,-174.93697621615914,-21.7,-100.9,-52.3,-80.1,58.3,-32.2,-68.6,9.1,-89.2,-174.9,-21.7,-100.9,-52.3,-174.9,-80.1,58.3,-32.2,-68.6,9.1,-89.2,-174.93697621615914,837093000000.0,29501000000.0,-554982000000.0,-235860000000.0,-16750000000.0,647727000000.0,189366000000.0,81608475000000.0,0.0180294160332696,-153680000000.0,18.360908151000128,-520.9314938476662,314.1,-866.3,31.3,37.5,276.6,-179.2,-687.1,9.2,28.3,-520.9,1140054000000.0,-45375000000.0,-573133000000.0,-249064000000.0,-363232000000.0,951123000000.0,188931000000.0,82010652000000.0,0.0303635383935958,-78804000000.0,17.873339931939334,-173.67272727272726,-463.5,-494.3,784.0,-644.2,180.8,-76.6,-417.7,8.9,-653.1,-173.8,False
ABB,Private_3,2024-Q1,877929000000.0,660703000000.0,104184000000.0,-508603000000.0,-177030000000.0,192296000000.0,79132954000000.0,0.0176745528300087,764887000000.0,79254000000.0,113042000000.0,913210250000.0,146010250000.0,-563089750000.0,-372301250000.0,168191000000.0,718364250000.0,194846000000.0,85797300250000.0,0.020799656039564025,-148323250000.0,46285750000.0,54486750000.0,195271250000.0,-55149000000.0,-57661250000.0,-90662000000.0,-8.08141147942237,True,31.700342955374712,-101.6,171.1,-37.8,-39.5,-62.1,37.3,133.7,-4.0,-35.5,31.7,-101.6,171.1,-37.8,31.7,-39.5,-62.1,37.3,133.7,-4.0,-35.5,31.700342955374712,929761000000.0,-124179000000.0,-607852000000.0,-438616000000.0,-7472000000.0,658811000000.0,270950000000.0,98107189000000.0,0.0178193794978715,316475000000.0,-21.410764715981976,254.85388028571657,-132.8,290.5,97.1,1.5,-134.3,80.0,210.8,-10.7,12.2,254.8,924360000000.0,611672000000.0,-538657000000.0,-116846000000.0,342815000000.0,790381000000.0,133979000000.0,79453107000000.0,0.0250401928081001,-419376000000.0,-0.40375931904885387,-68.56223596960463,-26.1,-4.9,-37.6,-21.2,-4.9,4.9,-9.9,-0.2,-21.0,-68.6,False
ABB,Private_3,2024-Q2,1377373000000.0,802290000000.0,84631000000.0,-582673000000.0,-463417000000.0,331283000000.0,91037807000000.0,0.0221822479350818,886921000000.0,-159169000000.0,490452000000.0,873342000000.0,41166250000.0,-555576250000.0,-387347250000.0,110747750000.0,685944750000.0,187397250000.0,85717262000000.0,0.018958246045041177,13579000000.0,290116750000.0,-27096750000.0,-76069750000.0,379704250000.0,116345250000.0,-102766250000.0,6.020246016254278,False,704.7441775726475,33.1,-250.9,922.5,282.6,-249.5,-65.5,-184.6,3.0,279.6,704.7,33.1,-250.9,922.5,704.7,282.6,-249.5,-65.5,-184.6,3.0,279.6,704.7441775726475,764887000000.0,192296000000.0,-508603000000.0,-177030000000.0,113042000000.0,660703000000.0,104184000000.0,79132954000000.0,0.0176745528300087,138987000000.0,13.991655123408655,72.27763448017639,63.5,-187.4,196.2,73.7,-10.2,-38.5,-149.0,7.0,66.7,72.3,961627000000.0,67047000000.0,-550868000000.0,-697883000000.0,354171000000.0,776538000000.0,185089000000.0,84020430000000.0,0.0223096358190149,264236000000.0,8.017191444696202,394.1056273957075,-111.5,302.3,203.4,38.2,-149.8,-47.3,349.6,4.0,34.2,394.2,False
ABB,Private_3,2024-Q3,742702000000.0,737633000000.0,82131000000.0,-560386000000.0,-525809000000.0,-343493000000.0,98767633000000.0,0.0191534203424735,819764000000.0,-266431000000.0,-77062000000.0,854665500000.0,107225250000.0,-563527500000.0,-328730750000.0,144818000000.0,692382750000.0,162282750000.0,87471606250000.0,0.0189263990740579,-34901500000.0,-450718250000.0,3141500000.0,-197078250000.0,-221880000000.0,45250250000.0,-80151750000.0,12.130662469939187,False,-420.3471197315931,-32.4,-180.7,-206.8,42.0,-74.8,2.9,-183.7,6.1,35.9,-419.9,-32.4,-180.7,-206.8,-419.9,42.0,-74.8,2.9,-183.7,6.1,35.9,-420.3471197315931,886921000000.0,331283000000.0,-582673000000.0,-463417000000.0,490452000000.0,802290000000.0,84631000000.0,91037807000000.0,0.0221822479350818,-674776000000.0,8.144999426781444,-203.68567055961216,-20.4,-12.0,-171.3,-19.6,-0.8,6.7,-18.7,4.1,-23.7,-203.7,837093000000.0,29501000000.0,-554982000000.0,-235860000000.0,-16750000000.0,647727000000.0,189366000000.0,81608475000000.0,0.0180294160332696,-372994000000.0,19.025976544521072,-1264.343581573506,-58.2,-1001.4,-204.8,304.7,-362.9,-17.7,-982.4,9.5,295.2,-1264.4,False
ABB,Private_3,2024-Q4,1527033000000.0,842949000000.0,228803000000.0,-775229000000.0,-246285000000.0,505519000000.0,98738176000000.0,0.0202100152012544,1071752000000.0,50238000000.0,455281000000.0,850333250000.0,13976750000.0,-564878500000.0,-401218000000.0,129740000000.0,714859250000.0,135474000000.0,91761395750000.0,0.019207400151358876,221418750000.0,491542250000.0,-210350500000.0,154933000000.0,325541000000.0,128089750000.0,93329000000.0,7.324720140742258,False,3516.8565653674855,1582.6,-397.4,2328.2,917.9,668.2,-1505.2,1107.8,3.7,914.2,3513.4,1582.6,-397.4,2328.2,3513.4,917.9,668.2,-1505.2,1107.8,3.7,914.2,3516.8565653674855,819764000000.0,-343493000000.0,-560386000000.0,-525809000000.0,-77062000000.0,737633000000.0,82131000000.0,98767633000000.0,0.0191534203424735,849012000000.0,-0.029828996067654902,247.17010244750256,73.4,18.8,155.0,30.6,42.8,-62.5,81.3,-0.0,30.6,247.2,929761000000.0,-124179000000.0,-607852000000.0,-438616000000.0,-7472000000.0,658811000000.0,270950000000.0,98107189000000.0,0.0178193794978715,629698000000.0,0.6410991693911614,507.0889602911926,114.1,20.3,372.7,148.1,-34.0,-134.9,154.7,0.3,147.8,507.1,False
ABB,Private_3,2025-Q1,1306580000000.0,832067000000.0,161861000000.0,-550723000000.0,-340125000000.0,415732000000.0,98044744000000.0,0.0187488062188568,993928000000.0,103080000000.0,312652000000.0,885831000000.0,171401250000.0,-606722750000.0,-353135250000.0,245428250000.0,760893750000.0,124937250000.0,91919142500000.0,0.019805059077204597,108097000000.0,244330750000.0,55999750000.0,13010250000.0,67223750000.0,71173250000.0,36923750000.0,6.4492273903861195,False,142.54898957854743,63.0,40.2,39.2,41.5,21.5,32.6,7.6,3.2,38.3,142.4,63.0,40.2,39.2,142.4,41.5,21.5,32.6,7.6,3.2,38.3,142.54898957854743,1071752000000.0,505519000000.0,-775229000000.0,-246285000000.0,455281000000.0,842949000000.0,228803000000.0,98738176000000.0,0.0202100152012544,-89787000000.0,-0.7047684829557362,-17.761350216312344,-15.4,25.8,-28.2,-2.1,-13.2,44.4,-18.6,-0.4,-1.7,-17.8,764887000000.0,192296000000.0,-508603000000.0,-177030000000.0,113042000000.0,660703000000.0,104184000000.0,79132954000000.0,0.0176745528300087,223436000000.0,21.34782222986101,116.1937845821026,119.1,-106.7,103.8,89.1,30.0,-22.0,-84.8,10.7,78.4,116.2,False
ABB,Private_3,2025-Q2,2368951000000.0,932985000000.0,430838000000.0,-587382000000.0,-524841000000.0,1256728000000.0,114534483000000.0,0.0194778800885419,1363823000000.0,251600000000.0,1005128000000.0,943091250000.0,227260250000.0,-617252750000.0,-393909000000.0,295330750000.0,803734750000.0,139356500000.0,96647090000000.0,0.020073622424416626,420731750000.0,1029467750000.0,29870750000.0,-130932000000.0,709797250000.0,129250250000.0,291481500000.0,16.94029715367259,False,452.99067918828746,185.3,-44.4,312.1,57.1,128.2,13.1,-57.5,8.5,48.6,453.0,185.3,-44.4,312.1,453.0,57.1,128.2,13.1,-57.5,8.5,48.6,452.99067918828746,993928000000.0,415732000000.0,-550723000000.0,-340125000000.0,312652000000.0,832067000000.0,161861000000.0,98044744000000.0,0.0187488062188568,840996000000.0,15.513970233789589,202.2928232611394,89.0,-53.2,166.5,24.3,64.7,-8.9,-44.5,7.8,16.5,202.3,886921000000.0,331283000000.0,-582673000000.0,-463417000000.0,490452000000.0,802290000000.0,84631000000.0,91037807000000.0,0.0221822479350818,925445000000.0,22.859769670318894,279.3517928779925,143.9,-19.8,155.3,39.4,104.5,-1.4,-18.4,11.4,28.0,279.4,False
ACB,Private_1,2018-Q1,3303376000000.0,2372811000000.0,352944000000.0,-1679283000000.0,-134006000000.0,1490087000000.0,211670318000000.0,0.0387939148287578,2725755000000.0,912466000000.0,577621000000.0,,,,,,,,,,,,,,,,,,False,0.0,,,,,,,,,,,,,,,,,,,,,0.0,,,,,,,,,,,,0.0,,,,,,,,,,,,,,,,,,,,,,0.0,,,,,,,,,,,False
ACB,Private_1,2018-Q2,3205045000000.0,2488262000000.0,393709000000.0,-1232830000000.0,-311286000000.0,1660929000000.0,221861170000000.0,0.0340309847014194,2881971000000.0,1337855000000.0,323074000000.0,,,,,,,,,,,,,,,,,,False,0.0,,,,,,,,,,,,,,,,,,,,,0.0,2725755000000.0,1490087000000.0,-1679283000000.0,-134006000000.0,577621000000.0,2372811000000.0,352944000000.0,211670318000000.0,0.0387939148287578,170842000000.0,4.701320334083784,11.465236593568026,10.5,18.1,-17.1,7.8,2.7,30.0,-11.9,2.4,5.4,11.5,,,,,,,,,,,,0.0,,,,,,,,,,,False
ACB,Private_1,2018-Q3,3360441000000.0,2563243000000.0,328422000000.0,-1520206000000.0,-214904000000.0,1625331000000.0,220939364000000.0,0.0342794889289703,2891665000000.0,1156555000000.0,468776000000.0,,,,,,,,,,,,,,,,,,False,0.0,,,,,,,,,,,,,,,,,,,,,0.0,2881971000000.0,1660929000000.0,-1232830000000.0,-311286000000.0,323074000000.0,2488262000000.0,393709000000.0,221861170000000.0,0.0340309847014194,-35598000000.0,-0.41635270475983666,-2.1432583813034753,0.6,-11.5,8.8,4.5,-3.9,-15.1,5.8,-0.2,4.7,-2.1,,,,,,,,,,,,0.0,,,,,,,,,,,False
ACB,Private_1,2018-Q4,4164337000000.0,2938604000000.0,422451000000.0,-2279898000000.0,-272215000000.0,1612224000000.0,230527220000000.0,0.0381849832586019,3361055000000.0,808942000000.0,803282000000.0,,,,,,,,,,,,,,,,,,False,0.0,,,,,,,,,,,,,,,,,,,,,0.0,2891665000000.0,1625331000000.0,-1520206000000.0,-214904000000.0,468776000000.0,2563243000000.0,328422000000.0,220939364000000.0,0.0342794889289703,-13107000000.0,4.247426648967668,-0.8064203537617877,-0.8,0.8,-0.8,-0.8,-0.3,0.8,0.2,2.1,-2.9,-0.8,,,,,,,,,,,,0.0,,,,,,,,,,,False
ACB,Private_1,2019-Q1,3490162000000.0,2856540000000.0,371447000000.0,-1798929000000.0,15661000000.0,1706894000000.0,237357737000000.0,0.0358579379357746,3227987000000.0,1444719000000.0,262175000000.0,2965111500000.0,1597142750000.0,-1678054250000.0,-233102750000.0,543188250000.0,2590730000000.0,374381500000.0,221249518000000.0,0.036322342929437354,262875500000.0,109751250000.0,-120874750000.0,248763750000.0,-281013250000.0,265810000000.0,-2934500000.0,7.024842640136603,False,6.871724521806207,16.5,8.0,-17.6,16.6,-0.2,-7.6,15.6,3.5,13.1,6.9,16.5,8.0,-17.6,6.9,16.6,-0.2,-7.6,15.6,3.5,13.1,6.871724521806207,3361055000000.0,1612224000000.0,-2279898000000.0,-272215000000.0,803282000000.0,2938604000000.0,422451000000.0,230527220000000.0,0.0381849832586019,94670000000.0,2.919742085232289,5.872012822039617,-8.3,29.4,-29.4,-5.1,-3.2,29.4,17.9,1.5,-6.6,-8.3,2725755000000.0,1490087000000.0,-1679283000000.0,-134006000000.0,577621000000.0,2372811000000.0,352944000000.0,211670318000000.0,0.0387939148287578,216807000000.0,11.441342568227725,14.54995580794947,33.7,2.0,-21.2,32.5,1.2,-8.0,10.0,5.7,26.8,14.5,False
ACB,Private_1,2019-Q2,3948649000000.0,2903004000000.0,520103000000.0,-1922154000000.0,-111156000000.0,1915339000000.0,250704406000000.0,0.035201348907041,3423107000000.0,1389797000000.0,525542000000.0,3090669500000.0,1651344500000.0,-1707965750000.0,-195686000000.0,464326750000.0,2711662250000.0,379007250000.0,227671372750000.0,0.035588348706191555,332437500000.0,263994500000.0,-214188250000.0,84530000000.0,61215250000.0,191341750000.0,141095750000.0,9.629682050452267,False,15.986639977303344,20.1,-7.8,3.7,11.6,8.5,-13.0,5.1,4.8,6.8,16.0,20.1,-7.8,3.7,16.0,11.6,8.5,-13.0,5.1,4.8,6.8,15.986639977303344,3227987000000.0,1706894000000.0,-1798929000000.0,15661000000.0,262175000000.0,2856540000000.0,371447000000.0,237357737000000.0,0.0358579379357746,208445000000.0,5.4692498450960585,12.211947549174115,11.4,-14.7,15.4,2.7,8.7,-7.2,-7.4,2.7,0.0,12.1,2881971000000.0,1660929000000.0,-1232830000000.0,-311286000000.0,323074000000.0,2488262000000.0,393709000000.0,221861170000000.0,0.0340309847014194,254410000000.0,12.207082980585112,15.317331445233359,32.6,-29.5,12.2,25.0,7.6,-41.5,12.1,6.1,18.9,15.3,False
ACB,Private_1,2019-Q3,3848856000000.0,3023025000000.0,519138000000.0,-1843617000000.0,-66466000000.0,1938773000000.0,256052028000000.0,0.0354039988055553,3542163000000.0,1632080000000.0,306693000000.0,3225953500000.0,1714947000000.0,-1880296750000.0,-145653500000.0,514943750000.0,2815347750000.0,410605750000.0,234882181750000.0,0.03588093975759695,316209500000.0,223826000000.0,36679750000.0,79187500000.0,-208250750000.0,207677250000.0,108532250000.0,8.6243108871066,False,13.051482057463001,18.4,6.8,-12.1,12.1,6.3,2.1,4.6,4.3,7.8,13.1,18.4,6.8,-12.1,13.1,12.1,6.3,2.1,4.6,4.3,7.8,13.051482057463001,3423107000000.0,1915339000000.0,-1922154000000.0,-111156000000.0,525542000000.0,2903004000000.0,520103000000.0,250704406000000.0,0.035201348907041,23434000000.0,2.110529493543638,1.2234909851467546,6.2,6.4,-11.4,6.3,-0.1,4.1,2.3,1.1,5.2,1.2,2891665000000.0,1625331000000.0,-1520206000000.0,-214904000000.0,468776000000.0,2563243000000.0,328422000000.0,220939364000000.0,0.0342794889289703,313442000000.0,14.722556670372786,19.284810294026265,40.0,-10.8,-10.0,28.3,11.7,-19.9,9.1,7.4,20.9,19.2,False
ACB,Private_1,2019-Q4,4809686000000.0,3329591000000.0,485804000000.0,-2742896000000.0,-111860000000.0,1954930000000.0,268700541000000.0,0.0372812427404878,3815395000000.0,960639000000.0,994291000000.0,3388578000000.0,1793307500000.0,-1961149500000.0,-108544000000.0,474423000000.0,2930293250000.0,458284750000.0,243660347750000.0,0.0361620672267432,426817000000.0,161622500000.0,-781746500000.0,-3316000000.0,519868000000.0,399297750000.0,27519250000.0,9.774435871204073,False,9.012536890633648,23.8,-43.8,29.0,22.3,1.5,-43.6,-0.2,4.9,17.4,9.0,23.8,-43.8,29.0,9.0,22.3,1.5,-43.6,-0.2,4.9,17.4,9.012536890633648,3542163000000.0,1938773000000.0,-1843617000000.0,-66466000000.0,306693000000.0,3023025000000.0,519138000000.0,256052028000000.0,0.0354039988055553,16157000000.0,4.820753150043178,0.8333621316162335,0.8,-0.8,0.8,0.8,-0.1,-0.8,-0.2,2.4,-1.6,0.8,3361055000000.0,1612224000000.0,-2279898000000.0,-272215000000.0,803282000000.0,2938604000000.0,422451000000.0,230527220000000.0,0.0381849832586019,342706000000.0,15.292948021774775,21.256723631455678,28.2,-18.8,11.8,24.3,3.9,-28.7,9.9,7.6,16.7,21.2,False
ACB,Private_1,2020-Q1,4378224000000.0,3419444000000.0,370712000000.0,-2360635000000.0,-92666000000.0,1924923000000.0,274793621000000.0,0.0367535047598825,3790156000000.0,1336855000000.0,588068000000.0,3502163000000.0,1878984000000.0,-2076899000000.0,-68455250000.0,522175250000.0,3028040000000.0,474123000000.0,253203678000000.0,0.035936132097214676,287993000000.0,45939000000.0,-283736000000.0,-24210750000.0,65892750000.0,391404000000.0,-103411000000.0,8.178050547186606,True,2.444885108122262,9.3,-9.3,2.4,9.3,-3.8,-9.3,-0.9,4.1,5.2,2.4,9.3,-9.3,2.4,2.4,9.3,-3.8,-9.3,-0.9,4.1,5.2,2.444885108122262,3815395000000.0,1954930000000.0,-2742896000000.0,-111860000000.0,994291000000.0,3329591000000.0,485804000000.0,268700541000000.0,0.0372812427404878,-30007000000.0,2.242187837888864,-1.5349398699697687,-1.5,15.2,-15.2,5.5,-7.0,15.2,1.2,1.1,4.4,-1.5,3227987000000.0,1706894000000.0,-1798929000000.0,15661000000.0,262175000000.0,2856540000000.0,371447000000.0,237357737000000.0,0.0358579379357746,218029000000.0,14.619070481894534,12.773435257256748,32.9,-39.3,19.1,33.0,-0.0,-32.9,-6.3,7.3,25.7,12.7,True
ACB,Private_1,2020-Q2,4102100000000.0,3111946000000.0,426659000000.0,-1767906000000.0,-439530000000.0,1894664000000.0,283755020000000.0,0.032730256627847,3538605000000.0,1331169000000.0,563495000000.0,3642705250000.0,1933491250000.0,-2217325500000.0,-95537000000.0,603648500000.0,3168766000000.0,473939250000.0,262562649000000.0,0.03616002380324165,-104100250000.0,-38827250000.0,449419500000.0,-343993000000.0,-40153500000.0,-56820000000.0,-47280250000.0,7.758259416647204,True,-2.0081420073662084,-5.4,5.5,-2.1,-2.9,-2.4,12.9,-12.9,3.9,-6.8,-2.0,-5.4,5.5,-2.1,-2.0,-2.9,-2.4,12.9,-12.9,3.9,-6.8,-2.0081420073662084,3790156000000.0,1924923000000.0,-2360635000000.0,-92666000000.0,588068000000.0,3419444000000.0,370712000000.0,274793621000000.0,0.0367535047598825,-30259000000.0,3.2088159713202136,-1.571958982255394,-13.7,13.5,-1.3,-13.7,3.1,13.7,-13.7,1.6,-15.3,-1.5,3423107000000.0,1915339000000.0,-1922154000000.0,-111156000000.0,525542000000.0,2903004000000.0,520103000000.0,250704406000000.0,0.035201348907041,-20675000000.0,12.367866443055304,-1.0794433779085582,6.0,-9.1,2.0,10.9,-4.9,8.1,-13.1,6.2,4.7,-1.1,True
ACB,Private_1,2020-Q3,4485580000000.0,3635001000000.0,491577000000.0,-1732012000000.0,-161996000000.0,2591572000000.0,297385546000000.0,0.0367174585435732,4126578000000.0,2232570000000.0,359002000000.0,3671579750000.0,1928322500000.0,-2178763500000.0,-177630500000.0,613136750000.0,3221001500000.0,450578250000.0,270825302500000.0,0.03554225073344315,454998250000.0,663249500000.0,446751500000.0,15634500000.0,-254134750000.0,413999500000.0,40998750000.0,9.34872805407199,False,34.39515433751356,23.6,24.0,-13.2,21.5,2.1,23.2,0.8,4.7,16.8,34.4,23.6,24.0,-13.2,34.4,21.5,2.1,23.2,0.8,4.7,16.8,34.39515433751356,3538605000000.0,1894664000000.0,-1767906000000.0,-439530000000.0,563495000000.0,3111946000000.0,426659000000.0,283755020000000.0,0.032730256627847,696908000000.0,4.690956645418554,36.78266964485524,31.0,16.6,-10.8,27.6,3.4,1.9,14.6,2.3,25.3,36.8,3542163000000.0,1938773000000.0,-1843617000000.0,-66466000000.0,306693000000.0,3023025000000.0,519138000000.0,256052028000000.0,0.0354039988055553,652799000000.0,14.937011848060752,33.67072885789105,30.1,0.8,2.7,31.5,-1.4,5.8,-4.9,7.5,24.0,33.6,False
ACB,Private_1,2020-Q4,5195405000000.0,4415732000000.0,405706000000.0,-1763715000000.0,-246961000000.0,3184729000000.0,311478989000000.0,0.0422344462173608,4821438000000.0,2810762000000.0,373967000000.0,3817683500000.0,2091522250000.0,-2150862250000.0,-201513000000.0,626214000000.0,3373995500000.0,443688000000.0,281158682000000.0,0.03587061566794762,1003754500000.0,1093206750000.0,387147250000.0,-45448000000.0,-252247000000.0,1041736500000.0,-37982000000.0,10.232325241437445,False,52.26847335714454,48.0,16.4,-12.1,49.8,-1.8,18.5,-2.2,5.1,44.7,52.3,48.0,16.4,-12.1,52.3,49.8,-1.8,18.5,-2.2,5.1,44.7,52.26847335714454,4126578000000.0,2591572000000.0,-1732012000000.0,-161996000000.0,359002000000.0,3635001000000.0,491577000000.0,297385546000000.0,0.0367174585435732,593157000000.0,4.629418266248666,22.887922851458498,26.8,-4.5,0.6,30.1,-3.3,-1.2,-3.3,2.3,27.8,22.9,3815395000000.0,1954930000000.0,-2742896000000.0,-111860000000.0,994291000000.0,3329591000000.0,485804000000.0,268700541000000.0,0.0372812427404878,1229799000000.0,14.746624376768342,62.90757213813283,51.5,43.2,-31.7,55.5,-4.1,50.1,-6.9,7.4,48.1,63.0,False
ACB,Private_1,2021-Q1,5675377000000.0,4639572000000.0,625207000000.0,-1965297000000.0,-605761000000.0,3104319000000.0,324311117000000.0,0.0428628384126556,5264779000000.0,2693721000000.0,410598000000.0,4069194250000.0,2398972000000.0,-1906067000000.0,-235288250000.0,471133000000.0,3645530750000.0,423663500000.0,291853294000000.0,0.03710891653716587,1195584750000.0,705347000000.0,-59230000000.0,-370472750000.0,-60535000000.0,994041250000.0,201543500000.0,10.535442300967299,False,29.402052212364293,49.8,-17.9,-2.5,41.4,8.4,-2.5,-15.4,5.3,36.1,29.4,49.8,-17.9,-2.5,29.4,41.4,8.4,-2.5,-15.4,5.3,36.1,29.402052212364293,4821438000000.0,3184729000000.0,-1763715000000.0,-246961000000.0,373967000000.0,4415732000000.0,405706000000.0,311478989000000.0,0.0422344462173608,-80410000000.0,4.0365925417530795,-2.5248616130289263,12.6,-12.6,1.2,7.0,6.9,-6.3,-11.3,2.0,5.0,1.2,3790156000000.0,1924923000000.0,-2360635000000.0,-92666000000.0,588068000000.0,3419444000000.0,370712000000.0,274793621000000.0,0.0367535047598825,1179396000000.0,16.53049720998868,61.269775466343326,76.6,-6.1,-9.2,63.4,13.2,20.5,-26.7,8.3,55.1,61.3,False
ACB,Private_1,2021-Q2,6227217000000.0,4990387000000.0,886379000000.0,-1592538000000.0,-1386245000000.0,3248434000000.0,341667500000000.0,0.0446178231510519,5876766000000.0,2897983000000.0,350451000000.0,4437850000000.0,2693821000000.0,-1807232500000.0,-363562000000.0,426765500000.0,3950562750000.0,487287250000.0,304232668000000.0,0.03863624995035915,1438916000000.0,554613000000.0,214694500000.0,-1022683000000.0,-76314500000.0,1039824250000.0,399091750000.0,11.591522608181146,False,20.588339017328916,53.4,-30.0,-2.8,38.6,14.8,8.0,-38.0,5.8,32.8,20.6,53.4,-30.0,-2.8,20.6,38.6,14.8,8.0,-38.0,5.8,32.8,20.588339017328916,5264779000000.0,3104319000000.0,-1965297000000.0,-605761000000.0,410598000000.0,4639572000000.0,625207000000.0,324311117000000.0,0.0428628384126556,144115000000.0,5.212294376112079,4.642403052005931,19.7,-13.1,-1.9,11.3,8.4,12.0,-23.2,2.6,8.7,4.7,3538605000000.0,1894664000000.0,-1767906000000.0,-439530000000.0,563495000000.0,3111946000000.0,426659000000.0,283755020000000.0,0.032730256627847,1353770000000.0,18.51947384305893,71.45171914386931,123.4,-40.7,-11.2,99.2,24.3,9.3,-49.9,9.3,89.9,71.5,False
ACB,Private_1,2021-Q3,5690182000000.0,4520511000000.0,635559000000.0,-2254497000000.0,-820086000000.0,2615599000000.0,336491602000000.0,0.0390386385366447,5156070000000.0,2081487000000.0,534112000000.0,5022390250000.0,3032263500000.0,-1763390500000.0,-600240750000.0,373504500000.0,4420173000000.0,602217250000.0,318710788000000.0,0.04160814158116037,133679750000.0,-416664500000.0,-491106500000.0,-219845250000.0,160607500000.0,100338000000.0,33341750000.0,5.427579102695276,False,-13.741038666329624,4.4,-23.4,5.3,3.3,1.1,-16.2,-7.3,2.7,0.6,-13.7,4.4,-23.4,5.3,-13.7,3.3,1.1,-16.2,-7.3,2.7,0.6,-13.741038666329624,5876766000000.0,3248434000000.0,-1592538000000.0,-1386245000000.0,350451000000.0,4990387000000.0,886379000000.0,341667500000000.0,0.0446178231510519,-632835000000.0,-1.5264553656318838,-19.481233111092912,-22.2,-2.9,5.6,-14.5,-7.7,-20.4,17.4,-0.8,-13.7,-19.5,4126578000000.0,2591572000000.0,-1732012000000.0,-161996000000.0,359002000000.0,3635001000000.0,491577000000.0,297385546000000.0,0.0367174585435732,24027000000.0,12.338686170778317,0.9271206819644601,1.3,-1.3,0.9,1.3,0.8,-1.3,-1.3,6.2,-4.9,0.9,False
ACB,Private_1,2021-Q4,5971221000000.0,4794322000000.0,746818000000.0,-2417444000000.0,-524017000000.0,3029760000000.0,361912538000000.0,0.0390368163098673,5541140000000.0,2599679000000.0,430081000000.0,5279763250000.0,3038270250000.0,-1894011750000.0,-764763250000.0,417282000000.0,4641550500000.0,638212750000.0,328487302000000.0,0.04218843657942825,261376750000.0,-8510250000.0,-523432250000.0,240746250000.0,12799000000.0,152771500000.0,108605250000.0,9.682863194174553,True,-0.2801018112197228,-5.5,5.5,-0.3,-3.3,-2.4,5.5,-5.3,4.8,-8.1,-0.3,-5.5,5.5,-0.3,-0.3,-3.3,-2.4,5.5,-5.3,4.8,-8.1,-0.2801018112197228,5156070000000.0,2615599000000.0,-2254497000000.0,-820086000000.0,534112000000.0,4520511000000.0,635559000000.0,336491602000000.0,0.0390386385366447,414161000000.0,7.279720879088718,15.83426970265702,14.7,5.1,-4.0,10.5,4.3,-6.2,11.3,3.6,6.9,15.8,4821438000000.0,3184729000000.0,-1763715000000.0,-246961000000.0,373967000000.0,4415732000000.0,405706000000.0,311478989000000.0,0.0422344462173608,-154969000000.0,14.978967503403112,-4.866002727390619,22.6,-24.3,1.8,11.9,10.7,-20.5,-8.7,7.5,4.4,0.1,True
ACB,Private_1,2022-Q1,6849763000000.0,5440672000000.0,739159000000.0,-2738601000000.0,2843000000.0,4114005000000.0,379982950000000.0,0.0422047551111305,6179831000000.0,3444073000000.0,669932000000.0,5459688750000.0,2999528000000.0,-2057444000000.0,-834027250000.0,431310500000.0,4736198000000.0,723490750000.0,341095689250000.0,0.041389029102554875,720142250000.0,1114477000000.0,-681157000000.0,836870250000.0,238621500000.0,704474000000.0,15668250000.0,10.785858471815772,False,37.155079065773016,24.0,5.2,8.0,23.5,0.5,-22.7,27.9,5.4,18.1,37.2,24.0,5.2,8.0,37.2,23.5,0.5,-22.7,27.9,5.4,18.1,37.155079065773016,5541140000000.0,3029760000000.0,-2417444000000.0,-524017000000.0,430081000000.0,4794322000000.0,746818000000.0,361912538000000.0,0.0390368163098673,1084245000000.0,4.871417144944275,35.78649794043092,21.1,6.8,7.9,21.3,-0.3,-10.6,17.4,2.4,18.9,35.8,5264779000000.0,3104319000000.0,-1965297000000.0,-605761000000.0,410598000000.0,4639572000000.0,625207000000.0,324311117000000.0,0.0428628384126556,1009686000000.0,15.809257981439165,32.5252011793891,29.5,-5.3,8.4,25.8,3.7,-24.9,19.6,7.9,17.9,32.6,False
ACB,Private_1,2022-Q2,6923347000000.0,5606390000000.0,993267000000.0,-2276351000000.0,267364000000.0,4914360000000.0,395598651000000.0,0.042855374808244,6599657000000.0,4590670000000.0,323690000000.0,5688451750000.0,3251949500000.0,-2250770000000.0,-681876250000.0,496144000000.0,4936473000000.0,751978750000.0,355013647500000.0,0.0412245082771736,911205250000.0,1662410500000.0,-25581000000.0,949240250000.0,-172454000000.0,669917000000.0,241288250000.0,10.813839203302104,False,51.120427915624155,28.0,28.4,-5.3,20.6,7.4,-0.8,29.2,5.4,15.2,51.1,28.0,28.4,-5.3,51.1,20.6,7.4,-0.8,29.2,5.4,15.2,51.120427915624155,6179831000000.0,4114005000000.0,-2738601000000.0,2843000000.0,669932000000.0,5440672000000.0,739159000000.0,379982950000000.0,0.0422047551111305,800355000000.0,4.026836371534811,19.454400274185375,10.2,17.7,-8.4,4.0,6.2,11.2,6.4,2.0,2.0,19.5,5876766000000.0,3248434000000.0,-1592538000000.0,-1386245000000.0,350451000000.0,4990387000000.0,886379000000.0,341667500000000.0,0.0446178231510519,1665926000000.0,14.630035822707937,51.28397252337587,22.3,29.8,-0.8,19.0,3.3,-21.0,50.9,7.3,11.7,51.3,False
ACB,Private_1,2022-Q3,7090961000000.0,6032250000000.0,866785000000.0,-2525765000000.0,-90436000000.0,4474760000000.0,402250931000000.0,0.0448808940421408,6899035000000.0,4282834000000.0,191926000000.0,5869174500000.0,3668431000000.0,-2421723250000.0,-268474000000.0,489453750000.0,5090473750000.0,778700750000.0,368496435250000.0,0.04078389619147163,1029860500000.0,806329000000.0,-104041750000.0,178038000000.0,-297527750000.0,941776250000.0,88084250000.0,8.758900056766818,False,21.980214429547672,28.1,2.0,-8.1,25.7,2.4,-2.8,4.9,4.4,21.3,22.0,28.1,2.0,-8.1,22.0,25.7,2.4,-2.8,4.9,4.4,21.3,21.980214429547672,6599657000000.0,4914360000000.0,-2276351000000.0,267364000000.0,323690000000.0,5606390000000.0,993267000000.0,395598651000000.0,0.042855374808244,-439600000000.0,1.6675524184206443,-8.945213618863901,6.1,-12.4,-2.7,8.7,-2.6,-5.1,-7.3,0.8,7.9,-9.0,5156070000000.0,2615599000000.0,-2254497000000.0,-820086000000.0,534112000000.0,4520511000000.0,635559000000.0,336491602000000.0,0.0390386385366447,1859161000000.0,17.80304397337306,71.07974119886113,66.7,17.6,-13.1,57.8,8.8,-10.4,27.9,8.9,48.9,71.2,False
ACB,Private_1,2022-Q4,7925996000000.0,6454217000000.0,927033000000.0,-4064328000000.0,-250585000000.0,3611083000000.0,413706244000000.0,0.0454794795268774,7381250000000.0,3066337000000.0,544746000000.0,6304915750000.0,4133221250000.0,-2489540250000.0,-86061500000.0,403907250000.0,5468408500000.0,836507250000.0,384936267500000.0,0.04224446006784565,1076334250000.0,-522138250000.0,-1574787750000.0,-164523500000.0,140838750000.0,985808500000.0,90525750000.0,7.204719529884429,False,-12.632719576770782,26.0,-42.1,3.4,23.9,2.2,-38.1,-4.0,3.6,20.3,-12.7,26.0,-42.1,3.4,-12.7,23.9,2.2,-38.1,-4.0,3.6,20.3,-12.632719576770782,6899035000000.0,4474760000000.0,-2525765000000.0,-90436000000.0,191926000000.0,6032250000000.0,866785000000.0,402250931000000.0,0.0448808940421408,-863677000000.0,2.807822113948566,-19.301079834449222,10.8,-38.0,7.9,9.4,1.4,-34.4,-3.6,1.4,8.0,-19.3,5541140000000.0,3029760000000.0,-2417444000000.0,-524017000000.0,430081000000.0,4794322000000.0,746818000000.0,361912538000000.0,0.0390368163098673,581323000000.0,13.355454303580801,19.187097327841148,60.7,-45.3,3.8,54.8,5.9,-54.4,9.0,6.7,48.1,19.2,False
ACB,Private_1,2023-Q1,7920151000000.0,6215154000000.0,627066000000.0,-2507640000000.0,-256014000000.0,5156497000000.0,411288535000000.0,0.04201012227403,6842220000000.0,4078566000000.0,1077931000000.0,6764943250000.0,4278552000000.0,-2901261250000.0,-17703500000.0,432573500000.0,5883382250000.0,881561000000.0,397884694000000.0,0.04385512587209817,77276750000.0,877945000000.0,393621250000.0,-238310500000.0,645357500000.0,331771750000.0,-254495000000.0,3.3129719371870125,False,20.51967581555629,1.8,3.6,15.1,7.8,-6.0,9.2,-5.6,1.7,6.1,20.5,1.8,3.6,15.1,20.5,7.8,-6.0,9.2,-5.6,1.7,6.1,20.51967581555629,7381250000000.0,3611083000000.0,-4064328000000.0,-250585000000.0,544746000000.0,6454217000000.0,927033000000.0,413706244000000.0,0.0454794795268774,1545414000000.0,-0.5861149819470555,42.79641315361624,-14.9,43.0,14.8,-6.6,-8.3,43.1,-0.2,-0.3,-6.3,42.9,6179831000000.0,4114005000000.0,-2738601000000.0,2843000000.0,669932000000.0,5440672000000.0,739159000000.0,379982950000000.0,0.0422047551111305,1042492000000.0,7.912729219605328,25.34007615450151,16.1,-0.7,9.9,18.8,-2.7,5.6,-6.3,4.0,14.8,25.3,False
ACB,Private_1,2023-Q2,8023520000000.0,6245672000000.0,804386000000.0,-2485180000000.0,-705893000000.0,4832447000000.0,434031946000000.0,0.0413289871265413,7050058000000.0,3858985000000.0,973462000000.0,6930540500000.0,4539175000000.0,-2843521000000.0,-82417750000.0,534573250000.0,6077002750000.0,853537750000.0,405711090250000.0,0.04380646766282305,119517500000.0,293272000000.0,358341000000.0,-623475250000.0,438888750000.0,168669250000.0,-49151750000.0,6.74512428860883,False,6.460909746815226,2.6,-5.8,9.7,3.7,-1.1,7.9,-13.7,3.4,0.3,6.5,2.6,-5.8,9.7,6.5,3.7,-1.1,7.9,-13.7,3.4,0.3,6.460909746815226,6842220000000.0,5156497000000.0,-2507640000000.0,-256014000000.0,1077931000000.0,6215154000000.0,627066000000.0,411288535000000.0,0.04201012227403,-324050000000.0,5.3810150141151025,-6.284305023352093,4.0,-8.3,-2.0,0.6,3.4,0.4,-8.7,2.7,-2.1,-6.3,6599657000000.0,4914360000000.0,-2276351000000.0,267364000000.0,323690000000.0,5606390000000.0,993267000000.0,395598651000000.0,0.042855374808244,-81913000000.0,9.265158526934126,-1.6668091063739736,8.3,-8.3,8.3,8.3,-3.8,-4.2,-8.3,4.6,3.7,8.3,False
ACB,Private_1,2023-Q3,8424382000000.0,6209128000000.0,763587000000.0,-2868218000000.0,-520683000000.0,5035481000000.0,449751645000000.0,0.0397929242687263,6972715000000.0,3583814000000.0,1451667000000.0,7043140750000.0,4518696750000.0,-2895728250000.0,-325732000000.0,697016250000.0,6236823250000.0,806317500000.0,415319414000000.0,0.04342487074239738,-70425750000.0,516784250000.0,27510250000.0,-194951000000.0,754650750000.0,-27695250000.0,-42730500000.0,7.960555527034456,False,11.436577371561834,-1.6,-3.7,16.7,-0.6,-0.9,0.6,-4.3,4.0,-4.6,11.4,-1.6,-3.7,16.7,11.4,-0.6,-0.9,0.6,-4.3,4.0,-4.6,11.436577371561834,7050058000000.0,4832447000000.0,-2485180000000.0,-705893000000.0,973462000000.0,6245672000000.0,804386000000.0,434031946000000.0,0.0413289871265413,203034000000.0,3.5573638524365863,4.201473911664215,-1.6,-4.1,9.9,-0.8,-0.8,-7.9,3.8,1.8,-2.6,4.2,6899035000000.0,4474760000000.0,-2525765000000.0,-90436000000.0,191926000000.0,6032250000000.0,866785000000.0,402250931000000.0,0.0448808940421408,560721000000.0,11.150368634566194,12.53075025252751,1.6,-17.3,28.2,3.9,-2.3,-7.7,-9.6,5.6,-1.7,12.5,False
ACB,Private_1,2023-Q4,8378463000000.0,6289616000000.0,727298000000.0,-3013248000000.0,-321641000000.0,5043574000000.0,487601852000000.0,0.0377060829090139,7016914000000.0,3682025000000.0,1361549000000.0,7061560750000.0,4658877000000.0,-2981341500000.0,-433293750000.0,1011951500000.0,6281042750000.0,780518000000.0,427194592500000.0,0.042152878299043746,-44646750000.0,384697000000.0,-31906500000.0,111652750000.0,349597500000.0,8573250000.0,-53220000000.0,13.206710599540378,False,8.257290329836998,-1.0,1.7,7.5,0.2,-1.1,-0.7,2.4,6.6,-6.4,8.2,-1.0,1.7,7.5,8.2,0.2,-1.1,-0.7,2.4,6.6,-6.4,8.257290329836998,6972715000000.0,5035481000000.0,-2868218000000.0,-520683000000.0,1451667000000.0,6209128000000.0,763587000000.0,449751645000000.0,0.0397929242687263,8093000000.0,8.075972857868368,0.16071950226800577,0.9,1.1,-1.8,1.6,-0.7,-2.9,4.0,4.0,-2.4,0.2,7381250000000.0,3611083000000.0,-4064328000000.0,-250585000000.0,544746000000.0,6454217000000.0,927033000000.0,413706244000000.0,0.0454794795268774,1432491000000.0,16.397413565449657,39.66929034862948,-10.1,27.1,22.6,-4.6,-5.5,29.1,-2.0,8.2,-12.8,39.6,False
ACB,Private_1,2024-Q1,8168451000000.0,6721518000000.0,745202000000.0,-2763921000000.0,-512217000000.0,4892313000000.0,506112216000000.0,0.038048535870759,7466720000000.0,4190582000000.0,701731000000.0,6970476750000.0,5016999750000.0,-2718571500000.0,-451057750000.0,1216152250000.0,6239892500000.0,730584250000.0,445668494500000.0,0.04020952914457787,496243250000.0,-124686750000.0,-45349500000.0,-61159250000.0,-514421250000.0,481625500000.0,14617750000.0,12.701186488271448,False,-2.485285154738148,9.9,-2.1,-10.3,9.6,0.3,-0.9,-1.2,6.4,3.2,-2.5,9.9,-2.1,-10.3,-2.5,9.6,0.3,-0.9,-1.2,6.4,3.2,-2.485285154738148,7016914000000.0,5043574000000.0,-3013248000000.0,-321641000000.0,1361549000000.0,6289616000000.0,727298000000.0,487601852000000.0,0.0377060829090139,-151261000000.0,3.725490982985661,-2.9990835863615763,8.9,1.2,-13.1,8.6,0.4,4.9,-3.8,1.9,6.7,-3.0,6842220000000.0,5156497000000.0,-2507640000000.0,-256014000000.0,1077931000000.0,6215154000000.0,627066000000.0,411288535000000.0,0.04201012227403,-264184000000.0,20.67224839234953,-5.123323062148587,12.1,-9.9,-7.3,9.8,2.3,-5.0,-5.0,10.3,-0.5,-5.1,False
ACB,Private_1,2024-Q2,8652011000000.0,7111506000000.0,877569000000.0,-2465618000000.0,-588150000000.0,5598243000000.0,550172293000000.0,0.0388040142810301,7989075000000.0,4935307000000.0,662936000000.0,7126601750000.0,4950953750000.0,-2782641750000.0,-515108500000.0,1122102250000.0,6366483500000.0,760118250000.0,469374414750000.0,0.039219132543760124,862473250000.0,647289250000.0,317023750000.0,-73041500000.0,-459166250000.0,745022500000.0,117450750000.0,15.849764927064472,False,13.074031442931577,17.4,4.9,-9.3,15.0,2.4,6.4,-1.5,7.9,7.1,13.0,17.4,4.9,-9.3,13.0,15.0,2.4,6.4,-1.5,7.9,7.1,13.074031442931577,7466720000000.0,4892313000000.0,-2763921000000.0,-512217000000.0,701731000000.0,6721518000000.0,745202000000.0,506112216000000.0,0.038048535870759,705930000000.0,8.342463914710311,14.429371137946406,10.7,4.5,-0.8,8.0,2.7,6.1,-1.6,4.2,3.8,14.4,7050058000000.0,4832447000000.0,-2485180000000.0,-705893000000.0,973462000000.0,6245672000000.0,804386000000.0,434031946000000.0,0.0413289871265413,765796000000.0,23.600862991202785,15.846961177225536,19.4,2.8,-6.4,17.9,1.5,0.4,2.4,11.8,6.1,15.8,False
ACB,Private_1,2024-Q3,8136001000000.0,6881387000000.0,747189000000.0,-2933714000000.0,-358243000000.0,4844044000000.0,554908474000000.0,0.0362637595443812,7628576000000.0,4336619000000.0,507425000000.0,7361356000000.0,5142402750000.0,-2777751250000.0,-485672750000.0,1044470750000.0,6582942000000.0,778414000000.0,498409501500000.0,0.03858788933238233,267220000000.0,-298358750000.0,-155962750000.0,127429750000.0,-537045750000.0,298445000000.0,-31225000000.0,10.727809420166873,False,-5.8019327638232925,5.2,-0.6,-10.4,5.8,-0.6,-3.0,2.5,5.4,0.4,-5.8,5.2,-0.6,-10.4,-5.8,5.8,-0.6,-3.0,2.5,5.4,0.4,-5.8019327638232925,7989075000000.0,5598243000000.0,-2465618000000.0,-588150000000.0,662936000000.0,7111506000000.0,877569000000.0,550172293000000.0,0.0388040142810301,-754199000000.0,0.8571646781723421,-13.47206614646774,-6.4,-4.3,-2.8,-4.1,-2.3,-8.4,4.1,0.4,-4.5,-13.5,6972715000000.0,5035481000000.0,-2868218000000.0,-520683000000.0,1451667000000.0,6209128000000.0,763587000000.0,449751645000000.0,0.0397929242687263,-191437000000.0,20.93381174613939,-3.801761936943065,13.0,1.9,-18.8,13.4,-0.3,-1.3,3.2,10.5,2.9,-3.9,False
ACB,Private_1,2024-Q4,8558296000000.0,7080291000000.0,868825000000.0,-2739350000000.0,-147675000000.0,5671271000000.0,580686248000000.0,0.0351307727472898,7949116000000.0,5062091000000.0,609180000000.0,7525321250000.0,5094543500000.0,-2794125250000.0,-445062750000.0,808410250000.0,6751006750000.0,774314500000.0,524698708750000.0,0.03770559815129605,423794750000.0,576727500000.0,54775250000.0,297387750000.0,-199230250000.0,329284250000.0,94510500000.0,10.129962219607528,False,11.320494171852689,8.3,6.9,-3.9,6.5,1.9,1.1,5.8,5.1,1.4,11.3,8.3,6.9,-3.9,11.3,6.5,1.9,1.1,5.8,5.1,1.4,11.320494171852689,7628576000000.0,4844044000000.0,-2933714000000.0,-358243000000.0,507425000000.0,6881387000000.0,747189000000.0,554908474000000.0,0.0362637595443812,827227000000.0,4.539960163710588,17.07719830786013,6.6,8.4,2.1,4.1,2.5,4.0,4.4,2.3,1.8,17.1,7016914000000.0,5043574000000.0,-3013248000000.0,-321641000000.0,1361549000000.0,6289616000000.0,727298000000.0,487601852000000.0,0.0377060829090139,627697000000.0,17.42683382881453,12.445480129765123,18.5,8.9,-14.9,15.7,2.8,5.4,3.4,8.7,7.0,12.5,False
ACB,Private_1,2025-Q1,7914628000000.0,6358865000000.0,872313000000.0,-2691892000000.0,-626128000000.0,4596608000000.0,598805866000000.0,0.0294899368080169,7231178000000.0,3913158000000.0,683450000000.0,7758371750000.0,5251467750000.0,-2725650750000.0,-401571250000.0,620318000000.0,6948675500000.0,809696250000.0,547969807750000.0,0.037061770610865026,-527193750000.0,-654859750000.0,33758750000.0,-224556750000.0,63132000000.0,-589810500000.0,62616750000.0,8.865911514108799,False,-12.470032782739644,-10.0,-3.6,1.2,-11.2,1.2,0.6,-4.3,4.4,-15.6,-12.4,-10.0,-3.6,1.2,-12.4,-11.2,1.2,0.6,-4.3,4.4,-15.6,-12.470032782739644,7949116000000.0,5671271000000.0,-2739350000000.0,-147675000000.0,609180000000.0,7080291000000.0,868825000000.0,580686248000000.0,0.0351307727472898,-1074663000000.0,3.0724441113134904,-18.949244358098916,-12.7,-7.6,1.3,-12.7,0.1,0.8,-8.4,1.5,-14.2,-19.0,7466720000000.0,4892313000000.0,-2763921000000.0,-512217000000.0,701731000000.0,6721518000000.0,745202000000.0,506112216000000.0,0.038048535870759,-295705000000.0,16.77837506871392,-6.044278033723518,-4.8,-0.9,-0.4,-7.4,2.6,1.5,-2.3,8.4,-15.8,-6.1,False
ACB,Private_1,2025-Q2,9292544000000.0,6683848000000.0,584731000000.0,-2736160000000.0,-463039000000.0,6093345000000.0,633748683000000.0,0.0298445452247518,7268579000000.0,4069380000000.0,2023965000000.0,7699486250000.0,5177541500000.0,-2707643500000.0,-430049000000.0,615747750000.0,6858012250000.0,841474000000.0,571143220250000.0,0.0349221208451795,-430907250000.0,915803500000.0,-28516500000.0,-32990000000.0,1408217250000.0,-174164250000.0,-256743000000.0,10.391880397093207,False,17.68799921738918,-8.3,-1.2,27.2,-3.4,-5.0,-0.5,-0.6,5.2,-8.6,17.7,-8.3,-1.2,27.2,17.7,-3.4,-5.0,-0.5,-0.6,5.2,-8.6,17.68799921738918,7231178000000.0,4596608000000.0,-2691892000000.0,-626128000000.0,683450000000.0,6358865000000.0,872313000000.0,598805866000000.0,0.0294899368080169,1496737000000.0,5.669983049164017,32.561771636824375,0.8,2.6,29.2,7.1,-6.3,-1.0,3.5,2.8,4.3,32.6,7989075000000.0,5598243000000.0,-2465618000000.0,-588150000000.0,662936000000.0,7111506000000.0,877569000000.0,550172293000000.0,0.0388040142810301,495102000000.0,14.118575765482511,8.843881910806658,-12.9,-2.6,24.3,-7.6,-5.2,-4.8,2.2,7.1,-14.7,8.8,False
BAB,Private_3,2018-Q1,495946000000.0,439450000000.0,5856000000.0,-189969000000.0,-95568000000.0,210409000000.0,56376410000000.0,0.0035185033282063,445306000000.0,159769000000.0,50640000000.0,,,,,,,,,,,,,,,,,,False,0.0,,,,,,,,,,,,,,,,,,,,,0.0,,,,,,,,,,,,0.0,,,,,,,,,,,,,,,,,,,,,,0.0,,,,,,,,,,,False
BAB,Private_3,2018-Q2,584491000000.0,452306000000.0,23961000000.0,-247177000000.0,-113328000000.0,223986000000.0,59589593000000.0,0.0212759144332456,476267000000.0,115762000000.0,108224000000.0,,,,,,,,,,,,,,,,,,False,0.0,,,,,,,,,,,,,,,,,,,,,0.0,445306000000.0,210409000000.0,-189969000000.0,-95568000000.0,50640000000.0,439450000000.0,5856000000.0,56376410000000.0,0.0035185033282063,13577000000.0,5.541594806884911,6.45267075077587,14.7,-35.6,27.4,6.1,8.6,-27.2,-8.4,2.8,3.3,6.5,,,,,,,,,,,,0.0,,,,,,,,,,,False
BAB,Private_3,2018-Q3,374833000000.0,327629000000.0,6917000000.0,-201072000000.0,-24981000000.0,148780000000.0,60977921000000.0,0.0151919932669629,334546000000.0,108493000000.0,40287000000.0,,,,,,,,,,,,,,,,,,False,0.0,,,,,,,,,,,,,,,,,,,,,0.0,476267000000.0,223986000000.0,-247177000000.0,-113328000000.0,108224000000.0,452306000000.0,23961000000.0,59589593000000.0,0.0212759144332456,-75206000000.0,2.302988514800098,-33.57620565571062,-63.3,60.0,-30.3,-55.7,-7.6,20.6,39.5,1.2,-56.9,-33.6,,,,,,,,,,,,0.0,,,,,,,,,,,False
BAB,Private_3,2018-Q4,541521000000.0,479343000000.0,36270000000.0,-241639000000.0,-40474000000.0,259408000000.0,63979415000000.0,0.0213684722600297,515613000000.0,233500000000.0,25908000000.0,,,,,,,,,,,,,,,,,,False,0.0,,,,,,,,,,,,,,,,,,,,,0.0,334546000000.0,148780000000.0,-201072000000.0,-24981000000.0,40287000000.0,327629000000.0,6917000000.0,60977921000000.0,0.0151919932669629,110628000000.0,4.8040300731123144,74.35676838284716,121.7,-37.7,-9.7,101.9,19.7,-27.3,-10.4,2.4,99.5,74.3,,,,,,,,,,,,0.0,,,,,,,,,,,False
BAB,Private_3,2019-Q1,453493000000.0,401745000000.0,32965000000.0,-208548000000.0,0.0,244945000000.0,65587925000000.0,0.0172366928192669,434710000000.0,226162000000.0,18783000000.0,442933000000.0,210645750000.0,-219964250000.0,-68587750000.0,56264750000.0,424682000000.0,18251000000.0,60230834750000.0,0.015338720822111126,-8223000000.0,34299250000.0,11416250000.0,68587750000.0,-37481750000.0,-22937000000.0,14714000000.0,8.515566773419891,True,16.28290625374592,-3.9,38.0,-17.8,-10.9,7.0,5.4,32.6,4.3,-15.2,16.3,-3.9,38.0,-17.8,16.3,-10.9,7.0,5.4,32.6,4.3,-15.2,16.28290625374592,515613000000.0,259408000000.0,-241639000000.0,-40474000000.0,25908000000.0,479343000000.0,36270000000.0,63979415000000.0,0.0213684722600297,-14463000000.0,2.48289422318927,-5.575387035095294,-31.2,28.4,-2.7,-29.9,-1.3,12.8,15.6,1.2,-31.1,-5.5,445306000000.0,210409000000.0,-189969000000.0,-95568000000.0,50640000000.0,439450000000.0,5856000000.0,56376410000000.0,0.0035185033282063,34536000000.0,15.105260074594757,16.413746560270713,-5.0,36.6,-15.1,-17.9,12.9,-8.8,45.4,7.6,-25.5,16.5,False
BAB,Private_3,2019-Q2,573106000000.0,541069000000.0,20949000000.0,-268742000000.0,-113302000000.0,191062000000.0,69233649000000.0,0.0226245356616154,562018000000.0,179974000000.0,11088000000.0,440284000000.0,219279750000.0,-224609000000.0,-44695750000.0,48300500000.0,415255750000.0,25028250000.0,62533713500000.0,0.018768268194876273,121734000000.0,-28217750000.0,-44133000000.0,-68606250000.0,-37212500000.0,125813250000.0,-4079250000.0,10.169339922850774,True,-12.868379319111774,55.5,-51.4,-17.0,57.4,-1.9,-20.1,-31.3,5.1,52.3,-12.9,55.5,-51.4,-17.0,-12.9,57.4,-1.9,-20.1,-31.3,5.1,52.3,-12.868379319111774,434710000000.0,244945000000.0,-208548000000.0,0.0,18783000000.0,401745000000.0,32965000000.0,65587925000000.0,0.0172366928192669,-53883000000.0,5.4082204974108965,-21.997999550919594,52.0,-70.8,-3.1,56.9,-4.9,-24.6,-46.3,2.7,54.2,-21.9,476267000000.0,223986000000.0,-247177000000.0,-113328000000.0,108224000000.0,452306000000.0,23961000000.0,59589593000000.0,0.0212759144332456,-32924000000.0,14.97254043645323,-14.699132981525631,38.3,-9.6,-43.4,39.6,-1.3,-9.6,0.0,7.5,32.1,-14.7,False
BAB,Private_3,2019-Q3,540908000000.0,487298000000.0,11447000000.0,-302308000000.0,-28378000000.0,210222000000.0,69830813000000.0,0.0201184866267689,498745000000.0,168059000000.0,42163000000.0,461721750000.0,211048750000.0,-230000250000.0,-44689250000.0,24016500000.0,437446500000.0,24275250000.0,64944727500000.0,0.019105423501968723,37023250000.0,-826750000.0,-72307750000.0,16311250000.0,18146500000.0,49851500000.0,-12828250000.0,7.250700656622483,True,-0.3917341372550181,17.5,-26.5,8.6,23.6,-6.1,-34.3,7.7,3.6,20.0,-0.4,17.5,-26.5,8.6,-0.4,23.6,-6.1,-34.3,7.7,3.6,20.0,-0.3917341372550181,562018000000.0,191062000000.0,-268742000000.0,-113302000000.0,11088000000.0,541069000000.0,20949000000.0,69233649000000.0,0.0226245356616154,19160000000.0,0.8588304897048392,10.028158398844354,-33.1,26.9,16.3,-28.1,-5.0,-17.6,44.4,0.4,-28.5,10.1,334546000000.0,148780000000.0,-201072000000.0,-24981000000.0,40287000000.0,327629000000.0,6917000000.0,60977921000000.0,0.0151919932669629,61442000000.0,13.535628286105117,41.297217367925796,110.3,-70.3,1.3,107.3,3.1,-68.1,-2.3,6.8,100.5,41.3,False
BAB,Private_3,2019-Q4,625336000000.0,536900000000.0,7364000000.0,-322994000000.0,-12391000000.0,289951000000.0,72933312000000.0,0.0215080085409307,544264000000.0,208879000000.0,81072000000.0,502771500000.0,226409250000.0,-255309250000.0,-45538500000.0,24485500000.0,477363750000.0,25407750000.0,67157950500000.0,0.020337046841920225,41492500000.0,63541750000.0,-67684750000.0,33147500000.0,56586500000.0,59536250000.0,-18043750000.0,8.24514162687341,False,28.06499734441062,18.3,-15.3,25.0,26.3,-8.0,-29.9,14.6,4.1,22.2,28.0,18.3,-15.3,25.0,28.0,26.3,-8.0,-29.9,14.6,4.1,22.2,28.06499734441062,498745000000.0,210222000000.0,-302308000000.0,-28378000000.0,42163000000.0,487298000000.0,11447000000.0,69830813000000.0,0.0201184866267689,79729000000.0,4.346328603211766,37.92609717346424,21.7,-2.2,18.5,23.6,-1.9,-9.8,7.6,2.2,21.4,38.0,515613000000.0,259408000000.0,-241639000000.0,-40474000000.0,25908000000.0,479343000000.0,36270000000.0,63979415000000.0,0.0213684722600297,30543000000.0,13.079714641868174,11.774116449762536,11.0,-20.5,21.3,22.2,-11.1,-31.4,10.8,6.5,15.7,11.8,False
BAB,Private_3,2020-Q1,464550000000.0,440798000000.0,7487000000.0,-241768000000.0,-44163000000.0,178619000000.0,73395048000000.0,0.0168029459875846,448285000000.0,162354000000.0,16265000000.0,509934250000.0,234045000000.0,-275648000000.0,-38517750000.0,38276500000.0,491753000000.0,18181250000.0,69396424750000.0,0.020371930912145474,-61649250000.0,-55426000000.0,33880000000.0,-5645250000.0,-22011500000.0,-50955000000.0,-10694250000.0,5.600647115673089,False,-23.681770599671005,-26.3,12.1,-9.4,-21.8,-4.6,14.5,-2.4,2.8,-24.6,-23.6,-26.3,12.1,-9.4,-23.6,-21.8,-4.6,14.5,-2.4,2.8,-24.6,-23.681770599671005,544264000000.0,289951000000.0,-322994000000.0,-12391000000.0,81072000000.0,536900000000.0,7364000000.0,72933312000000.0,0.0215080085409307,-111332000000.0,0.6310957083097221,-38.39683256826154,-33.1,17.0,-22.3,-33.1,0.0,28.0,-10.9,0.3,-33.4,-38.4,434710000000.0,244945000000.0,-208548000000.0,0.0,18783000000.0,401745000000.0,32965000000.0,65587925000000.0,0.0172366928192669,-66326000000.0,11.234646707406382,-27.077915450407236,5.6,-31.6,-1.0,15.9,-10.4,-13.6,-18.0,5.6,10.3,-27.0,False
BAB,Private_3,2020-Q2,552487000000.0,511102000000.0,28683000000.0,-259884000000.0,-117796000000.0,174807000000.0,74015051000000.0,0.0191790740197489,539785000000.0,162105000000.0,12702000000.0,513328000000.0,217463500000.0,-283953000000.0,-49558500000.0,37647000000.0,501516250000.0,11811750000.0,71348205500000.0,0.020263494204224897,26457000000.0,-42656500000.0,24069000000.0,-68237500000.0,-24945000000.0,9585750000.0,16871250000.0,3.6692154045131757,True,-19.61547570051986,12.2,-20.3,-11.5,4.4,7.8,11.1,-31.4,1.8,2.6,-19.6,12.2,-20.3,-11.5,-19.6,4.4,7.8,11.1,-31.4,1.8,2.6,-19.61547570051986,448285000000.0,178619000000.0,-241768000000.0,-44163000000.0,16265000000.0,440798000000.0,7487000000.0,73395048000000.0,0.0168029459875846,-3812000000.0,0.8411947406669877,-2.13415146205051,51.2,-51.4,-2.0,39.4,11.9,-10.1,-41.2,0.4,39.0,-2.2,562018000000.0,191062000000.0,-268742000000.0,-113302000000.0,11088000000.0,541069000000.0,20949000000.0,69233649000000.0,0.0226245356616154,-16255000000.0,6.67566546851734,-8.507709539311845,-11.6,2.3,0.8,-15.7,4.0,4.6,-2.3,3.3,-19.0,-8.5,False
BAB,Private_3,2020-Q3,520865000000.0,478207000000.0,14782000000.0,-337126000000.0,-15079000000.0,168660000000.0,73903291000000.0,0.0177050399169545,492989000000.0,140784000000.0,27876000000.0,507769750000.0,213399750000.0,-281738500000.0,-50682000000.0,38050500000.0,494024500000.0,13745250000.0,72543556000000.0,0.019402128793758276,-14780750000.0,-44739750000.0,-55387500000.0,35603000000.0,-10174500000.0,-15817500000.0,1036750000.0,1.856967258571296,True,-20.96523074652149,-6.9,-9.3,-4.8,-7.4,0.5,-26.0,16.7,0.9,-8.3,-21.0,-6.9,-9.3,-4.8,-21.0,-7.4,0.5,-26.0,16.7,0.9,-8.3,-20.96523074652149,539785000000.0,174807000000.0,-259884000000.0,-117796000000.0,12702000000.0,511102000000.0,28683000000.0,74015051000000.0,0.0191790740197489,-6147000000.0,-0.15111040116985627,-3.5164495700973077,-26.8,14.6,8.7,-18.8,-8.0,-44.2,58.8,-0.1,-18.7,-3.5,498745000000.0,210222000000.0,-302308000000.0,-28378000000.0,42163000000.0,487298000000.0,11447000000.0,69830813000000.0,0.0201184866267689,-41562000000.0,5.666682974556964,-19.770528298655705,-2.7,-10.2,-6.8,-4.3,1.6,-16.6,6.3,2.8,-7.1,-19.7,False
BAB,Private_3,2020-Q4,693529000000.0,587986000000.0,8810000000.0,-401612000000.0,-77288000000.0,214629000000.0,79440423000000.0,0.0211704149979903,596796000000.0,117896000000.0,96733000000.0,506330750000.0,203009250000.0,-290443000000.0,-47357250000.0,34478750000.0,491751750000.0,14579000000.0,73561675500000.0,0.018798767116304675,90465250000.0,11619750000.0,-111169000000.0,-29930750000.0,62254250000.0,96234250000.0,-5769000000.0,7.684531856273853,True,5.723753966875893,44.6,-69.5,30.7,47.4,-2.8,-54.8,-14.7,3.8,43.6,5.8,44.6,-69.5,30.7,5.8,47.4,-2.8,-54.8,-14.7,3.8,43.6,5.723753966875893,492989000000.0,168660000000.0,-337126000000.0,-15079000000.0,27876000000.0,478207000000.0,14782000000.0,73903291000000.0,0.0177050399169545,45969000000.0,7.2218571672263,27.255425115617214,61.5,-75.1,40.8,65.1,-3.5,-38.2,-36.9,3.6,61.5,27.2,544264000000.0,289951000000.0,-322994000000.0,-12391000000.0,81072000000.0,536900000000.0,7364000000.0,72933312000000.0,0.0215080085409307,-75322000000.0,8.540987723376341,-25.977492748774793,18.1,-49.5,5.4,17.6,0.5,-27.1,-22.4,4.3,13.3,-26.0,False
BAB,Private_3,2021-Q1,503154000000.0,453181000000.0,15690000000.0,-273307000000.0,0.0,229847000000.0,76479917000000.0,0.016579850282742,468871000000.0,195564000000.0,34283000000.0,519463750000.0,184178750000.0,-310097500000.0,-63581500000.0,38394000000.0,504523250000.0,14940500000.0,75188453250000.0,0.018714368730569576,-50592750000.0,45668250000.0,36790500000.0,63581500000.0,-4111000000.0,-51342250000.0,749500000.0,1.7030099919597443,True,24.795612957520888,-27.5,54.5,-2.2,-27.9,0.4,20.0,34.5,0.9,-28.8,24.8,-27.5,54.5,-2.2,24.8,-27.9,0.4,20.0,34.5,0.9,-28.8,24.795612957520888,596796000000.0,214629000000.0,-401612000000.0,-77288000000.0,96733000000.0,587986000000.0,8810000000.0,79440423000000.0,0.0211704149979903,15218000000.0,-3.797459651511791,7.090374553298949,-59.6,95.8,-29.1,-62.8,3.2,59.8,36.0,-1.9,-60.9,7.1,448285000000.0,178619000000.0,-241768000000.0,-44163000000.0,16265000000.0,440798000000.0,7487000000.0,73395048000000.0,0.0168029459875846,51228000000.0,4.116590118970169,28.680039637440586,11.5,7.1,10.1,6.9,4.6,-17.7,24.7,2.1,4.8,28.7,False
BAB,Private_3,2021-Q2,591575000000.0,575739000000.0,19956000000.0,-329285000000.0,-56667000000.0,205623000000.0,78147424000000.0,0.0216871923038434,595695000000.0,209743000000.0,-4120000000.0,524610250000.0,196985750000.0,-317982250000.0,-52540750000.0,42898500000.0,507619000000.0,16991250000.0,75959670500000.0,0.018658594804358927,71084750000.0,8637250000.0,-11302750000.0,-4126250000.0,-47018500000.0,68120000000.0,2964750000.0,2.8392638341513865,True,4.384708030910865,36.1,-7.8,-23.9,34.6,1.5,-5.7,-2.1,1.4,33.2,4.4,36.1,-7.8,-23.9,4.4,34.6,1.5,-5.7,-2.1,1.4,33.2,4.384708030910865,468871000000.0,229847000000.0,-273307000000.0,0.0,34283000000.0,453181000000.0,15690000000.0,76479917000000.0,0.016579850282742,-24224000000.0,2.1568074432580455,-10.539184762037355,55.2,-49.0,-16.7,53.3,1.9,-24.4,-24.7,1.1,52.2,-10.5,539785000000.0,174807000000.0,-259884000000.0,-117796000000.0,12702000000.0,511102000000.0,28683000000.0,74015051000000.0,0.0191790740197489,30816000000.0,5.431527056851566,17.62858466766205,32.0,-4.7,-9.6,37.0,-5.0,-39.7,35.0,2.7,34.3,17.7,False
BAB,Private_3,2021-Q3,636748000000.0,533871000000.0,9853000000.0,-376100000000.0,5955000000.0,266603000000.0,78216840000000.0,0.019904081090477,543724000000.0,173579000000.0,93024000000.0,538587750000.0,204689750000.0,-335332500000.0,-37258500000.0,38693000000.0,523778250000.0,14809500000.0,76992763750000.0,0.019285624375382553,5136250000.0,61913250000.0,-40767500000.0,43213500000.0,54331000000.0,10092750000.0,-4956500000.0,1.5773202436257108,False,30.247362166400617,2.5,1.2,26.6,4.9,-2.4,-19.9,21.1,0.8,4.1,30.3,2.5,1.2,26.6,30.3,4.9,-2.4,-19.9,21.1,0.8,4.1,30.247362166400617,595695000000.0,205623000000.0,-329285000000.0,-56667000000.0,-4120000000.0,575739000000.0,19956000000.0,78147424000000.0,0.0216871923038434,60980000000.0,0.08878755058764579,29.656215501184207,-25.3,7.7,47.2,-20.4,-4.9,-22.8,30.5,0.0,-20.4,29.6,492989000000.0,168660000000.0,-337126000000.0,-15079000000.0,27876000000.0,478207000000.0,14782000000.0,73903291000000.0,0.0177050399169545,97943000000.0,5.671240185823926,58.07126763903712,30.1,-10.6,38.6,33.0,-2.9,-23.1,12.5,2.8,30.2,58.1,False
BAB,Private_3,2021-Q4,732611000000.0,554437000000.0,19360000000.0,-333442000000.0,-192877000000.0,206292000000.0,84598379000000.0,0.0198138814834257,573797000000.0,47478000000.0,158814000000.0,551271500000.0,229175500000.0,-345076000000.0,-32000000000.0,54980000000.0,537694250000.0,13577250000.0,78071151000000.0,0.019835384668763174,22525500000.0,-22883500000.0,11634000000.0,-160877000000.0,103834000000.0,16742750000.0,5782750000.0,8.025139065687348,True,-9.985142390875115,9.8,-65.1,45.3,7.3,2.5,5.1,-70.2,4.0,3.3,-10.0,9.8,-65.1,45.3,-10.0,7.3,2.5,5.1,-70.2,4.0,3.3,-9.985142390875115,543724000000.0,266603000000.0,-376100000000.0,5955000000.0,93024000000.0,533871000000.0,9853000000.0,78216840000000.0,0.019904081090477,-60311000000.0,7.838995689954512,-22.62202600870958,11.3,-58.6,24.7,7.7,3.6,16.0,-74.6,3.9,3.8,-22.6,596796000000.0,214629000000.0,-401612000000.0,-77288000000.0,96733000000.0,587986000000.0,8810000000.0,79440423000000.0,0.0211704149979903,-8337000000.0,6.288702352264192,-3.8843772276812545,-10.7,-22.1,28.9,-15.6,4.9,31.8,-53.9,3.1,-18.7,-3.9,False
BAB,Private_3,2022-Q1,546051000000.0,530896000000.0,16550000000.0,-292639000000.0,-7547000000.0,245865000000.0,86979544000000.0,0.018456127641545,547446000000.0,247260000000.0,-1395000000.0,545521750000.0,227091250000.0,-328033500000.0,-60897250000.0,70500250000.0,529307000000.0,16214750000.0,79360640000000.0,0.019496251290122026,1924250000.0,18773750000.0,35394500000.0,53350250000.0,-71895250000.0,1589000000.0,335250000.0,9.160629520525239,True,8.267051240415471,0.8,39.1,-31.7,0.7,0.1,15.6,23.5,4.6,-3.9,8.2,0.8,39.1,-31.7,8.2,0.7,0.1,15.6,23.5,4.6,-3.9,8.267051240415471,573797000000.0,206292000000.0,-333442000000.0,-192877000000.0,158814000000.0,554437000000.0,19360000000.0,84598379000000.0,0.0198138814834257,39573000000.0,2.7756076753534313,19.183002733988715,-12.8,109.6,-77.7,-11.4,-1.4,19.8,89.8,1.4,-12.8,19.1,468871000000.0,229847000000.0,-273307000000.0,0.0,34283000000.0,453181000000.0,15690000000.0,76479917000000.0,0.016579850282742,16018000000.0,12.846765718871419,6.968983715254061,34.2,-11.7,-15.5,33.8,0.4,-8.4,-3.3,6.4,27.4,7.0,False
BAB,Private_3,2022-Q2,547123000000.0,502531000000.0,19433000000.0,-315848000000.0,-46000000000.0,185275000000.0,89364799000000.0,0.0171739632156229,521964000000.0,160116000000.0,25159000000.0,565165500000.0,231095750000.0,-332866500000.0,-62784000000.0,61580750000.0,548735750000.0,16429750000.0,81985546750000.0,0.019965320629822775,-43201500000.0,-45820750000.0,17018500000.0,16784000000.0,-36421750000.0,-46204750000.0,3003250000.0,8.613057905078666,True,-19.82760392607826,-18.7,14.6,-15.8,-20.0,1.3,7.4,7.3,4.3,-24.3,-19.9,-18.7,14.6,-15.8,-19.9,-20.0,1.3,7.4,7.3,4.3,-24.3,-19.82760392607826,547446000000.0,245865000000.0,-292639000000.0,-7547000000.0,-1395000000.0,530896000000.0,16550000000.0,86979544000000.0,0.018456127641545,-60590000000.0,2.7052242895027256,-24.64360523051268,-10.4,-25.1,10.8,-11.5,1.2,-9.4,-15.6,1.4,-12.9,-24.7,595695000000.0,205623000000.0,-329285000000.0,-56667000000.0,-4120000000.0,575739000000.0,19956000000.0,78147424000000.0,0.0216871923038434,-20348000000.0,13.392903274885201,-9.895780141326602,-35.9,11.7,14.2,-35.6,-0.3,6.5,5.2,6.7,-42.3,-10.0,False
BAB,Private_3,2022-Q3,769013000000.0,636733000000.0,23617000000.0,-465739000000.0,-19162000000.0,284112000000.0,92465314000000.0,0.0211100850164444,660350000000.0,175449000000.0,108663000000.0,546732750000.0,226008750000.0,-329507250000.0,-60117250000.0,68900500000.0,530433750000.0,16299000000.0,84789890500000.0,0.01883701335776765,113617250000.0,58103250000.0,-136231750000.0,40955250000.0,39762500000.0,106299250000.0,7318000000.0,8.660308194222868,False,25.708407307239213,50.3,-42.2,17.6,47.0,3.2,-60.3,18.1,4.3,42.7,25.7,50.3,-42.2,17.6,25.7,47.0,3.2,-60.3,18.1,4.3,42.7,25.708407307239213,521964000000.0,185275000000.0,-315848000000.0,-46000000000.0,25159000000.0,502531000000.0,19433000000.0,89364799000000.0,0.0171739632156229,98837000000.0,3.4103427081959743,53.34610713803806,74.7,-66.4,45.1,72.4,2.2,-80.9,14.5,1.7,70.7,53.4,543724000000.0,266603000000.0,-376100000000.0,5955000000.0,93024000000.0,533871000000.0,9853000000.0,78216840000000.0,0.019904081090477,17509000000.0,16.695915379647715,6.567442977010761,43.7,-43.0,5.9,38.6,5.2,-33.6,-9.4,8.3,30.3,6.6,False
BAB,Private_3,2022-Q4,1005630000000.0,847714000000.0,31530000000.0,-642107000000.0,-6126000000.0,357397000000.0,94120600000000.0,0.0276520885830156,879244000000.0,231011000000.0,126386000000.0,575889250000.0,230386000000.0,-351917000000.0,-66396500000.0,72810250000.0,556149250000.0,19740000000.0,88352009000000.0,0.019138514339259498,303354750000.0,127011000000.0,-290190000000.0,60270500000.0,53575750000.0,291564750000.0,11790000000.0,6.322692519840061,False,55.12965197538045,131.6,-99.8,23.3,126.6,5.1,-126.0,26.2,3.2,123.4,55.1,131.6,-99.8,23.3,55.1,126.6,5.1,-126.0,26.2,3.2,123.4,55.12965197538045,660350000000.0,284112000000.0,-465739000000.0,-19162000000.0,108663000000.0,636733000000.0,23617000000.0,92465314000000.0,0.0211100850164444,73285000000.0,1.7742882777314049,25.794405023371063,77.0,-57.5,6.2,74.3,2.8,-62.1,4.6,0.9,73.4,25.7,573797000000.0,206292000000.0,-333442000000.0,-192877000000.0,158814000000.0,554437000000.0,19360000000.0,84598379000000.0,0.0198138814834257,151105000000.0,10.656082586505823,73.24811432338628,148.0,-59.1,-15.7,142.2,5.9,-149.6,90.5,5.3,136.9,73.2,False
BAB,Private_3,2023-Q1,679853000000.0,578270000000.0,30544000000.0,-354010000000.0,9244000000.0,335087000000.0,93974957000000.0,0.0182495929595899,608814000000.0,264048000000.0,71039000000.0,652251000000.0,268162250000.0,-429083250000.0,-19708750000.0,64703250000.0,629468500000.0,22782500000.0,90732564250000.0,0.021098066114156974,-43437000000.0,66924750000.0,75073250000.0,28952750000.0,6335750000.0,-51198500000.0,7761500000.0,3.5108399788565734,False,24.95681252674454,-16.2,38.8,2.4,-19.1,2.9,28.0,10.8,1.8,-20.9,25.0,-16.2,38.8,2.4,25.0,-19.1,2.9,28.0,10.8,1.8,-20.9,24.95681252674454,879244000000.0,357397000000.0,-642107000000.0,-6126000000.0,126386000000.0,847714000000.0,31530000000.0,94120600000000.0,0.0276520885830156,-22310000000.0,-0.15486064883499615,-6.242357938091255,-28.2,28.2,-6.2,-28.2,-0.1,28.2,1.7,-0.1,-28.1,-6.2,547446000000.0,245865000000.0,-292639000000.0,-7547000000.0,-1395000000.0,530896000000.0,16550000000.0,86979544000000.0,0.018456127641545,89222000000.0,7.73168167836842,36.28902039737254,25.0,-18.1,29.5,19.3,5.7,-25.0,6.8,3.9,15.4,36.4,False
BAB,Private_3,2023-Q2,717601000000.0,640874000000.0,22520000000.0,-545448000000.0,-33160000000.0,138993000000.0,96594974000000.0,0.0197685495989557,663394000000.0,84786000000.0,54207000000.0,667593000000.0,290467750000.0,-444426000000.0,-15511000000.0,82811750000.0,641312000000.0,26281000000.0,92481417500000.0,0.0210464324436682,-4199000000.0,-151474750000.0,-101022000000.0,-17649000000.0,-28604750000.0,-438000000.0,-3761000000.0,4.35121113468045,False,-52.14856038234882,-1.5,-40.8,-9.9,-0.2,-1.3,-34.8,-6.1,2.2,-2.4,-52.2,-1.5,-40.8,-9.9,-52.2,-0.2,-1.3,-34.8,-6.1,2.2,-2.4,-52.14856038234882,608814000000.0,335087000000.0,-354010000000.0,9244000000.0,71039000000.0,578270000000.0,30544000000.0,93974957000000.0,0.0182495929595899,-196094000000.0,2.7496646362326698,-58.52032457242448,16.3,-69.8,-5.0,18.7,-2.4,-57.1,-12.6,1.4,17.3,-58.5,521964000000.0,185275000000.0,-315848000000.0,-46000000000.0,25159000000.0,502531000000.0,19433000000.0,89364799000000.0,0.0171739632156229,-46282000000.0,7.776063482288722,-24.980164620159222,76.3,-117.0,15.7,74.7,1.7,-123.9,6.9,3.9,70.8,-25.0,False
BAB,Private_3,2023-Q3,512192000000.0,426239000000.0,23288000000.0,-406994000000.0,-28083000000.0,77115000000.0,98641825000000.0,0.0125896907546575,449527000000.0,14450000000.0,62665000000.0,702950500000.0,278897250000.0,-501826000000.0,-12301000000.0,90073750000.0,675897750000.0,27052750000.0,94288961250000.0,0.021695079039501398,-253423500000.0,-201782250000.0,94832000000.0,-15782000000.0,-27408750000.0,-249658750000.0,-3764750000.0,4.512357861186087,False,-72.35003213549076,-90.9,28.4,-9.8,-89.5,-1.4,34.0,-5.6,2.3,-91.8,-72.3,-90.9,28.4,-9.8,-72.3,-89.5,-1.4,34.0,-5.6,2.3,-91.8,-72.35003213549076,663394000000.0,138993000000.0,-545448000000.0,-33160000000.0,54207000000.0,640874000000.0,22520000000.0,96594974000000.0,0.0197685495989557,-61878000000.0,2.096788116260808,-44.5187887159785,-153.9,103.3,6.1,-154.4,0.5,99.6,3.7,1.0,-155.4,-44.5,660350000000.0,284112000000.0,-465739000000.0,-19162000000.0,108663000000.0,636733000000.0,23617000000.0,92465314000000.0,0.0211100850164444,-206997000000.0,6.4639249295652945,-72.8575350565974,-74.2,17.6,-16.2,-74.1,-0.1,20.7,-3.1,3.2,-77.3,-72.8,False
BAB,Private_3,2023-Q4,1136667000000.0,743888000000.0,28500000000.0,-526460000000.0,-100568000000.0,509639000000.0,99853975000000.0,0.0206554596194695,772388000000.0,145360000000.0,364279000000.0,650244750000.0,227148000000.0,-487139750000.0,-14531250000.0,78574250000.0,623274250000.0,26970500000.0,95833089000000.0,0.019564980474054677,122143250000.0,282491000000.0,-39320250000.0,-86036750000.0,285704750000.0,120613750000.0,1529500000.0,4.109506185856005,False,124.3642911229683,53.7,-55.2,125.7,53.1,0.6,-17.3,-37.9,2.1,51.0,124.2,53.7,-55.2,125.7,124.2,53.1,0.6,-17.3,-37.9,2.1,51.0,124.3642911229683,449527000000.0,77115000000.0,-406994000000.0,-28083000000.0,62665000000.0,426239000000.0,23288000000.0,98641825000000.0,0.0125896907546575,432524000000.0,1.2213356655405303,560.8817999092265,418.4,-249.0,390.9,411.7,6.7,-154.8,-94.2,0.6,411.1,560.3,879244000000.0,357397000000.0,-642107000000.0,-6126000000.0,126386000000.0,847714000000.0,31530000000.0,94120600000000.0,0.0276520885830156,152242000000.0,5.911470614125588,42.597447656247816,-29.9,5.9,66.6,-29.1,-0.9,32.4,-26.4,3.0,-32.1,42.6,False
BAB,Private_3,2024-Q1,838629000000.0,812714000000.0,22998000000.0,-499325000000.0,-714000000.0,338590000000.0,100542726000000.0,0.0222835173667132,835712000000.0,335673000000.0,2917000000.0,623530750000.0,265208500000.0,-458228000000.0,-38141750000.0,138047500000.0,597317750000.0,26213000000.0,97266432750000.0,0.017815823233168153,212181250000.0,73381500000.0,-41097000000.0,37427750000.0,-135130500000.0,215396250000.0,-3215000000.0,3.3125799338146167,False,27.66936203025167,80.0,-1.4,-50.9,81.2,-1.2,-15.5,14.1,1.7,79.5,27.7,80.0,-1.4,-50.9,27.7,81.2,-1.2,-15.5,14.1,1.7,79.5,27.66936203025167,772388000000.0,509639000000.0,-526460000000.0,-100568000000.0,364279000000.0,743888000000.0,28500000000.0,99853975000000.0,0.0206554596194695,-171049000000.0,0.6873875633311948,-33.56277678906049,12.4,24.9,-70.9,13.5,-1.1,5.3,19.6,0.3,13.2,-33.6,608814000000.0,335087000000.0,-354010000000.0,9244000000.0,71039000000.0,578270000000.0,30544000000.0,93974957000000.0,0.0182495929595899,3503000000.0,6.7528760354399235,1.04540014981184,67.7,-46.3,-20.3,70.0,-2.3,-43.4,-3.0,3.4,66.6,1.1,False
BAB,Private_3,2024-Q2,845384000000.0,921793000000.0,26207000000.0,-520911000000.0,-121082000000.0,203391000000.0,102131501000000.0,0.0250892550118441,948000000000.0,306007000000.0,-102616000000.0,680255250000.0,266084250000.0,-494556750000.0,-40631250000.0,121017000000.0,655928750000.0,24326500000.0,98908375000000.0,0.018824304334948975,267744750000.0,-62693250000.0,-26354250000.0,-80450750000.0,-223633000000.0,265864250000.0,1880500000.0,3.2064544249917866,False,-23.561428382175947,100.6,-40.1,-84.0,99.9,0.7,-9.9,-30.2,1.6,98.3,-23.5,100.6,-40.1,-84.0,-23.5,99.9,0.7,-9.9,-30.2,1.6,98.3,-23.561428382175947,835712000000.0,338590000000.0,-499325000000.0,-714000000.0,2917000000.0,812714000000.0,22998000000.0,100542726000000.0,0.0222835173667132,-135199000000.0,1.567811579713093,-39.93000383945184,33.2,-41.9,-31.2,32.2,1.0,-6.4,-35.5,0.8,31.4,-39.9,663394000000.0,138993000000.0,-545448000000.0,-33160000000.0,54207000000.0,640874000000.0,22520000000.0,96594974000000.0,0.0197685495989557,64398000000.0,5.572007453964048,46.3318296604865,204.7,-45.6,-112.8,202.1,2.6,17.7,-63.2,2.8,199.3,46.3,False
BAB,Private_3,2024-Q3,898285000000.0,747642000000.0,30614000000.0,-585989000000.0,-41037000000.0,271259000000.0,103624468000000.0,0.0198338630577607,778256000000.0,151230000000.0,120029000000.0,751406750000.0,282183750000.0,-488422500000.0,-62611750000.0,81811250000.0,726158500000.0,25248250000.0,100292506750000.0,0.020154480688171075,26849250000.0,-10924750000.0,-97566500000.0,21574750000.0,38217750000.0,21483500000.0,5365750000.0,3.267958691604707,True,-3.8715021683566118,9.5,-26.9,13.5,7.6,1.9,-34.6,7.6,1.6,6.0,-3.9,9.5,-26.9,13.5,-3.9,7.6,1.9,-34.6,7.6,1.6,6.0,-3.8715021683566118,948000000000.0,203391000000.0,-520911000000.0,-121082000000.0,-102616000000.0,921793000000.0,26207000000.0,102131501000000.0,0.0250892550118441,67868000000.0,1.4512016416884606,33.368241465944905,-83.5,7.4,109.5,-85.6,2.2,-32.0,39.3,0.7,-86.3,33.4,449527000000.0,77115000000.0,-406994000000.0,-28083000000.0,62665000000.0,426239000000.0,23288000000.0,98641825000000.0,0.0125896907546575,194144000000.0,4.9268149686215885,251.75906114244958,426.2,-249.0,74.3,416.7,9.6,-232.1,-16.9,2.5,414.2,251.5,False
BAB,Private_3,2024-Q4,1078665000000.0,839061000000.0,25762000000.0,-643047000000.0,11420000000.0,447038000000.0,109552804000000.0,0.0215062570424106,864823000000.0,233196000000.0,213842000000.0,833589000000.0,330719750000.0,-533171250000.0,-65850250000.0,96152250000.0,806509250000.0,27079750000.0,101538167500000.0,0.021965523763946875,31234000000.0,116318250000.0,-109875750000.0,77270250000.0,117689750000.0,32551750000.0,-1317750000.0,7.593537935846772,False,35.17124393085082,9.5,-9.8,35.6,9.8,-0.4,-33.2,23.4,3.8,6.0,35.3,9.5,-9.8,35.6,35.3,9.8,-0.4,-33.2,23.4,3.8,6.0,35.17124393085082,778256000000.0,271259000000.0,-585989000000.0,-41037000000.0,120029000000.0,747642000000.0,30614000000.0,103624468000000.0,0.0198338630577607,175779000000.0,5.561883726516586,64.8011678875171,31.9,-1.7,34.6,33.7,-1.8,-21.1,19.3,2.8,30.9,64.8,772388000000.0,509639000000.0,-526460000000.0,-100568000000.0,364279000000.0,743888000000.0,28500000000.0,99853975000000.0,0.0206554596194695,-62601000000.0,9.263147111393181,-12.28340060317205,18.1,-0.9,-29.5,18.7,-0.5,-22.9,22.0,4.6,14.1,-12.3,False
BAB,Private_3,2025-Q1,956564000000.0,873981000000.0,21544000000.0,-535121000000.0,-54142000000.0,367301000000.0,111173828000000.0,0.0212002773063832,895525000000.0,306262000000.0,61039000000.0,856697750000.0,315069500000.0,-562318000000.0,-37853250000.0,58543000000.0,830302500000.0,26395250000.0,103962874750000.0,0.02217822311968215,38827250000.0,52231500000.0,27197000000.0,-16288750000.0,2496000000.0,43678500000.0,-4851250000.0,6.703601159472544,False,16.577770936253746,12.3,3.5,0.8,13.9,-1.5,8.6,-5.2,3.4,10.5,16.6,12.3,3.5,0.8,16.6,13.9,-1.5,8.6,-5.2,3.4,10.5,16.577770936253746,864823000000.0,447038000000.0,-643047000000.0,11420000000.0,213842000000.0,839061000000.0,25762000000.0,109552804000000.0,0.0215062570424106,-79737000000.0,1.4688068995679688,-17.836738711250497,6.9,9.5,-34.2,7.8,-0.9,24.2,-14.7,0.7,7.1,-17.8,835712000000.0,338590000000.0,-499325000000.0,-714000000.0,2917000000.0,812714000000.0,22998000000.0,100542726000000.0,0.0222835173667132,28711000000.0,10.042768786044006,8.479577069612215,17.7,-26.4,17.2,18.1,-0.4,-10.6,-15.8,5.0,13.1,8.5,False
BAB,Private_3,2025-Q2,990879000000.0,892223000000.0,42563000000.0,-606647000000.0,-80395000000.0,303837000000.0,115109585000000.0,0.0205006001116228,934786000000.0,247744000000.0,56093000000.0,871651000000.0,322247250000.0,-571267000000.0,-51210250000.0,73073500000.0,845619250000.0,26031750000.0,106620650250000.0,0.02190741310459965,63135000000.0,-18410250000.0,-35380000000.0,-29184750000.0,-16980500000.0,46603750000.0,16531250000.0,7.656993409517433,True,-5.713082113191035,19.6,-20.0,-5.3,14.5,5.1,-11.0,-9.1,3.8,10.7,-5.7,19.6,-20.0,-5.3,-5.7,14.5,5.1,-11.0,-9.1,3.8,10.7,-5.713082113191035,895525000000.0,367301000000.0,-535121000000.0,-54142000000.0,61039000000.0,873981000000.0,21544000000.0,111173828000000.0,0.0212002773063832,-63464000000.0,3.478608482893972,-17.278471880011217,10.7,-26.6,-1.3,5.0,5.7,-19.5,-7.2,1.7,3.3,-17.2,948000000000.0,203391000000.0,-520911000000.0,-121082000000.0,-102616000000.0,921793000000.0,26207000000.0,102131501000000.0,0.0250892550118441,100446000000.0,11.948093465156035,49.38566603242031,-6.5,-22.1,78.0,-14.5,8.0,-42.2,20.0,6.0,-20.5,49.4,False
BID,SOCB,2018-Q1,11278347000000.0,9165640000000.0,745256000000.0,-2779640000000.0,-6013042000000.0,2485665000000.0,878752977000000.0,0.053204742879175,9910896000000.0,1118214000000.0,1367451000000.0,,,,,,,,,,,,,,,,,,False,0.0,,,,,,,,,,,,,,,,,,,,,0.0,,,,,,,,,,,,0.0,,,,,,,,,,,,,,,,,,,,,,0.0,,,,,,,,,,,False
BID,SOCB,2018-Q2,10722054000000.0,8299299000000.0,976017000000.0,-4224777000000.0,-4012697000000.0,2484580000000.0,929167956000000.0,0.0271866705965206,9275316000000.0,1037842000000.0,1446738000000.0,,,,,,,,,,,,,,,,,,False,0.0,,,,,,,,,,,,,,,,,,,,,0.0,9910896000000.0,2485665000000.0,-2779640000000.0,-6013042000000.0,1367451000000.0,9165640000000.0,745256000000.0,878752977000000.0,0.053204742879175,-1085000000.0,5.57712210526189,-0.043650290767259466,0.1,-0.1,-0.0,0.1,-0.1,0.1,-0.1,2.8,-2.7,0.0,,,,,,,,,,,,0.0,,,,,,,,,,,False
BID,SOCB,2018-Q3,10865893000000.0,8150983000000.0,820219000000.0,-4242377000000.0,-4339726000000.0,2283790000000.0,968752333000000.0,0.0261989928515299,8971202000000.0,389099000000.0,1894691000000.0,,,,,,,,,,,,,,,,,,False,0.0,,,,,,,,,,,,,,,,,,,,,0.0,9275316000000.0,2484580000000.0,-4224777000000.0,-4012697000000.0,1446738000000.0,8299299000000.0,976017000000.0,929167956000000.0,0.0271866705965206,-200790000000.0,4.171342414054355,-8.081446361155606,-12.2,-13.9,18.0,-6.0,-6.3,-0.7,-13.2,2.1,-8.1,-8.1,,,,,,,,,,,,0.0,,,,,,,,,,,False
BID,SOCB,2018-Q4,11624317000000.0,9339940000000.0,1009307000000.0,-4877679000000.0,-4528170000000.0,2218468000000.0,988738780000000.0,0.0295170561588655,10349247000000.0,943398000000.0,1275070000000.0,,,,,,,,,,,,,,,,,,False,0.0,,,,,,,,,,,,,,,,,,,,,0.0,8971202000000.0,2283790000000.0,-4242377000000.0,-4339726000000.0,1894691000000.0,8150983000000.0,820219000000.0,968752333000000.0,0.0261989928515299,-65322000000.0,2.0420472785053203,-2.860245469154344,14.3,-14.3,-14.3,14.3,8.3,-14.3,-8.3,1.0,13.3,-14.3,,,,,,,,,,,,0.0,,,,,,,,,,,False
BID,SOCB,2019-Q1,10705259000000.0,8545052000000.0,876466000000.0,-2997973000000.0,-5186551000000.0,2520735000000.0,1024434938000000.0,0.0262925705670463,9421518000000.0,1236994000000.0,1283741000000.0,9626665250000.0,2368125750000.0,-4031118250000.0,-4723408750000.0,1495987500000.0,8738965500000.0,887699750000.0,941353011500000.0,0.03402686562152275,-205147250000.0,152609250000.0,1033145250000.0,-463142250000.0,-212246500000.0,-193913500000.0,-11233750000.0,8.452786224590701,False,6.444305164115546,-8.7,24.1,-9.0,-8.2,-0.5,32.2,-19.6,4.2,-12.4,6.4,-8.7,24.1,-9.0,6.4,-8.2,-0.5,32.2,-19.6,4.2,-12.4,6.444305164115546,10349247000000.0,2218468000000.0,-4877679000000.0,-4528170000000.0,1275070000000.0,9339940000000.0,1009307000000.0,988738780000000.0,0.0295170561588655,302267000000.0,3.546257104475074,13.625033130971465,-41.8,55.1,0.4,-35.8,-6.0,68.1,-29.7,1.8,-37.6,13.7,9910896000000.0,2485665000000.0,-2779640000000.0,-6013042000000.0,1367451000000.0,9165640000000.0,745256000000.0,878752977000000.0,0.053204742879175,35070000000.0,15.309256626926407,1.4108900435094833,4.2,-4.2,1.4,4.2,-2.2,3.7,-4.2,7.7,-3.5,1.4,True
BID,SOCB,2019-Q2,11965523000000.0,9101188000000.0,1091942000000.0,-4218138000000.0,-5559282000000.0,2188103000000.0,1065030363000000.0,0.0270880813601888,10193130000000.0,415710000000.0,1772393000000.0,9504320750000.0,2376893250000.0,-4085701500000.0,-4516786000000.0,1475060000000.0,8583818500000.0,920502250000.0,977773501750000.0,0.027298822543490572,688809250000.0,-188790250000.0,-132436500000.0,-1042496000000.0,297333000000.0,517369500000.0,171439750000.0,8.542852571965206,False,-7.942731546736479,29.0,-39.7,12.5,21.8,7.2,-5.6,-39.7,4.3,17.5,1.8,29.0,-39.7,12.5,1.8,21.8,7.2,-5.6,-39.7,4.3,17.5,-7.942731546736479,9421518000000.0,2520735000000.0,-2997973000000.0,-5186551000000.0,1283741000000.0,8545052000000.0,876466000000.0,1024434938000000.0,0.0262925705670463,-332632000000.0,3.8857237763720103,-13.19583375483738,30.6,-63.2,19.4,22.1,8.6,-48.4,-14.8,1.9,20.2,-13.2,9275316000000.0,2484580000000.0,-4224777000000.0,-4012697000000.0,1446738000000.0,8299299000000.0,976017000000.0,929167956000000.0,0.0271866705965206,-296477000000.0,13.625766876398615,-11.932680775020325,36.9,-59.7,13.1,32.3,4.7,0.3,-59.7,6.8,25.5,-9.7,True
BID,SOCB,2019-Q3,11588064000000.0,8751685000000.0,1050326000000.0,-3512899000000.0,-5755970000000.0,2319195000000.0,1073510550000000.0,0.0252695625540088,9802011000000.0,533142000000.0,1786053000000.0,9733774250000.0,2302774000000.0,-4084041750000.0,-4903432250000.0,1556473750000.0,8784290750000.0,949483500000.0,1011739103500000.0,0.027274175234407623,68236750000.0,16421000000.0,571142750000.0,-852537750000.0,229579250000.0,-32605750000.0,100842500000.0,5.924609208908808,True,0.7130964653934776,1.0,-3.7,3.4,-0.5,1.5,3.7,-3.7,3.0,-3.5,0.7,1.0,-3.7,3.4,0.7,-0.5,1.5,3.7,-3.7,3.0,-3.5,0.7130964653934776,10193130000000.0,2188103000000.0,-4218138000000.0,-5559282000000.0,1772393000000.0,9101188000000.0,1091942000000.0,1065030363000000.0,0.0270880813601888,131092000000.0,0.7930815771117304,5.9911256462789915,-17.9,23.2,0.6,-16.0,-1.9,30.0,-9.0,0.4,-16.4,5.9,8971202000000.0,2283790000000.0,-4242377000000.0,-4339726000000.0,1894691000000.0,8150983000000.0,820219000000.0,968752333000000.0,0.0261989928515299,35405000000.0,10.259033533049818,1.5502738868284738,-3.6,3.6,1.6,-3.6,-3.3,-3.6,3.6,5.1,-8.7,1.6,True
BID,SOCB,2019-Q4,13906608000000.0,9596941000000.0,1265059000000.0,-6551168000000.0,-3507245000000.0,3848195000000.0,1116924879000000.0,0.0268854900058751,10862000000000.0,803587000000.0,3044608000000.0,9941476500000.0,2311625250000.0,-3901672250000.0,-5257493250000.0,1529314250000.0,8934466250000.0,1007010250000.0,1037928657750000.0,0.027041817660027348,920523500000.0,1536569750000.0,-2649495750000.0,1750248250000.0,1515293750000.0,662474750000.0,258048750000.0,7.3319341572647145,False,66.47140361527025,39.8,-38.9,65.5,28.6,11.2,-114.6,75.7,3.7,24.9,66.4,39.8,-38.9,65.5,66.4,28.6,11.2,-114.6,75.7,3.7,24.9,66.47140361527025,9802011000000.0,2319195000000.0,-3512899000000.0,-5755970000000.0,1786053000000.0,8751685000000.0,1050326000000.0,1073510550000000.0,0.0252695625540088,1529000000000.0,3.9639907595742234,65.92804830986614,45.7,-34.0,54.3,36.5,9.2,-131.0,97.0,2.0,34.5,66.0,10349247000000.0,2218468000000.0,-4877679000000.0,-4528170000000.0,1275070000000.0,9339940000000.0,1009307000000.0,988738780000000.0,0.0295170561588655,1629727000000.0,12.175363187953465,73.46182140107499,23.1,-29.4,79.8,11.6,11.5,-75.4,46.0,6.1,5.5,73.5,False
BID,SOCB,2020-Q1,11338856000000.0,9148651000000.0,1085912000000.0,-3483949000000.0,-6040664000000.0,1814243000000.0,1105558635000000.0,0.0254923746264744,10234563000000.0,709950000000.0,1104293000000.0,10069664750000.0,2719057000000.0,-4320044500000.0,-5002262000000.0,1971698750000.0,8998716500000.0,1070948250000.0,1069975182500000.0,0.02638392612177975,164898250000.0,-904814000000.0,836095500000.0,-1038402000000.0,-867405750000.0,149934500000.0,14963750000.0,3.2712387381677646,False,-33.27675734638884,6.1,-7.5,-31.9,5.5,0.6,30.7,-38.2,1.6,3.9,-33.3,6.1,-7.5,-31.9,-33.3,5.5,0.6,30.7,-38.2,1.6,3.9,-33.27675734638884,10862000000000.0,3848195000000.0,-6551168000000.0,-3507245000000.0,3044608000000.0,9596941000000.0,1265059000000.0,1116924879000000.0,0.0268854900058751,-2033952000000.0,-1.0228416929440494,-52.85470200964348,-16.3,13.8,-50.4,-11.6,-4.7,79.7,-65.9,-0.5,-11.1,-52.9,9421518000000.0,2520735000000.0,-2997973000000.0,-5186551000000.0,1283741000000.0,8545052000000.0,876466000000.0,1024434938000000.0,0.0262925705670463,-706492000000.0,7.617271528734326,-28.027222218916307,32.3,-53.2,-7.1,23.9,8.3,-19.3,-33.9,3.8,20.1,-28.0,False
BID,SOCB,2020-Q2,10823487000000.0,6939043000000.0,1213064000000.0,-3958402000000.0,-4320486000000.0,2544599000000.0,1139226525000000.0,0.0196376363204059,8152107000000.0,-126781000000.0,2671380000000.0,10272926000000.0,2542434000000.0,-4441538500000.0,-5215790250000.0,1926836750000.0,9149616250000.0,1123309750000.0,1090256106750000.0,0.026183877136636776,-2120819000000.0,2165000000.0,483136500000.0,895304250000.0,744543250000.0,-2210573250000.0,89754250000.0,4.392984951092567,True,0.08515461954961269,-0.1,0.1,0.1,-0.1,0.0,0.1,0.1,2.2,-2.3,0.1,-0.1,0.1,0.1,0.1,-0.1,0.0,0.1,0.1,2.2,-2.3,0.08515461954961269,10234563000000.0,1814243000000.0,-3483949000000.0,-6040664000000.0,1104293000000.0,9148651000000.0,1085912000000.0,1105558635000000.0,0.0254923746264744,730356000000.0,2.999653650597013,40.25679029766134,-114.8,68.7,86.4,-121.8,7.0,-26.2,94.8,1.5,-123.3,40.3,10193130000000.0,2188103000000.0,-4218138000000.0,-5559282000000.0,1772393000000.0,9101188000000.0,1091942000000.0,1065030363000000.0,0.0270880813601888,356496000000.0,6.732079405438156,16.292468864582702,-81.5,68.5,41.1,-81.5,5.5,11.9,56.6,3.4,-84.9,28.1,True
BID,SOCB,2020-Q3,12392568000000.0,9144289000000.0,1367798000000.0,-3931394000000.0,-5758095000000.0,2703079000000.0,1145358910000000.0,0.0256603039076149,10512087000000.0,822598000000.0,1880481000000.0,9762670250000.0,2631558000000.0,-4376604500000.0,-4906091250000.0,2151583500000.0,8609080000000.0,1153590250000.0,1108805147250000.0,0.02432126587669105,749416750000.0,71521000000.0,445210500000.0,-852003750000.0,-271102500000.0,535209000000.0,214207750000.0,3.2432211517554133,False,2.7178196338442855,13.6,-13.6,-10.3,13.6,8.1,13.6,-13.6,1.6,12.0,-10.3,13.6,-13.6,-10.3,-10.3,13.6,8.1,13.6,-13.6,1.6,12.0,2.7178196338442855,8152107000000.0,2544599000000.0,-3958402000000.0,-4320486000000.0,2671380000000.0,6939043000000.0,1213064000000.0,1139226525000000.0,0.0196376363204059,158480000000.0,0.5368488222021778,6.228093306646745,31.1,-31.1,-31.1,31.1,6.1,1.1,-31.1,0.3,30.8,-31.1,9802011000000.0,2319195000000.0,-3512899000000.0,-5755970000000.0,1786053000000.0,8751685000000.0,1050326000000.0,1073510550000000.0,0.0252695625540088,383884000000.0,6.476123205553516,16.552467558786564,30.6,-18.1,4.1,16.9,13.7,-18.0,-0.1,3.2,13.7,16.6,True
BID,SOCB,2020-Q4,15479678000000.0,10565402000000.0,1592532000000.0,-6322110000000.0,-7005559000000.0,2152009000000.0,1214295917000000.0,0.0289256847578576,12157934000000.0,-1169735000000.0,3321744000000.0,9940189250000.0,2727529000000.0,-4481228250000.0,-4906622500000.0,2175190500000.0,8707231000000.0,1232958250000.0,1126767237250000.0,0.024418951215092573,2217744750000.0,-575520000000.0,-1840881750000.0,-2098936500000.0,1146553500000.0,1858171000000.0,359573750000.0,7.47768633162238,False,-21.100417264124413,81.3,-105.5,42.0,68.1,13.2,-67.5,-77.0,3.7,64.4,17.8,81.3,-105.5,42.0,17.8,68.1,13.2,-67.5,-77.0,3.7,64.4,-21.100417264124413,10512087000000.0,2703079000000.0,-3931394000000.0,-5758095000000.0,1880481000000.0,9144289000000.0,1367798000000.0,1145358910000000.0,0.0256603039076149,-551070000000.0,5.842973829154886,-20.386751552581334,60.9,-101.9,53.3,52.6,8.3,-88.4,-46.2,2.9,49.7,12.3,10862000000000.0,3848195000000.0,-6551168000000.0,-3507245000000.0,3044608000000.0,9596941000000.0,1265059000000.0,1116924879000000.0,0.0268854900058751,-1696186000000.0,8.35365214372427,-44.07744410041591,33.7,-84.9,7.2,25.2,8.5,6.0,-90.9,4.2,21.0,-44.0,True
BID,SOCB,2021-Q1,14605044000000.0,10830069000000.0,1434332000000.0,-4036501000000.0,-7172520000000.0,3396023000000.0,1233545783000000.0,0.0287073580397361,12264401000000.0,1055380000000.0,2340643000000.0,10264172750000.0,2303482500000.0,-4423963750000.0,-5781201000000.0,2244474500000.0,8949346250000.0,1314826500000.0,1151109996750000.0,0.0249289999030882,2000228250000.0,1092540500000.0,387462750000.0,-1391319000000.0,96168500000.0,1880722750000.0,119505500000.0,6.913852049425961,False,47.429945745192335,86.8,-43.6,4.2,81.6,5.2,16.8,-60.4,3.5,78.1,47.4,86.8,-43.6,4.2,47.4,81.6,5.2,16.8,-60.4,3.5,78.1,47.429945745192335,12157934000000.0,2152009000000.0,-6322110000000.0,-7005559000000.0,3321744000000.0,10565402000000.0,1592532000000.0,1214295917000000.0,0.0289256847578576,1244014000000.0,1.5728031759570074,57.80710024911606,5.0,98.4,-45.6,12.3,-7.3,106.2,-7.7,0.8,11.5,57.8,10234563000000.0,1814243000000.0,-3483949000000.0,-6040664000000.0,1104293000000.0,9148651000000.0,1085912000000.0,1105558635000000.0,0.0254923746264744,1581780000000.0,10.943260763829654,87.18677707451538,111.9,-92.9,68.2,92.7,19.2,-30.4,-62.4,5.5,87.2,87.2,False
BID,SOCB,2021-Q2,17291664000000.0,12929461000000.0,1741649000000.0,-4108256000000.0,-8519881000000.0,4663527000000.0,1297445087000000.0,0.0327956731628167,14671110000000.0,2042973000000.0,2620554000000.0,10771632250000.0,2698927500000.0,-4562101750000.0,-6064165000000.0,2553562000000.0,9369700750000.0,1401931500000.0,1183106783750000.0,0.02573274575640362,3899477750000.0,1964599500000.0,453845750000.0,-2455716000000.0,66992000000.0,3559760250000.0,339717500000.0,9.218779465831496,False,72.79185898843151,144.5,-74.2,2.5,131.9,12.6,16.8,-91.0,4.6,127.3,72.8,144.5,-74.2,2.5,72.8,131.9,12.6,16.8,-91.0,4.6,127.3,72.79185898843151,12264401000000.0,3396023000000.0,-4036501000000.0,-7172520000000.0,2340643000000.0,10830069000000.0,1434332000000.0,1233545783000000.0,0.0287073580397361,1267504000000.0,5.049350810182891,37.32318656263517,70.9,-41.8,8.2,61.8,9.0,-2.1,-39.7,2.5,59.3,37.3,8152107000000.0,2544599000000.0,-3958402000000.0,-4320486000000.0,2671380000000.0,6939043000000.0,1213064000000.0,1139226525000000.0,0.0196376363204059,2118928000000.0,12.986449320525018,83.27158817558286,256.2,-171.0,-2.0,235.4,20.7,-5.9,-165.0,6.5,228.9,83.2,False
BID,SOCB,2021-Q3,15246776000000.0,12204661000000.0,1594221000000.0,-5070807000000.0,-7502132000000.0,2673837000000.0,1328679993000000.0,0.0297119915815568,13798882000000.0,1225943000000.0,1447894000000.0,12401383000000.0,3228659500000.0,-4599565250000.0,-7114013750000.0,2540855500000.0,10867305250000.0,1534077750000.0,1222661424250000.0,0.029022254967006327,1397499000000.0,-554822500000.0,-471241750000.0,-388118250000.0,-1092961500000.0,1337355750000.0,60143250000.0,8.31080999455366,False,-17.184298932730442,43.3,-26.6,-33.9,41.4,1.9,-14.6,-12.0,4.2,37.2,-17.2,43.3,-26.6,-33.9,-17.2,41.4,1.9,-14.6,-12.0,4.2,37.2,-17.184298932730442,14671110000000.0,4663527000000.0,-4108256000000.0,-8519881000000.0,2620554000000.0,12929461000000.0,1741649000000.0,1297445087000000.0,0.0327956731628167,-1989690000000.0,2.378782811060926,-42.66491863347205,-18.7,1.2,-25.1,-15.5,-3.2,-20.6,21.8,1.2,-16.7,-42.6,10512087000000.0,2703079000000.0,-3931394000000.0,-5758095000000.0,1880481000000.0,9144289000000.0,1367798000000.0,1145358910000000.0,0.0256603039076149,-29242000000.0,14.81957965800023,-1.0818033805153309,1.1,-1.1,-1.1,1.1,1.0,-1.1,-1.1,7.4,-6.3,-1.1,False
BID,SOCB,2021-Q4,15251735000000.0,10853341000000.0,1844254000000.0,-6145777000000.0,-6237747000000.0,2868211000000.0,1354632643000000.0,0.0254760686419271,12697595000000.0,314071000000.0,2554140000000.0,13223081750000.0,3221349000000.0,-4884418500000.0,-7550023000000.0,2432708750000.0,11632398250000.0,1590683500000.0,1268491695000000.0,0.0300351768854918,-525486750000.0,-353138000000.0,-1261358500000.0,1312276000000.0,121431250000.0,-779057250000.0,253570500000.0,6.567812798815181,False,-10.962425989857044,-16.3,1.6,3.8,-24.2,7.9,-39.2,40.7,3.3,-27.5,-10.9,-16.3,1.6,3.8,-10.9,-24.2,7.9,-39.2,40.7,3.3,-27.5,-10.962425989857044,13798882000000.0,2673837000000.0,-5070807000000.0,-7502132000000.0,1447894000000.0,12204661000000.0,1594221000000.0,1328679993000000.0,0.0297119915815568,194374000000.0,1.934373926601969,7.269478281585602,-36.3,7.1,36.3,-36.3,9.3,-36.3,36.3,1.0,-37.3,7.1,12157934000000.0,2152009000000.0,-6322110000000.0,-7005559000000.0,3321744000000.0,10565402000000.0,1592532000000.0,1214295917000000.0,0.0289256847578576,716202000000.0,10.925700946701298,33.2806228970232,25.1,43.9,-35.7,13.4,11.7,8.2,35.7,5.5,7.9,33.3,False
BID,SOCB,2022-Q1,16226800000000.0,12825927000000.0,1275094000000.0,-4322027000000.0,-7391272000000.0,4513501000000.0,1417854147000000.0,0.0286822620958735,14101021000000.0,2387722000000.0,2125779000000.0,13357997000000.0,3400399500000.0,-4840335250000.0,-7358070000000.0,2240807750000.0,11704383000000.0,1653614000000.0,1303575876500000.0,0.029172772856509176,743024000000.0,1113101500000.0,518308250000.0,-33202000000.0,-115028750000.0,1121544000000.0,-378520000000.0,8.398398600235035,False,32.73443311587359,21.9,14.3,-3.4,33.0,-11.1,15.3,-1.0,4.2,28.8,32.8,21.9,14.3,-3.4,32.8,33.0,-11.1,15.3,-1.0,4.2,28.8,32.73443311587359,12697595000000.0,2868211000000.0,-6145777000000.0,-6237747000000.0,2554140000000.0,10853341000000.0,1844254000000.0,1354632643000000.0,0.0254760686419271,1645290000000.0,4.5606351834051475,57.36293459581599,48.9,23.3,-14.9,68.8,-19.8,63.6,-40.2,2.3,66.5,57.3,12264401000000.0,3396023000000.0,-4036501000000.0,-7172520000000.0,2340643000000.0,10830069000000.0,1434332000000.0,1233545783000000.0,0.0287073580397361,1117478000000.0,13.90272074118973,32.90548974491633,54.1,-14.8,-6.3,58.8,-4.7,-8.4,-6.4,7.0,51.8,33.0,False
BID,SOCB,2022-Q2,18131442000000.0,14607145000000.0,1501739000000.0,-5195589000000.0,-6445999000000.0,6489854000000.0,1483038764000000.0,0.0307572470198346,16108884000000.0,4467296000000.0,2022558000000.0,13817152000000.0,3679769000000.0,-4911716750000.0,-7412758000000.0,2187091750000.0,12203347500000.0,1613804500000.0,1349652967500000.0,0.029166498870543525,2291732000000.0,2810085000000.0,-283872250000.0,966759000000.0,-164533750000.0,2403797500000.0,-112065500000.0,9.417600582282068,False,76.36579904879899,62.3,18.6,-4.5,65.3,-3.1,-7.7,26.3,4.7,60.6,76.4,62.3,18.6,-4.5,76.4,65.3,-3.1,-7.7,26.3,4.7,60.6,76.36579904879899,14101021000000.0,4513501000000.0,-4322027000000.0,-7391272000000.0,2125779000000.0,12825927000000.0,1275094000000.0,1417854147000000.0,0.0286822620958735,1976353000000.0,4.494107090463361,43.78758307575428,44.5,1.6,-2.3,39.5,5.0,-19.4,20.9,2.2,37.3,43.8,14671110000000.0,4663527000000.0,-4108256000000.0,-8519881000000.0,2620554000000.0,12929461000000.0,1741649000000.0,1297445087000000.0,0.0327956731628167,1826327000000.0,13.349739609762617,39.161926155890164,30.8,21.1,-12.8,36.0,-5.1,-23.3,44.5,6.7,29.3,39.1,False
BID,SOCB,2022-Q3,17554528000000.0,14098425000000.0,1441215000000.0,-5452199000000.0,-5428946000000.0,6673383000000.0,1494903866000000.0,0.0282109821292845,15539640000000.0,4658495000000.0,2014888000000.0,14176595500000.0,4136350750000.0,-5183550000000.0,-6894287500000.0,2037592750000.0,12622768500000.0,1553827000000.0,1396051386750000.0,0.028656892334798,1363044500000.0,2537032250000.0,-268649000000.0,1465341500000.0,-22704750000.0,1475656500000.0,-112612000000.0,6.838741565160325,False,61.33503668662528,32.9,29.0,-0.6,35.7,-2.7,-6.5,35.5,3.4,32.3,61.3,32.9,29.0,-0.6,61.3,35.7,-2.7,-6.5,35.5,3.4,32.3,61.33503668662528,16108884000000.0,6489854000000.0,-5195589000000.0,-6445999000000.0,2022558000000.0,14607145000000.0,1501739000000.0,1483038764000000.0,0.0307572470198346,183529000000.0,0.7968657206804551,2.8279372694670792,-8.8,11.7,-0.1,-7.8,-0.9,-4.0,14.1,0.4,-8.2,2.8,13798882000000.0,2673837000000.0,-5070807000000.0,-7502132000000.0,1447894000000.0,12204661000000.0,1594221000000.0,1328679993000000.0,0.0297119915815568,3999546000000.0,11.773963962159057,149.58077100436563,65.1,63.3,21.2,70.8,-5.7,-14.2,77.5,5.9,64.9,149.6,False
BID,SOCB,2022-Q4,17680044000000.0,14532344000000.0,1440512000000.0,-7577716000000.0,-4721443000000.0,5380885000000.0,1522228544000000.0,0.028179410945343,15972856000000.0,3673697000000.0,1707188000000.0,14611785000000.0,5136237250000.0,-5278898000000.0,-6375991000000.0,2179341250000.0,13096209500000.0,1515575500000.0,1437607355000000.0,0.028281639971729923,1361071000000.0,244647750000.0,-2298818000000.0,1654548000000.0,-472153250000.0,1436134500000.0,-75063500000.0,5.717964906675388,False,4.763170743329662,23.8,-12.5,-9.2,23.8,-1.5,-23.8,23.8,2.9,20.9,2.1,23.8,-12.5,-9.2,2.1,23.8,-1.5,-23.8,23.8,2.9,20.9,4.763170743329662,15539640000000.0,6673383000000.0,-5452199000000.0,-5428946000000.0,2014888000000.0,14098425000000.0,1441215000000.0,1494903866000000.0,0.0282109821292845,-1292498000000.0,1.8113012149837997,-19.36795775096379,6.5,-21.2,-4.6,6.5,-0.0,-31.9,10.6,0.9,5.6,-19.3,12697595000000.0,2868211000000.0,-6145777000000.0,-6237747000000.0,2554140000000.0,10853341000000.0,1844254000000.0,1354632643000000.0,0.0254760686419271,2512674000000.0,11.651302590290742,87.60422437540333,114.1,3.0,-29.5,128.3,-14.1,-49.9,52.8,5.8,122.5,87.6,True
BID,SOCB,2023-Q1,17278396000000.0,13936193000000.0,1517399000000.0,-4831771000000.0,-5527046000000.0,6919579000000.0,1597152494000000.0,0.0266877091883821,15453592000000.0,5094775000000.0,1824804000000.0,15430600250000.0,5764405750000.0,-5636882750000.0,-5996915000000.0,1967603250000.0,14015960250000.0,1414640000000.0,1479506330250000.0,0.028957475547583898,22991750000.0,1155173250000.0,805111750000.0,469869000000.0,-142799250000.0,-79767250000.0,102759000000.0,7.647657440774489,False,20.03976298857866,0.4,22.1,-2.5,-1.4,1.8,14.0,8.2,3.8,-5.2,20.0,0.4,22.1,-2.5,20.0,-1.4,1.8,14.0,8.2,3.8,-5.2,20.03976298857866,15972856000000.0,5380885000000.0,-7577716000000.0,-4721443000000.0,1707188000000.0,14532344000000.0,1440512000000.0,1522228544000000.0,0.028179410945343,1538694000000.0,4.803770304895981,28.595556307187387,-9.6,36.1,2.2,-11.1,1.4,51.0,-15.0,2.4,-13.5,28.7,14101021000000.0,4513501000000.0,-4322027000000.0,-7391272000000.0,2125779000000.0,12825927000000.0,1275094000000.0,1417854147000000.0,0.0286822620958735,2406078000000.0,11.89372816376493,53.308462765378806,30.0,30.0,-6.7,24.6,5.4,-11.3,41.3,5.9,18.7,53.3,False
BID,SOCB,2023-Q2,17257161000000.0,13547188000000.0,1673914000000.0,-6373642000000.0,-3932886000000.0,6950633000000.0,1629066617000000.0,0.0259011157976579,15221102000000.0,4914574000000.0,2036059000000.0,15768743000000.0,6365925250000.0,-5764318750000.0,-5530858500000.0,1892359500000.0,14293526750000.0,1475216250000.0,1524330917000000.0,0.028458837320711052,-547641000000.0,584707750000.0,-609323250000.0,1597972500000.0,143699500000.0,-746338750000.0,198697750000.0,6.642720993514926,False,9.184960976411089,-8.6,15.5,2.3,-11.7,3.1,-9.6,25.1,3.3,-15.0,9.2,-8.6,15.5,2.3,9.2,-11.7,3.1,-9.6,25.1,3.3,-15.0,9.184960976411089,15453592000000.0,6919579000000.0,-4831771000000.0,-5527046000000.0,1824804000000.0,13936193000000.0,1517399000000.0,1597152494000000.0,0.0266877091883821,31054000000.0,1.9784225374641644,0.44878452865412766,-3.4,0.8,3.1,-3.6,2.3,-3.6,3.6,1.0,-4.6,0.5,16108884000000.0,6489854000000.0,-5195589000000.0,-6445999000000.0,2022558000000.0,14607145000000.0,1501739000000.0,1483038764000000.0,0.0307572470198346,460779000000.0,9.3845056720462,7.09999023090504,-13.7,20.6,0.2,-16.3,2.7,-18.2,35.5,4.7,-21.0,7.1,False
BID,SOCB,2023-Q3,17886861000000.0,13783096000000.0,1764252000000.0,-6044456000000.0,-5949617000000.0,5892788000000.0,1653452141000000.0,0.0262307751763655,15547348000000.0,3553275000000.0,2339513000000.0,15546797500000.0,6481120000000.0,-6058832000000.0,-4902580250000.0,1895734750000.0,14028537500000.0,1518260000000.0,1560837880250000.0,0.027244804515166875,550500000.0,-588332000000.0,14376000000.0,-1047036750000.0,443778250000.0,-245441500000.0,245992000000.0,5.762657391692576,False,-9.077628558027008,0.0,-15.9,6.8,-3.8,3.8,0.2,-16.2,2.9,-6.7,-9.1,0.0,-15.9,6.8,-9.1,-3.8,3.8,0.2,-16.2,2.9,-6.7,-9.077628558027008,15221102000000.0,6950633000000.0,-6373642000000.0,-3932886000000.0,2036059000000.0,13547188000000.0,1673914000000.0,1629066617000000.0,0.0259011157976579,-1057845000000.0,1.4857812428683768,-15.219405196620222,4.7,-24.3,4.4,3.4,1.3,4.7,-29.0,0.7,2.7,-15.2,15539640000000.0,6673383000000.0,-5452199000000.0,-5428946000000.0,2014888000000.0,14098425000000.0,1441215000000.0,1494903866000000.0,0.0282109821292845,-780595000000.0,10.071813647979234,-11.697140715586082,0.1,-16.7,4.9,-4.7,4.8,-8.9,-7.8,5.0,-9.7,-11.7,False
BID,SOCB,2023-Q4,20601618000000.0,14869088000000.0,1616912000000.0,-7829831000000.0,-4885023000000.0,7886764000000.0,1777664882000000.0,0.0271845217013959,16486000000000.0,3771146000000.0,4115618000000.0,15548724500000.0,6285971250000.0,-6206896250000.0,-5032748000000.0,1976891000000.0,13949705250000.0,1599019250000.0,1600474949000000.0,0.026749752776937127,937275500000.0,1600792750000.0,-1622934750000.0,147725000000.0,2138727000000.0,919382750000.0,17892750000.0,10.490384759919667,False,25.466116314165454,14.9,-23.5,34.0,14.6,0.3,-25.8,2.3,5.2,9.4,25.4,14.9,-23.5,34.0,25.4,14.6,0.3,-25.8,2.3,5.2,9.4,25.466116314165454,15547348000000.0,5892788000000.0,-6044456000000.0,-5949617000000.0,2339513000000.0,13783096000000.0,1764252000000.0,1653452141000000.0,0.0262307751763655,1993976000000.0,7.240367505238542,33.83756551228383,15.9,-12.2,30.1,18.4,-2.5,-30.3,18.1,3.6,14.8,33.8,15972856000000.0,5380885000000.0,-7577716000000.0,-4721443000000.0,1707188000000.0,14532344000000.0,1440512000000.0,1522228544000000.0,0.028179410945343,2505879000000.0,15.481490158888544,46.57001589887165,9.5,-7.7,44.8,6.2,3.3,-4.7,-3.0,7.7,-1.5,46.6,False
BID,SOCB,2024-Q1,17171234000000.0,13541360000000.0,1693013000000.0,-5392606000000.0,-4388714000000.0,7389914000000.0,1793930234000000.0,0.0237441514863314,15234373000000.0,5453053000000.0,1936861000000.0,15677010500000.0,6912441000000.0,-6269925000000.0,-5073643000000.0,2578998500000.0,14033891250000.0,1643119250000.0,1664334033500000.0,0.02650103046595035,-442637500000.0,477473000000.0,877319000000.0,684929000000.0,-642137500000.0,-492531250000.0,49893750000.0,7.4948697077847015,False,6.907444128637047,-6.4,22.6,-9.3,-7.1,0.7,12.7,9.9,3.7,-10.8,6.9,-6.4,22.6,-9.3,6.9,-7.1,0.7,12.7,9.9,3.7,-10.8,6.907444128637047,16486000000000.0,7886764000000.0,-7829831000000.0,-4885023000000.0,4115618000000.0,14869088000000.0,1616912000000.0,1777664882000000.0,0.0271845217013959,-496850000000.0,0.9108172383333498,-6.299795454764463,-15.9,31.5,-27.6,-16.8,1.0,30.9,6.3,0.5,-17.3,-12.0,15453592000000.0,6919579000000.0,-4831771000000.0,-5527046000000.0,1824804000000.0,13936193000000.0,1517399000000.0,1597152494000000.0,0.0266877091883821,470335000000.0,11.605599496303412,6.7971620816815586,-3.2,8.3,1.6,-5.7,2.5,-8.1,16.4,5.8,-11.5,6.7,False
BID,SOCB,2024-Q2,20224863000000.0,14837763000000.0,1938915000000.0,-6708592000000.0,-5357739000000.0,8158532000000.0,1882815402000000.0,0.0249893310131827,16776678000000.0,4710347000000.0,3448185000000.0,15622205750000.0,7030024750000.0,-6410133750000.0,-4789060000000.0,2607012750000.0,13935183000000.0,1687022750000.0,1713528468500000.0,0.025765141040437672,1154472250000.0,1128507250000.0,-298458250000.0,-568679000000.0,841172250000.0,902580000000.0,251892250000.0,9.414390814439223,False,16.05267819291817,16.4,-12.3,12.0,12.8,3.6,-4.2,-8.1,4.7,8.1,16.1,16.4,-12.3,12.0,16.1,12.8,3.6,-4.2,-8.1,4.7,8.1,16.05267819291817,15234373000000.0,7389914000000.0,-5392606000000.0,-4388714000000.0,1936861000000.0,13541360000000.0,1693013000000.0,1793930234000000.0,0.0237441514863314,768618000000.0,4.834991419025648,10.400905883343162,20.9,-30.9,20.4,17.5,3.3,-17.8,-13.1,2.4,15.1,10.4,15221102000000.0,6950633000000.0,-6373642000000.0,-3932886000000.0,2036059000000.0,13547188000000.0,1673914000000.0,1629066617000000.0,0.0259011157976579,1207899000000.0,14.450871847469088,17.378258929798193,22.4,-25.3,20.3,18.6,3.8,-4.8,-20.5,7.2,11.4,17.4,False
BID,SOCB,2024-Q3,17258588000000.0,13989724000000.0,1474978000000.0,-6307180000000.0,-4453129000000.0,6498279000000.0,1953065238000000.0,0.022453222319919,15464702000000.0,4704393000000.0,1793886000000.0,16011099750000.0,7331999500000.0,-6493871250000.0,-5145273250000.0,2960044250000.0,14257826750000.0,1753273000000.0,1776965664750000.0,0.025537194844318874,-546397750000.0,-833720500000.0,186691250000.0,692144250000.0,-1166158250000.0,-268102750000.0,-278295000000.0,9.442258138942975,False,-11.370984136046381,-7.4,12.0,-15.9,-3.7,-3.8,2.5,9.4,4.7,-8.4,-11.3,-7.4,12.0,-15.9,-11.3,-3.7,-3.8,2.5,9.4,4.7,-8.4,-11.370984136046381,16776678000000.0,8158532000000.0,-6708592000000.0,-5357739000000.0,3448185000000.0,14837763000000.0,1938915000000.0,1882815402000000.0,0.0249893310131827,-1660253000000.0,3.6627748667382933,-20.34989873178165,-16.1,16.0,-20.3,-10.4,-5.7,4.9,11.1,1.8,-12.2,-20.4,15547348000000.0,5892788000000.0,-6044456000000.0,-5949617000000.0,2339513000000.0,13783096000000.0,1764252000000.0,1653452141000000.0,0.0262307751763655,605491000000.0,16.615092373855436,10.275119349279153,-1.4,20.9,-9.3,3.5,-4.9,-4.5,25.4,8.3,-4.8,10.2,False
BID,SOCB,2024-Q4,26406181000000.0,15638729000000.0,1967539000000.0,-9558439000000.0,-6909598000000.0,9938144000000.0,2056082420000000.0,0.0238503667834562,17606268000000.0,1138231000000.0,8799913000000.0,15990438250000.0,7483372250000.0,-6559552250000.0,-4771151250000.0,2823637500000.0,14309483750000.0,1680954500000.0,1851868939000000.0,0.02459280663020725,1615829750000.0,2454771750000.0,-2998886750000.0,-2138446750000.0,5976275500000.0,1329245250000.0,286584500000.0,10.451178238423923,False,32.803015378528045,21.6,-68.7,79.9,17.7,3.8,-40.1,-28.6,5.2,12.5,32.8,21.6,-68.7,79.9,32.8,17.7,3.8,-40.1,-28.6,5.2,12.5,32.803015378528045,15464702000000.0,6498279000000.0,-6307180000000.0,-4453129000000.0,1793886000000.0,13989724000000.0,1474978000000.0,1953065238000000.0,0.022453222319919,3439865000000.0,5.139106403049822,52.93501556335146,33.0,-87.8,107.8,25.4,7.6,-50.0,-37.8,2.6,22.8,53.0,16486000000000.0,7886764000000.0,-7829831000000.0,-4885023000000.0,4115618000000.0,14869088000000.0,1616912000000.0,1777664882000000.0,0.0271845217013959,2051380000000.0,14.524563883214439,26.01041441077735,14.2,-47.6,59.4,9.8,4.4,-21.9,-25.7,7.3,2.5,26.0,False
BID,SOCB,2025-Q1,17898410000000.0,13945584000000.0,1538888000000.0,-5906818000000.0,-4578467000000.0,7413125000000.0,2107329969000000.0,0.0201680493694069,15484472000000.0,4999187000000.0,2413938000000.0,16270505250000.0,7996217250000.0,-6991704250000.0,-5277295000000.0,3994711250000.0,14501894000000.0,1768611250000.0,1921473323500000.0,0.023759267900722327,-786033250000.0,-583092250000.0,1084886250000.0,698828000000.0,-1580773250000.0,-556310000000.0,-229723250000.0,9.226394639122233,False,-7.292101149452887,-9.8,22.3,-19.8,-7.0,-2.9,13.6,8.7,4.6,-11.6,-7.3,-9.8,22.3,-19.8,-7.3,-7.0,-2.9,13.6,8.7,4.6,-11.6,-7.292101149452887,17606268000000.0,9938144000000.0,-9558439000000.0,-6909598000000.0,8799913000000.0,15638729000000.0,1967539000000.0,2056082420000000.0,0.0238503667834562,-2525019000000.0,2.4618050873557125,-25.407349702318662,-21.3,60.2,-64.3,-17.0,-4.3,36.7,23.5,1.2,-18.2,-25.4,15234373000000.0,7389914000000.0,-5392606000000.0,-4388714000000.0,1936861000000.0,13541360000000.0,1693013000000.0,1793930234000000.0,0.0237441514863314,23211000000.0,16.06658970139962,0.3140902586958387,0.3,-0.3,0.3,0.3,-0.2,-0.3,-0.2,8.0,-7.7,0.3,False
BID,SOCB,2025-Q2,22089912000000.0,14991731000000.0,1887419000000.0,-7367096000000.0,-6098103000000.0,8624713000000.0,2179879608000000.0,0.0208287069799858,16879150000000.0,3413951000000.0,5210762000000.0,16333030000000.0,8002020000000.0,-7120257250000.0,-5324733250000.0,4113980500000.0,14602950000000.0,1730080000000.0,1999823257250000.0,0.022865242371491203,546120000000.0,622693000000.0,-246838750000.0,-773369750000.0,1096781500000.0,388781000000.0,157339000000.0,8.615748848894803,False,7.781697621350609,6.8,-12.7,13.7,4.9,2.0,-3.1,-9.7,4.3,0.6,7.8,6.8,-12.7,13.7,7.8,4.9,2.0,-3.1,-9.7,4.3,0.6,7.781697621350609,15484472000000.0,7413125000000.0,-5906818000000.0,-4578467000000.0,2413938000000.0,13945584000000.0,1538888000000.0,2107329969000000.0,0.0201680493694069,1211588000000.0,3.384468974375031,16.343822611921425,18.8,-40.2,37.7,14.1,4.7,-19.7,-20.5,1.7,12.4,16.3,16776678000000.0,8158532000000.0,-6708592000000.0,-5357739000000.0,3448185000000.0,14837763000000.0,1938915000000.0,1882815402000000.0,0.0249893310131827,466181000000.0,14.623997384435707,5.714030416256258,1.3,-17.1,21.6,1.9,-0.6,-8.1,-9.1,7.3,-5.4,5.8,False
BVB,Private_3,2020-Q1,418285000000.0,308378000000.0,12922000000.0,-216209000000.0,-153948000000.0,48128000000.0,34760450000000.0,0.0008235749703993,321300000000.0,-48857000000.0,96985000000.0,,,,,,,,,,,,,,,,,,False,0.0,,,,,,,,,,,,,,,,,,,,,0.0,,,,,,,,,,,,0.0,,,,,,,,,,,,,,,,,,,,,,0.0,,,,,,,,,,,False
BVB,Private_3,2020-Q2,239989000000.0,207257000000.0,10364000000.0,-191806000000.0,-34534000000.0,13649000000.0,35778276000000.0,0.0168792870910442,217621000000.0,-8719000000.0,22368000000.0,,,,,,,,,,,,,,,,,,False,0.0,,,,,,,,,,,,,,,,,,,,,0.0,321300000000.0,48128000000.0,-216209000000.0,-153948000000.0,96985000000.0,308378000000.0,12922000000.0,34760450000000.0,0.0008235749703993,-34479000000.0,2.8858644257340287,-71.64020944148936,-215.4,298.8,-155.0,-210.1,-5.3,50.7,248.1,1.4,-211.5,-71.6,,,,,,,,,,,,0.0,,,,,,,,,,,False
BVB,Private_3,2020-Q3,339735000000.0,276725000000.0,17707000000.0,-201152000000.0,-62779000000.0,75804000000.0,38072429000000.0,0.0220881988424798,294432000000.0,30501000000.0,45303000000.0,,,,,,,,,,,,,,,,,,False,0.0,,,,,,,,,,,,,,,,,,,,,0.0,217621000000.0,13649000000.0,-191806000000.0,-34534000000.0,22368000000.0,207257000000.0,10364000000.0,35778276000000.0,0.0168792870910442,62155000000.0,6.212948136378658,455.3813466187999,562.9,-275.5,168.0,509.1,53.7,-68.3,-206.7,3.1,506.0,455.4,,,,,,,,,,,,0.0,,,,,,,,,,,False
BVB,Private_3,2020-Q4,418454000000.0,312315000000.0,19225000000.0,-258906000000.0,-95641000000.0,63907000000.0,39832796000000.0,0.0230989815191876,331540000000.0,-23007000000.0,86914000000.0,,,,,,,,,,,,,,,,,,False,0.0,,,,,,,,,,,,,,,,,,,,,0.0,294432000000.0,75804000000.0,-201152000000.0,-62779000000.0,45303000000.0,276725000000.0,17707000000.0,38072429000000.0,0.0220881988424798,-11897000000.0,4.519252720212283,-15.694422457917788,49.0,-119.5,54.9,47.0,2.0,-76.2,-43.3,2.3,44.7,-15.6,,,,,,,,,,,,0.0,,,,,,,,,,,False
BVB,Private_3,2021-Q1,382157000000.0,325277000000.0,18831000000.0,-230305000000.0,0.0,151852000000.0,41856199000000.0,0.0227209702491408,344108000000.0,113803000000.0,38049000000.0,291223250000.0,50372000000.0,-217018250000.0,-86725500000.0,62892500000.0,276168750000.0,15054500000.0,37110987750000.0,0.015722510605777725,52884750000.0,101480000000.0,-13286750000.0,86725500000.0,-24843500000.0,49108250000.0,3776500000.0,12.018184882342918,False,201.46112919876123,105.0,145.9,-49.4,97.5,7.5,-26.4,172.2,6.0,91.5,201.5,105.0,145.9,-49.4,201.5,97.5,7.5,-26.4,172.2,6.0,91.5,201.46112919876123,331540000000.0,63907000000.0,-258906000000.0,-95641000000.0,86914000000.0,312315000000.0,19225000000.0,39832796000000.0,0.0230989815191876,87945000000.0,4.953918211382084,137.61403289154552,19.7,194.4,-76.5,20.2,-0.6,44.7,149.7,2.5,17.7,137.6,321300000000.0,48128000000.0,-216209000000.0,-153948000000.0,96985000000.0,308378000000.0,12922000000.0,34760450000000.0,0.0008235749703993,103724000000.0,18.52273387733259,215.51695478723403,47.4,290.5,-122.4,35.1,12.3,-29.3,319.8,9.3,25.8,215.5,False
BVB,Private_3,2021-Q2,498906000000.0,413291000000.0,17704000000.0,-242519000000.0,-70933000000.0,185454000000.0,44377052000000.0,0.0275851576172255,430995000000.0,117543000000.0,67911000000.0,296925250000.0,76303000000.0,-220542250000.0,-48238500000.0,48158500000.0,280393500000.0,16531750000.0,38884925000000.0,0.0211968594254631,134069750000.0,109151000000.0,-21976750000.0,-22694500000.0,19752500000.0,132897500000.0,1172250000.0,13.192401136475537,False,143.04942138579088,175.7,-58.5,25.9,174.2,1.6,-28.8,-29.8,6.6,167.6,143.1,175.7,-58.5,25.9,143.1,174.2,1.6,-28.8,-29.8,6.6,167.6,143.04942138579088,344108000000.0,151852000000.0,-230305000000.0,0.0,38049000000.0,325277000000.0,18831000000.0,41856199000000.0,0.0227209702491408,33602000000.0,5.846591589130741,22.128124753049022,57.2,-54.7,19.7,58.0,-0.8,-8.0,-46.7,2.9,55.1,22.2,217621000000.0,13649000000.0,-191806000000.0,-34534000000.0,22368000000.0,207257000000.0,10364000000.0,35778276000000.0,0.0168792870910442,171805000000.0,21.45528242364625,1258.7369038024765,1563.4,-638.2,333.6,1509.2,54.1,-371.3,-266.9,10.7,1498.5,1258.8,False
BVB,Private_3,2021-Q3,452821000000.0,337960000000.0,15085000000.0,-232691000000.0,-171755000000.0,48375000000.0,44841084000000.0,0.0216598145109205,353045000000.0,-51401000000.0,99776000000.0,350268750000.0,119254250000.0,-233220500000.0,-57338250000.0,59544250000.0,331902000000.0,18366750000.0,41034619000000.0,0.023873327057008426,2776250000.0,-70879250000.0,529500000.0,-114416750000.0,40231750000.0,6058000000.0,-3281750000.0,8.865056976593252,False,-59.435407962399665,2.3,-95.5,33.8,5.1,-2.7,0.4,-95.9,4.4,0.7,-59.4,2.3,-95.5,33.8,-59.4,5.1,-2.7,0.4,-95.9,4.4,0.7,-59.435407962399665,430995000000.0,185454000000.0,-242519000000.0,-70933000000.0,67911000000.0,413291000000.0,17704000000.0,44377052000000.0,0.0275851576172255,-137079000000.0,1.0402189976262224,-73.91536445695428,-42.1,-49.1,17.1,-40.7,-1.4,5.3,-54.4,0.5,-41.2,-74.1,294432000000.0,75804000000.0,-201152000000.0,-62779000000.0,45303000000.0,276725000000.0,17707000000.0,38072429000000.0,0.0220881988424798,-27429000000.0,16.327025004959083,-36.184106379610576,77.3,-185.4,71.9,80.8,-3.5,-41.6,-143.8,8.2,72.6,-36.2,False
BVB,Private_3,2021-Q4,399410000000.0,358334000000.0,19382000000.0,-345900000000.0,-127744000000.0,-74234000000.0,46389215000000.0,0.0212311457870376,377716000000.0,-95928000000.0,21694000000.0,364922000000.0,112397000000.0,-241105250000.0,-84582250000.0,73162500000.0,347210750000.0,17711250000.0,42726782750000.0,0.023766230974118598,12794000000.0,-186631000000.0,-104794750000.0,-43161750000.0,-51468500000.0,11123250000.0,1670750000.0,8.219472019545448,False,-166.04624678594624,11.5,-131.7,-45.8,10.0,1.5,-93.3,-38.4,4.1,5.9,-166.0,11.5,-131.7,-45.8,-166.0,10.0,1.5,-93.3,-38.4,4.1,5.9,-166.04624678594624,353045000000.0,48375000000.0,-232691000000.0,-171755000000.0,99776000000.0,337960000000.0,15085000000.0,44841084000000.0,0.0216598145109205,-122609000000.0,3.393896582537782,-253.45529715762277,50.9,-142.9,-161.5,42.1,8.9,-233.9,91.0,1.7,40.4,-253.5,331540000000.0,63907000000.0,-258906000000.0,-95641000000.0,86914000000.0,312315000000.0,19225000000.0,39832796000000.0,0.0230989815191876,-138141000000.0,15.20822565829507,-216.159419155961,72.2,-186.3,-102.0,72.0,0.2,-136.2,-50.1,7.6,64.4,-216.1,False
BVB,Private_3,2022-Q1,469408000000.0,418267000000.0,22380000000.0,-300219000000.0,4444000000.0,173633000000.0,49558196000000.0,0.0228351923263332,440647000000.0,144872000000.0,28761000000.0,376466000000.0,77861750000.0,-262853750000.0,-92608000000.0,56857500000.0,358715500000.0,17750500000.0,44365887500000.0,0.0232992720410811,64181000000.0,95771250000.0,-37365250000.0,97052000000.0,-28096500000.0,59551500000.0,4629500000.0,11.056394284645854,False,123.00166641515249,82.4,76.6,-36.0,76.5,5.9,-48.0,124.6,5.5,71.0,123.0,82.4,76.6,-36.0,123.0,76.5,5.9,-48.0,124.6,5.5,71.0,123.00166641515249,377716000000.0,-74234000000.0,-345900000000.0,-127744000000.0,21694000000.0,358334000000.0,19382000000.0,46389215000000.0,0.0212311457870376,247867000000.0,6.605662345594713,333.8995608481289,84.8,239.7,9.7,80.8,4.0,61.4,178.0,3.3,77.5,334.2,344108000000.0,151852000000.0,-230305000000.0,0.0,38049000000.0,325277000000.0,18831000000.0,41856199000000.0,0.0227209702491408,21781000000.0,16.85073122236383,14.34357137212549,63.6,-43.1,-6.1,61.2,2.3,-46.0,2.9,8.4,52.8,14.4,False
BVB,Private_3,2022-Q2,507996000000.0,442742000000.0,38326000000.0,-261333000000.0,-65763000000.0,180900000000.0,50769934000000.0,0.0233258256228682,481068000000.0,153972000000.0,26928000000.0,400600750000.0,83307000000.0,-280332250000.0,-91497000000.0,54535500000.0,381963000000.0,18637750000.0,46291386750000.0,0.023327827560379197,80467250000.0,97593000000.0,18999250000.0,25734000000.0,-27607500000.0,60779000000.0,19688250000.0,9.228284172096432,False,117.1486189635925,96.6,53.7,-33.2,73.0,23.7,22.8,30.9,4.6,68.4,117.1,96.6,53.7,-33.2,117.1,73.0,23.7,22.8,30.9,4.6,68.4,117.1486189635925,440647000000.0,173633000000.0,-300219000000.0,4444000000.0,28761000000.0,418267000000.0,22380000000.0,49558196000000.0,0.0228351923263332,7267000000.0,2.415549856256665,4.185264321874298,23.3,-18.0,-1.1,14.1,9.2,22.4,-40.4,1.2,12.9,4.2,430995000000.0,185454000000.0,-242519000000.0,-70933000000.0,67911000000.0,413291000000.0,17704000000.0,44377052000000.0,0.0275851576172255,-4554000000.0,13.43790753392861,-2.455595457633699,27.0,-7.4,-22.1,15.9,11.1,-10.1,2.8,6.7,9.2,-2.5,False
BVB,Private_3,2022-Q3,518764000000.0,462286000000.0,15634000000.0,-388431000000.0,-61854000000.0,68479000000.0,50851517000000.0,0.0244295414708219,477920000000.0,27635000000.0,40844000000.0,413119000000.0,82168500000.0,-285035750000.0,-90204500000.0,44289750000.0,389325750000.0,23793250000.0,47889607250000.0,0.022262994561789876,64801000000.0,-13689500000.0,-103395250000.0,28350500000.0,-3445750000.0,72960250000.0,-8159250000.0,5.999343784056621,True,-16.660277356894674,78.9,-91.3,-4.2,88.8,-9.9,-125.8,34.5,3.0,85.8,-16.6,78.9,-91.3,-4.2,-16.6,88.8,-9.9,-125.8,34.5,3.0,85.8,-16.660277356894674,481068000000.0,180900000000.0,-261333000000.0,-65763000000.0,26928000000.0,442742000000.0,38326000000.0,50769934000000.0,0.0233258256228682,-112421000000.0,0.16056255681686735,-62.145384190160314,-1.7,-68.1,7.7,10.8,-12.6,-70.3,2.2,0.1,10.7,-62.1,353045000000.0,48375000000.0,-232691000000.0,-171755000000.0,99776000000.0,337960000000.0,15085000000.0,44841084000000.0,0.0216598145109205,20104000000.0,12.561959727690963,41.55865633074936,258.1,-94.8,-121.8,257.0,1.1,-322.0,227.2,6.3,250.7,41.5,False
BVB,Private_3,2022-Q4,421070000000.0,390571000000.0,28271000000.0,-286855000000.0,-101172000000.0,33043000000.0,50859390000000.0,0.0211113646701957,418842000000.0,30815000000.0,2228000000.0,444337750000.0,87194500000.0,-323970750000.0,-62729250000.0,29556750000.0,420407250000.0,23930500000.0,49392215500000.0,0.022955426301765225,-25495750000.0,-54151500000.0,37115750000.0,-38442750000.0,-27328750000.0,-29836250000.0,4340500000.0,2.9269845458983696,False,-62.10426116326144,-29.3,-1.6,-31.4,-34.2,5.0,42.5,-44.1,1.5,-35.7,-62.3,-29.3,-1.6,-31.4,-62.3,-34.2,5.0,42.5,-44.1,1.5,-35.7,-62.10426116326144,477920000000.0,68479000000.0,-388431000000.0,-61854000000.0,40844000000.0,462286000000.0,15634000000.0,50851517000000.0,0.0244295414708219,-35436000000.0,0.01548113222508182,-51.7472509820529,-86.3,90.9,-56.4,-104.7,18.5,148.3,-57.4,0.0,-104.7,-51.8,377716000000.0,-74234000000.0,-345900000000.0,-127744000000.0,21694000000.0,358334000000.0,19382000000.0,46389215000000.0,0.0212311457870376,107277000000.0,9.193293826682655,144.51194870275077,55.3,115.3,-26.2,43.5,12.0,79.5,35.8,4.6,38.9,144.4,False
BVB,Private_3,2023-Q1,359397000000.0,285939000000.0,20980000000.0,-296136000000.0,-37709000000.0,25552000000.0,53532306000000.0,0.0153772845886657,306919000000.0,-26926000000.0,52478000000.0,454619250000.0,114013750000.0,-309209500000.0,-56086250000.0,24690250000.0,428466500000.0,26152750000.0,50509759250000.0,0.022925481022554747,-147700250000.0,-88461750000.0,13073500000.0,18377250000.0,27787750000.0,-142527500000.0,-5172750000.0,5.810239815476943,False,-77.58866803346088,-129.6,27.6,24.4,-125.0,-4.5,11.5,16.1,2.9,-127.9,-77.6,-129.6,27.6,24.4,-77.6,-125.0,-4.5,11.5,16.1,2.9,-127.9,-77.58866803346088,418842000000.0,33043000000.0,-286855000000.0,-101172000000.0,2228000000.0,390571000000.0,28271000000.0,50859390000000.0,0.0211113646701957,-7491000000.0,5.12093605606331,-22.67045970402203,-338.7,164.0,152.1,-316.7,-22.1,-28.1,192.1,2.6,-319.3,-22.6,440647000000.0,173633000000.0,-300219000000.0,4444000000.0,28761000000.0,418267000000.0,22380000000.0,49558196000000.0,0.0228351923263332,-148081000000.0,7.709944025687254,-85.28390340545864,-77.0,-21.9,13.6,-76.2,-0.8,2.4,-24.3,3.9,-80.1,-85.3,False
BVB,Private_3,2023-Q2,423861000000.0,366627000000.0,17658000000.0,-350104000000.0,-59531000000.0,14226000000.0,53879924000000.0,0.0194430121164836,384285000000.0,-25350000000.0,39576000000.0,421187250000.0,76993500000.0,-308188750000.0,-66624500000.0,30619500000.0,395384500000.0,25802750000.0,51503286750000.0,0.021061004088137877,-36902250000.0,-62767500000.0,-41915250000.0,7093500000.0,8956500000.0,-28757500000.0,-8144750000.0,4.510466578282727,False,-81.52311558767948,-47.9,-45.2,11.7,-37.3,-10.6,-54.5,9.2,2.3,-39.6,-81.4,-47.9,-45.2,11.7,-81.4,-37.3,-10.6,-54.5,9.2,2.3,-39.6,-81.52311558767948,306919000000.0,25552000000.0,-296136000000.0,-37709000000.0,52478000000.0,285939000000.0,20980000000.0,53532306000000.0,0.0153772845886657,-11326000000.0,0.6472596276978887,-44.32529743268629,302.8,-296.6,-50.5,315.8,-13.0,-211.2,-85.4,0.3,315.5,-44.3,481068000000.0,180900000000.0,-261333000000.0,-65763000000.0,26928000000.0,442742000000.0,38326000000.0,50769934000000.0,0.0233258256228682,-166674000000.0,5.943610549380774,-92.13598673300166,-53.5,-45.6,7.0,-42.1,-11.4,-49.1,3.4,3.0,-45.1,-92.1,False
BVB,Private_3,2023-Q3,458477000000.0,397991000000.0,16608000000.0,-392959000000.0,-43873000000.0,21645000000.0,53030046000000.0,0.0203494519635722,414599000000.0,-22233000000.0,43878000000.0,396991500000.0,35325000000.0,-330381500000.0,-65066500000.0,33781500000.0,376355750000.0,20635750000.0,52280784250000.0,0.020090300711541727,17607500000.0,-13680000000.0,-62577500000.0,21193500000.0,10096500000.0,21635250000.0,-4027750000.0,1.4229528876019852,True,-38.726114649681534,49.8,-117.1,28.6,61.3,-11.4,-177.1,60.0,0.7,60.6,-38.7,49.8,-117.1,28.6,-38.7,61.3,-11.4,-177.1,60.0,0.7,60.6,-38.726114649681534,384285000000.0,14226000000.0,-350104000000.0,-59531000000.0,39576000000.0,366627000000.0,17658000000.0,53879924000000.0,0.0194430121164836,7419000000.0,-1.5898947497600082,52.150991142977645,213.1,-191.2,30.2,220.5,-7.4,-301.2,110.1,-0.8,221.3,52.1,477920000000.0,68479000000.0,-388431000000.0,-61854000000.0,40844000000.0,462286000000.0,15634000000.0,50851517000000.0,0.0244295414708219,-46834000000.0,4.194255336724188,-68.3917697396282,-92.5,19.6,4.4,-93.9,1.4,-6.6,26.3,2.1,-96.0,-68.5,False
BVB,Private_3,2023-Q4,513301000000.0,428061000000.0,-832000000.0,-367716000000.0,-135402000000.0,10183000000.0,57768233000000.0,0.0210519717925581,427229000000.0,-75889000000.0,86072000000.0,381161250000.0,23616500000.0,-331513500000.0,-60571250000.0,34540000000.0,360282000000.0,20879250000.0,52825416500000.0,0.019070278334729303,46067750000.0,-13433500000.0,-36202500000.0,-74830750000.0,51532000000.0,67779000000.0,-21711250000.0,8.938698600411048,True,-56.881841085681614,195.0,-470.1,218.2,287.0,-91.9,-153.3,-316.8,4.5,282.5,-56.9,195.0,-470.1,218.2,-56.9,287.0,-91.9,-153.3,-316.8,4.5,282.5,-56.881841085681614,414599000000.0,21645000000.0,-392959000000.0,-43873000000.0,43878000000.0,397991000000.0,16608000000.0,53030046000000.0,0.0203494519635722,-11462000000.0,8.552816962075738,-52.95449295449296,58.4,-306.2,194.9,138.9,-80.6,116.6,-422.8,4.3,134.6,-52.9,418842000000.0,33043000000.0,-286855000000.0,-101172000000.0,2228000000.0,390571000000.0,28271000000.0,50859390000000.0,0.0211113646701957,-22860000000.0,12.720232311444393,-69.18258027418818,25.4,-348.3,253.8,113.5,-88.1,-244.7,-103.6,6.4,107.1,-69.1,False
BVB,Private_3,2024-Q1,532621000000.0,472027000000.0,20673000000.0,-357142000000.0,-106162000000.0,69317000000.0,57095713000000.0,0.0233011044918615,492700000000.0,29396000000.0,39921000000.0,383258000000.0,17901500000.0,-351728750000.0,-69128750000.0,55501000000.0,369654500000.0,13603500000.0,54552627250000.0,0.0190554301153199,109442000000.0,51415500000.0,-5413250000.0,-37033250000.0,-15580000000.0,102372500000.0,7069500000.0,4.555528088112353,False,287.2133620087702,611.5,-237.2,-87.0,571.8,39.3,-30.2,-206.8,2.3,569.5,287.3,611.5,-237.2,-87.0,287.3,571.8,39.3,-30.2,-206.8,2.3,569.5,287.2133620087702,427229000000.0,10183000000.0,-367716000000.0,-135402000000.0,86072000000.0,428061000000.0,-832000000.0,57768233000000.0,0.0210519717925581,59134000000.0,-1.1709853673318866,580.712952960817,642.8,390.8,-453.0,431.5,211.4,103.9,286.9,-0.6,432.1,580.6,306919000000.0,25552000000.0,-296136000000.0,-37709000000.0,52478000000.0,285939000000.0,20980000000.0,53532306000000.0,0.0153772845886657,43765000000.0,6.4421419315119435,171.2781778334377,727.1,-506.6,-49.2,728.3,-1.2,-238.8,-267.9,3.2,725.1,171.3,False
BVB,Private_3,2024-Q2,630102000000.0,550715000000.0,22739000000.0,-344175000000.0,-202504000000.0,83423000000.0,59588800000000.0,0.0267990561728769,573454000000.0,26775000000.0,56648000000.0,429703250000.0,28842750000.0,-366980250000.0,-86242000000.0,52361750000.0,416176500000.0,13526750000.0,55443479000000.0,0.02103638509111885,143750750000.0,54580250000.0,22805250000.0,-116262000000.0,4286250000.0,134538500000.0,9212250000.0,7.207230937326731,False,189.233862929159,498.4,-324.0,14.9,466.5,32.0,79.1,-403.1,3.6,462.9,189.3,498.4,-324.0,14.9,189.3,466.5,32.0,79.1,-403.1,3.6,462.9,189.233862929159,492700000000.0,69317000000.0,-357142000000.0,-106162000000.0,39921000000.0,472027000000.0,20673000000.0,57095713000000.0,0.0233011044918615,14106000000.0,4.273209761778754,20.349986294848303,116.5,-120.3,24.1,113.5,3.0,18.7,-139.0,2.1,111.4,20.3,384285000000.0,14226000000.0,-350104000000.0,-59531000000.0,39576000000.0,366627000000.0,17658000000.0,53879924000000.0,0.0194430121164836,69197000000.0,10.062466199937175,486.4122030085759,1329.9,-963.1,120.1,1293.9,35.5,41.8,-1004.9,5.0,1288.9,486.9,False
BVB,Private_3,2024-Q3,529771000000.0,524638000000.0,-7415000000.0,-360105000000.0,-140472000000.0,29194000000.0,64080878000000.0,0.0233230495514778,517223000000.0,16646000000.0,12548000000.0,476995500000.0,46142000000.0,-365498000000.0,-121985250000.0,56629750000.0,462198500000.0,14797000000.0,56870698000000.0,0.022875396105217174,40227500000.0,-16948000000.0,5393000000.0,-18486750000.0,-44081750000.0,62439500000.0,-22212000000.0,11.922424227031154,True,-36.73009405747475,87.2,-28.4,-95.5,135.3,-48.2,11.7,-40.1,6.0,129.3,-36.7,87.2,-28.4,-95.5,-36.7,135.3,-48.2,11.7,-40.1,6.0,129.3,-36.73009405747475,573454000000.0,83423000000.0,-344175000000.0,-202504000000.0,56648000000.0,550715000000.0,22739000000.0,59588800000000.0,0.0267990561728769,-54229000000.0,7.264639275603193,-65.00485477626074,-67.4,55.3,-52.8,-31.3,-36.1,-19.1,74.4,3.6,-34.9,-64.9,414599000000.0,21645000000.0,-392959000000.0,-43873000000.0,43878000000.0,397991000000.0,16608000000.0,53030046000000.0,0.0203494519635722,7549000000.0,18.87241876769754,34.87641487641488,474.1,-294.5,-144.7,585.1,-111.0,151.8,-446.3,9.4,575.7,34.9,False
BVB,Private_3,2024-Q4,785095000000.0,758868000000.0,1549000000.0,-413740000000.0,-162699000000.0,208656000000.0,68142074000000.0,0.031453552042348,760417000000.0,183978000000.0,24678000000.0,502651500000.0,48029250000.0,-357284500000.0,-146135000000.0,48797250000.0,493860250000.0,8791250000.0,59633406000000.0,0.023618795502193573,257765500000.0,160626750000.0,-56455500000.0,-16564000000.0,-24119250000.0,265007750000.0,-7242250000.0,13.318154625597964,False,334.4352660097753,536.8,-152.2,-50.2,551.8,-15.0,-117.4,-34.4,6.7,545.1,334.4,536.8,-152.2,-50.2,334.4,551.8,-15.0,-117.4,-34.4,6.7,545.1,334.4352660097753,517223000000.0,29194000000.0,-360105000000.0,-140472000000.0,12548000000.0,524638000000.0,-7415000000.0,64080878000000.0,0.0233230495514778,179462000000.0,6.142951641255143,614.7222031924368,832.9,-260.0,41.8,802.2,30.7,-183.8,-76.2,3.1,799.1,614.7,427229000000.0,10183000000.0,-367716000000.0,-135402000000.0,86072000000.0,428061000000.0,-832000000.0,57768233000000.0,0.0210519717925581,198473000000.0,16.478144239613364,1949.0621624275755,3272.5,-719.2,-602.3,3249.1,23.4,-452.2,-269.0,8.2,3240.9,1951.0,False
BVB,Private_3,2025-Q1,556558000000.0,504791000000.0,18028000000.0,-332652000000.0,-143682000000.0,80224000000.0,70821482000000.0,0.0198285618802663,522819000000.0,46485000000.0,33739000000.0,585948500000.0,97647500000.0,-368790500000.0,-152959250000.0,33448750000.0,576562000000.0,9386500000.0,62226866250000.0,0.026219190564641053,-63129500000.0,-17423500000.0,36138500000.0,9277250000.0,290250000.0,-71771000000.0,8641500000.0,12.919537691442178,True,-17.843262756342966,-64.6,46.5,0.3,-73.5,8.9,37.0,9.5,6.5,-80.0,-17.8,-64.6,46.5,0.3,-17.8,-73.5,8.9,37.0,9.5,6.5,-80.0,-17.843262756342966,760417000000.0,208656000000.0,-413740000000.0,-162699000000.0,24678000000.0,758868000000.0,1549000000.0,68142074000000.0,0.031453552042348,-128432000000.0,3.8562743745561607,-61.552028218694886,-113.9,47.9,4.4,-121.7,7.9,38.8,9.1,1.9,-123.6,-61.6,492700000000.0,69317000000.0,-357142000000.0,-106162000000.0,39921000000.0,472027000000.0,20673000000.0,57095713000000.0,0.0233011044918615,10907000000.0,21.4603970951677,15.734956792705972,43.4,-18.8,-8.9,47.3,-3.8,35.3,-54.1,10.7,36.6,15.7,False
BVB,Private_3,2025-Q2,684095000000.0,643805000000.0,-3509000000.0,-488028000000.0,-182848000000.0,13219000000.0,72601419000000.0,0.0238364712662766,640296000000.0,-30580000000.0,43799000000.0,593478250000.0,100374250000.0,-362668000000.0,-162339250000.0,31903250000.0,584753000000.0,8725250000.0,65658308500000.0,0.02535105491174225,46817750000.0,-87155250000.0,-125360000000.0,-20508750000.0,11895750000.0,59052000000.0,-12234250000.0,10.04357613825038,False,-86.83028764847558,46.6,-145.4,11.8,58.9,-12.2,-124.9,-20.4,5.0,53.9,-87.0,46.6,-145.4,11.8,-87.0,58.9,-12.2,-124.9,-20.4,5.0,53.9,-86.83028764847558,522819000000.0,80224000000.0,-332652000000.0,-143682000000.0,33739000000.0,504791000000.0,18028000000.0,70821482000000.0,0.0198285618802663,-67005000000.0,2.482081993307331,-83.52238731551655,146.4,-242.5,12.5,173.3,-26.8,-193.7,-48.9,1.2,172.1,-83.6,573454000000.0,83423000000.0,-344175000000.0,-202504000000.0,56648000000.0,550715000000.0,22739000000.0,59588800000000.0,0.0267990561728769,-70204000000.0,19.68771834775461,-84.15425002697098,80.1,-148.9,-15.4,111.6,-31.5,-172.4,23.6,9.8,101.8,-84.2,False
CTG,SOCB,2018-Q1,8834517000000.0,7233573000000.0,592491000000.0,-3455427000000.0,-2351397000000.0,3027693000000.0,826357266000000.0,0.0490745084879661,7826064000000.0,2019240000000.0,1008453000000.0,,,,,,,,,,,,,,,,,,False,0.0,,,,,,,,,,,,,,,,,,,,,0.0,,,,,,,,,,,,0.0,,,,,,,,,,,,,,,,,,,,,,0.0,,,,,,,,,,,False
CTG,SOCB,2018-Q2,8501967000000.0,7206861000000.0,606806000000.0,-3663247000000.0,-2600786000000.0,2237934000000.0,867566175000000.0,0.0266484542827913,7813667000000.0,1549634000000.0,688300000000.0,,,,,,,,,,,,,,,,,,False,0.0,,,,,,,,,,,,,,,,,,,,,0.0,7826064000000.0,3027693000000.0,-3455427000000.0,-2351397000000.0,1008453000000.0,7233573000000.0,592491000000.0,826357266000000.0,0.0490745084879661,-789759000000.0,4.865498404777078,-26.084513852626408,-0.4,-15.1,-10.6,-0.9,0.5,-6.9,-8.2,2.4,-3.3,-26.1,,,,,,,,,,,,0.0,,,,,,,,,,,False
CTG,SOCB,2018-Q3,9288937000000.0,7507069000000.0,786592000000.0,-3580668000000.0,-3378148000000.0,2330121000000.0,891617481000000.0,0.0269881228248738,8293661000000.0,1334845000000.0,995276000000.0,,,,,,,,,,,,,,,,,,False,0.0,,,,,,,,,,,,,,,,,,,,,0.0,7813667000000.0,2237934000000.0,-3663247000000.0,-2600786000000.0,688300000000.0,7206861000000.0,606806000000.0,867566175000000.0,0.0266484542827913,92187000000.0,2.734371242930647,4.119290381217676,20.6,-20.6,13.7,13.4,8.0,3.7,-20.6,1.4,12.0,13.7,,,,,,,,,,,,0.0,,,,,,,,,,,False
CTG,SOCB,2018-Q4,1820106000000.0,264329000000.0,784888000000.0,-3384698000000.0,527477000000.0,-1037115000000.0,864925948000000.0,0.0009370097562849,1049217000000.0,-1808004000000.0,770889000000.0,,,,,,,,,,,,,,,,,,False,0.0,,,,,,,,,,,,,,,,,,,,,0.0,8293661000000.0,2330121000000.0,-3580668000000.0,-3378148000000.0,995276000000.0,7507069000000.0,786592000000.0,891617481000000.0,0.0269881228248738,-3367236000000.0,-3.039097418182878,-144.50906197575148,-310.8,176.0,-9.7,-310.8,-0.1,8.4,167.6,-1.5,-309.3,-144.5,,,,,,,,,,,,0.0,,,,,,,,,,,False
CTG,SOCB,2019-Q1,9632267000000.0,7949636000000.0,969325000000.0,-3237794000000.0,-3241532000000.0,3152941000000.0,861590291000000.0,0.0284424175310534,8918961000000.0,2439635000000.0,713306000000.0,6245652250000.0,1639658250000.0,-3521010000000.0,-1950713500000.0,865729500000.0,5552958000000.0,692694250000.0,862616717500000.0,0.025912023837979026,2673308750000.0,1513282750000.0,283216000000.0,-1290818500000.0,-152423500000.0,2396678000000.0,276630750000.0,-0.11906070384123486,False,92.29257072319797,163.1,-61.5,-9.3,146.2,16.9,17.3,-78.7,-0.1,146.3,92.3,163.1,-61.5,-9.3,92.3,146.2,16.9,17.3,-78.7,-0.1,146.3,92.29257072319797,1049217000000.0,-1037115000000.0,-3384698000000.0,527477000000.0,770889000000.0,264329000000.0,784888000000.0,864925948000000.0,0.0009370097562849,4190056000000.0,-0.38640320023077407,404.0107413353389,758.7,-349.1,-5.7,741.0,17.8,14.1,-363.6,-0.2,741.2,403.9,7826064000000.0,3027693000000.0,-3455427000000.0,-2351397000000.0,1008453000000.0,7233573000000.0,592491000000.0,826357266000000.0,0.0490745084879661,125248000000.0,4.1746587272675555,4.136747021577154,20.7,-20.7,-9.8,20.7,12.4,7.2,-20.7,2.1,18.6,-9.8,False
CTG,SOCB,2019-Q2,9940143000000.0,8227205000000.0,986047000000.0,-3619264000000.0,-4138916000000.0,2181963000000.0,885535114000000.0,0.0291858850771424,9213252000000.0,1455072000000.0,726891000000.0,6518876500000.0,1670970250000.0,-3466601750000.0,-2173247250000.0,791942750000.0,5731973750000.0,786902750000.0,871424973750000.0,0.02075400109875085,2694375500000.0,510992750000.0,-152662250000.0,-1965668750000.0,-65051750000.0,2495231250000.0,199144250000.0,1.6061992925598831,False,30.580601300352296,152.9,-126.8,-3.9,149.3,11.9,-9.1,-117.6,0.8,148.5,22.2,152.9,-126.8,-3.9,22.2,149.3,11.9,-9.1,-117.6,0.8,148.5,30.580601300352296,8918961000000.0,3152941000000.0,-3237794000000.0,-3241532000000.0,713306000000.0,7949636000000.0,969325000000.0,861590291000000.0,0.0284424175310534,-970978000000.0,2.7410537253334715,-30.795945753504427,9.3,-40.6,0.4,8.8,0.5,-12.1,-28.5,1.4,7.4,-30.9,7813667000000.0,2237934000000.0,-3663247000000.0,-2600786000000.0,688300000000.0,7206861000000.0,606806000000.0,867566175000000.0,0.0266484542827913,-55971000000.0,2.0499601606305133,-2.5010120941904455,12.5,-12.5,1.7,12.5,12.5,2.0,-12.5,1.0,11.5,1.7,True
CTG,SOCB,2019-Q3,10375880000000.0,8329850000000.0,1091592000000.0,-3752698000000.0,-3501760000000.0,3121422000000.0,899056206000000.0,0.0288049086260182,9421442000000.0,2166984000000.0,954438000000.0,6868772750000.0,1656977500000.0,-3455606000000.0,-2557779750000.0,801590500000.0,5987059750000.0,881713000000.0,875917208500000.0,0.021388358797338625,2552669250000.0,1464444500000.0,-297092000000.0,-943980250000.0,152847500000.0,2342790250000.0,209879000000.0,2.607250036645549,False,88.38046986154006,154.0,-74.9,9.2,141.4,12.6,-17.9,-57.0,1.3,140.1,88.3,154.0,-74.9,9.2,88.3,141.4,12.6,-17.9,-57.0,1.3,140.1,88.38046986154006,9213252000000.0,2181963000000.0,-3619264000000.0,-4138916000000.0,726891000000.0,8227205000000.0,986047000000.0,885535114000000.0,0.0291858850771424,939459000000.0,1.5153152263454919,43.05567967926129,9.6,23.1,10.4,4.7,4.8,-6.1,29.2,0.8,3.9,43.1,8293661000000.0,2330121000000.0,-3580668000000.0,-3378148000000.0,995276000000.0,7507069000000.0,786592000000.0,891617481000000.0,0.0269881228248738,791301000000.0,0.8308297658031092,33.95965273906377,48.4,-12.7,-1.8,35.3,13.1,-7.4,-5.3,0.4,34.9,33.9,False
CTG,SOCB,2019-Q4,10573446000000.0,8692147000000.0,1008758000000.0,-5129759000000.0,-2119681000000.0,3324006000000.0,935270945000000.0,0.0292955203350653,9700905000000.0,2451465000000.0,872541000000.0,7150718000000.0,1854802750000.0,-3498613500000.0,-2588682750000.0,791381000000.0,6192755000000.0,957963000000.0,877776889750000.0,0.021842555247624726,2550187000000.0,1469203250000.0,-1631145500000.0,469001750000.0,81160000000.0,2499392000000.0,50795000000.0,6.342254644144877,False,79.21075435110284,137.5,-62.7,4.4,134.7,2.8,-87.9,25.3,3.2,131.5,79.2,137.5,-62.7,4.4,79.2,134.7,2.8,-87.9,25.3,3.2,131.5,79.21075435110284,9421442000000.0,3121422000000.0,-3752698000000.0,-3501760000000.0,954438000000.0,8329850000000.0,1091592000000.0,899056206000000.0,0.0288049086260182,202584000000.0,3.94855835615334,6.490118926566161,8.9,0.2,-2.6,11.6,-2.7,-32.5,32.5,2.0,9.6,6.5,1049217000000.0,-1037115000000.0,-3384698000000.0,527477000000.0,770889000000.0,264329000000.0,784888000000.0,864925948000000.0,0.0009370097562849,4361121000000.0,7.815255906010499,420.5050548878379,834.3,-423.4,9.7,812.4,21.4,-168.2,-255.2,3.9,808.5,420.6,False
CTG,SOCB,2020-Q1,10684767000000.0,8418438000000.0,1059026000000.0,-3317572000000.0,-4392768000000.0,2974427000000.0,923623069000000.0,0.0281450385683646,9477464000000.0,1767124000000.0,1207303000000.0,9313640000000.0,2945083000000.0,-3934878750000.0,-3250472250000.0,816794000000.0,8299709500000.0,1013930500000.0,895363139000000.0,0.028932182892319826,163824000000.0,29344000000.0,617306750000.0,-1142295750000.0,390509000000.0,118728500000.0,45095500000.0,3.1072176221800136,True,0.9963725979879006,1.0,-1.5,1.5,0.7,0.3,1.5,-1.5,1.6,-0.9,1.0,1.0,-1.5,1.5,1.0,0.7,0.3,1.5,-1.5,1.6,-0.9,0.9963725979879006,9700905000000.0,3324006000000.0,-5129759000000.0,-2119681000000.0,872541000000.0,8692147000000.0,1008758000000.0,935270945000000.0,0.0292955203350653,-349579000000.0,-1.2532049608289286,-10.516798104455887,-6.7,-13.9,10.1,-8.2,1.5,52.6,-52.6,-0.6,-7.6,-10.5,8918961000000.0,3152941000000.0,-3237794000000.0,-3241532000000.0,713306000000.0,7949636000000.0,969325000000.0,861590291000000.0,0.0284424175310534,-178514000000.0,6.949620632460425,-5.661824943758859,17.7,-28.3,15.7,14.9,2.8,-2.5,-28.3,3.5,11.4,5.1,True
CTG,SOCB,2020-Q2,9974677000000.0,7797899000000.0,1102481000000.0,-3281706000000.0,-2207393000000.0,4485578000000.0,941487524000000.0,0.0261472739062624,8900380000000.0,3411281000000.0,1074297000000.0,9453265750000.0,2900454500000.0,-3954823250000.0,-3538281250000.0,940293250000.0,8416910000000.0,1036355750000.0,910871333500000.0,0.028857838151647622,-552885750000.0,1585123500000.0,673117250000.0,1330888250000.0,134003750000.0,-619011000000.0,66125250000.0,3.305643544828084,False,54.65086592463354,-19.1,69.1,4.6,-21.4,2.3,23.2,45.9,1.7,-23.1,54.6,-19.1,69.1,4.6,54.6,-21.4,2.3,23.2,45.9,1.7,-23.1,54.65086592463354,9477464000000.0,2974427000000.0,-3317572000000.0,-4392768000000.0,1207303000000.0,8418438000000.0,1059026000000.0,923623069000000.0,0.0281450385683646,1511151000000.0,1.9156456530832648,50.804776852819046,-19.4,74.7,-4.5,-20.9,1.5,1.2,73.5,1.0,-21.9,50.8,9213252000000.0,2181963000000.0,-3619264000000.0,-4138916000000.0,726891000000.0,8227205000000.0,986047000000.0,885535114000000.0,0.0291858850771424,2303615000000.0,6.124982672491659,105.5753466030359,-14.4,104.0,15.9,-19.6,5.4,15.5,88.5,3.1,-22.7,105.5,False
CTG,SOCB,2020-Q3,11510962000000.0,9078280000000.0,1056629000000.0,-3748792000000.0,-4858146000000.0,2904024000000.0,958011088000000.0,0.0299999835018398,10134909000000.0,1527971000000.0,1376053000000.0,9375047750000.0,3476358250000.0,-3870433750000.0,-3055400500000.0,1027144750000.0,8309583500000.0,1065464250000.0,924859436000000.0,0.028098185358927625,759861250000.0,-572334250000.0,121641750000.0,-1802745500000.0,348908250000.0,768696500000.0,-8835250000.0,3.5213947616081542,False,-16.463615336537885,21.9,-48.4,10.0,22.1,-0.2,3.5,-51.9,1.8,20.3,-16.5,21.9,-48.4,10.0,-16.5,22.1,-0.2,3.5,-51.9,1.8,20.3,-16.463615336537885,8900380000000.0,4485578000000.0,-3281706000000.0,-2207393000000.0,1074297000000.0,7797899000000.0,1102481000000.0,941487524000000.0,0.0261472739062624,-1581554000000.0,1.7397816345443056,-35.25864448238332,27.5,-69.5,6.7,28.6,-1.0,-10.4,-59.1,0.9,27.7,-35.3,9421442000000.0,3121422000000.0,-3752698000000.0,-3501760000000.0,954438000000.0,8329850000000.0,1091592000000.0,899056206000000.0,0.0288049086260182,-217398000000.0,6.349245629437056,-6.964710314721945,22.9,-34.8,13.5,24.0,-1.1,0.1,-34.8,3.2,20.8,1.6,False
CTG,SOCB,2020-Q4,13109620000000.0,10286763000000.0,1122655000000.0,-5713435000000.0,-689874000000.0,6706311000000.0,1015333270000000.0,0.0326771391498716,11409418000000.0,5006109000000.0,1700202000000.0,9553414500000.0,3422008750000.0,-3869457250000.0,-3394497000000.0,1132548500000.0,8496691000000.0,1056723500000.0,939598156500000.0,0.028396954077883025,1856003500000.0,3284302250000.0,-1843977750000.0,2704623000000.0,567653500000.0,1790072000000.0,65931500000.0,7.748109470580451,False,95.97585774729535,54.2,25.1,16.6,52.3,1.9,-53.8,79.1,3.9,48.4,95.9,54.2,25.1,16.6,95.9,52.3,1.9,-53.8,79.1,3.9,48.4,95.97585774729535,10134909000000.0,2904024000000.0,-3748792000000.0,-4858146000000.0,1376053000000.0,9078280000000.0,1056629000000.0,958011088000000.0,0.0299999835018398,3802287000000.0,5.809648150624504,130.9316658540012,43.9,75.9,11.1,41.6,2.2,-67.7,143.5,2.9,38.7,130.9,9700905000000.0,3324006000000.0,-5129759000000.0,-2119681000000.0,872541000000.0,8692147000000.0,1008758000000.0,935270945000000.0,0.0292955203350653,3382305000000.0,8.208976929745843,101.75387770058177,51.4,25.4,24.9,47.9,3.5,-17.6,43.0,4.1,43.8,101.7,False
CTG,SOCB,2021-Q1,12922553000000.0,10642136000000.0,1283172000000.0,-3512229000000.0,-1350133000000.0,8060191000000.0,1017140022000000.0,0.0328713184348182,11925308000000.0,7062946000000.0,997245000000.0,9980542750000.0,4267585000000.0,-4015376250000.0,-3037045250000.0,1339463750000.0,8895345000000.0,1085197750000.0,959613737750000.0,0.0292423587815846,1944765250000.0,3792606000000.0,503147250000.0,1686912250000.0,-342218750000.0,1746791000000.0,197974250000.0,5.820278217887426,False,88.87007522990169,45.6,51.3,-8.0,41.0,4.6,11.8,39.5,2.9,38.1,88.9,45.6,51.3,-8.0,88.9,41.0,4.6,11.8,39.5,2.9,38.1,88.87007522990169,11409418000000.0,6706311000000.0,-5713435000000.0,-689874000000.0,1700202000000.0,10286763000000.0,1122655000000.0,1015333270000000.0,0.0326771391498716,1353880000000.0,0.17778851088587885,20.188148148810875,7.7,23.0,-10.5,5.3,2.4,32.8,-9.9,0.1,5.2,20.2,9477464000000.0,2974427000000.0,-3317572000000.0,-4392768000000.0,1207303000000.0,8418438000000.0,1059026000000.0,923623069000000.0,0.0281450385683646,5085764000000.0,9.637132263455642,170.9829826047168,82.2,95.8,-7.0,74.7,7.5,-6.5,102.2,4.8,69.9,171.0,False
CTG,SOCB,2021-Q2,14083397000000.0,10878584000000.0,1356821000000.0,-4187076000000.0,-7106255000000.0,2790066000000.0,1076580794000000.0,0.0320186844394555,12235405000000.0,942074000000.0,1847992000000.0,10592503750000.0,5539026000000.0,-4064040500000.0,-2276386500000.0,1286949250000.0,9451269500000.0,1141234250000.0,982992976000000.0,0.030423928748198,1642901250000.0,-2748960000000.0,-123035500000.0,-4829868500000.0,561042750000.0,1427314500000.0,215586750000.0,9.088076315906859,False,-49.628941983662834,29.7,-89.4,10.1,25.8,3.9,-2.2,-87.2,4.5,21.3,-49.6,29.7,-89.4,10.1,-49.6,25.8,3.9,-2.2,-87.2,4.5,21.3,-49.628941983662834,11925308000000.0,8060191000000.0,-3512229000000.0,-1350133000000.0,997245000000.0,10642136000000.0,1283172000000.0,1017140022000000.0,0.0328713184348182,-5270125000000.0,5.678003633126223,-65.38461681615237,3.9,-79.8,10.5,2.9,0.9,-8.4,-71.4,2.8,0.1,-65.4,8900380000000.0,4485578000000.0,-3281706000000.0,-2207393000000.0,1074297000000.0,7797899000000.0,1102481000000.0,941487524000000.0,0.0261472739062624,-1695512000000.0,13.388374297841784,-37.79918663770868,74.4,-129.4,17.2,68.7,5.7,-20.2,-109.2,6.7,62.0,-37.8,False
CTG,SOCB,2021-Q3,12255458000000.0,9871806000000.0,1154403000000.0,-3646918000000.0,-5547913000000.0,3060627000000.0,1084605792000000.0,0.0279688192421256,11026209000000.0,1831378000000.0,1229249000000.0,11426260000000.0,5115148000000.0,-4290383000000.0,-3501102000000.0,1480373000000.0,10221440750000.0,1204819250000.0,1016766293500000.0,0.03189178138149627,-400051000000.0,-2054521000000.0,643465000000.0,-2046811000000.0,-251124000000.0,-349634750000.0,-50416250000.0,6.456685987989442,False,-40.165426298515705,-7.8,-27.4,-4.9,-6.8,-1.0,12.6,-40.0,3.2,-10.0,-40.1,-7.8,-27.4,-4.9,-40.1,-6.8,-1.0,12.6,-40.0,3.2,-10.0,-40.165426298515705,12235405000000.0,2790066000000.0,-4187076000000.0,-7106255000000.0,1847992000000.0,10878584000000.0,1356821000000.0,1076580794000000.0,0.0320186844394555,270561000000.0,0.7426474004591106,9.697297483285341,-43.3,48.5,-22.2,-36.1,-7.3,19.4,48.5,0.4,-36.5,-17.0,10134909000000.0,2904024000000.0,-3748792000000.0,-4858146000000.0,1376053000000.0,9078280000000.0,1056629000000.0,958011088000000.0,0.0299999835018398,156603000000.0,12.395344936148769,5.392620722142792,27.0,-20.2,-5.1,27.0,3.4,3.5,-23.8,6.2,20.8,1.7,False
CTG,SOCB,2021-Q4,13887108000000.0,10395939000000.0,1157844000000.0,-5831801000000.0,-4377224000000.0,3678083000000.0,1130667767000000.0,0.0288513427220779,11553783000000.0,1344758000000.0,2333325000000.0,11649085000000.0,5154298750000.0,-4264914500000.0,-3673543750000.0,1443672000000.0,10419822250000.0,1229262750000.0,1048414969500000.0,0.031383990316567724,-95302000000.0,-1476215750000.0,-1566886500000.0,-703680250000.0,889653000000.0,-23883250000.0,-71418750000.0,7.549304679648175,False,-28.64047703870483,-1.9,-44.0,17.3,-0.5,-1.4,-30.4,-13.7,3.8,-4.3,-28.6,-1.9,-44.0,17.3,-28.6,-0.5,-1.4,-30.4,-13.7,3.8,-4.3,-28.64047703870483,11026209000000.0,3060627000000.0,-3646918000000.0,-5547913000000.0,1229249000000.0,9871806000000.0,1154403000000.0,1084605792000000.0,0.0279688192421256,617456000000.0,4.158581211143323,20.17416692723419,17.2,-33.1,36.1,17.1,0.1,-71.4,38.3,2.1,15.0,20.2,11409418000000.0,6706311000000.0,-5713435000000.0,-689874000000.0,1700202000000.0,10286763000000.0,1122655000000.0,1015333270000000.0,0.0326771391498716,-3028228000000.0,10.748782969949703,-45.15489961619734,2.2,-56.8,9.4,1.6,0.5,-1.8,-55.0,5.4,-3.8,-45.2,False
CTG,SOCB,2022-Q1,14070205000000.0,10145865000000.0,1278127000000.0,-3821026000000.0,-4426683000000.0,5822496000000.0,1229579098000000.0,0.0262063830232657,11423992000000.0,3176283000000.0,2646213000000.0,11685176250000.0,4397241750000.0,-4294506000000.0,-4595381250000.0,1601952750000.0,10447116250000.0,1238060000000.0,1077248593750000.0,0.0304275412096193,-261184250000.0,1425254250000.0,473480000000.0,168698250000.0,1044260250000.0,-301251250000.0,40067000000.0,13.20692523284558,False,32.412460606697366,-5.9,14.6,23.8,-6.8,0.9,10.8,3.8,6.6,-13.4,32.5,-5.9,14.6,23.8,32.5,-6.8,0.9,10.8,3.8,6.6,-13.4,32.412460606697366,11553783000000.0,3678083000000.0,-5831801000000.0,-4377224000000.0,2333325000000.0,10395939000000.0,1157844000000.0,1130667767000000.0,0.0288513427220779,2144413000000.0,8.381439455910474,58.30246353875103,-3.6,53.3,8.5,-6.8,3.3,54.7,-1.3,4.2,-11.0,58.2,11925308000000.0,8060191000000.0,-3512229000000.0,-1350133000000.0,997245000000.0,10642136000000.0,1283172000000.0,1017140022000000.0,0.0328713184348182,-2237695000000.0,18.91104892542153,-27.762307369639256,-6.2,-42.0,20.5,-6.2,-0.1,-3.8,-38.2,9.5,-15.7,-27.7,False
CTG,SOCB,2022-Q2,15940666000000.0,12012925000000.0,1560233000000.0,-4272331000000.0,-5883273000000.0,5785062000000.0,1238483280000000.0,0.0296122215050186,13573158000000.0,3417554000000.0,2367508000000.0,11559847250000.0,3837818000000.0,-4371705250000.0,-5364518750000.0,2014194750000.0,10323048500000.0,1236798750000.0,1130358362750000.0,0.028761307356731172,2013310750000.0,1947244000000.0,99374250000.0,-518754250000.0,353313250000.0,1689876500000.0,323434250000.0,9.128927430073142,False,50.73831015436375,52.5,-10.9,9.2,44.0,8.4,2.6,-13.5,4.6,39.4,50.8,52.5,-10.9,9.2,50.8,44.0,8.4,2.6,-13.5,4.6,39.4,50.73831015436375,11423992000000.0,5822496000000.0,-3821026000000.0,-4426683000000.0,2646213000000.0,10145865000000.0,1278127000000.0,1229579098000000.0,0.0262063830232657,-37434000000.0,0.7215524274727224,-0.6429201497089908,0.6,-0.6,-0.6,0.6,0.6,-0.6,-0.6,0.4,0.2,-0.6,12235405000000.0,2790066000000.0,-4187076000000.0,-7106255000000.0,1847992000000.0,10878584000000.0,1356821000000.0,1076580794000000.0,0.0320186844394555,2994996000000.0,13.986868684827597,107.3449875379292,48.0,40.8,18.6,40.7,7.3,-3.0,43.8,7.0,33.7,107.4,False
CTG,SOCB,2022-Q3,17324179000000.0,12923636000000.0,1465484000000.0,-4846989000000.0,-8320626000000.0,4156564000000.0,1245238538000000.0,0.0311556474035397,14389120000000.0,1221505000000.0,2935059000000.0,11894285500000.0,4586567000000.0,-4393019000000.0,-5058773250000.0,2144073750000.0,10606633750000.0,1287651750000.0,1170833984250000.0,0.02815969162312195,2494834500000.0,-430003000000.0,-453970000000.0,-3261852750000.0,790985250000.0,2317002250000.0,177832250000.0,6.159132481727806,False,-9.37526912830446,46.9,-46.9,17.2,46.9,3.9,-9.9,-46.9,3.1,43.8,17.2,46.9,-46.9,17.2,17.2,46.9,3.9,-9.9,-46.9,3.1,43.8,-9.37526912830446,13573158000000.0,5785062000000.0,-4272331000000.0,-5883273000000.0,2367508000000.0,12012925000000.0,1560233000000.0,1238483280000000.0,0.0296122215050186,-1628498000000.0,0.5439625284154911,-28.1500526701356,14.1,-52.1,9.8,15.7,-1.6,-9.9,-42.1,0.3,15.4,-28.2,11026209000000.0,3060627000000.0,-3646918000000.0,-5547913000000.0,1229249000000.0,9871806000000.0,1154403000000.0,1084605792000000.0,0.0279688192421256,1095937000000.0,13.789139809182016,35.80759759356498,109.9,-129.8,55.7,99.7,10.2,-39.2,-90.6,6.9,92.8,35.8,True
CTG,SOCB,2022-Q4,17245343000000.0,12847616000000.0,1785581000000.0,-6363452000000.0,-5532595000000.0,5349296000000.0,1274821709000000.0,0.0300842520340808,14633197000000.0,2737150000000.0,2612146000000.0,12735013250000.0,4860551250000.0,-4693036750000.0,-5751951500000.0,2570526250000.0,11369591250000.0,1365422000000.0,1210992170750000.0,0.028956398663475474,1898183750000.0,488744750000.0,-1670415250000.0,219356500000.0,41619750000.0,1478024750000.0,420159000000.0,5.135504212119001,False,10.055335801674758,39.1,-29.9,0.9,30.4,8.6,-34.4,4.5,2.6,27.8,10.1,39.1,-29.9,0.9,10.1,30.4,8.6,-34.4,4.5,2.6,27.8,10.055335801674758,14389120000000.0,4156564000000.0,-4846989000000.0,-8320626000000.0,2935059000000.0,12923636000000.0,1465484000000.0,1245238538000000.0,0.0311556474035397,1192732000000.0,2.3478145838153845,28.69514339247513,5.9,30.6,-7.8,-1.8,7.7,-36.5,67.1,1.2,-3.0,28.7,11553783000000.0,3678083000000.0,-5831801000000.0,-4377224000000.0,2333325000000.0,10395939000000.0,1157844000000.0,1130667767000000.0,0.0288513427220779,1671213000000.0,11.985414481189775,45.4370659933449,83.7,-45.8,7.6,66.7,17.1,-14.4,-31.4,6.0,60.7,45.5,False
CTG,SOCB,2023-Q1,17018045000000.0,12666171000000.0,2000671000000.0,-4313889000000.0,-6723821000000.0,5980335000000.0,1333109461000000.0,0.0289932690797566,14666842000000.0,3629132000000.0,2351203000000.0,13504866750000.0,5278354500000.0,-4825949500000.0,-6040794250000.0,2640231500000.0,11982510500000.0,1522356250000.0,1247030656250000.0,0.0292646259914762,1161975250000.0,701980500000.0,512060500000.0,-683026750000.0,-289028500000.0,683660500000.0,478314750000.0,6.6724131898499905,False,13.299229902046179,22.0,-3.2,-5.5,13.0,9.1,9.7,-12.9,3.3,9.7,13.3,22.0,-3.2,-5.5,13.3,13.0,9.1,9.7,-12.9,3.3,9.7,13.299229902046179,14633197000000.0,5349296000000.0,-6363452000000.0,-5532595000000.0,2612146000000.0,12847616000000.0,1785581000000.0,1274821709000000.0,0.0300842520340808,631039000000.0,4.470037604558406,11.796673805300735,0.6,16.0,-4.9,-3.4,4.0,38.3,-22.3,2.2,-5.6,11.7,11423992000000.0,5822496000000.0,-3821026000000.0,-4426683000000.0,2646213000000.0,10145865000000.0,1278127000000.0,1229579098000000.0,0.0262063830232657,157839000000.0,8.079824029838345,2.7108477189164235,13.6,-13.6,-5.1,13.6,12.4,-8.5,-13.6,4.0,9.6,-5.1,False
CTG,SOCB,2023-Q2,17771930000000.0,12757470000000.0,1784179000000.0,-4743381000000.0,-6478353000000.0,6550196000000.0,1359356681000000.0,0.0285569469171452,14541649000000.0,3319915000000.0,3230281000000.0,14315579250000.0,5317814250000.0,-4949165250000.0,-6615078750000.0,2566479000000.0,12612587000000.0,1702992250000.0,1272913247000000.0,0.029961347505598927,226069750000.0,1232381750000.0,205784250000.0,136725750000.0,663802000000.0,144883000000.0,81186750000.0,6.567976413093756,False,23.174591891772074,4.2,6.4,12.5,2.7,1.5,3.9,2.6,3.3,-0.6,23.1,4.2,6.4,12.5,23.1,2.7,1.5,3.9,2.6,3.3,-0.6,23.174591891772074,14666842000000.0,5980335000000.0,-4313889000000.0,-6723821000000.0,2351203000000.0,12666171000000.0,2000671000000.0,1333109461000000.0,0.0289932690797566,569861000000.0,1.949678741772642,9.528914350115839,-2.1,-3.1,14.7,1.5,-3.6,-7.2,4.1,1.0,0.5,9.5,13573158000000.0,5785062000000.0,-4272331000000.0,-5883273000000.0,2367508000000.0,12012925000000.0,1560233000000.0,1238483280000000.0,0.0296122215050186,765134000000.0,9.305684939381068,13.226029383954744,16.7,-18.4,14.9,12.9,3.9,-8.1,-10.3,4.7,8.2,13.2,False
CTG,SOCB,2023-Q3,17393154000000.0,13087437000000.0,1815170000000.0,-5081879000000.0,-7440325000000.0,4870950000000.0,1386280071000000.0,0.0286856832938487,14902607000000.0,2380403000000.0,2490547000000.0,14557702000000.0,5509097750000.0,-5066927750000.0,-6763848750000.0,2782172250000.0,12798723250000.0,1758978750000.0,1303131597250000.0,0.029697528858630574,344905000000.0,-638147750000.0,-14951250000.0,-676476250000.0,-291625250000.0,288713750000.0,56191250000.0,6.18339503257266,False,-11.583525632668252,6.3,-12.5,-5.3,5.2,1.0,-0.3,-12.3,3.1,2.1,-11.5,6.3,-12.5,-5.3,-11.5,5.2,1.0,-0.3,-12.3,3.1,2.1,-11.583525632668252,14541649000000.0,6550196000000.0,-4743381000000.0,-6478353000000.0,3230281000000.0,12757470000000.0,1784179000000.0,1359356681000000.0,0.0285569469171452,-1679246000000.0,1.9611763996375875,-25.63657637114981,5.5,-19.8,-11.3,5.0,0.5,-5.2,-14.7,1.0,4.0,-25.6,14389120000000.0,4156564000000.0,-4846989000000.0,-8320626000000.0,2935059000000.0,12923636000000.0,1465484000000.0,1245238538000000.0,0.0311556474035397,714386000000.0,10.719402288672928,17.186936132825092,12.4,15.5,-10.7,3.9,8.4,-5.7,21.2,5.4,-1.5,17.2,False
CTG,SOCB,2023-Q4,18475438000000.0,14572026000000.0,1553809000000.0,-6304215000000.0,-4472642000000.0,7698581000000.0,1473344564000000.0,0.0305230993646914,16125835000000.0,5348978000000.0,2349603000000.0,14686073750000.0,5687694250000.0,-5125650250000.0,-6543773500000.0,2671044250000.0,12839673500000.0,1846400250000.0,1338391980500000.0,0.029080037831207824,1439761250000.0,2010886750000.0,-1178564750000.0,2071131500000.0,-321441250000.0,1732352500000.0,-292591250000.0,9.599233880142785,False,35.35504303874984,25.3,15.7,-5.7,30.4,-5.2,-20.7,36.4,4.8,25.6,35.3,25.3,15.7,-5.7,35.3,30.4,-5.2,-20.7,36.4,4.8,25.6,35.35504303874984,14902607000000.0,4870950000000.0,-5081879000000.0,-7440325000000.0,2490547000000.0,13087437000000.0,1815170000000.0,1386280071000000.0,0.0286856832938487,2827631000000.0,6.089225273442226,58.05091409273345,25.1,35.8,-2.9,30.5,-5.3,-25.1,61.0,3.0,27.5,58.0,14633197000000.0,5349296000000.0,-6363452000000.0,-5532595000000.0,2612146000000.0,12847616000000.0,1785581000000.0,1274821709000000.0,0.0300842520340808,2349285000000.0,14.447659659492517,43.91764822885105,27.9,20.9,-4.9,32.2,-4.3,1.1,19.8,7.2,25.0,43.9,False
CTG,SOCB,2024-Q1,19066889000000.0,15174236000000.0,1778753000000.0,-4807448000000.0,-8049159000000.0,6210282000000.0,1514397585000000.0,0.0302795827396315,16952989000000.0,4096382000000.0,2113900000000.0,15059233250000.0,6275015500000.0,-5110841000000.0,-6278785250000.0,2605408500000.0,13270776000000.0,1788457250000.0,1388022694250000.0,0.029189749663860474,1893755750000.0,-64733500000.0,303393000000.0,-1770373750000.0,-491508500000.0,1903460000000.0,-9704250000.0,8.708241990553892,False,-1.031607013560365,5.2,-5.2,-5.2,5.2,-0.2,4.8,-5.2,4.4,0.8,-5.2,5.2,-5.2,-5.2,-5.2,5.2,-0.2,4.8,-5.2,4.4,0.8,-1.031607013560365,16125835000000.0,7698581000000.0,-6304215000000.0,-4472642000000.0,2349603000000.0,14572026000000.0,1553809000000.0,1473344564000000.0,0.0305230993646914,-1488299000000.0,2.7480966531024427,-19.33212107529946,10.7,-27.0,-3.1,7.8,2.9,19.4,-46.5,1.4,6.4,-19.4,14666842000000.0,5980335000000.0,-4313889000000.0,-6723821000000.0,2351203000000.0,12666171000000.0,2000671000000.0,1333109461000000.0,0.0289932690797566,229947000000.0,12.73311153028838,3.8450521584493176,19.2,-19.2,-4.0,19.2,-3.7,-8.3,-19.2,6.4,12.8,-4.0,True
CTG,SOCB,2024-Q2,19640437000000.0,15338887000000.0,1886236000000.0,-5073752000000.0,-7816739000000.0,6749946000000.0,1571529403000000.0,0.0296009396863309,17225123000000.0,4334632000000.0,2415314000000.0,15630770000000.0,6332502250000.0,-5234230750000.0,-6610119750000.0,2546082750000.0,13897792250000.0,1732977750000.0,1433344725250000.0,0.0295113280788292,1594353000000.0,417443750000.0,160478750000.0,-1206619250000.0,-130768750000.0,1441094750000.0,153258250000.0,9.197368798304838,False,6.5920821425685245,25.2,-16.5,-2.1,22.8,2.4,2.5,-19.1,4.6,18.2,6.6,25.2,-16.5,-2.1,6.6,22.8,2.4,2.5,-19.1,4.6,18.2,6.5920821425685245,16952989000000.0,6210282000000.0,-4807448000000.0,-8049159000000.0,2113900000000.0,15174236000000.0,1778753000000.0,1514397585000000.0,0.0302795827396315,539664000000.0,3.7027329695202753,8.689846934487033,4.4,-0.5,4.9,2.7,1.7,-4.3,3.7,1.9,0.8,8.8,14541649000000.0,6550196000000.0,-4743381000000.0,-6478353000000.0,3230281000000.0,12757470000000.0,1784179000000.0,1359356681000000.0,0.0285569469171452,199750000000.0,14.47840113324582,3.049527067586985,15.2,-15.2,-12.4,15.2,1.6,-5.0,-15.2,7.2,8.0,-12.4,False
CTG,SOCB,2024-Q3,21916298000000.0,15577514000000.0,1801449000000.0,-6094955000000.0,-9268664000000.0,6552679000000.0,1605381436000000.0,0.0289160118903044,17378963000000.0,2015344000000.0,4537335000000.0,16301638500000.0,6382439750000.0,-5316823500000.0,-6944716250000.0,2342341000000.0,14543146500000.0,1758492000000.0,1486387905750000.0,0.029772326271125627,1077324500000.0,170239250000.0,-778131500000.0,-2323947750000.0,2194994000000.0,1034367500000.0,42957000000.0,7.69743904521981,False,2.667306808497487,13.3,-13.3,13.3,13.3,0.7,-12.2,-13.3,3.8,9.5,13.3,13.3,-13.3,13.3,13.3,13.3,0.7,-12.2,-13.3,3.8,9.5,2.667306808497487,17225123000000.0,6749946000000.0,-5073752000000.0,-7816739000000.0,2415314000000.0,15338887000000.0,1886236000000.0,1571529403000000.0,0.0296009396863309,-197267000000.0,2.1311289309369252,-2.9224974540537065,2.3,-14.6,14.6,3.5,-1.3,-14.6,-14.6,1.1,2.4,2.3,14902607000000.0,4870950000000.0,-5081879000000.0,-7440325000000.0,2490547000000.0,13087437000000.0,1815170000000.0,1386280071000000.0,0.0286856832938487,1681729000000.0,14.647470276121716,34.52568800747288,50.9,-58.3,42.0,51.1,-0.3,-20.8,-37.5,7.3,43.8,34.6,True
CTG,SOCB,2024-Q4,21285059000000.0,16312157000000.0,1229550000000.0,-6569774000000.0,-2464267000000.0,12251018000000.0,1721954714000000.0,0.0286911381427154,17541707000000.0,8507666000000.0,3743352000000.0,16920727500000.0,6802872000000.0,-5570092500000.0,-7401801000000.0,2854038000000.0,15165665750000.0,1755061750000.0,1541163247000000.0,0.029829908420239554,620979500000.0,5448146000000.0,-999681500000.0,4937534000000.0,889314000000.0,1146491250000.0,-525511750000.0,11.080902937667352,False,80.085969572851,9.1,57.9,13.1,16.8,-7.7,-14.7,72.6,5.5,11.3,80.1,9.1,57.9,13.1,80.1,16.8,-7.7,-14.7,72.6,5.5,11.3,80.085969572851,17378963000000.0,6552679000000.0,-6094955000000.0,-9268664000000.0,4537335000000.0,15577514000000.0,1801449000000.0,1605381436000000.0,0.0289160118903044,5698339000000.0,7.007003365139407,86.96197387358666,2.5,96.6,-12.1,11.2,-8.7,-7.2,103.8,3.5,7.7,87.0,16125835000000.0,7698581000000.0,-6304215000000.0,-4472642000000.0,2349603000000.0,14572026000000.0,1553809000000.0,1473344564000000.0,0.0305230993646914,4552437000000.0,15.560993094556697,59.133455892715816,18.4,22.6,18.1,22.6,-4.2,-3.4,26.1,7.8,14.8,59.1,False
CTG,SOCB,2025-Q1,20453383000000.0,15475215000000.0,1610539000000.0,-5519223000000.0,-8110962000000.0,6823198000000.0,1800459242000000.0,0.025833832903613,17085754000000.0,3455569000000.0,3367629000000.0,17274695500000.0,7940981250000.0,-5636482250000.0,-6899707250000.0,3202475250000.0,15600698500000.0,1673997000000.0,1603315784500000.0,0.02937191811474555,-188941500000.0,-1117783250000.0,117259250000.0,-1211254750000.0,165153750000.0,-125483500000.0,-63458000000.0,11.583812441488925,False,-14.076135112395589,-2.4,-13.8,2.1,-1.6,-0.8,1.5,-15.3,5.8,-7.4,-14.1,-2.4,-13.8,2.1,-14.1,-1.6,-0.8,1.5,-15.3,5.8,-7.4,-14.076135112395589,17541707000000.0,12251018000000.0,-6569774000000.0,-2464267000000.0,3743352000000.0,16312157000000.0,1229550000000.0,1721954714000000.0,0.0286911381427154,-5427820000000.0,4.457427717504762,-44.30505285356695,-3.7,-37.5,-3.1,-6.8,3.1,8.6,-46.1,2.2,-9.0,-44.3,16952989000000.0,6210282000000.0,-4807448000000.0,-8049159000000.0,2113900000000.0,15174236000000.0,1778753000000.0,1514397585000000.0,0.0302795827396315,612916000000.0,17.259367262560808,9.86937469184169,2.1,-12.5,20.2,4.8,-2.7,-11.5,-1.0,8.6,-3.8,9.8,False
CTG,SOCB,2025-Q2,20917080000000.0,15842616000000.0,1434216000000.0,-5847160000000.0,-2972768000000.0,12097152000000.0,1899351501000000.0,0.0252892297543751,17276832000000.0,8456904000000.0,3640248000000.0,17307886750000.0,8094210250000.0,-5814426000000.0,-6915158000000.0,3515907500000.0,15675943250000.0,1631943500000.0,1674831198750000.0,0.028260480655740924,-31054750000.0,4002941750000.0,-32734000000.0,3942390000000.0,124340500000.0,166672750000.0,-197727500000.0,12.563448548150843,False,49.45438314998057,-0.4,48.3,1.5,2.1,-2.4,-0.4,48.7,6.3,-4.2,49.4,-0.4,48.3,1.5,49.4,2.1,-2.4,-0.4,48.7,6.3,-4.2,49.45438314998057,17085754000000.0,6823198000000.0,-5519223000000.0,-8110962000000.0,3367629000000.0,15475215000000.0,1610539000000.0,1800459242000000.0,0.025833832903613,5273954000000.0,5.345800954121939,77.29445928434144,2.8,70.5,4.0,5.4,-2.6,-4.8,75.3,2.7,2.7,77.3,17225123000000.0,6749946000000.0,-5073752000000.0,-7816739000000.0,2415314000000.0,15338887000000.0,1886236000000.0,1571529403000000.0,0.0296009396863309,5347206000000.0,18.88984998720083,79.21850041466998,0.8,60.3,18.1,7.4,-6.7,-11.5,71.8,9.4,-2.0,79.2,False
EIB,Private_2,2018-Q1,1346724000000.0,667362000000.0,78407000000.0,-635086000000.0,-151559000000.0,560079000000.0,100709763000000.0,0.0019709492153021,745769000000.0,-40876000000.0,600955000000.0,,,,,,,,,,,,,,,,,,False,0.0,,,,,,,,,,,,,,,,,,,,,0.0,,,,,,,,,,,,0.0,,,,,,,,,,,,,,,,,,,,,,0.0,,,,,,,,,,,False
EIB,Private_2,2018-Q2,1019099000000.0,836747000000.0,79177000000.0,-637868000000.0,-19647000000.0,361584000000.0,100806791000000.0,0.0242792631020644,915924000000.0,258409000000.0,103175000000.0,,,,,,,,,,,,,,,,,,False,0.0,,,,,,,,,,,,,,,,,,,,,0.0,745769000000.0,560079000000.0,-635086000000.0,-151559000000.0,600955000000.0,667362000000.0,78407000000.0,100709763000000.0,0.0019709492153021,-198495000000.0,0.09629779596171538,-35.440536067233374,30.4,23.1,-88.9,30.2,0.1,-0.5,23.6,0.0,30.2,-35.4,,,,,,,,,,,,0.0,,,,,,,,,,,False
EIB,Private_2,2018-Q3,946346000000.0,803229000000.0,94687000000.0,-580787000000.0,-150751000000.0,214808000000.0,98576796000000.0,0.0230091351662618,897916000000.0,166378000000.0,48430000000.0,,,,,,,,,,,,,,,,,,False,0.0,,,,,,,,,,,,,,,,,,,,,0.0,915924000000.0,361584000000.0,-637868000000.0,-19647000000.0,103175000000.0,836747000000.0,79177000000.0,100806791000000.0,0.0242792631020644,-146776000000.0,-2.236889238029407,-40.59250409310147,-5.0,-20.5,-15.1,-9.3,4.3,15.8,-36.2,-1.1,-8.2,-40.6,,,,,,,,,,,,0.0,,,,,,,,,,,False
EIB,Private_2,2018-Q4,1139409000000.0,899557000000.0,94387000000.0,-1047163000000.0,-401589000000.0,-309343000000.0,104242577000000.0,0.0251131651365746,993944000000.0,-454808000000.0,145465000000.0,,,,,,,,,,,,,,,,,,False,0.0,,,,,,,,,,,,,,,,,,,,,0.0,897916000000.0,214808000000.0,-580787000000.0,-150751000000.0,48430000000.0,803229000000.0,94687000000.0,98576796000000.0,0.0230091351662618,-524151000000.0,5.587021511993334,-244.00906856355445,44.7,-333.8,45.1,44.9,-0.2,-217.2,-116.9,2.8,42.1,-244.0,,,,,,,,,,,,0.0,,,,,,,,,,,False
EIB,Private_2,2019-Q1,1017094000000.0,829051000000.0,79432000000.0,-673693000000.0,6950000000.0,350351000000.0,101015578000000.0,0.0229086946311405,908483000000.0,241740000000.0,108611000000.0,888388250000.0,206782000000.0,-725226000000.0,-180886500000.0,224506250000.0,801723750000.0,86664500000.0,101083981750000.0,0.018593128155050723,20094750000.0,143569000000.0,51533000000.0,187836500000.0,-115895250000.0,27327250000.0,-7232500000.0,-0.06769312123649987,False,69.43012447891984,9.7,115.7,-56.0,13.2,-3.5,24.9,90.8,-0.0,13.2,69.4,9.7,115.7,-56.0,69.4,13.2,-3.5,24.9,90.8,-0.0,13.2,69.43012447891984,993944000000.0,-309343000000.0,-1047163000000.0,-401589000000.0,145465000000.0,899557000000.0,94387000000.0,104242577000000.0,0.0251131651365746,659694000000.0,-3.144332072944921,213.25648228665267,-27.7,252.7,-11.9,-22.8,-4.9,120.7,132.0,-1.6,-21.2,213.1,745769000000.0,560079000000.0,-635086000000.0,-151559000000.0,600955000000.0,667362000000.0,78407000000.0,100709763000000.0,0.0019709492153021,-209728000000.0,0.30319938832077625,-37.44614599011925,29.1,21.4,-87.9,28.9,0.2,-6.9,28.3,0.2,28.7,-37.4,False
EIB,Private_2,2019-Q2,1121466000000.0,834535000000.0,79063000000.0,-745633000000.0,36353000000.0,412186000000.0,105974371000000.0,0.0228865865096793,913598000000.0,204318000000.0,207868000000.0,929066750000.0,154350000000.0,-734877750000.0,-141259250000.0,101420250000.0,842146000000.0,86920750000.0,101160435500000.0,0.023827564509010326,-15468750000.0,257836000000.0,-10755250000.0,177612250000.0,106447750000.0,-7611000000.0,-7857750000.0,4.648118374059938,False,167.04632329122126,-10.0,108.1,69.0,-5.0,-5.0,-7.0,115.1,2.3,-7.3,167.1,-10.0,108.1,69.0,167.1,-5.0,-5.0,-7.0,115.1,2.3,-7.3,167.04632329122126,908483000000.0,350351000000.0,-673693000000.0,6950000000.0,108611000000.0,829051000000.0,79432000000.0,101015578000000.0,0.0229086946311405,61835000000.0,4.791336993855678,17.649442987175718,1.5,-12.1,28.3,1.6,-0.1,-20.5,8.4,2.4,-0.8,17.7,915924000000.0,361584000000.0,-637868000000.0,-19647000000.0,103175000000.0,836747000000.0,79177000000.0,100806791000000.0,0.0242792631020644,50602000000.0,4.998114866962592,13.994535156422849,-0.6,-14.3,29.0,-0.6,-0.0,-29.8,15.5,2.5,-3.1,14.1,False
EIB,Private_2,2019-Q3,1087744000000.0,759893000000.0,90671000000.0,-604437000000.0,-142888000000.0,340419000000.0,107432887000000.0,0.0205174399407264,850564000000.0,103239000000.0,237180000000.0,928485250000.0,167000500000.0,-761819000000.0,-127259250000.0,127593500000.0,841593000000.0,86892250000.0,102452330500000.0,0.02347939536091405,-77921250000.0,173418500000.0,157382000000.0,-15628750000.0,109586500000.0,-81700000000.0,3778750000.0,4.745981217090717,False,103.84310226616087,-46.6,84.8,65.6,-48.9,2.3,94.3,-9.3,2.4,-51.3,103.8,-46.6,84.8,65.6,103.8,-48.9,2.3,94.3,-9.3,2.4,-51.3,103.84310226616087,913598000000.0,412186000000.0,-745633000000.0,36353000000.0,207868000000.0,834535000000.0,79063000000.0,105974371000000.0,0.0228865865096793,-71767000000.0,1.366885094414174,-17.411314309559277,-15.3,-9.2,7.1,-18.1,2.8,34.2,-43.5,0.7,-18.8,-17.4,897916000000.0,214808000000.0,-580787000000.0,-150751000000.0,48430000000.0,803229000000.0,94687000000.0,98576796000000.0,0.0230091351662618,125611000000.0,8.597742466309217,58.47594130572418,-22.0,-7.4,87.9,-20.2,-1.9,-11.0,3.7,4.3,-24.5,58.5,False
EIB,Private_2,2019-Q4,1259985000000.0,796887000000.0,134370000000.0,-676985000000.0,-590707000000.0,-7707000000.0,113254792000000.0,0.0206213627981505,931257000000.0,-336435000000.0,328728000000.0,916647250000.0,198403250000.0,-767731500000.0,-125293500000.0,174781000000.0,830759000000.0,85888250000.0,104666353250000.0,0.0228564715545302,14609750000.0,-206110250000.0,90746500000.0,-465413500000.0,153947000000.0,-33872000000.0,48481750000.0,7.882152730197254,False,-103.88451298050813,7.4,-188.9,77.6,-17.0,24.4,45.7,-234.6,3.9,-20.9,-103.9,7.4,-188.9,77.6,-103.9,-17.0,24.4,45.7,-234.6,3.9,-20.9,-103.88451298050813,850564000000.0,340419000000.0,-604437000000.0,-142888000000.0,237180000000.0,759893000000.0,90671000000.0,107432887000000.0,0.0205174399407264,-348126000000.0,5.276148651687981,-102.26397469001436,23.7,-152.9,26.9,10.8,12.9,-21.3,-131.5,2.6,8.2,-102.3,993944000000.0,-309343000000.0,-1047163000000.0,-401589000000.0,145465000000.0,899557000000.0,94387000000.0,104242577000000.0,0.0251131651365746,301636000000.0,8.287194499350473,97.50859078757237,-20.3,58.5,59.3,-33.2,13.0,119.6,-61.1,4.1,-37.3,97.5,False
EIB,Private_2,2020-Q1,1051620000000.0,855974000000.0,75491000000.0,-629128000000.0,35078000000.0,457570000000.0,108869640000000.0,0.0219071485993748,931465000000.0,337415000000.0,120155000000.0,900975500000.0,273812250000.0,-675187000000.0,-172573000000.0,220596750000.0,805091500000.0,95884000000.0,106919407000000.0,0.02173352096992418,30489500000.0,183757750000.0,46059000000.0,207651000000.0,-100441750000.0,50882500000.0,-20393000000.0,1.8075365984632206,False,67.11085789624094,11.1,92.7,-36.7,18.6,-7.4,16.8,75.8,0.9,17.7,67.1,11.1,92.7,-36.7,67.1,18.6,-7.4,16.8,75.8,0.9,17.7,67.11085789624094,931257000000.0,-7707000000.0,-676985000000.0,-590707000000.0,328728000000.0,796887000000.0,134370000000.0,113254792000000.0,0.0206213627981505,465277000000.0,-3.948374305803515,6037.070195925781,0.0,8741.7,-2704.6,766.7,-766.7,621.8,8119.9,-2.0,768.7,6037.1,908483000000.0,350351000000.0,-673693000000.0,6950000000.0,108611000000.0,829051000000.0,79432000000.0,101015578000000.0,0.0229086946311405,107219000000.0,7.484149741312415,30.603309252720845,6.5,20.7,3.3,7.7,-1.1,12.7,8.0,3.7,4.0,30.5,False
EIB,Private_2,2020-Q2,1077791000000.0,759410000000.0,88563000000.0,-728220000000.0,-255367000000.0,94204000000.0,103528889000000.0,0.0208915223533921,847973000000.0,-135614000000.0,229818000000.0,906721000000.0,300617000000.0,-664045750000.0,-165541000000.0,223482750000.0,811822250000.0,94898750000.0,108882922500000.0,0.02148313446198275,-58748000000.0,-206413000000.0,-64174250000.0,-89826000000.0,6335250000.0,-52412250000.0,-6335750000.0,-5.041182467388354,False,-68.66311619103377,-19.6,-51.2,2.1,-17.4,-2.1,-21.4,-29.9,-2.5,-14.9,-68.7,-19.6,-51.2,2.1,-68.7,-17.4,-2.1,-21.4,-29.9,-2.5,-14.9,-68.66311619103377,931465000000.0,457570000000.0,-629128000000.0,35078000000.0,120155000000.0,855974000000.0,75491000000.0,108869640000000.0,0.0219071485993748,-363366000000.0,-5.028990572717197,-79.41211180802938,-18.3,-85.1,24.0,-21.1,2.9,-21.7,-63.5,-2.5,-18.6,-79.4,913598000000.0,412186000000.0,-745633000000.0,36353000000.0,207868000000.0,834535000000.0,79063000000.0,105974371000000.0,0.0228865865096793,-317982000000.0,-2.3345526938339765,-77.14526936868307,-15.9,-66.6,5.3,-18.2,2.3,4.2,-70.7,-1.2,-17.0,-77.2,False
EIB,Private_2,2020-Q3,1093159000000.0,838579000000.0,102685000000.0,-494505000000.0,-46816000000.0,551838000000.0,101301963000000.0,0.023532865633745,941264000000.0,399943000000.0,151895000000.0,890314750000.0,221121500000.0,-659692500000.0,-238471000000.0,228970250000.0,793041000000.0,97273750000.0,108271552000000.0,0.020984368422910953,50949250000.0,330716500000.0,165187500000.0,191655000000.0,-77075250000.0,45538000000.0,5411250000.0,-6.651211628530447,False,149.5632491639212,23.0,161.4,-34.8,20.6,2.4,74.6,86.7,-3.3,23.9,149.6,23.0,161.4,-34.8,149.6,20.6,2.4,74.6,86.7,-3.3,23.9,149.5632491639212,847973000000.0,94204000000.0,-728220000000.0,-255367000000.0,229818000000.0,759410000000.0,88563000000.0,103528889000000.0,0.0208915223533921,457634000000.0,-2.1744048596741665,485.7904122967177,99.1,469.3,-82.6,84.0,15.1,248.2,221.5,-1.1,85.1,485.8,850564000000.0,340419000000.0,-604437000000.0,-142888000000.0,237180000000.0,759893000000.0,90671000000.0,107432887000000.0,0.0205174399407264,211419000000.0,-5.874365492872896,62.10552289972063,26.6,60.5,-25.0,23.1,3.5,32.3,28.2,-2.9,26.0,62.1,False
EIB,Private_2,2020-Q4,1223017000000.0,859773000000.0,201217000000.0,-586831000000.0,-400272000000.0,235914000000.0,100767406000000.0,0.0229942021727087,1060990000000.0,73887000000.0,162027000000.0,912989750000.0,273976250000.0,-632209500000.0,-214453000000.0,207649000000.0,812712500000.0,100277250000.0,106738821000000.0,0.021738224846165603,148000250000.0,-38062250000.0,45378500000.0,-185819000000.0,-45622000000.0,47060500000.0,100939750000.0,-5.755408005177599,True,-13.892536305610431,54.0,-51.3,-16.7,17.2,36.8,16.6,-67.8,-2.9,20.1,-14.0,54.0,-51.3,-16.7,-14.0,17.2,36.8,16.6,-67.8,-2.9,20.1,-13.892536305610431,941264000000.0,551838000000.0,-494505000000.0,-46816000000.0,151895000000.0,838579000000.0,102685000000.0,101301963000000.0,0.023532865633745,-315924000000.0,-0.5290826636866471,-57.24941015297967,21.7,-80.8,1.8,3.8,17.9,-16.7,-64.1,-0.3,4.1,-57.3,931257000000.0,-7707000000.0,-676985000000.0,-590707000000.0,328728000000.0,796887000000.0,134370000000.0,113254792000000.0,0.0206213627981505,243621000000.0,-11.66924376694795,3161.035422343324,1684.8,3641.5,-2162.1,815.5,866.1,1169.6,2471.9,-5.8,821.3,3164.2,False
EIB,Private_2,2021-Q1,1110060000000.0,817665000000.0,132447000000.0,-577278000000.0,-318641000000.0,214141000000.0,105032139000000.0,0.0212203240208642,950112000000.0,54193000000.0,159948000000.0,945423000000.0,334881500000.0,-609671000000.0,-166844250000.0,165973750000.0,828434000000.0,116989000000.0,103616974500000.0,0.022331434689805148,4689000000.0,-120740500000.0,32393000000.0,-151796750000.0,-6025750000.0,-10769000000.0,15458000000.0,1.3565018094361565,False,-36.05469397383851,1.4,-35.7,-1.8,-3.2,4.6,9.7,-45.3,0.7,-3.9,-36.1,1.4,-35.7,-1.8,-36.1,-3.2,4.6,9.7,-45.3,0.7,-3.9,-36.05469397383851,1060990000000.0,235914000000.0,-586831000000.0,-400272000000.0,162027000000.0,859773000000.0,201217000000.0,100767406000000.0,0.0229942021727087,-21773000000.0,4.144550465356957,-9.229210644556915,-47.0,38.7,-0.9,-17.8,-29.1,4.1,34.6,2.1,-19.9,-9.2,931465000000.0,457570000000.0,-629128000000.0,35078000000.0,120155000000.0,855974000000.0,75491000000.0,108869640000000.0,0.0219071485993748,-243429000000.0,-3.588096385117021,-53.20038464060144,4.1,-66.0,8.7,-8.4,12.4,11.3,-77.3,-1.8,-6.6,-53.2,False
EIB,Private_2,2021-Q2,1240057000000.0,983409000000.0,84797000000.0,-777116000000.0,-122541000000.0,340400000000.0,106352800000000.0,0.0251361343638053,1068206000000.0,168549000000.0,171851000000.0,950084750000.0,274024250000.0,-596708500000.0,-255274000000.0,175922000000.0,818856750000.0,131228000000.0,102657599250000.0,0.0221597285451775,118121250000.0,66375750000.0,-180407500000.0,132733000000.0,-4071000000.0,164552250000.0,-46431000000.0,3.5359013362585117,False,24.222582490418276,43.1,-17.4,-1.5,60.0,-17.0,-65.8,48.4,1.8,58.2,24.2,43.1,-17.4,-1.5,24.2,60.0,-17.0,-65.8,48.4,1.8,58.2,24.222582490418276,950112000000.0,214141000000.0,-577278000000.0,-318641000000.0,159948000000.0,817665000000.0,132447000000.0,105032139000000.0,0.0212203240208642,126259000000.0,1.2495317842866753,58.96068478245642,55.1,-1.8,5.5,77.4,-22.2,-93.3,91.6,0.6,76.8,58.8,847973000000.0,94204000000.0,-728220000000.0,-255367000000.0,229818000000.0,759410000000.0,88563000000.0,103528889000000.0,0.0208915223533921,246196000000.0,2.6909550932763837,261.34346736868923,233.9,89.1,-61.4,237.8,-3.9,-52.0,141.1,1.3,236.5,261.6,False
EIB,Private_2,2021-Q3,946812000000.0,737381000000.0,77084000000.0,-473658000000.0,-61404000000.0,411750000000.0,105246674000000.0,0.0187743051317504,814465000000.0,279403000000.0,132347000000.0,1005143000000.0,335573250000.0,-608932500000.0,-222067500000.0,161430250000.0,874856500000.0,130286500000.0,103363577000000.0,0.0232208815477808,-190678000000.0,76176750000.0,135274500000.0,160663500000.0,-29083250000.0,-137475500000.0,-53202500000.0,1.8053734089989664,False,22.70048342649481,-56.8,88.2,-8.7,-41.0,-15.8,40.3,47.9,0.9,-41.9,22.7,-56.8,88.2,-8.7,22.7,-41.0,-15.8,40.3,47.9,0.9,-41.9,22.70048342649481,1068206000000.0,340400000000.0,-777116000000.0,-122541000000.0,171851000000.0,983409000000.0,84797000000.0,106352800000000.0,0.0251361343638053,71350000000.0,-1.0454903115685439,20.96063454759107,-74.5,104.8,-11.6,-72.3,-2.3,89.1,18.0,-0.5,-71.8,18.7,941264000000.0,551838000000.0,-494505000000.0,-46816000000.0,151895000000.0,838579000000.0,102685000000.0,101301963000000.0,0.023532865633745,-140088000000.0,3.819643699706428,-25.385711023887445,-23.0,1.1,-3.6,-18.3,-4.6,3.8,-2.6,1.9,-20.2,-25.5,False
EIB,Private_2,2021-Q4,1412420000000.0,985847000000.0,138537000000.0,-686107000000.0,-487538000000.0,238775000000.0,114674630000000.0,0.0250568696215317,1124384000000.0,-49261000000.0,288036000000.0,973443250000.0,300551250000.0,-603720750000.0,-225714500000.0,156543250000.0,849557000000.0,123886250000.0,104349754750000.0,0.022031241422282154,150940750000.0,-61776250000.0,-82386250000.0,-261823500000.0,131492750000.0,136290000000.0,14650750000.0,9.428060041611417,False,-20.55431477992522,50.2,-102.8,43.8,45.3,4.9,-27.4,-87.1,4.7,40.6,-8.8,50.2,-102.8,43.8,-8.8,45.3,4.9,-27.4,-87.1,4.7,40.6,-20.55431477992522,814465000000.0,411750000000.0,-473658000000.0,-61404000000.0,132347000000.0,737381000000.0,77084000000.0,105246674000000.0,0.0187743051317504,-172975000000.0,8.573936065784697,-42.00971463266545,75.3,-155.1,37.8,60.3,14.9,-51.6,-103.5,4.3,56.0,-42.0,1060990000000.0,235914000000.0,-586831000000.0,-400272000000.0,162027000000.0,859773000000.0,201217000000.0,100767406000000.0,0.0229942021727087,2861000000.0,12.910408997434466,1.2127300626499486,26.9,-79.1,53.4,53.4,-26.6,-42.1,-37.0,6.5,46.9,1.2,True
EIB,Private_2,2022-Q1,1667889000000.0,1244924000000.0,99186000000.0,-700520000000.0,-158336000000.0,809033000000.0,122553271000000.0,0.0306519655912651,1344110000000.0,485254000000.0,323779000000.0,989291750000.0,301266500000.0,-628539750000.0,-247531000000.0,188045500000.0,881075500000.0,108216250000.0,107826560750000.0,0.022546908284487903,354818250000.0,507766500000.0,-71980250000.0,89195000000.0,135733500000.0,363848500000.0,-9030250000.0,12.784721768510451,False,168.5439635671407,117.8,5.7,45.0,120.8,-3.0,-23.9,29.7,6.4,114.4,168.5,117.8,5.7,45.0,168.5,120.8,-3.0,-23.9,29.7,6.4,114.4,168.5439635671407,1124384000000.0,238775000000.0,-686107000000.0,-487538000000.0,288036000000.0,985847000000.0,138537000000.0,114674630000000.0,0.0250568696215317,570258000000.0,6.6422549512841655,238.82651031305625,91.9,131.8,15.0,108.4,-16.5,-6.0,137.8,3.3,105.1,238.7,950112000000.0,214141000000.0,-577278000000.0,-318641000000.0,159948000000.0,817665000000.0,132447000000.0,105032139000000.0,0.0212203240208642,594892000000.0,15.397412338515021,277.80387688485627,183.9,17.2,76.4,199.5,-15.6,-57.5,74.7,7.7,191.8,277.5,False
EIB,Private_2,2022-Q2,2022454000000.0,1417523000000.0,124334000000.0,-798811000000.0,-129966000000.0,1093677000000.0,124528116000000.0,0.0339394624448089,1541857000000.0,613080000000.0,480597000000.0,1087791250000.0,449989500000.0,-659350250000.0,-207454750000.0,229003250000.0,987890250000.0,99901000000.0,112206843750000.0,0.024904818677088124,454065750000.0,643687500000.0,-139460750000.0,77488750000.0,251593750000.0,429632750000.0,24433000000.0,10.409339003425327,False,143.0450043834356,100.8,-13.7,55.9,95.4,5.4,-31.0,17.2,5.2,90.2,143.0,100.8,-13.7,55.9,143.0,95.4,5.4,-31.0,17.2,5.2,90.2,143.0450043834356,1344110000000.0,809033000000.0,-700520000000.0,-158336000000.0,323779000000.0,1244924000000.0,99186000000.0,122553271000000.0,0.0306519655912651,284644000000.0,1.5985380558026414,35.183237272150826,24.5,-8.7,19.4,21.3,3.1,-12.1,3.5,0.8,20.5,35.2,1068206000000.0,340400000000.0,-777116000000.0,-122541000000.0,171851000000.0,983409000000.0,84797000000.0,106352800000000.0,0.0251361343638053,753277000000.0,15.744320764908954,221.29171562867214,139.2,-8.6,90.7,127.5,11.5,-6.4,-2.2,7.9,119.6,221.3,False
EIB,Private_2,2022-Q3,1683890000000.0,1491922000000.0,105327000000.0,-702113000000.0,296261000000.0,1278038000000.0,127446734000000.0,0.034535862740292,1597249000000.0,1191397000000.0,86641000000.0,1206204000000.0,638308750000.0,-664774000000.0,-209311000000.0,306189750000.0,1096418750000.0,109785250000.0,116750672750000.0,0.027105650697339025,391045000000.0,639729250000.0,-37339000000.0,505572000000.0,-219548750000.0,395503250000.0,-4458250000.0,8.760175951377091,False,100.22254120752692,61.2,73.4,-34.4,61.9,-0.7,-5.8,79.2,4.4,57.5,100.2,61.2,73.4,-34.4,100.2,61.9,-0.7,-5.8,79.2,4.4,57.5,100.22254120752692,1541857000000.0,1093677000000.0,-798811000000.0,-129966000000.0,480597000000.0,1417523000000.0,124334000000.0,124528116000000.0,0.0339394624448089,184361000000.0,2.3165946918908773,16.85698794068084,5.1,47.8,-36.0,6.8,-1.7,8.8,39.0,1.2,5.6,16.9,814465000000.0,411750000000.0,-473658000000.0,-61404000000.0,132347000000.0,737381000000.0,77084000000.0,105246674000000.0,0.0187743051317504,866288000000.0,19.080953079685006,210.39174256223436,190.2,31.3,-11.2,183.3,6.9,-55.5,86.9,9.5,173.8,210.3,False
EIB,Private_2,2022-Q4,1858816000000.0,1437602000000.0,184968000000.0,-1218949000000.0,-111549000000.0,528318000000.0,130505614000000.0,0.0323549308469877,1622570000000.0,292072000000.0,236246000000.0,1401900000000.0,854880750000.0,-721887750000.0,-119894750000.0,294763250000.0,1285054000000.0,116846000000.0,122300687750000.0,0.031046040099474426,220670000000.0,-326562750000.0,-497061250000.0,8345750000.0,-58517250000.0,152548000000.0,68122000000.0,6.491077313502926,False,-38.19980155126899,25.8,-57.2,-6.8,17.8,8.0,-58.1,1.0,3.2,14.6,-38.2,25.8,-57.2,-6.8,-38.2,17.8,8.0,-58.1,1.0,3.2,14.6,-38.19980155126899,1597249000000.0,1278038000000.0,-702113000000.0,296261000000.0,86641000000.0,1491922000000.0,105327000000.0,127446734000000.0,0.034535862740292,-749720000000.0,2.371662846813862,-58.661792528860644,2.0,-72.3,11.7,-4.2,6.2,-40.4,-31.9,1.2,-5.4,-58.6,1124384000000.0,238775000000.0,-686107000000.0,-487538000000.0,288036000000.0,985847000000.0,138537000000.0,114674630000000.0,0.0250568696215317,289543000000.0,12.913751729523526,121.2618573971312,208.7,-65.7,-21.7,189.2,19.4,-223.1,157.5,6.5,182.7,121.3,False
EIB,Private_2,2023-Q1,1667234000000.0,1236609000000.0,146425000000.0,-704433000000.0,-92120000000.0,870681000000.0,130073553000000.0,0.0278979928235665,1383034000000.0,586481000000.0,284200000000.0,1526446500000.0,927266500000.0,-855098250000.0,-25897500000.0,281815750000.0,1397992750000.0,128453750000.0,126258433750000.0,0.03287055540583843,-143412500000.0,-56585500000.0,150665250000.0,-66222500000.0,2384250000.0,-161383750000.0,17971250000.0,2.976701658167131,False,-6.102398824933285,-15.5,9.1,0.3,-17.4,1.9,16.3,-7.1,1.5,-18.9,-6.1,-15.5,9.1,0.3,-6.1,-17.4,1.9,16.3,-7.1,1.5,-18.9,-6.102398824933285,1622570000000.0,528318000000.0,-1218949000000.0,-111549000000.0,236246000000.0,1437602000000.0,184968000000.0,130505614000000.0,0.0323549308469877,342363000000.0,-0.3316159192419247,64.80244852531997,-45.4,101.1,9.1,-38.0,-7.3,97.4,3.7,-0.2,-37.8,64.8,1344110000000.0,809033000000.0,-700520000000.0,-158336000000.0,323779000000.0,1244924000000.0,99186000000.0,122553271000000.0,0.0306519655912651,61648000000.0,5.953668641299944,7.619961114070748,4.8,7.7,-4.9,-1.0,5.8,-0.5,8.2,3.0,-4.0,7.6,False
EIB,Private_2,2023-Q2,1481262000000.0,1094223000000.0,123831000000.0,-768946000000.0,-177795000000.0,534521000000.0,131849846000000.0,0.0243430217622835,1218054000000.0,271313000000.0,263208000000.0,1536177500000.0,942678500000.0,-856076500000.0,-9343500000.0,271921000000.0,1395914000000.0,140263500000.0,128138504250000.0,0.03218206221391377,-318123500000.0,-408157500000.0,87130500000.0,-168451500000.0,-8713000000.0,-301691000000.0,-16432500000.0,2.855006192724591,False,-43.29763540804208,-33.7,-8.6,-0.9,-32.0,-1.7,9.2,-17.9,1.4,-33.4,-43.2,-33.7,-8.6,-0.9,-43.2,-32.0,-1.7,9.2,-17.9,1.4,-33.4,-43.29763540804208,1383034000000.0,870681000000.0,-704433000000.0,-92120000000.0,284200000000.0,1236609000000.0,146425000000.0,130073553000000.0,0.0278979928235665,-336160000000.0,1.3563454099799614,-38.60885904251959,-19.0,-17.3,-2.4,-16.4,-2.6,-7.4,-9.8,0.7,-17.1,-38.7,1541857000000.0,1093677000000.0,-798811000000.0,-129966000000.0,480597000000.0,1417523000000.0,124334000000.0,124528116000000.0,0.0339394624448089,-559156000000.0,5.711668774401132,-51.12624659748719,-29.6,-1.6,-19.9,-29.6,-0.1,2.7,-4.4,2.9,-32.5,-51.1,False
EIB,Private_2,2023-Q3,1234942000000.0,868736000000.0,115578000000.0,-757989000000.0,-170013000000.0,306940000000.0,135966987000000.0,0.0189108837045989,984314000000.0,56312000000.0,250628000000.0,1455226750000.0,802889500000.0,-848610250000.0,-21300750000.0,217573750000.0,1315089000000.0,140137750000.0,129968936750000.0,0.029782952043282424,-470912750000.0,-495949500000.0,90621250000.0,-148712250000.0,33054250000.0,-446353000000.0,-24559750000.0,4.510898840157167,False,-61.77057988677147,-58.7,-7.2,4.1,-55.6,-3.1,11.3,-18.5,2.3,-57.9,-61.8,-58.7,-7.2,4.1,-61.8,-55.6,-3.1,11.3,-18.5,2.3,-57.9,-61.77057988677147,1218054000000.0,534521000000.0,-768946000000.0,-177795000000.0,263208000000.0,1094223000000.0,123831000000.0,131849846000000.0,0.0243430217622835,-227581000000.0,3.0745946428244113,-42.57662467891814,-43.7,3.5,-2.3,-42.2,-1.5,2.0,1.4,1.5,-43.7,-42.5,1597249000000.0,1278038000000.0,-702113000000.0,296261000000.0,86641000000.0,1491922000000.0,105327000000.0,127446734000000.0,0.034535862740292,-971098000000.0,6.469103407107635,-75.9834997081464,-47.9,-40.9,12.8,-48.8,0.8,-4.4,-36.5,3.2,-52.0,-76.0,False
EIB,Private_2,2023-Q4,2171395000000.0,1397536000000.0,128466000000.0,-909440000000.0,-254471000000.0,1007484000000.0,140448924000000.0,0.0295115118538618,1526002000000.0,362091000000.0,645393000000.0,1301993000000.0,560115000000.0,-862579250000.0,-137869250000.0,258570500000.0,1159292500000.0,142700500000.0,132099000000000.0,0.025876707284359146,224009000000.0,447369000000.0,-46860750000.0,-116601750000.0,386822500000.0,238243500000.0,-14234500000.0,6.127306990604706,False,79.8709193647733,40.0,-29.2,69.1,42.6,-2.6,-8.4,-20.8,3.1,39.5,79.9,40.0,-29.2,69.1,79.9,42.6,-2.6,-8.4,-20.8,3.1,39.5,79.8709193647733,984314000000.0,306940000000.0,-757989000000.0,-170013000000.0,250628000000.0,868736000000.0,115578000000.0,135966987000000.0,0.0189108837045989,700544000000.0,3.242893640807819,228.23483416954454,176.4,-76.9,128.7,172.3,4.1,-49.3,-27.6,1.6,170.7,228.2,1622570000000.0,528318000000.0,-1218949000000.0,-111549000000.0,236246000000.0,1437602000000.0,184968000000.0,130505614000000.0,0.0323549308469877,479166000000.0,7.339467405413967,90.69651232780257,-18.3,31.6,77.5,-7.6,-10.7,58.6,-27.0,3.7,-11.3,90.8,False
EIB,Private_2,2024-Q1,1577190000000.0,1358029000000.0,110653000000.0,-634615000000.0,-281527000000.0,661048000000.0,147021336000000.0,0.0277875666354394,1468682000000.0,552540000000.0,108508000000.0,1277851000000.0,679906500000.0,-785202000000.0,-173599750000.0,360857250000.0,1149276000000.0,128575000000.0,134584827500000.0,0.025165852536077674,190831000000.0,-18858500000.0,150587000000.0,-107927250000.0,-252349250000.0,208753000000.0,-17922000000.0,8.832554192301973,True,-2.7736902059327275,32.1,7.2,-42.0,35.1,-3.0,25.3,-18.1,4.4,30.7,-2.7,32.1,7.2,-42.0,-2.7,35.1,-3.0,25.3,-18.1,4.4,30.7,-2.7736902059327275,1526002000000.0,1007484000000.0,-909440000000.0,-254471000000.0,645393000000.0,1397536000000.0,128466000000.0,140448924000000.0,0.0295115118538618,-346436000000.0,4.57258569982161,-34.38625328044912,-5.7,24.6,-53.3,-3.9,-1.8,27.3,-2.7,2.3,-6.2,-34.4,1383034000000.0,870681000000.0,-704433000000.0,-92120000000.0,284200000000.0,1236609000000.0,146425000000.0,130073553000000.0,0.0278979928235665,-209633000000.0,12.232476074288039,-24.07690072483493,9.8,-13.7,-20.2,13.9,-4.1,8.0,-21.8,6.1,7.8,-24.1,True
EIB,Private_2,2024-Q2,1967682000000.0,1511540000000.0,124679000000.0,-933827000000.0,-220608000000.0,813247000000.0,151327939000000.0,0.0301555549546106,1636219000000.0,481784000000.0,331463000000.0,1299263000000.0,627498250000.0,-767747500000.0,-220951500000.0,316934250000.0,1179631000000.0,119632000000.0,138821773250000.0,0.025138245989045897,336956000000.0,185748750000.0,-166079500000.0,343500000.0,14528750000.0,331909000000.0,5047000000.0,8.620491575207481,False,29.60147697623061,53.7,-26.4,2.3,52.9,0.8,-26.5,0.1,4.3,48.6,29.6,53.7,-26.4,2.3,29.6,52.9,0.8,-26.5,0.1,4.3,48.6,29.60147697623061,1468682000000.0,661048000000.0,-634615000000.0,-281527000000.0,108508000000.0,1358029000000.0,110653000000.0,147021336000000.0,0.0277875666354394,152199000000.0,2.8869538898661644,23.023895390349868,25.3,-36.1,33.7,23.2,2.1,-45.3,9.2,1.4,21.8,22.9,1218054000000.0,534521000000.0,-768946000000.0,-177795000000.0,263208000000.0,1094223000000.0,123831000000.0,131849846000000.0,0.0243430217622835,278726000000.0,13.756794516914525,52.145004592897195,78.2,-38.8,12.8,78.1,0.2,-30.9,-8.0,6.9,71.2,52.2,False
EIB,Private_2,2024-Q3,1969972000000.0,1535871000000.0,102898000000.0,-864338000000.0,-201981000000.0,903653000000.0,159483450000000.0,0.0291797607037753,1638769000000.0,572450000000.0,331203000000.0,1403804250000.0,697179750000.0,-808967750000.0,-231654750000.0,333998000000.0,1283960250000.0,119844000000.0,143691296500000.0,0.026591379287127674,234964750000.0,206473250000.0,-55370250000.0,29673750000.0,-2795000000.0,251910750000.0,-16946000000.0,10.417855499056218,False,29.615497294635993,33.7,-3.7,-0.4,36.1,-2.4,-7.9,4.3,5.2,30.9,29.6,33.7,-3.7,-0.4,29.6,36.1,-2.4,-7.9,4.3,5.2,30.9,29.615497294635993,1636219000000.0,813247000000.0,-933827000000.0,-220608000000.0,331463000000.0,1511540000000.0,124679000000.0,151327939000000.0,0.0301555549546106,90406000000.0,5.247884272348849,11.116671810655312,0.3,10.8,-0.0,3.0,-2.7,8.5,2.3,2.6,0.4,11.1,984314000000.0,306940000000.0,-757989000000.0,-170013000000.0,250628000000.0,868736000000.0,115578000000.0,135966987000000.0,0.0189108837045989,596713000000.0,15.91905785537897,194.4070502378315,213.3,-45.1,26.2,217.3,-4.1,-34.6,-10.5,8.0,209.3,194.4,False
EIB,Private_2,2024-Q4,3042791000000.0,1518085000000.0,742070000000.0,-967366000000.0,-264956000000.0,1810469000000.0,165154897000000.0,0.0270557132270303,2260155000000.0,1027833000000.0,782636000000.0,1567418000000.0,846358000000.0,-835555000000.0,-239646750000.0,354141750000.0,1450744000000.0,116674000000.0,149570412250000.0,0.02915859853692178,692737000000.0,964111000000.0,-131811000000.0,-25309250000.0,428494250000.0,67341000000.0,625396000000.0,9.903547183503164,False,113.91290683138813,81.9,-18.6,50.6,8.0,73.9,-15.6,-3.0,5.0,3.0,113.9,81.9,-18.6,50.6,113.9,8.0,73.9,-15.6,-3.0,5.0,3.0,113.91290683138813,1638769000000.0,903653000000.0,-864338000000.0,-201981000000.0,331203000000.0,1535871000000.0,102898000000.0,159483450000000.0,0.0291797607037753,906816000000.0,3.4940092890505015,100.35002373698754,68.7,-18.4,50.0,-2.0,70.7,-11.4,-6.9,1.7,-3.7,100.3,1526002000000.0,1007484000000.0,-909440000000.0,-254471000000.0,645393000000.0,1397536000000.0,128466000000.0,140448924000000.0,0.0295115118538618,802985000000.0,16.168628336620174,79.70201015599255,72.8,-6.8,13.6,12.0,60.9,-5.7,-1.0,8.1,3.9,79.6,False
EIB,Private_2,2025-Q1,1807465000000.0,1354384000000.0,146283000000.0,-848873000000.0,-126938000000.0,831654000000.0,180336739000000.0,0.0228517045943353,1500667000000.0,524856000000.0,306798000000.0,1750956250000.0,1047104250000.0,-850036500000.0,-242268000000.0,388452500000.0,1480881250000.0,270075000000.0,155746905500000.0,0.0285446488802139,-250289250000.0,-215450250000.0,1163500000.0,115330000000.0,-81654500000.0,-126497250000.0,-123792000000.0,14.633162846459195,False,-20.575816591327943,-23.9,11.1,-7.8,-12.1,-11.8,0.1,11.0,7.3,-19.4,-20.6,-23.9,11.1,-7.8,-20.6,-12.1,-11.8,0.1,11.0,7.3,-19.4,-20.575816591327943,2260155000000.0,1810469000000.0,-967366000000.0,-264956000000.0,782636000000.0,1518085000000.0,742070000000.0,165154897000000.0,0.0270557132270303,-978815000000.0,8.788543870856543,-54.06416790345485,-42.0,14.2,-26.3,-9.0,-32.9,6.5,7.6,4.4,-13.4,-54.1,1468682000000.0,661048000000.0,-634615000000.0,-281527000000.0,108508000000.0,1358029000000.0,110653000000.0,147021336000000.0,0.0277875666354394,170606000000.0,20.35410490485075,25.80841330735438,4.8,-9.0,30.0,-0.5,5.4,-32.4,23.4,10.2,-10.7,25.8,False
EIB,Private_2,2025-Q2,1968701000000.0,1469401000000.0,192065000000.0,-1110411000000.0,-201420000000.0,656870000000.0,182741228000000.0,0.0240141677282899,1661466000000.0,349635000000.0,307235000000.0,1758952500000.0,1089755750000.0,-903601000000.0,-203620750000.0,438025000000.0,1479970000000.0,278982500000.0,164075756250000.0,0.027310683369937874,-97486500000.0,-432885750000.0,-206810000000.0,2200750000.0,-130790000000.0,-10569000000.0,-86917500000.0,10.76387408786483,False,-39.72319026534157,-8.9,-18.8,-12.0,-1.0,-8.0,-19.0,0.2,5.4,-6.4,-39.7,-8.9,-18.8,-12.0,-39.7,-1.0,-8.0,-19.0,0.2,5.4,-6.4,-39.72319026534157,1500667000000.0,831654000000.0,-848873000000.0,-126938000000.0,306798000000.0,1354384000000.0,146283000000.0,180336739000000.0,0.0228517045943353,-174784000000.0,1.3245028443160805,-21.016432314399978,19.3,-40.4,0.1,13.8,5.5,-31.4,-9.0,0.7,13.1,-21.0,1636219000000.0,813247000000.0,-933827000000.0,-220608000000.0,331463000000.0,1511540000000.0,124679000000.0,151327939000000.0,0.0301555549546106,-156377000000.0,18.806458124882862,-19.228721409362713,3.1,-19.4,-3.0,-5.2,8.3,-21.7,2.4,9.4,-14.6,-19.3,False
EVF,Private_3,2018-Q2,72079000000.0,28360000000.0,15044000000.0,-37481000000.0,-34488000000.0,110000000.0,8915304000000.0,0.0008533919016155,43404000000.0,-28565000000.0,28675000000.0,,,,,,,,,,,,,,,,,,False,0.0,,,,,,,,,,,,,,,,,,,,,0.0,,,,,,,,,,,,0.0,,,,,,,,,,,,,,,,,,,,,,0.0,,,,,,,,,,,False
EVF,Private_3,2018-Q3,148037000000.0,101731000000.0,42709000000.0,-76883000000.0,17611000000.0,88765000000.0,8909208000000.0,0.0228073828900294,144440000000.0,85168000000.0,3597000000.0,,,,,,,,,,,,,,,,,,False,0.0,,,,,,,,,,,,,,,,,,,,,0.0,43404000000.0,110000000.0,-37481000000.0,-34488000000.0,28675000000.0,28360000000.0,15044000000.0,8915304000000.0,0.0008533919016155,88655000000.0,-0.06840018958162782,80595.45454545454,91878.8,11525.2,-22808.5,66733.0,25145.8,-35784.4,47390.1,-0.0,66733.0,80595.5,,,,,,,,,,,,0.0,,,,,,,,,,,False
EVF,Private_3,2018-Q4,176839000000.0,121175000000.0,41186000000.0,-107469000000.0,-2470000000.0,66900000000.0,8849621000000.0,0.0264329334390977,162361000000.0,52422000000.0,14478000000.0,,,,,,,,,,,,,,,,,,False,0.0,,,,,,,,,,,,,,,,,,,,,0.0,144440000000.0,88765000000.0,-76883000000.0,17611000000.0,3597000000.0,101731000000.0,42709000000.0,8909208000000.0,0.0228073828900294,-21865000000.0,-0.671069021499109,-24.63245648622768,20.2,-57.1,12.3,21.9,-1.7,-34.5,-22.6,-0.3,22.2,-24.6,,,,,,,,,,,,0.0,,,,,,,,,,,False
EVF,Private_3,2019-Q1,114070000000.0,110883000000.0,1026000000.0,-53289000000.0,-1429000000.0,59352000000.0,8861460000000.0,0.0239621225883438,111909000000.0,57191000000.0,2161000000.0,,,,,,,,,,,,,,,,,,False,0.0,,,,,,,,,,,,,,,,,,,,,0.0,162361000000.0,66900000000.0,-107469000000.0,-2470000000.0,14478000000.0,121175000000.0,41186000000.0,8849621000000.0,0.0264329334390977,-7548000000.0,0.13369031511967,-11.282511210762332,-75.4,82.5,-18.4,-15.4,-60.0,81.0,1.6,0.1,-15.5,-11.3,,,,,,,,,,,,0.0,,,,,,,,,,,False
EVF,Private_3,2019-Q2,138033000000.0,115872000000.0,-6641000000.0,-66924000000.0,-47638000000.0,23471000000.0,9352709000000.0,0.0255344214565651,109231000000.0,-5331000000.0,28802000000.0,115528500000.0,53781750000.0,-68780500000.0,-5194000000.0,12227750000.0,90537250000.0,24991250000.0,8883898250000.0,0.0185139577047716,-6297500000.0,-30310750000.0,1856500000.0,-42444000000.0,16574250000.0,25334750000.0,-31632250000.0,5.1414250860724104,True,-56.358802009975506,-11.7,-75.5,30.8,47.1,-58.8,3.4,-78.9,2.6,44.5,-56.4,-11.7,-75.5,30.8,-56.4,47.1,-58.8,3.4,-78.9,2.6,44.5,-56.358802009975506,111909000000.0,59352000000.0,-53289000000.0,-1429000000.0,2161000000.0,110883000000.0,1026000000.0,8861460000000.0,0.0239621225883438,-35881000000.0,5.394141231477538,-60.45457608842162,-4.5,-100.8,44.9,8.4,-12.9,-23.0,-77.9,2.7,5.7,-60.4,43404000000.0,110000000.0,-37481000000.0,-34488000000.0,28675000000.0,28360000000.0,15044000000.0,8915304000000.0,0.0008533919016155,23361000000.0,4.78875288735562,21237.272727272728,59846.6,-38715.5,106.2,79554.8,-19708.2,-26759.0,-11956.6,2.4,79552.4,21237.3,False
EVF,Private_3,2019-Q3,217753000000.0,153136000000.0,41986000000.0,-77582000000.0,-17773000000.0,122398000000.0,9469201000000.0,0.033719601004392,195122000000.0,99767000000.0,22631000000.0,131985250000.0,59622000000.0,-76141250000.0,-8481500000.0,12259500000.0,112415250000.0,19570000000.0,8993249500000.0,0.024684215093509,63136750000.0,62776000000.0,-1440750000.0,-9291500000.0,10371500000.0,40720750000.0,22416000000.0,5.1558865384635695,False,105.2899936265137,105.9,-18.0,17.4,68.3,37.6,-2.4,-15.6,2.6,65.7,105.3,105.9,-18.0,17.4,105.3,68.3,37.6,-2.4,-15.6,2.6,65.7,105.2899936265137,109231000000.0,23471000000.0,-66924000000.0,-47638000000.0,28802000000.0,115872000000.0,-6641000000.0,9352709000000.0,0.0255344214565651,98927000000.0,1.2378339924056592,421.48608921647985,365.8,81.8,-26.1,158.9,207.4,-45.5,127.3,0.6,158.3,421.5,144440000000.0,88765000000.0,-76883000000.0,17611000000.0,3597000000.0,101731000000.0,42709000000.0,8909208000000.0,0.0228073828900294,33633000000.0,6.094031316856644,37.889934095645806,57.1,-40.7,21.4,57.9,-0.8,-0.8,-39.9,3.0,54.9,37.8,False
EVF,Private_3,2019-Q4,277439000000.0,173532000000.0,20532000000.0,-163950000000.0,-34248000000.0,79241000000.0,9874143000000.0,0.036211025126365,194064000000.0,-4134000000.0,83375000000.0,144655750000.0,68030250000.0,-76316000000.0,-17327500000.0,17018000000.0,125266500000.0,19389250000.0,9133247750000.0,0.027412269622099653,49408250000.0,11210750000.0,-87634000000.0,-16920500000.0,66357000000.0,48265500000.0,1142750000.0,7.795864879560073,True,16.47906629771315,72.6,-153.7,97.5,70.9,1.7,-128.8,-24.9,3.9,67.0,16.4,72.6,-153.7,97.5,16.4,70.9,1.7,-128.8,-24.9,3.9,67.0,16.47906629771315,195122000000.0,122398000000.0,-77582000000.0,-17773000000.0,22631000000.0,153136000000.0,41986000000.0,9469201000000.0,0.033719601004392,-43157000000.0,4.1868872310806236,-35.25956306475596,-0.9,-84.0,49.6,16.7,-17.5,-70.6,-13.5,2.1,14.6,-35.3,162361000000.0,66900000000.0,-107469000000.0,-2470000000.0,14478000000.0,121175000000.0,41186000000.0,8849621000000.0,0.0264329334390977,12341000000.0,10.943547461931265,18.446935724962632,47.4,-131.9,103.0,78.3,-30.9,-84.4,-47.5,5.5,72.8,18.5,False
EVF,Private_3,2020-Q1,225988000000.0,181208000000.0,26392000000.0,-69914000000.0,-65851000000.0,90223000000.0,9952096000000.0,0.0355136344189534,207600000000.0,71835000000.0,18388000000.0,152581500000.0,71115500000.0,-90436250000.0,-25272000000.0,34242250000.0,138355750000.0,14225750000.0,9389378250000.0,0.029856792543916478,55018500000.0,19107500000.0,20522250000.0,-40579000000.0,-15854250000.0,42852250000.0,12166250000.0,5.818767925614564,True,26.86826359935598,77.4,-28.2,-22.3,60.3,17.1,28.9,-57.1,2.9,57.4,26.9,77.4,-28.2,-22.3,26.9,60.3,17.1,28.9,-57.1,2.9,57.4,26.86826359935598,194064000000.0,79241000000.0,-163950000000.0,-34248000000.0,83375000000.0,173532000000.0,20532000000.0,9874143000000.0,0.036211025126365,10982000000.0,0.7863619519566973,13.858987140495453,17.1,78.8,-82.0,9.7,7.4,118.7,-39.9,0.4,9.3,13.9,111909000000.0,59352000000.0,-53289000000.0,-1429000000.0,2161000000.0,110883000000.0,1026000000.0,8861460000000.0,0.0239621225883438,30871000000.0,11.594150515723875,52.01341151098531,161.2,-136.5,27.4,118.5,42.8,-28.0,-108.6,5.8,112.7,52.1,False
EVF,Private_3,2020-Q2,233199000000.0,163595000000.0,12188000000.0,-79719000000.0,-158299000000.0,-4819000000.0,10224400000000.0,0.0305640531601915,175783000000.0,-62235000000.0,57416000000.0,176504250000.0,78833250000.0,-94592500000.0,-41377500000.0,38299000000.0,155937000000.0,20567250000.0,9662037250000.0,0.03274467050156887,-721250000.0,-83652250000.0,14873500000.0,-116921500000.0,19117000000.0,7658000000.0,-8379250000.0,5.655741578346317,False,-106.11290286776203,-1.0,-129.5,24.3,9.8,-10.6,18.9,-148.3,2.8,7.0,-106.2,-1.0,-129.5,24.3,-106.2,9.8,-10.6,18.9,-148.3,2.8,7.0,-106.11290286776203,207600000000.0,90223000000.0,-69914000000.0,-65851000000.0,18388000000.0,181208000000.0,26392000000.0,9952096000000.0,0.0355136344189534,-95042000000.0,2.6992199240145567,-105.3412101127207,-35.3,-113.3,43.3,-19.5,-15.7,-10.9,-102.5,1.3,-20.8,-105.3,109231000000.0,23471000000.0,-66924000000.0,-47638000000.0,28802000000.0,115872000000.0,-6641000000.0,9352709000000.0,0.0255344214565651,-28290000000.0,8.905206585916234,-120.5317199948873,283.5,-526.0,121.9,203.3,80.3,-54.5,-471.5,4.5,198.8,-120.6,False
EVF,Private_3,2020-Q3,203835000000.0,176848000000.0,18228000000.0,-62644000000.0,-35762000000.0,105429000000.0,9623552000000.0,0.0288020300571352,195076000000.0,96670000000.0,8759000000.0,193142250000.0,71760750000.0,-97791250000.0,-69042750000.0,45452500000.0,167867750000.0,25274500000.0,9879960000000.0,0.03400207842747548,1933750000.0,33668250000.0,35147250000.0,33280750000.0,-36693500000.0,8980250000.0,-7046500000.0,-2.6293520879726686,True,46.917360813536646,2.7,95.3,-51.1,12.5,-9.8,49.0,46.4,-1.3,13.8,46.9,2.7,95.3,-51.1,46.9,12.5,-9.8,49.0,46.4,-1.3,13.8,46.917360813536646,175783000000.0,-4819000000.0,-79719000000.0,-158299000000.0,57416000000.0,163595000000.0,12188000000.0,10224400000000.0,0.0305640531601915,110248000000.0,-6.054508797683509,2287.7775472089647,400.4,2896.3,-1008.9,274.5,125.8,354.6,2541.7,-3.0,277.5,2287.8,195122000000.0,122398000000.0,-77582000000.0,-17773000000.0,22631000000.0,153136000000.0,41986000000.0,9469201000000.0,0.033719601004392,-16969000000.0,1.6168543111619367,-13.863788623997126,-0.0,-2.5,-11.3,19.4,-19.4,12.2,-14.7,0.8,18.6,-13.8,False
EVF,Private_3,2020-Q4,906023000000.0,713210000000.0,76519000000.0,-303380000000.0,-317671000000.0,284972000000.0,12029785000000.0,0.1059538778406577,789729000000.0,168678000000.0,116294000000.0,193130750000.0,67518500000.0,-94056750000.0,-73540000000.0,41984500000.0,173795750000.0,19335000000.0,9918547750000.0,0.032772685690661274,596598250000.0,217453500000.0,-209323250000.0,-244131000000.0,74309500000.0,539414250000.0,57184000000.0,19.23824715114181,False,322.06506364922205,883.7,-671.5,110.1,799.0,84.7,-310.1,-361.7,9.6,789.4,322.3,883.7,-671.5,110.1,322.3,799.0,84.7,-310.1,-361.7,9.6,789.4,322.06506364922205,195076000000.0,105429000000.0,-62644000000.0,-35762000000.0,8759000000.0,176848000000.0,18228000000.0,9623552000000.0,0.0288020300571352,179543000000.0,22.22505473405785,170.2975462159368,564.0,-495.7,102.0,508.7,55.3,-228.4,-267.4,11.1,497.6,170.3,194064000000.0,79241000000.0,-163950000000.0,-34248000000.0,83375000000.0,173532000000.0,20532000000.0,9874143000000.0,0.036211025126365,205731000000.0,19.68269800740762,259.6269607904999,751.6,-533.5,41.5,681.0,70.6,-176.0,-357.8,9.8,671.2,259.6,False
EVF,Private_3,2021-Q1,217372000000.0,193505000000.0,7149000000.0,-62586000000.0,-36942000000.0,117844000000.0,12329423000000.0,0.0284844507254183,200654000000.0,101126000000.0,16718000000.0,342047000000.0,118951250000.0,-128914250000.0,-144395750000.0,50214250000.0,308715250000.0,33331750000.0,10457458250000.0,0.05020839886923445,-141393000000.0,-1107250000.0,66328250000.0,107453750000.0,-33496250000.0,-115210250000.0,-26182750000.0,16.43019708982773,True,-0.9308435178276816,-118.9,146.1,-28.2,-96.9,-22.0,55.8,90.3,8.2,-105.1,-1.0,-118.9,146.1,-28.2,-1.0,-96.9,-22.0,55.8,90.3,8.2,-105.1,-0.9308435178276816,789729000000.0,284972000000.0,-303380000000.0,-317671000000.0,116294000000.0,713210000000.0,76519000000.0,12029785000000.0,0.1059538778406577,-167128000000.0,2.460162087371642,-58.64716533554174,-206.7,183.0,-35.0,-182.4,-24.3,84.5,98.5,1.2,-183.6,-58.7,207600000000.0,90223000000.0,-69914000000.0,-65851000000.0,18388000000.0,181208000000.0,26392000000.0,9952096000000.0,0.0355136344189534,27621000000.0,21.33900296474401,30.614144951952383,-7.7,40.2,-1.8,13.6,-21.3,8.1,32.1,10.7,2.9,30.7,False
EVF,Private_3,2021-Q2,367781000000.0,161955000000.0,25790000000.0,-63480000000.0,-239019000000.0,65282000000.0,14005687000000.0,0.024451058506976,187745000000.0,-114754000000.0,180036000000.0,340310500000.0,125856500000.0,-127082250000.0,-137168500000.0,49796750000.0,311789500000.0,28521000000.0,11051790000000.0,0.04845110294585068,-152565500000.0,-60574500000.0,63602250000.0,-101850500000.0,130239250000.0,-149834500000.0,-2731000000.0,23.57697065829892,False,-48.129814510970824,-121.2,-30.4,103.5,-119.1,-2.2,50.5,-80.9,11.8,-130.9,-48.1,-121.2,-30.4,103.5,-48.1,-119.1,-2.2,50.5,-80.9,11.8,-130.9,-48.129814510970824,200654000000.0,117844000000.0,-62586000000.0,-36942000000.0,16718000000.0,193505000000.0,7149000000.0,12329423000000.0,0.0284844507254183,-52562000000.0,12.730260097641514,-44.603034520213164,-11.0,-172.3,138.6,-26.8,15.8,-0.8,-171.5,6.4,-33.2,-44.7,175783000000.0,-4819000000.0,-79719000000.0,-158299000000.0,57416000000.0,163595000000.0,12188000000.0,10224400000000.0,0.0305640531601915,70101000000.0,31.211501634311094,1454.6793940651587,248.8,-1338.3,2544.2,-33.5,282.2,337.5,-1674.3,15.6,-49.1,1454.7,False
EVF,Private_3,2021-Q3,214758000000.0,219468000000.0,-5017000000.0,-60582000000.0,-42473000000.0,111703000000.0,13373947000000.0,0.0313593596099498,214451000000.0,111396000000.0,307000000.0,343301000000.0,143381750000.0,-123022500000.0,-157348500000.0,80451750000.0,311379500000.0,31921500000.0,11997111750000.0,0.0469228542825468,-128850000000.0,-31678750000.0,62440500000.0,114875500000.0,-80144750000.0,-91911500000.0,-36938500000.0,10.853589229893688,True,-22.093990343959394,-89.9,123.7,-55.9,-64.1,-25.8,43.5,80.1,5.4,-69.5,-22.1,-89.9,123.7,-55.9,-22.1,-64.1,-25.8,43.5,80.1,5.4,-69.5,-22.093990343959394,187745000000.0,65282000000.0,-63480000000.0,-239019000000.0,180036000000.0,161955000000.0,25790000000.0,14005687000000.0,0.024451058506976,46421000000.0,-4.614670890049151,71.10842192334795,40.9,305.5,-275.3,88.1,-47.2,4.4,301.1,-2.3,90.4,71.1,195076000000.0,105429000000.0,-62644000000.0,-35762000000.0,8759000000.0,176848000000.0,18228000000.0,9623552000000.0,0.0288020300571352,6274000000.0,32.61567703514196,5.950924318735832,18.4,-4.4,-8.0,40.4,-22.0,2.0,-6.4,16.3,24.1,6.0,False
EVF,Private_3,2021-Q4,368124000000.0,211199000000.0,10768000000.0,-61983000000.0,-189981000000.0,116160000000.0,16849954000000.0,0.0285184823038654,221967000000.0,-29997000000.0,146157000000.0,348144750000.0,144950250000.0,-122507000000.0,-159026250000.0,78338750000.0,322034500000.0,26110250000.0,12934710500000.0,0.047562186670750455,-126177750000.0,-28790250000.0,60524000000.0,-30954750000.0,67818250000.0,-110835500000.0,-15342250000.0,26.290331388490205,True,-19.862159603036215,-87.1,20.4,46.8,-76.5,-10.6,41.8,-21.4,13.1,-89.6,-19.9,-87.1,20.4,46.8,-19.9,-76.5,-10.6,41.8,-21.4,13.1,-89.6,-19.862159603036215,214451000000.0,111703000000.0,-60582000000.0,-42473000000.0,307000000.0,219468000000.0,-5017000000.0,13373947000000.0,0.0313593596099498,4457000000.0,23.001709805759358,3.9900450301245267,6.7,-133.3,130.6,-7.4,14.1,-1.3,-132.1,11.5,-18.9,4.0,789729000000.0,284972000000.0,-303380000000.0,-317671000000.0,116294000000.0,713210000000.0,76519000000.0,12029785000000.0,0.1059538778406577,-168812000000.0,33.38097342223211,-59.238100585320666,-199.2,129.5,10.5,-176.2,-23.0,84.7,44.8,16.7,-192.9,-59.2,False
EVF,Private_3,2022-Q1,269547000000.0,268913000000.0,-5024000000.0,-61166000000.0,-63630000000.0,144751000000.0,18471181000000.0,0.0329023142765465,263889000000.0,139093000000.0,5658000000.0,206204250000.0,102747250000.0,-62157750000.0,-127103750000.0,85804500000.0,196531750000.0,9672500000.0,14139752750000.0,0.028203337786552377,57684750000.0,42003750000.0,991750000.0,63473750000.0,-80146500000.0,72381250000.0,-14696500000.0,26.5642700279933,True,40.880656173279576,56.1,62.8,-78.0,70.4,-14.3,1.0,61.8,13.3,57.1,40.9,56.1,62.8,-78.0,40.9,70.4,-14.3,1.0,61.8,13.3,57.1,40.880656173279576,221967000000.0,116160000000.0,-61983000000.0,-189981000000.0,146157000000.0,211199000000.0,10768000000.0,16849954000000.0,0.0285184823038654,28591000000.0,9.179925843266362,24.613464187327825,36.1,109.5,-121.0,49.7,-13.6,0.7,108.8,4.6,45.1,24.6,200654000000.0,117844000000.0,-62586000000.0,-36942000000.0,16718000000.0,193505000000.0,7149000000.0,12329423000000.0,0.0284844507254183,26907000000.0,39.88076337723766,22.832728013305726,53.7,-21.4,-9.4,64.0,-10.3,1.2,-22.7,19.9,44.1,22.9,False
EVF,Private_3,2022-Q2,352009000000.0,255997000000.0,2108000000.0,-182833000000.0,-79358000000.0,89818000000.0,20218125000000.0,0.0300489120735786,258105000000.0,-4086000000.0,93904000000.0,222013000000.0,109474000000.0,-61802750000.0,-133775750000.0,83039500000.0,215383750000.0,6629250000.0,15675192250000.0,0.029307803674334425,36092000000.0,-19656000000.0,-121030250000.0,54417750000.0,10864500000.0,40613250000.0,-4521250000.0,25.313529637609633,True,-17.95494820688017,33.0,-60.8,9.9,37.1,-4.1,-110.5,49.7,12.7,24.4,-17.9,33.0,-60.8,9.9,-17.9,37.1,-4.1,-110.5,49.7,12.7,24.4,-17.95494820688017,263889000000.0,144751000000.0,-61166000000.0,-63630000000.0,5658000000.0,268913000000.0,-5024000000.0,18471181000000.0,0.0329023142765465,-54933000000.0,9.030629807626944,-37.94999689121319,-4.0,-94.9,60.9,-8.9,4.9,-84.1,-10.9,4.5,-13.4,-38.0,187745000000.0,65282000000.0,-63480000000.0,-239019000000.0,180036000000.0,161955000000.0,25790000000.0,14005687000000.0,0.024451058506976,24536000000.0,36.30476932259913,37.58463282374927,107.8,61.8,-131.9,144.1,-36.3,-182.8,244.6,18.2,125.9,37.7,False
EVF,Private_3,2022-Q3,241435000000.0,185636000000.0,18204000000.0,-75671000000.0,-67961000000.0,97803000000.0,20349034000000.0,0.0215202365109188,203840000000.0,60208000000.0,37595000000.0,239603000000.0,115608000000.0,-91641000000.0,-93860500000.0,61506500000.0,238894250000.0,708750000.0,17228301750000.0,0.030707267065985075,-35763000000.0,-17805000000.0,15970000000.0,25899500000.0,-23911500000.0,-53258250000.0,17495250000.0,16.609651470567602,True,-15.401183309113556,-30.9,36.2,-20.7,-46.1,15.1,13.8,22.4,8.3,-54.4,-15.4,-30.9,36.2,-20.7,-15.4,-46.1,15.1,13.8,22.4,8.3,-54.4,-15.401183309113556,258105000000.0,89818000000.0,-182833000000.0,-79358000000.0,93904000000.0,255997000000.0,2108000000.0,20218125000000.0,0.0300489120735786,7985000000.0,0.6453939749638371,8.890200182591462,-60.4,132.0,-62.7,-78.3,17.9,119.3,12.7,0.3,-78.6,8.9,214451000000.0,111703000000.0,-60582000000.0,-42473000000.0,307000000.0,219468000000.0,-5017000000.0,13373947000000.0,0.0313593596099498,-13900000000.0,41.36696574955814,-12.443712344341693,-9.5,-36.3,33.4,-30.3,20.8,-13.5,-22.8,20.7,-51.0,-12.4,False
EVF,Private_3,2022-Q4,281073000000.0,208655000000.0,800000000.0,-7568000000.0,-150533000000.0,122972000000.0,24352548000000.0,0.0223100101301484,209455000000.0,51354000000.0,71618000000.0,236950250000.0,112133000000.0,-95413250000.0,-100232500000.0,70828500000.0,230436250000.0,6514000000.0,18972073500000.0,0.028247486291227322,-27495250000.0,10839000000.0,87845250000.0,-50300500000.0,789500000.0,-21781250000.0,-5714000000.0,24.83795271010042,True,9.666199958977286,-24.5,33.5,0.7,-19.4,-5.1,78.3,-44.9,12.4,-31.8,9.7,-24.5,33.5,0.7,9.7,-19.4,-5.1,78.3,-44.9,12.4,-31.8,9.666199958977286,203840000000.0,97803000000.0,-75671000000.0,-67961000000.0,37595000000.0,185636000000.0,18204000000.0,20349034000000.0,0.0215202365109188,25169000000.0,17.912180378761537,25.73438442583561,5.7,-14.8,34.8,23.5,-17.8,69.6,-84.4,9.0,14.5,25.7,221967000000.0,116160000000.0,-61983000000.0,-189981000000.0,146157000000.0,211199000000.0,10768000000.0,16849954000000.0,0.0285184823038654,6812000000.0,36.418147616375336,5.8643250688705235,-10.8,80.8,-64.2,-2.2,-8.6,46.8,34.0,18.2,-20.4,5.8,False
EVF,Private_3,2023-Q1,192039000000.0,80453000000.0,10189000000.0,-45203000000.0,-40720000000.0,106116000000.0,22469971000000.0,0.0079276991238494,90642000000.0,4719000000.0,101397000000.0,233822250000.0,113836000000.0,-81809500000.0,-90370500000.0,52193750000.0,229800250000.0,4022000000.0,20847722000000.0,0.026695368247798074,-143180250000.0,-7720000000.0,36606500000.0,49650500000.0,49203250000.0,-149347250000.0,6167000000.0,7.490006450712876,True,-6.781685934150884,-125.8,75.8,43.2,-131.2,5.4,32.2,43.6,3.7,-134.9,-6.8,-125.8,75.8,43.2,-6.8,-131.2,5.4,32.2,43.6,3.7,-134.9,-6.781685934150884,209455000000.0,122972000000.0,-7568000000.0,-150533000000.0,71618000000.0,208655000000.0,800000000.0,24352548000000.0,0.0223100101301484,-16856000000.0,-8.041331565266704,-13.70718537553264,-96.6,58.7,24.2,-104.3,7.6,-30.6,89.3,-4.0,-100.3,-13.7,263889000000.0,144751000000.0,-61166000000.0,-63630000000.0,5658000000.0,268913000000.0,-5024000000.0,18471181000000.0,0.0329023142765465,-38635000000.0,19.53433064120912,-26.690661895254607,-119.7,26.9,66.1,-130.2,10.5,11.0,15.8,9.8,-140.0,-26.7,False
EVF,Private_3,2023-Q2,429512000000.0,59369000000.0,14227000000.0,-129123000000.0,-207137000000.0,93252000000.0,30497813000000.0,0.0053654087213219,73596000000.0,-262664000000.0,355916000000.0,190510500000.0,104177250000.0,-77818750000.0,-84643000000.0,76128500000.0,182685250000.0,7825250000.0,21847419500000.0,0.0204517144596238,-116914500000.0,-10925250000.0,-51304250000.0,-122494000000.0,279787500000.0,-123316250000.0,6401750000.0,33.05131369891231,True,-10.487174503070488,-30.1,-44.8,64.4,-31.8,1.6,-13.2,-31.6,16.5,-48.3,-10.5,-30.1,-44.8,64.4,-10.5,-31.8,1.6,-13.2,-31.6,16.5,-48.3,-10.487174503070488,90642000000.0,106116000000.0,-45203000000.0,-40720000000.0,101397000000.0,80453000000.0,10189000000.0,22469971000000.0,0.0079276991238494,-12864000000.0,30.312168619325284,-12.122582833879905,-12.1,-177.8,177.8,-15.0,2.9,-59.7,-118.4,15.2,-30.2,-12.1,258105000000.0,89818000000.0,-182833000000.0,-79358000000.0,93904000000.0,255997000000.0,2108000000.0,20218125000000.0,0.0300489120735786,3434000000.0,40.538293898852864,3.8232870916742745,82.2,33.0,-111.4,87.6,-5.4,-23.9,57.0,20.3,67.3,3.8,True
EVF,Private_3,2023-Q3,227743000000.0,264481000000.0,13106000000.0,-40302000000.0,-44248000000.0,143193000000.0,29141316000000.0,0.0236609620081986,277587000000.0,193037000000.0,-49844000000.0,144383250000.0,105035750000.0,-64391250000.0,-116587750000.0,141631500000.0,133528250000.0,10855000000.0,24417341500000.0,0.014280838621559624,133203750000.0,38157250000.0,24089250000.0,72339750000.0,-191475500000.0,130952750000.0,2251000000.0,17.640376814896825,True,36.32786932068367,126.8,91.8,-182.3,124.7,2.1,22.9,68.9,8.8,115.9,36.3,126.8,91.8,-182.3,36.3,124.7,2.1,22.9,68.9,8.8,115.9,36.32786932068367,73596000000.0,93252000000.0,-129123000000.0,-207137000000.0,355916000000.0,59369000000.0,14227000000.0,30497813000000.0,0.0053654087213219,49941000000.0,-4.549016804051582,53.554883541371765,53.6,65.7,-65.7,53.8,-0.3,23.3,42.8,-2.3,56.1,53.6,203840000000.0,97803000000.0,-75671000000.0,-67961000000.0,37595000000.0,185636000000.0,18204000000.0,20349034000000.0,0.0215202365109188,45390000000.0,35.53129852587424,46.40961933683016,75.4,60.4,-89.4,80.6,-5.2,36.2,24.2,17.8,62.8,46.4,False
EVF,Private_3,2023-Q4,244389000000.0,304722000000.0,-34299000000.0,-82376000000.0,-95267000000.0,66746000000.0,33553388000000.0,0.026761622143077,270423000000.0,92780000000.0,-26034000000.0,162820000000.0,116383250000.0,-55549000000.0,-110659500000.0,119771750000.0,153239500000.0,9580500000.0,26615412000000.0,0.014816019995879575,107603000000.0,-49637250000.0,-26827000000.0,15392500000.0,-145805750000.0,151482500000.0,-43879500000.0,23.061706399329886,True,-42.64982289118065,92.5,-9.8,-125.3,130.2,-37.7,-23.0,13.2,11.5,118.7,-42.6,92.5,-9.8,-125.3,-42.6,130.2,-37.7,-23.0,13.2,11.5,118.7,-42.64982289118065,277587000000.0,143193000000.0,-40302000000.0,-44248000000.0,-49844000000.0,264481000000.0,13106000000.0,29141316000000.0,0.0236609620081986,-76447000000.0,14.074783732929019,-53.387386254914695,-5.0,-65.0,16.6,28.1,-33.1,-29.4,-35.6,7.0,21.1,-53.4,209455000000.0,122972000000.0,-7568000000.0,-150533000000.0,71618000000.0,208655000000.0,800000000.0,24352548000000.0,0.0223100101301484,-56226000000.0,31.77857275288668,-45.722603519500375,49.6,-15.9,-79.4,78.1,-28.5,-60.8,44.9,15.9,62.2,-45.7,False
EVF,Private_3,2024-Q1,423011000000.0,375469000000.0,23295000000.0,-108524000000.0,-150160000000.0,164327000000.0,31257375000000.0,0.0328540446843148,398764000000.0,140080000000.0,24247000000.0,178062000000.0,102326750000.0,-74251000000.0,-96843000000.0,95358750000.0,177256250000.0,805750000.0,28915622000000.0,0.015928922999111722,220702000000.0,62000250000.0,-34273000000.0,-53317000000.0,-71111750000.0,198212750000.0,22489250000.0,7.7834015812773965,False,60.59046143848016,215.7,-85.6,-69.5,193.7,22.0,-33.5,-52.1,3.9,189.8,60.6,215.7,-85.6,-69.5,60.6,193.7,22.0,-33.5,-52.1,3.9,189.8,60.59046143848016,270423000000.0,66746000000.0,-82376000000.0,-95267000000.0,-26034000000.0,304722000000.0,-34299000000.0,33553388000000.0,0.026761622143077,97581000000.0,-7.085283041645413,146.19752494531508,192.2,-121.3,75.3,106.0,86.3,-39.2,-82.3,-3.5,109.5,146.2,90642000000.0,106116000000.0,-45203000000.0,-40720000000.0,101397000000.0,80453000000.0,10189000000.0,22469971000000.0,0.0079276991238494,58211000000.0,32.711103950677185,54.85600663424931,274.3,-162.8,-72.7,274.3,12.3,-59.7,-103.1,16.4,257.9,38.8,False
EVF,Private_3,2024-Q2,389640000000.0,385252000000.0,21607000000.0,101759000000.0,-345039000000.0,146360000000.0,37968575000000.0,0.0333508787045226,406859000000.0,163579000000.0,-17219000000.0,255092500000.0,116879500000.0,-90081250000.0,-124203000000.0,76071250000.0,251010250000.0,4082250000.0,31112473000000.0,0.022160509389228075,151766500000.0,29480500000.0,191840250000.0,-220836000000.0,-93290250000.0,134241750000.0,17524750000.0,19.849444090657105,True,25.222986066846627,129.8,-24.8,-79.8,114.9,15.0,164.1,-188.9,9.9,105.0,25.2,129.8,-24.8,-79.8,25.2,114.9,15.0,164.1,-188.9,9.9,105.0,25.222986066846627,398764000000.0,164327000000.0,-108524000000.0,-150160000000.0,24247000000.0,375469000000.0,23295000000.0,31257375000000.0,0.0328540446843148,-17967000000.0,19.38926081910035,-10.93368709950282,4.9,9.4,-25.2,5.9,-1.0,128.0,-118.6,9.7,-3.8,-10.9,73596000000.0,93252000000.0,-129123000000.0,-207137000000.0,355916000000.0,59369000000.0,14227000000.0,30497813000000.0,0.0053654087213219,53108000000.0,21.82315211370578,56.95105734997641,284.8,99.7,-284.8,284.8,7.9,247.6,-147.9,10.9,273.9,99.7,False
EVF,Private_3,2024-Q3,362346000000.0,391331000000.0,8702000000.0,-97963000000.0,-37818000000.0,226565000000.0,38588537000000.0,0.0328466495430801,400033000000.0,264252000000.0,-37687000000.0,338408250000.0,130156500000.0,-32360750000.0,-158678500000.0,-17212500000.0,332481000000.0,5927250000.0,32980163500000.0,0.02915687688502825,61624750000.0,96408500000.0,-65602250000.0,120860500000.0,-20474500000.0,58850000000.0,2774750000.0,15.672698989413675,False,74.07121426897619,47.3,42.4,-15.7,45.2,2.1,-50.4,92.9,7.8,37.4,74.0,47.3,42.4,-15.7,74.0,45.2,2.1,-50.4,92.9,7.8,37.4,74.07121426897619,406859000000.0,146360000000.0,101759000000.0,-345039000000.0,-17219000000.0,385252000000.0,21607000000.0,37968575000000.0,0.0333508787045226,80205000000.0,1.6196065494215612,54.799808690899155,-4.7,73.4,-14.0,4.2,-8.8,-136.5,209.9,0.8,3.4,54.7,277587000000.0,143193000000.0,-40302000000.0,-44248000000.0,-49844000000.0,264481000000.0,13106000000.0,29141316000000.0,0.0236609620081986,83372000000.0,27.89677101469569,58.2235165126787,85.5,-35.7,8.5,88.6,-3.1,-40.3,4.5,13.9,74.7,58.3,False
EVF,Private_3,2024-Q4,327087000000.0,292283000000.0,-13344000000.0,-48277000000.0,-112289000000.0,166521000000.0,46802982000000.0,0.0227379749797907,278939000000.0,118373000000.0,48148000000.0,369019750000.0,150999500000.0,-46776000000.0,-157071000000.0,-14173250000.0,364193500000.0,4826250000.0,35341968750000.0,0.031453298768748625,-90080750000.0,15521500000.0,-1501000000.0,44782000000.0,62321250000.0,-71910500000.0,-18170250000.0,27.904364529672566,True,10.279173109844734,-59.7,28.7,41.3,-47.6,-12.0,-1.0,29.7,14.0,-61.6,10.3,-59.7,28.7,41.3,10.3,-47.6,-12.0,-1.0,29.7,14.0,-61.6,10.279173109844734,400033000000.0,226565000000.0,-97963000000.0,-37818000000.0,-37687000000.0,391331000000.0,8702000000.0,38588537000000.0,0.0328466495430801,-60044000000.0,19.239486769172007,-26.501886875731028,-53.5,-10.9,37.9,-43.7,-9.7,21.9,-32.9,9.6,-53.3,-26.5,270423000000.0,66746000000.0,-82376000000.0,-95267000000.0,-26034000000.0,304722000000.0,-34299000000.0,33553388000000.0,0.026761622143077,99775000000.0,32.97708445515894,149.4846133101609,12.7,25.6,111.1,-18.7,31.4,51.1,-25.6,16.5,-35.2,149.4,False
EVF,Private_3,2025-Q1,426004000000.0,428809000000.0,6740000000.0,-53373000000.0,-67064000000.0,305567000000.0,44890887000000.0,0.0312104251331303,435549000000.0,315112000000.0,-9545000000.0,371148750000.0,175943250000.0,-38251250000.0,-161326500000.0,4372250000.0,361083750000.0,10065000000.0,38654367250000.0,0.030447386977927048,64400250000.0,129623750000.0,-15121750000.0,94262500000.0,-13917250000.0,67725250000.0,-3325000000.0,14.929680461173533,False,73.6736135089013,36.6,45.0,-7.9,38.5,-1.9,-8.6,53.6,7.5,31.0,73.7,36.6,45.0,-7.9,73.7,38.5,-1.9,-8.6,53.6,7.5,31.0,73.6736135089013,278939000000.0,166521000000.0,-48277000000.0,-112289000000.0,48148000000.0,292283000000.0,-13344000000.0,46802982000000.0,0.0227379749797907,139046000000.0,-4.170605997659451,83.50057950648868,94.0,24.1,-34.7,82.0,12.0,-3.1,27.1,-2.1,84.1,83.4,398764000000.0,164327000000.0,-108524000000.0,-150160000000.0,24247000000.0,375469000000.0,23295000000.0,31257375000000.0,0.0328540446843148,141240000000.0,35.80780871925875,85.9505741600589,22.3,84.1,-20.5,32.5,-10.1,33.5,50.5,17.9,14.6,85.9,False
EVF,Private_3,2025-Q2,581153000000.0,383033000000.0,17498000000.0,-64487000000.0,-224109000000.0,292557000000.0,52777867000000.0,0.0253360176835459,400531000000.0,111935000000.0,180622000000.0,380345000000.0,211253250000.0,-24463500000.0,-140552500000.0,-4075750000.0,374418750000.0,5926250000.0,42062745250000.0,0.030036482090130927,20186000000.0,81303750000.0,-40023500000.0,-83556500000.0,184697750000.0,8614250000.0,11571750000.0,22.596061952352066,False,38.48639015021071,9.5,-58.5,87.4,4.1,5.5,-18.9,-39.6,11.3,-7.2,38.4,9.5,-58.5,87.4,38.4,4.1,5.5,-18.9,-39.6,11.3,-7.2,38.48639015021071,435549000000.0,305567000000.0,-53373000000.0,-67064000000.0,-9545000000.0,428809000000.0,6740000000.0,44890887000000.0,0.0312104251331303,-13010000000.0,16.150467118685675,-4.25765871314638,-11.5,-55.0,62.2,-15.0,3.5,-3.6,-51.4,8.1,-23.1,-4.3,406859000000.0,146360000000.0,101759000000.0,-345039000000.0,-17219000000.0,385252000000.0,21607000000.0,37968575000000.0,0.0333508787045226,146197000000.0,32.638837784956905,99.88863077343537,-4.3,-31.0,135.1,-1.5,-2.8,-113.6,82.6,16.3,-17.8,99.8,False
HDB,Private_2,2018-Q1,2303017000000.0,1831440000000.0,110879000000.0,-1009080000000.0,-247179000000.0,1046758000000.0,115886169000000.0,0.0592445092588065,1942319000000.0,686060000000.0,360698000000.0,,,,,,,,,,,,,,,,,,False,0.0,,,,,,,,,,,,,,,,,,,,,0.0,,,,,,,,,,,,0.0,,,,,,,,,,,,,,,,,,,,,,0.0,,,,,,,,,,,False
HDB,Private_2,2018-Q2,2363924000000.0,1884382000000.0,114577000000.0,-1099993000000.0,-248139000000.0,1015792000000.0,120338093000000.0,0.0414097143917368,1998959000000.0,650827000000.0,364965000000.0,,,,,,,,,,,,,,,,,,False,0.0,,,,,,,,,,,,,,,,,,,,,0.0,1942319000000.0,1046758000000.0,-1009080000000.0,-247179000000.0,360698000000.0,1831440000000.0,110879000000.0,115886169000000.0,0.0592445092588065,-30966000000.0,3.7692351855035113,-2.958276889214126,5.4,-8.8,0.4,5.1,0.4,-8.7,-0.1,1.9,3.2,-3.0,,,,,,,,,,,,0.0,,,,,,,,,,,False
HDB,Private_2,2018-Q3,2116033000000.0,1768706000000.0,115441000000.0,-1148111000000.0,-146552000000.0,821370000000.0,120892934000000.0,0.0379080095355777,1884147000000.0,589484000000.0,231886000000.0,,,,,,,,,,,,,,,,,,False,0.0,,,,,,,,,,,,,,,,,,,,,0.0,1998959000000.0,1015792000000.0,-1099993000000.0,-248139000000.0,364965000000.0,1884382000000.0,114577000000.0,120338093000000.0,0.0414097143917368,-194422000000.0,0.46000799059732894,-19.139942035377324,-11.3,5.3,-13.1,-11.4,0.1,-4.7,10.0,0.2,-11.6,-19.1,,,,,,,,,,,,0.0,,,,,,,,,,,False
HDB,Private_2,2018-Q4,2657377000000.0,2161165000000.0,97277000000.0,-1184272000000.0,-352401000000.0,1120704000000.0,123131648000000.0,0.0434740192336927,2258442000000.0,721769000000.0,398935000000.0,,,,,,,,,,,,,,,,,,False,0.0,,,,,,,,,,,,,,,,,,,,,0.0,1884147000000.0,821370000000.0,-1148111000000.0,-146552000000.0,231886000000.0,1768706000000.0,115441000000.0,120892934000000.0,0.0379080095355777,299334000000.0,1.8348266241472344,36.4432594324117,45.6,-29.4,20.3,47.8,-2.2,-4.4,-25.1,0.9,46.9,36.5,,,,,,,,,,,,0.0,,,,,,,,,,,False
HDB,Private_2,2019-Q1,2465732000000.0,2029910000000.0,141848000000.0,-1137368000000.0,-226644000000.0,1101720000000.0,128936571000000.0,0.0405138820023531,2171758000000.0,807746000000.0,293974000000.0,2020966750000.0,1001156000000.0,-1110364000000.0,-248567750000.0,339121000000.0,1911423250000.0,109543500000.0,120062211000000.0,0.04550906310495342,150791250000.0,100564000000.0,-27004000000.0,21923750000.0,-45147000000.0,118486750000.0,32304500000.0,7.128034867254892,False,10.044788224812118,15.1,-0.5,-4.5,11.8,3.2,-2.7,2.2,3.6,8.2,10.1,15.1,-0.5,-4.5,10.1,11.8,3.2,-2.7,2.2,3.6,8.2,10.044788224812118,2258442000000.0,1120704000000.0,-1184272000000.0,-352401000000.0,398935000000.0,2161165000000.0,97277000000.0,123131648000000.0,0.0434740192336927,-18984000000.0,4.6058348990040665,-1.693935240705842,-7.7,15.4,-9.4,-11.7,4.0,4.2,11.2,2.3,-14.0,-1.7,1942319000000.0,1046758000000.0,-1009080000000.0,-247179000000.0,360698000000.0,1831440000000.0,110879000000.0,115886169000000.0,0.0592445092588065,54962000000.0,10.661102804420864,5.250688315732958,21.9,-10.3,-6.4,19.0,3.0,-12.3,2.0,5.3,13.7,5.2,False
HDB,Private_2,2019-Q2,2707570000000.0,2323741000000.0,144173000000.0,-1292905000000.0,-305733000000.0,1108932000000.0,137781337000000.0,0.0471446319551037,2467914000000.0,869276000000.0,239656000000.0,2078326500000.0,1014896500000.0,-1142436000000.0,-243434000000.0,322440000000.0,1961040750000.0,117285750000.0,123324811500000.0,0.04082640629084007,389587500000.0,94035500000.0,-150469000000.0,-62299000000.0,-82784000000.0,362700250000.0,26887250000.0,11.073293817897206,False,9.265526090591504,38.4,-21.0,-8.2,35.7,2.6,-14.8,-6.1,5.5,30.2,9.2,38.4,-21.0,-8.2,9.2,35.7,2.6,-14.8,-6.1,5.5,30.2,9.265526090591504,2171758000000.0,1101720000000.0,-1137368000000.0,-226644000000.0,293974000000.0,2029910000000.0,141848000000.0,128936571000000.0,0.0405138820023531,7212000000.0,6.632300070379976,0.6546127872780744,-4.2,3.9,0.9,-4.2,-0.0,2.6,1.3,3.3,-7.5,0.6,1998959000000.0,1015792000000.0,-1099993000000.0,-248139000000.0,364965000000.0,1884382000000.0,114577000000.0,120338093000000.0,0.0414097143917368,93140000000.0,13.515638090476179,9.169199993699499,45.8,-24.7,-12.3,43.3,2.9,-19.0,-5.7,6.8,36.5,8.8,False
HDB,Private_2,2019-Q3,2871038000000.0,2504870000000.0,149117000000.0,-1284028000000.0,-349486000000.0,1237524000000.0,140167685000000.0,0.0489225318791575,2653987000000.0,1020473000000.0,217051000000.0,2195565250000.0,1038181500000.0,-1190664000000.0,-257832500000.0,291112750000.0,2070880500000.0,124684750000.0,127685622500000.0,0.0422601356816818,458421750000.0,199342500000.0,-93364000000.0,-91653500000.0,-74061750000.0,433989500000.0,24432250000.0,9.320073451025054,False,19.201122347104047,44.2,-17.8,-7.1,41.8,2.4,-9.0,-8.8,4.7,37.1,19.3,44.2,-17.8,-7.1,19.3,41.8,2.4,-9.0,-8.8,4.7,37.1,19.201122347104047,2467914000000.0,1108932000000.0,-1292905000000.0,-305733000000.0,239656000000.0,2323741000000.0,144173000000.0,137781337000000.0,0.0471446319551037,128592000000.0,1.7171119961702908,11.596022118578956,16.8,-3.1,-2.0,16.3,0.4,0.8,-3.9,0.9,15.4,11.7,1884147000000.0,821370000000.0,-1148111000000.0,-146552000000.0,231886000000.0,1768706000000.0,115441000000.0,120892934000000.0,0.0379080095355777,416154000000.0,14.76649452056957,50.6658387815479,93.7,-41.2,-1.8,89.6,4.1,-16.6,-24.7,7.4,82.2,50.7,False
HDB,Private_2,2019-Q4,3343654000000.0,2888034000000.0,160738000000.0,-1366195000000.0,-407220000000.0,1570239000000.0,146324378000000.0,0.0542963966859321,3048772000000.0,1275357000000.0,294882000000.0,2388025250000.0,1142220000000.0,-1224643250000.0,-308566000000.0,287404000000.0,2254921500000.0,133103750000.0,132504310250000.0,0.04501376626757675,660746750000.0,428019000000.0,-141551750000.0,-98654000000.0,7478000000.0,633112500000.0,27634250000.0,9.912945354897499,False,37.472553448547565,57.9,-21.0,0.6,55.4,2.4,-12.4,-8.6,5.0,50.4,37.5,57.9,-21.0,0.6,37.5,55.4,2.4,-12.4,-8.6,5.0,50.4,37.472553448547565,2653987000000.0,1237524000000.0,-1284028000000.0,-349486000000.0,217051000000.0,2504870000000.0,149117000000.0,140167685000000.0,0.0489225318791575,332715000000.0,4.297985037023521,26.88553918954299,31.9,-11.3,6.3,31.0,0.9,-6.6,-4.7,2.1,28.9,26.9,2258442000000.0,1120704000000.0,-1184272000000.0,-352401000000.0,398935000000.0,2161165000000.0,97277000000.0,123131648000000.0,0.0434740192336927,449535000000.0,17.214482336349754,40.111840414596536,70.5,-21.1,-9.3,64.9,5.7,-16.2,-4.9,8.6,56.3,40.1,False
HDB,Private_2,2020-Q1,3150845000000.0,2883597000000.0,158110000000.0,-1607759000000.0,-292438000000.0,1250648000000.0,152405077000000.0,0.0529350805752536,3041707000000.0,1141510000000.0,109138000000.0,2585607750000.0,1254603750000.0,-1270124000000.0,-322270750000.0,261390750000.0,2436638750000.0,148969000000.0,138302492750000.0,0.0477193606306366,456099250000.0,-3955750000.0,-337635000000.0,29832750000.0,-152252750000.0,446958250000.0,9141000000.0,9.702247700070425,True,-0.31529875468648966,0.5,-0.5,-0.3,0.5,0.0,-0.5,0.1,4.9,-4.4,-0.3,0.5,-0.5,-0.3,-0.3,0.5,0.0,-0.5,0.1,4.9,-4.4,-0.31529875468648966,3048772000000.0,1570239000000.0,-1366195000000.0,-407220000000.0,294882000000.0,2888034000000.0,160738000000.0,146324378000000.0,0.0542963966859321,-319591000000.0,4.0710408017850135,-20.35301632426656,-0.4,-8.1,-11.8,-0.3,-0.2,-15.4,7.3,2.0,-2.3,-20.3,2171758000000.0,1101720000000.0,-1137368000000.0,-226644000000.0,293974000000.0,2029910000000.0,141848000000.0,128936571000000.0,0.0405138820023531,148928000000.0,16.683278971906784,13.517772210725049,67.6,-48.7,-16.8,67.6,1.5,-42.7,-6.0,8.3,59.3,2.1,True
HDB,Private_2,2020-Q2,3195379000000.0,2709540000000.0,212866000000.0,-1130488000000.0,-407959000000.0,1656932000000.0,160371930000000.0,0.0482589279190305,2922406000000.0,1383959000000.0,272973000000.0,2803095000000.0,1291835750000.0,-1387721750000.0,-338719250000.0,215181750000.0,2650060500000.0,153034500000.0,144169619250000.0,0.05082466027386172,119311000000.0,365096250000.0,257233750000.0,-69239750000.0,57791250000.0,59479500000.0,59831500000.0,10.640459924041053,False,28.261816566076607,9.2,14.6,4.5,4.6,4.6,19.9,-5.4,5.3,-0.7,28.3,9.2,14.6,4.5,28.3,4.6,4.6,19.9,-5.4,5.3,-0.7,28.261816566076607,3041707000000.0,1250648000000.0,-1607759000000.0,-292438000000.0,109138000000.0,2883597000000.0,158110000000.0,152405077000000.0,0.0529350805752536,406284000000.0,5.094270244743406,32.48587932016043,-9.6,28.9,13.1,-13.9,4.4,38.2,-9.2,2.5,-16.4,32.4,2467914000000.0,1108932000000.0,-1292905000000.0,-305733000000.0,239656000000.0,2323741000000.0,144173000000.0,137781337000000.0,0.0471446319551037,548000000000.0,15.153677990722805,49.416916456554596,41.0,5.4,3.0,34.8,6.2,14.6,-9.2,7.6,27.2,49.4,False
HDB,Private_2,2020-Q3,3468528000000.0,3021583000000.0,328852000000.0,-1562467000000.0,-432226000000.0,1473835000000.0,164462771000000.0,0.0493166289695136,3350435000000.0,1355742000000.0,118093000000.0,2916718000000.0,1428835750000.0,-1347117500000.0,-364275750000.0,223511000000.0,2746510250000.0,170207750000.0,149817267500000.0,0.05110323426484342,433717000000.0,44999250000.0,-215349500000.0,-67950250000.0,-105418000000.0,275072750000.0,158644250000.0,9.320034177099034,True,3.1493647887799563,-7.5,7.5,3.1,-7.5,-4.7,6.4,2.0,4.7,-12.2,3.1,-7.5,7.5,3.1,3.1,-7.5,-4.7,6.4,2.0,4.7,-12.2,3.1493647887799563,2922406000000.0,1656932000000.0,-1130488000000.0,-407959000000.0,272973000000.0,2709540000000.0,212866000000.0,160371930000000.0,0.0482589279190305,-183097000000.0,2.5187216682247255,-11.050362959976631,25.8,-27.5,-9.3,18.8,7.0,-26.1,-1.5,1.3,17.5,-11.0,2653987000000.0,1237524000000.0,-1284028000000.0,-349486000000.0,217051000000.0,2504870000000.0,149117000000.0,140167685000000.0,0.0489225318791575,236311000000.0,15.9505299102464,19.095468047488374,56.3,-29.2,-8.0,41.8,14.5,-22.5,-6.7,8.0,33.8,19.1,True
HDB,Private_2,2020-Q4,3964683000000.0,3212161000000.0,320979000000.0,-1872114000000.0,-655763000000.0,1436806000000.0,178323092000000.0,0.0457316890812816,3533140000000.0,1005263000000.0,431543000000.0,3090830000000.0,1487913500000.0,-1416727250000.0,-384960750000.0,198771500000.0,2875688500000.0,215141500000.0,155891039000000.0,0.051201758537432446,442310000000.0,-51107500000.0,-455386750000.0,-270802250000.0,232771500000.0,336472500000.0,105837500000.0,13.423760948037234,False,-3.434843490565816,17.2,-17.2,15.6,17.2,7.1,-17.2,-17.2,6.7,10.5,15.6,17.2,-17.2,15.6,15.6,17.2,7.1,-17.2,-17.2,6.7,10.5,-3.434843490565816,3350435000000.0,1473835000000.0,-1562467000000.0,-432226000000.0,118093000000.0,3021583000000.0,328852000000.0,164462771000000.0,0.0493166289695136,-37029000000.0,8.086868506592992,-2.512425067935013,-2.5,3.4,-3.4,-2.6,0.1,3.4,3.1,4.0,-6.6,-2.5,3048772000000.0,1570239000000.0,-1366195000000.0,-407220000000.0,294882000000.0,2888034000000.0,160738000000.0,146324378000000.0,0.0542963966859321,-133433000000.0,19.71289904091968,-8.497623610163803,30.8,-42.5,8.7,20.6,10.2,-32.2,-15.8,9.9,10.7,-3.0,True
HDB,Private_2,2021-Q1,4168466000000.0,3362798000000.0,313421000000.0,-1631572000000.0,-436712000000.0,2100182000000.0,187279481000000.0,0.0441062870798227,3676219000000.0,1607935000000.0,492247000000.0,3211922000000.0,1454555250000.0,-1543207000000.0,-447096500000.0,232936750000.0,2956720250000.0,255201750000.0,163890717500000.0,0.04906058163626982,464297000000.0,645626750000.0,-88365000000.0,10384500000.0,259310250000.0,406077750000.0,58219250000.0,13.320471725621102,False,44.3865401468937,31.9,-5.4,17.8,27.9,4.0,-6.1,0.7,6.7,21.2,44.3,31.9,-5.4,17.8,44.3,27.9,4.0,-6.1,0.7,6.7,21.2,44.3865401468937,3533140000000.0,1436806000000.0,-1872114000000.0,-655763000000.0,431543000000.0,3212161000000.0,320979000000.0,178323092000000.0,0.0457316890812816,663376000000.0,4.899521864141804,46.17018581492561,10.0,32.0,4.2,10.5,-0.5,16.8,15.2,2.4,8.1,46.2,3041707000000.0,1250648000000.0,-1607759000000.0,-292438000000.0,109138000000.0,2883597000000.0,158110000000.0,152405077000000.0,0.0529350805752536,849534000000.0,20.53340558389469,67.92750638069225,50.7,-13.4,30.6,38.3,12.4,-1.9,-11.5,10.3,28.0,67.9,False
HDB,Private_2,2021-Q2,4254011000000.0,3468701000000.0,543972000000.0,-1682984000000.0,-477774000000.0,2093253000000.0,191841072000000.0,0.044792300246226,4012673000000.0,1851915000000.0,241338000000.0,3370550000000.0,1666938750000.0,-1549160250000.0,-483165000000.0,328714000000.0,3076520500000.0,294029500000.0,172609318500000.0,0.046853383262412104,642123000000.0,426314250000.0,-133823750000.0,5391000000.0,-87376000000.0,392180500000.0,249942500000.0,10.553838877008968,False,25.574679933500853,38.5,-7.7,-5.2,23.5,15.0,-8.0,0.3,5.3,18.2,25.6,38.5,-7.7,-5.2,25.6,23.5,15.0,-8.0,0.3,5.3,18.2,25.574679933500853,3676219000000.0,2100182000000.0,-1631572000000.0,-436712000000.0,492247000000.0,3362798000000.0,313421000000.0,187279481000000.0,0.0441062870798227,-6929000000.0,2.406406597534162,-0.32992378755745927,0.9,-0.3,-0.9,0.4,0.8,-0.2,-0.1,1.2,-0.8,-0.3,2922406000000.0,1656932000000.0,-1130488000000.0,-407959000000.0,272973000000.0,2709540000000.0,212866000000.0,160371930000000.0,0.0482589279190305,436321000000.0,17.869381210407447,26.33306617290269,65.8,-37.6,-1.9,45.8,20.0,-33.3,-4.2,8.9,36.9,26.3,False
HDB,Private_2,2021-Q3,3705933000000.0,3306282000000.0,328914000000.0,-1411602000000.0,-403307000000.0,1891024000000.0,191514813000000.0,0.0415927200078309,3635196000000.0,1820287000000.0,70737000000.0,3643116750000.0,1776019000000.0,-1687284250000.0,-500618750000.0,320805250000.0,3266310750000.0,376806000000.0,180476604000000.0,0.04598672634421098,-7920750000.0,115005000000.0,275682250000.0,97311750000.0,-250068250000.0,39971250000.0,-47892000000.0,5.9346578956148335,False,6.475437481243162,-0.4,21.0,-14.1,2.3,-2.7,15.5,5.5,3.0,-0.7,6.5,-0.4,21.0,-14.1,6.5,2.3,-2.7,15.5,5.5,3.0,-0.7,6.475437481243162,4012673000000.0,2093253000000.0,-1682984000000.0,-477774000000.0,241338000000.0,3468701000000.0,543972000000.0,191841072000000.0,0.044792300246226,-202229000000.0,-0.17021207330624388,-9.660991767359226,-18.0,16.5,-8.2,-7.8,-10.3,13.0,3.6,-0.1,-7.7,-9.7,3350435000000.0,1473835000000.0,-1562467000000.0,-432226000000.0,118093000000.0,3021583000000.0,328852000000.0,164462771000000.0,0.0493166289695136,417189000000.0,15.198733412382506,28.306357224519708,19.3,12.2,-3.2,19.3,0.0,10.2,2.0,7.6,11.7,28.3,False
HDB,Private_2,2021-Q4,4629835000000.0,3752996000000.0,741131000000.0,-1656610000000.0,-988067000000.0,1985158000000.0,203210901000000.0,0.0446485228591364,4494127000000.0,1849450000000.0,135708000000.0,3714307000000.0,1880316250000.0,-1649568000000.0,-493389000000.0,308966250000.0,3337485500000.0,376821500000.0,187239614500000.0,0.0440557491037903,779820000000.0,104841750000.0,-7042000000.0,-494678000000.0,-173258250000.0,415510500000.0,364309500000.0,8.18095295868549,False,5.575750887649884,27.9,-26.7,-9.2,22.1,19.4,-0.4,-26.3,4.1,18.0,-8.0,27.9,-26.7,-9.2,-8.0,22.1,19.4,-0.4,-26.3,4.1,18.0,5.575750887649884,3635196000000.0,1891024000000.0,-1411602000000.0,-403307000000.0,70737000000.0,3306282000000.0,328914000000.0,191514813000000.0,0.0415927200078309,94134000000.0,5.926184986266185,4.977937879159651,24.9,-24.9,3.4,23.6,21.8,-13.0,-24.9,3.0,20.6,3.4,3533140000000.0,1436806000000.0,-1872114000000.0,-655763000000.0,431543000000.0,3212161000000.0,320979000000.0,178323092000000.0,0.0457316890812816,548352000000.0,13.046181706802729,38.164651316879244,66.9,-8.1,-20.6,37.6,29.2,15.0,-23.1,6.5,31.1,38.2,True
HDB,Private_2,2022-Q1,5122435000000.0,4043391000000.0,608285000000.0,-1925612000000.0,-669308000000.0,2527515000000.0,225153895000000.0,0.0460272187448468,4651676000000.0,2056756000000.0,470759000000.0,3954553750000.0,2017404250000.0,-1595692000000.0,-576465000000.0,235007500000.0,3472694250000.0,481859500000.0,193461566750000.0,0.043784957548254,697122250000.0,510110750000.0,-329920000000.0,-92843000000.0,235751500000.0,570696750000.0,126425500000.0,15.14149913025758,False,25.285499919017223,34.6,-21.0,11.7,28.3,6.3,-16.4,-4.6,7.6,20.7,25.3,34.6,-21.0,11.7,25.3,28.3,6.3,-16.4,-4.6,7.6,20.7,25.285499919017223,4494127000000.0,1985158000000.0,-1656610000000.0,-988067000000.0,135708000000.0,3752996000000.0,741131000000.0,203210901000000.0,0.0446485228591364,542357000000.0,10.245003419935564,27.32059614398451,7.9,2.5,16.9,14.6,-6.7,-13.6,16.1,5.1,9.5,27.3,3676219000000.0,2100182000000.0,-1631572000000.0,-436712000000.0,492247000000.0,3362798000000.0,313421000000.0,187279481000000.0,0.0441062870798227,427333000000.0,18.366318636637207,20.347427032514325,46.5,-25.1,-1.0,32.4,14.0,-14.0,-11.1,9.2,23.2,20.4,False
HDB,Private_2,2022-Q2,5581552000000.0,4551225000000.0,835243000000.0,-2033070000000.0,-772314000000.0,2776168000000.0,237688422000000.0,0.0514305423186394,5386468000000.0,2581084000000.0,195084000000.0,4198418000000.0,2124237500000.0,-1669202000000.0,-634614000000.0,229635500000.0,3642842500000.0,555575500000.0,202930170250000.0,0.044265190464510024,1188050000000.0,651930500000.0,-363868000000.0,-137700000000.0,-34551500000.0,908382500000.0,279667500000.0,15.777024556548316,False,30.690094681032605,55.9,-23.6,-1.6,42.8,13.2,-17.1,-6.5,7.9,34.9,30.7,55.9,-23.6,-1.6,30.7,42.8,13.2,-17.1,-6.5,7.9,34.9,30.690094681032605,4651676000000.0,2527515000000.0,-1925612000000.0,-669308000000.0,470759000000.0,4043391000000.0,608285000000.0,225153895000000.0,0.0460272187448468,248653000000.0,5.41632713328587,9.837844681436113,29.1,-8.3,-10.9,20.1,9.0,-4.2,-4.1,2.7,17.4,9.9,4012673000000.0,2093253000000.0,-1682984000000.0,-477774000000.0,241338000000.0,3468701000000.0,543972000000.0,191841072000000.0,0.044792300246226,682915000000.0,21.34770749875444,32.62458001971095,65.6,-30.8,-2.2,51.7,13.9,-16.7,-14.1,10.7,41.0,32.6,False
HDB,Private_2,2022-Q3,5394271000000.0,4484850000000.0,693273000000.0,-2000925000000.0,-680925000000.0,2712421000000.0,246497884000000.0,0.0499120393303776,5178123000000.0,2496273000000.0,216148000000.0,4541866750000.0,2294966250000.0,-1756723500000.0,-708249000000.0,218072000000.0,3913473500000.0,628393250000.0,214392007750000.0,0.04592475098261337,636256250000.0,417454750000.0,-244201500000.0,27324000000.0,-1924000000.0,571376500000.0,64879750000.0,13.932124277273218,False,18.190016955587037,27.7,-9.5,-0.1,24.9,2.8,-10.6,1.2,7.0,17.9,18.1,27.7,-9.5,-0.1,18.1,24.9,2.8,-10.6,1.2,7.0,17.9,18.190016955587037,5386468000000.0,2776168000000.0,-2033070000000.0,-772314000000.0,195084000000.0,4551225000000.0,835243000000.0,237688422000000.0,0.0514305423186394,-63747000000.0,3.638872843297638,-2.296222706983151,-7.5,4.5,0.8,-2.4,-5.1,1.2,3.3,1.8,-4.2,-2.2,3635196000000.0,1891024000000.0,-1411602000000.0,-403307000000.0,70737000000.0,3306282000000.0,328914000000.0,191514813000000.0,0.0415927200078309,821397000000.0,25.10569733552724,43.43662481279984,81.6,-45.8,7.7,62.3,19.3,-31.1,-14.7,12.6,49.7,43.5,False
HDB,Private_2,2022-Q4,5868846000000.0,4932102000000.0,820017000000.0,-2671102000000.0,-945792000000.0,2251952000000.0,263856383000000.0,0.0532662849378026,5752119000000.0,2135225000000.0,116727000000.0,4927598500000.0,2500315500000.0,-1904054250000.0,-777653500000.0,254424750000.0,4208115500000.0,719483000000.0,228137775500000.0,0.04800458081325005,824520500000.0,-248363500000.0,-767047750000.0,-168138500000.0,-137697750000.0,723986500000.0,100534000000.0,14.519931541016456,False,-9.933286419253891,33.0,-37.4,-5.5,29.0,4.0,-30.7,-6.7,7.3,21.7,-9.9,33.0,-37.4,-5.5,-9.9,29.0,4.0,-30.7,-6.7,7.3,21.7,-9.933286419253891,5178123000000.0,2712421000000.0,-2000925000000.0,-680925000000.0,216148000000.0,4484850000000.0,693273000000.0,246497884000000.0,0.0499120393303776,-460469000000.0,6.802529192922374,-16.976310093455258,21.2,-34.5,-3.7,16.5,4.7,-24.7,-9.8,3.4,13.1,-17.0,4494127000000.0,1985158000000.0,-1656610000000.0,-988067000000.0,135708000000.0,3752996000000.0,741131000000.0,203210901000000.0,0.0446485228591364,266794000000.0,25.968627680631982,13.43943404001092,63.4,-49.0,-1.0,59.4,4.0,-51.1,2.1,13.0,46.4,13.4,False
HDB,Private_2,2023-Q1,5657407000000.0,4840808000000.0,677195000000.0,-1958618000000.0,-956090000000.0,2742699000000.0,288528712000000.0,0.0488953249692766,5518003000000.0,2603295000000.0,139404000000.0,5242096500000.0,2567014000000.0,-2157677250000.0,-767084750000.0,249679500000.0,4502892000000.0,739204500000.0,243299146000000.0,0.050159021332916595,275906500000.0,175685000000.0,199059250000.0,-189005250000.0,-110275500000.0,337916000000.0,-62009500000.0,17.009099963319336,False,6.843943975373722,10.7,0.4,-4.3,13.2,-2.4,7.8,-7.4,8.5,4.7,6.8,10.7,0.4,-4.3,6.8,13.2,-2.4,7.8,-7.4,8.5,4.7,6.843943975373722,5752119000000.0,2251952000000.0,-2671102000000.0,-945792000000.0,116727000000.0,4932102000000.0,820017000000.0,263856383000000.0,0.0532662849378026,490747000000.0,8.933017644149142,21.792071944695092,-10.4,31.2,1.0,-4.1,-6.3,31.6,-0.5,4.5,-8.6,21.8,4651676000000.0,2527515000000.0,-1925612000000.0,-669308000000.0,470759000000.0,4043391000000.0,608285000000.0,225153895000000.0,0.0460272187448468,215184000000.0,24.67469839795452,8.513658672648827,34.3,-12.7,-13.1,31.6,2.7,-1.3,-11.3,12.3,19.3,8.5,False
HDB,Private_2,2023-Q2,6413391000000.0,4954515000000.0,600864000000.0,-2238587000000.0,-1433167000000.0,2741637000000.0,287355418000000.0,0.0461708826837848,5555379000000.0,1883625000000.0,858012000000.0,5458678250000.0,2620810000000.0,-2165928750000.0,-838780250000.0,166840750000.0,4702246250000.0,756432000000.0,259142850250000.0,0.050876047889024056,96700750000.0,120827000000.0,-72658250000.0,-594386750000.0,691171250000.0,252268750000.0,-155568000000.0,10.324851656105865,False,4.6102922378959175,3.7,-23.1,23.1,9.6,-5.9,-2.8,-22.7,5.2,4.4,3.7,3.7,-23.1,23.1,3.7,9.6,-5.9,-2.8,-22.7,5.2,4.4,4.6102922378959175,5518003000000.0,2742699000000.0,-1958618000000.0,-956090000000.0,139404000000.0,4840808000000.0,677195000000.0,288528712000000.0,0.0488953249692766,-1062000000.0,-0.40747571911731617,-0.03872098250664765,-0.0,0.3,-0.3,-0.1,0.1,0.3,0.3,-0.2,0.1,0.0,5386468000000.0,2776168000000.0,-2033070000000.0,-772314000000.0,195084000000.0,4551225000000.0,835243000000.0,237688422000000.0,0.0514305423186394,-34531000000.0,18.919180539286014,-1.2438368283187473,-1.2,1.8,-1.8,-1.8,1.7,1.5,1.8,9.5,-11.3,-1.2,True
HDB,Private_2,2023-Q3,6085228000000.0,4916148000000.0,317959000000.0,-2301873000000.0,-636089000000.0,3147266000000.0,291716649000000.0,0.0440353619869918,5234107000000.0,2296145000000.0,851121000000.0,5500906000000.0,2612177250000.0,-2217308000000.0,-1003993500000.0,332572750000.0,4803068750000.0,697837250000.0,271559599250000.0,0.049561132980310396,-266799000000.0,535088750000.0,-84565000000.0,367904500000.0,518548250000.0,113079250000.0,-379878250000.0,7.157074281979543,False,20.48439668479618,-10.2,10.9,19.8,4.3,-14.5,-3.2,14.1,3.6,0.7,20.5,-10.2,10.9,19.8,20.5,4.3,-14.5,-3.2,14.1,3.6,0.7,20.48439668479618,5555379000000.0,2741637000000.0,-2238587000000.0,-1433167000000.0,858012000000.0,4954515000000.0,600864000000.0,287355418000000.0,0.0461708826837848,405629000000.0,1.5062826368380156,14.795138816699657,-11.7,26.8,-0.3,-1.4,-10.3,-2.3,29.1,0.8,-2.2,14.8,5178123000000.0,2712421000000.0,-2000925000000.0,-680925000000.0,216148000000.0,4484850000000.0,693273000000.0,246497884000000.0,0.0499120393303776,434845000000.0,16.80324934666898,16.031618985400865,2.1,-9.4,23.4,15.9,-13.8,-11.1,1.7,8.4,7.5,16.1,False
HDB,Private_2,2023-Q4,8257659000000.0,7472503000000.0,591784000000.0,-2630124000000.0,-1242405000000.0,4385130000000.0,343404295000000.0,0.0600219866734254,8064287000000.0,4191758000000.0,193372000000.0,5514902000000.0,2720888500000.0,-2292545000000.0,-992784500000.0,491316000000.0,4910893250000.0,604008750000.0,282864290500000.0,0.04809196364446395,2549385000000.0,1664241500000.0,-337579000000.0,-249620500000.0,-297944000000.0,2561609750000.0,-12224750000.0,19.333559403004735,False,61.16536932696801,93.7,-21.6,-10.9,94.1,-0.4,-12.4,-9.2,9.7,84.4,61.2,93.7,-21.6,-10.9,61.2,94.1,-0.4,-12.4,-9.2,9.7,84.4,61.16536932696801,5234107000000.0,3147266000000.0,-2301873000000.0,-636089000000.0,851121000000.0,4916148000000.0,317959000000.0,291716649000000.0,0.0440353619869918,1237864000000.0,16.27647347746731,39.33140700531826,89.9,-29.7,-20.9,81.2,8.7,-10.4,-19.3,8.1,73.1,39.3,5752119000000.0,2251952000000.0,-2671102000000.0,-945792000000.0,116727000000.0,4932102000000.0,820017000000.0,263856383000000.0,0.0532662849378026,2133178000000.0,26.198933960943872,94.72573127668797,102.7,-11.4,3.4,112.8,-10.1,1.8,-13.2,13.1,99.7,94.7,False
HDB,Private_2,2024-Q1,7752065000000.0,7160350000000.0,356762000000.0,-2454639000000.0,-1269851000000.0,4027575000000.0,363449382000000.0,0.052742587624835,7517112000000.0,3792622000000.0,234953000000.0,6092944000000.0,3254183000000.0,-2282300500000.0,-1066937750000.0,510477250000.0,5545993500000.0,546950500000.0,302751268500000.0,0.04978088907836965,1424168000000.0,773392000000.0,-172338500000.0,-202913250000.0,-275524250000.0,1614356500000.0,-190188500000.0,18.222171789968854,False,23.766088139480786,43.8,-11.5,-8.5,49.6,-5.8,-5.3,-6.2,9.1,40.5,23.8,43.8,-11.5,-8.5,23.8,49.6,-5.8,-5.3,-6.2,9.1,40.5,23.766088139480786,8064287000000.0,4385130000000.0,-2630124000000.0,-1242405000000.0,193372000000.0,7472503000000.0,591784000000.0,343404295000000.0,0.0600219866734254,-357555000000.0,5.671636903715223,-8.15380615854034,-12.5,3.4,0.9,-7.1,-5.4,4.0,-0.6,2.8,-9.9,-8.2,5518003000000.0,2742699000000.0,-1958618000000.0,-956090000000.0,139404000000.0,4840808000000.0,677195000000.0,288528712000000.0,0.0488953249692766,1284876000000.0,22.982572785643317,46.84713853033089,72.9,-29.5,3.5,84.6,-11.7,-18.1,-11.4,11.5,73.1,46.9,False
HDB,Private_2,2024-Q2,8293016000000.0,7719878000000.0,224569000000.0,-3029780000000.0,-1126231000000.0,4137005000000.0,386186737000000.0,0.0559533117825904,7944447000000.0,3788436000000.0,348569000000.0,6592721250000.0,3575402000000.0,-2406305750000.0,-1145378000000.0,534364500000.0,6125879000000.0,466842250000.0,321481436000000.0,0.05074270474225925,1351725750000.0,561603000000.0,-623474250000.0,19147000000.0,-185795500000.0,1593999000000.0,-242273250000.0,18.28690436244898,False,15.707408565526338,37.8,-16.9,-5.2,44.6,-6.8,-17.4,0.5,9.1,35.5,15.7,37.8,-16.9,-5.2,15.7,44.6,-6.8,-17.4,0.5,9.1,35.5,15.707408565526338,7517112000000.0,4027575000000.0,-2454639000000.0,-1269851000000.0,234953000000.0,7160350000000.0,356762000000.0,363449382000000.0,0.052742587624835,109430000000.0,6.066237851594234,2.717019546501307,10.6,-10.7,2.8,13.6,-3.3,-13.6,3.6,3.0,10.6,2.7,5555379000000.0,2741637000000.0,-2238587000000.0,-1433167000000.0,858012000000.0,4954515000000.0,600864000000.0,287355418000000.0,0.0461708826837848,1395368000000.0,29.34673598863311,50.8954321815762,87.1,-17.7,-18.6,100.9,-13.7,-28.9,11.2,14.7,86.2,50.8,False
HDB,Private_2,2024-Q3,8534972000000.0,7773445000000.0,412110000000.0,-2951077000000.0,-1093488000000.0,4490407000000.0,398724457000000.0,0.0546148610698514,8185555000000.0,4140990000000.0,349417000000.0,7189988250000.0,3924244000000.0,-2604104000000.0,-1068644000000.0,407003750000.0,6817219750000.0,372768500000.0,346189265750000.0,0.05318831201696064,995566750000.0,566163000000.0,-346973000000.0,-24844000000.0,-57586750000.0,956225250000.0,39341500000.0,14.105040529004,False,14.427313897912567,25.4,-9.5,-1.5,24.4,1.0,-8.8,-0.6,7.1,17.3,14.4,25.4,-9.5,-1.5,14.4,24.4,1.0,-8.8,-0.6,7.1,17.3,14.427313897912567,7944447000000.0,4137005000000.0,-3029780000000.0,-1126231000000.0,348569000000.0,7719878000000.0,224569000000.0,386186737000000.0,0.0559533117825904,353402000000.0,3.194684977317319,8.54246006470865,5.8,2.7,0.0,1.3,4.5,1.9,0.8,1.6,-0.3,8.5,5234107000000.0,3147266000000.0,-2301873000000.0,-636089000000.0,851121000000.0,4916148000000.0,317959000000.0,291716649000000.0,0.0440353619869918,1343141000000.0,30.99694009238204,42.67643726332633,93.8,-35.2,-16.0,90.8,3.0,-20.6,-14.6,15.5,75.3,42.6,False
HDB,Private_2,2024-Q4,9452131000000.0,8203403000000.0,423137000000.0,-3545259000000.0,-1831864000000.0,4075008000000.0,442484841000000.0,0.053864070532878,8626540000000.0,3249417000000.0,825591000000.0,7927850250000.0,4260029250000.0,-2766405000000.0,-1182993750000.0,281577750000.0,7531544000000.0,396306250000.0,372941217750000.0,0.05583318678767555,698689750000.0,-185021250000.0,-778854000000.0,-648870250000.0,544013250000.0,671859000000.0,26830750000.0,17.057002901429534,False,-4.343192009773173,16.4,-21.7,12.8,15.8,0.6,-18.3,-15.2,8.5,7.3,7.5,16.4,-21.7,12.8,7.5,15.8,0.6,-18.3,-15.2,8.5,7.3,-4.343192009773173,8185555000000.0,4490407000000.0,-2951077000000.0,-1093488000000.0,349417000000.0,7773445000000.0,412110000000.0,398724457000000.0,0.0546148610698514,-415399000000.0,10.404160796615445,-9.250809559133504,9.8,-29.7,10.6,9.6,0.2,-13.2,-16.4,5.2,4.4,-9.3,8064287000000.0,4385130000000.0,-2630124000000.0,-1242405000000.0,193372000000.0,7472503000000.0,591784000000.0,343404295000000.0,0.0600219866734254,-310122000000.0,25.21489137877585,-7.072127850257575,12.8,-34.3,14.4,16.7,-3.8,-20.9,-13.4,12.6,4.1,-7.1,True
HDB,Private_2,2025-Q1,9204553000000.0,7408100000000.0,733290000000.0,-2524523000000.0,-1324795000000.0,5355235000000.0,446106052000000.0,0.0456975033881865,8141390000000.0,4292072000000.0,1063163000000.0,8068413500000.0,4182498750000.0,-2995188750000.0,-1330358500000.0,439632500000.0,7714269000000.0,354144500000.0,397711354250000.0,0.0542937077525387,72976500000.0,1172736250000.0,470665750000.0,5563500000.0,623530500000.0,-306169000000.0,379145500000.0,11.470419403901696,False,28.039129718807448,1.7,11.4,14.9,-7.3,9.1,11.2,0.1,5.7,-13.0,28.0,1.7,11.4,14.9,28.0,-7.3,9.1,11.2,0.1,5.7,-13.0,28.039129718807448,8626540000000.0,4075008000000.0,-3545259000000.0,-1831864000000.0,825591000000.0,8203403000000.0,423137000000.0,442484841000000.0,0.053864070532878,1280227000000.0,0.8150457153064702,31.416551820266363,-11.9,37.5,5.8,-19.5,7.6,25.0,12.4,0.4,-19.9,31.4,7517112000000.0,4027575000000.0,-2454639000000.0,-1269851000000.0,234953000000.0,7160350000000.0,356762000000.0,363449382000000.0,0.052742587624835,1327660000000.0,20.420261918716243,32.964252683066114,15.5,-3.1,20.6,6.2,9.4,-1.7,-1.4,10.2,-4.0,33.0,False
HDB,Private_2,2025-Q2,11635887000000.0,9819158000000.0,1331560000000.0,-2782029000000.0,-4141072000000.0,4712786000000.0,508548842000000.0,0.0569392757295699,11150718000000.0,4227617000000.0,485169000000.0,8224483000000.0,4514413750000.0,-3012659750000.0,-1344094500000.0,646685000000.0,7776206500000.0,448276500000.0,418375521750000.0,0.05253243669337657,2926235000000.0,198372250000.0,230630750000.0,-2796977500000.0,-161516000000.0,2042951500000.0,883283500000.0,19.456457026372988,False,4.3941973639434355,22.0,-22.0,-3.6,22.0,19.6,5.1,-22.0,9.7,12.3,-3.6,22.0,-22.0,-3.6,-3.6,22.0,19.6,5.1,-22.0,9.7,12.3,4.3941973639434355,8141390000000.0,5355235000000.0,-2524523000000.0,-1324795000000.0,1063163000000.0,7408100000000.0,733290000000.0,446106052000000.0,0.0456975033881865,-642449000000.0,13.08175140408383,-11.996653741619182,56.2,-57.4,-10.8,45.0,11.2,-4.8,-52.6,6.5,38.5,-12.0,7944447000000.0,4137005000000.0,-3029780000000.0,-1126231000000.0,348569000000.0,7719878000000.0,224569000000.0,386186737000000.0,0.0559533117825904,575781000000.0,27.351567965310565,13.917822192624858,69.6,-66.9,3.3,50.7,26.8,6.0,-69.6,13.7,37.0,6.0,True
KLB,Private_3,2018-Q1,274851000000.0,213325000000.0,12838000000.0,-200519000000.0,-534000000.0,73798000000.0,26386031000000.0,0.0022468084659095,226163000000.0,25110000000.0,48688000000.0,,,,,,,,,,,,,,,,,,False,0.0,,,,,,,,,,,,,,,,,,,,,0.0,,,,,,,,,,,,0.0,,,,,,,,,,,,,,,,,,,,,,0.0,,,,,,,,,,,False
KLB,Private_3,2018-Q2,297755000000.0,248024000000.0,12645000000.0,-204995000000.0,-19026000000.0,73734000000.0,27341393000000.0,0.0281434444324937,260669000000.0,36648000000.0,37086000000.0,,,,,,,,,,,,,,,,,,False,0.0,,,,,,,,,,,,,,,,,,,,,0.0,226163000000.0,73798000000.0,-200519000000.0,-534000000.0,48688000000.0,213325000000.0,12838000000.0,26386031000000.0,0.0022468084659095,-64000000.0,3.55632907321222,-0.0867232174313667,46.8,-31.1,-15.7,47.0,-0.3,-6.1,-25.1,1.8,45.2,-0.0,,,,,,,,,,,,0.0,,,,,,,,,,,False
KLB,Private_3,2018-Q3,320543000000.0,258117000000.0,14485000000.0,-240788000000.0,-4839000000.0,74916000000.0,27405080000000.0,0.0293100634402984,272602000000.0,26975000000.0,47941000000.0,,,,,,,,,,,,,,,,,,False,0.0,,,,,,,,,,,,,,,,,,,,,0.0,260669000000.0,73734000000.0,-204995000000.0,-19026000000.0,37086000000.0,248024000000.0,12645000000.0,27341393000000.0,0.0281434444324937,1182000000.0,0.232661563421629,1.6030596468386362,16.2,-29.3,14.7,13.7,2.5,-48.5,19.2,0.1,13.6,1.6,,,,,,,,,,,,0.0,,,,,,,,,,,False
KLB,Private_3,2018-Q4,355369000000.0,248578000000.0,77569000000.0,-269026000000.0,-12738000000.0,73605000000.0,29471994000000.0,0.0270471784907807,326147000000.0,44383000000.0,29222000000.0,,,,,,,,,,,,,,,,,,False,0.0,,,,,,,,,,,,,,,,,,,,,0.0,272602000000.0,74916000000.0,-240788000000.0,-4839000000.0,47941000000.0,258117000000.0,14485000000.0,27405080000000.0,0.0293100634402984,-1311000000.0,7.268003976435216,-1.7499599551497678,71.5,-48.2,-25.0,-12.7,84.2,-37.7,-10.5,3.6,-16.3,-1.7,,,,,,,,,,,,0.0,,,,,,,,,,,False
KLB,Private_3,2019-Q1,288845000000.0,271101000000.0,12399000000.0,-212721000000.0,-1837000000.0,74287000000.0,29861221000000.0,0.0279566071951595,283500000000.0,68942000000.0,5345000000.0,271395250000.0,74013250000.0,-228832000000.0,-9284250000.0,40734250000.0,242011000000.0,29384250000.0,27651124500000.0,0.021686873707370574,12104750000.0,273750000.0,16111000000.0,7447250000.0,-35389250000.0,29090000000.0,-16985250000.0,7.685642033152691,True,0.3698662063887209,16.4,31.8,-47.8,39.3,-22.9,21.8,10.1,3.8,35.5,0.4,16.4,31.8,-47.8,0.4,39.3,-22.9,21.8,10.1,3.8,35.5,0.3698662063887209,326147000000.0,73605000000.0,-269026000000.0,-12738000000.0,29222000000.0,248578000000.0,77569000000.0,29471994000000.0,0.0270471784907807,682000000.0,1.3120037402321787,0.9265674886216969,-57.9,91.3,-32.4,30.6,-88.5,76.5,14.8,0.7,29.9,1.0,226163000000.0,73798000000.0,-200519000000.0,-534000000.0,48688000000.0,213325000000.0,12838000000.0,26386031000000.0,0.0022468084659095,489000000.0,12.356834783679743,0.6626195831865361,77.7,-18.3,-58.7,78.3,-0.6,-16.5,-1.8,6.2,72.1,0.7,False
KLB,Private_3,2019-Q2,365348000000.0,314219000000.0,17982000000.0,-268510000000.0,-22642000000.0,74196000000.0,31037412000000.0,0.0303800470463432,332201000000.0,41049000000.0,33147000000.0,285729500000.0,74135500000.0,-231882500000.0,-9610000000.0,29898500000.0,256455000000.0,29274500000.0,28519922000000.0,0.028114323389683078,46471500000.0,60500000.0,-36627500000.0,-13032000000.0,3248500000.0,57764000000.0,-11292500000.0,8.454005009693685,True,0.08160732712398244,62.7,-67.0,4.4,77.9,-15.2,-49.4,-17.6,4.2,73.7,0.1,62.7,-67.0,4.4,0.1,77.9,-15.2,-49.4,-17.6,4.2,73.7,0.08160732712398244,283500000000.0,74287000000.0,-212721000000.0,-1837000000.0,5345000000.0,271101000000.0,12399000000.0,29861221000000.0,0.0279566071951595,-91000000.0,3.8627829297908876,-0.12249787984438731,65.6,-103.1,37.4,58.0,7.5,-75.1,-28.0,1.9,56.1,-0.1,260669000000.0,73734000000.0,-204995000000.0,-19026000000.0,37086000000.0,248024000000.0,12645000000.0,27341393000000.0,0.0281434444324937,462000000.0,12.662194781136748,0.6265766132313451,97.0,-91.0,-5.3,89.8,7.2,-86.1,-4.9,6.3,83.5,0.7,False
KLB,Private_3,2019-Q3,372269000000.0,306865000000.0,19590000000.0,-266948000000.0,-17999000000.0,87322000000.0,31907422000000.0,0.028486555926513,326455000000.0,41508000000.0,45814000000.0,303612500000.0,74251000000.0,-247761250000.0,-10514000000.0,28913750000.0,273003750000.0,30608750000.0,29443926750000.0,0.02867347404314545,22842500000.0,13071000000.0,-19186750000.0,-7485000000.0,16900250000.0,33861250000.0,-11018750000.0,8.030777807472408,True,17.603803315780258,30.8,-35.9,22.8,45.6,-14.8,-25.8,-10.1,4.0,41.6,17.7,30.8,-35.9,22.8,17.7,45.6,-14.8,-25.8,-10.1,4.0,41.6,17.603803315780258,332201000000.0,74196000000.0,-268510000000.0,-22642000000.0,33147000000.0,314219000000.0,17982000000.0,31037412000000.0,0.0303800470463432,13126000000.0,2.7643571194420815,17.690980645856918,-7.7,8.4,17.1,-9.9,2.2,2.1,6.3,1.4,-11.3,17.8,272602000000.0,74916000000.0,-240788000000.0,-4839000000.0,47941000000.0,258117000000.0,14485000000.0,27405080000000.0,0.0293100634402984,12406000000.0,15.181763871637047,16.55988039938064,71.9,-52.5,-2.8,65.1,6.8,-34.9,-17.6,7.6,57.5,16.6,False
KLB,Private_3,2019-Q4,175255000000.0,115685000000.0,25363000000.0,-292330000000.0,-32809000000.0,-149884000000.0,33479645000000.0,0.0102922252196172,141048000000.0,-184091000000.0,34207000000.0,317075750000.0,77352500000.0,-254301250000.0,-13804000000.0,28382000000.0,285190750000.0,31885000000.0,30569512250000.0,0.0284675971646991,-176027750000.0,-227236500000.0,-38028750000.0,-19005000000.0,5825000000.0,-169505750000.0,-6522000000.0,9.087185140129225,False,-293.76749297049224,-227.7,-73.7,7.6,-219.2,-8.5,-49.1,-24.7,4.5,-223.7,-293.8,-227.7,-73.7,7.6,-293.8,-219.2,-8.5,-49.1,-24.7,4.5,-223.7,-293.76749297049224,326455000000.0,87322000000.0,-266948000000.0,-17999000000.0,45814000000.0,306865000000.0,19590000000.0,31907422000000.0,0.028486555926513,-237206000000.0,4.808972392048109,-271.645175328096,-212.4,-45.9,-13.3,-218.9,6.5,-29.1,-16.8,2.4,-221.3,-271.6,326147000000.0,73605000000.0,-269026000000.0,-12738000000.0,29222000000.0,248578000000.0,77569000000.0,29471994000000.0,0.0270471784907807,-223489000000.0,12.732475480106245,-303.63290537327623,-251.4,-58.9,6.7,-180.7,-71.1,-31.6,-27.3,6.4,-187.1,-303.6,False
KLB,Private_3,2020-Q1,383739000000.0,295969000000.0,19307000000.0,-257844000000.0,-68827000000.0,57068000000.0,33830148000000.0,0.0246001853768247,315276000000.0,-11395000000.0,68463000000.0,270801000000.0,21480250000.0,-260127250000.0,-18821750000.0,29628250000.0,251967500000.0,18833500000.0,31571425000000.0,0.024278858846908224,44475000000.0,35587750000.0,2283250000.0,-50005250000.0,38834750000.0,44001500000.0,473500000.0,6.9072436529928725,True,165.67660990910255,207.1,-222.2,180.8,204.8,2.2,10.6,-232.8,3.5,201.3,165.7,207.1,-222.2,180.8,165.7,204.8,2.2,10.6,-232.8,3.5,201.3,165.67660990910255,141048000000.0,-149884000000.0,-292330000000.0,-32809000000.0,34207000000.0,115685000000.0,25363000000.0,33479645000000.0,0.0102922252196172,206952000000.0,1.0414621242409705,138.07477782818714,116.3,-1.0,22.9,120.3,-4.0,23.1,-24.0,0.5,119.8,138.2,283500000000.0,74287000000.0,-212721000000.0,-1837000000.0,5345000000.0,271101000000.0,12399000000.0,29861221000000.0,0.0279566071951595,-17219000000.0,12.462997929907898,-23.17902190154401,42.8,-150.9,85.0,33.5,9.3,-60.8,-90.2,6.2,27.3,-23.1,False
KLB,Private_3,2020-Q2,322697000000.0,254135000000.0,16336000000.0,-266876000000.0,-10173000000.0,45648000000.0,34146438000000.0,0.0202589542524078,270471000000.0,-6578000000.0,52226000000.0,278745000000.0,17175500000.0,-271408000000.0,-35569250000.0,45407750000.0,258184500000.0,20560500000.0,32563656750000.0,0.023439753392324524,-8274000000.0,28472500000.0,4532000000.0,25396250000.0,6818250000.0,-4049500000.0,-4224500000.0,4.7452525916251975,True,165.77392215656022,-48.2,174.2,39.6,-23.5,-24.5,26.4,147.9,2.4,-25.9,165.6,-48.2,174.2,39.6,165.6,-23.5,-24.5,26.4,147.9,2.4,-25.9,165.77392215656022,315276000000.0,57068000000.0,-257844000000.0,-68827000000.0,68463000000.0,295969000000.0,19307000000.0,33830148000000.0,0.0246001853768247,-11420000000.0,0.9305851282381259,-20.01121469124553,-78.5,86.9,-28.5,-73.3,-5.2,-15.8,102.8,0.5,-73.8,-20.1,332201000000.0,74196000000.0,-268510000000.0,-22642000000.0,33147000000.0,314219000000.0,17982000000.0,31037412000000.0,0.0303800470463432,-28548000000.0,9.53925243752862,-38.476467734109654,-83.2,19.0,25.7,-81.0,-2.2,2.2,16.8,4.8,-85.8,-38.5,False
KLB,Private_3,2020-Q3,283031000000.0,240657000000.0,19398000000.0,-236978000000.0,-4196000000.0,41857000000.0,33793321000000.0,0.0187031244840627,260055000000.0,18881000000.0,22976000000.0,263312500000.0,10038500000.0,-270999500000.0,-32452000000.0,50177500000.0,243163500000.0,20149000000.0,33340913250000.0,0.020909480193840674,-3257500000.0,31818500000.0,34021500000.0,28256000000.0,-27201500000.0,-2506500000.0,-751000000.0,1.3477706420699958,True,316.96468595905765,-32.3,620.3,-271.0,-25.0,-7.6,338.8,281.5,0.7,-25.7,317.0,-32.3,620.3,-271.0,317.0,-25.0,-7.6,338.8,281.5,0.7,-25.7,316.96468595905765,270471000000.0,45648000000.0,-266876000000.0,-10173000000.0,52226000000.0,254135000000.0,16336000000.0,34146438000000.0,0.0202589542524078,-3791000000.0,-1.039500302024916,-8.304854539081669,-22.8,78.6,-64.1,-29.5,6.7,65.5,13.1,-0.5,-29.0,-8.3,326455000000.0,87322000000.0,-266948000000.0,-17999000000.0,45814000000.0,306865000000.0,19590000000.0,31907422000000.0,0.028486555926513,-45465000000.0,5.74087571581953,-52.06591695105472,-76.0,50.1,-26.1,-75.8,-0.2,34.3,15.8,2.9,-78.7,-52.0,False
KLB,Private_3,2020-Q4,251809000000.0,161667000000.0,31937000000.0,-323778000000.0,85606000000.0,13637000000.0,34716197000000.0,0.0122990783279896,193604000000.0,-44568000000.0,58205000000.0,246712500000.0,-1327750000.0,-263507000000.0,-29001250000.0,44468000000.0,226611500000.0,20101000000.0,33812388000000.0,0.0184636223332281,-53108500000.0,14964750000.0,-60271000000.0,114607250000.0,13737000000.0,-64944500000.0,11836000000.0,2.637757659814514,True,1127.0758802485407,-4000.0,4092.4,1034.7,-4891.5,891.5,-4539.9,8631.1,1.3,-4892.8,1127.1,-4000.0,4092.4,1034.7,1127.1,-4891.5,891.5,-4539.9,8631.1,1.3,-4892.8,1127.0758802485407,260055000000.0,41857000000.0,-236978000000.0,-4196000000.0,22976000000.0,240657000000.0,19398000000.0,33793321000000.0,0.0187031244840627,-28220000000.0,2.6941541173884773,-67.42002532431852,-158.8,7.1,84.1,-188.7,29.9,-207.4,214.5,1.3,-190.0,-67.6,141048000000.0,-149884000000.0,-292330000000.0,-32809000000.0,34207000000.0,115685000000.0,25363000000.0,33479645000000.0,0.0102922252196172,163521000000.0,3.6264732973016156,109.09836940567372,35.0,58.0,16.0,30.7,4.4,-20.9,79.0,1.8,28.9,109.0,False
KLB,Private_3,2021-Q1,997266000000.0,915343000000.0,38769000000.0,-260627000000.0,-34021000000.0,702618000000.0,35747173000000.0,0.0653563878650856,954112000000.0,659464000000.0,43154000000.0,259851500000.0,39552500000.0,-271369000000.0,602500000.0,50467500000.0,238107000000.0,21744500000.0,34121526000000.0,0.0189653356103212,694260500000.0,663065500000.0,10742000000.0,-34623500000.0,-7313500000.0,677236000000.0,17024500000.0,4.653434293946135,False,1676.4186840275584,1755.2,-60.4,-18.4,1711.6,43.6,26.8,-87.2,2.3,1709.3,1676.4,1755.2,-60.4,-18.4,1676.4,1711.6,43.6,26.8,-87.2,2.3,1709.3,1676.4186840275584,193604000000.0,13637000000.0,-323778000000.0,85606000000.0,58205000000.0,161667000000.0,31937000000.0,34716197000000.0,0.0122990783279896,688981000000.0,2.9262750277200764,5052.291559727212,5577.7,-414.3,-111.2,5527.2,50.5,464.8,-879.1,1.5,5525.7,5052.2,315276000000.0,57068000000.0,-257844000000.0,-68827000000.0,68463000000.0,295969000000.0,19307000000.0,33830148000000.0,0.0246001853768247,645550000000.0,5.510488108618036,1131.1943646176492,1119.9,56.6,-44.1,1084.8,33.9,-4.5,61.1,2.8,1082.0,1132.4,False
KLB,Private_3,2021-Q2,452538000000.0,311518000000.0,93065000000.0,-321083000000.0,-28371000000.0,103084000000.0,35668425000000.0,0.0216037106303359,404583000000.0,55129000000.0,47955000000.0,419560500000.0,200940000000.0,-272064750000.0,9304000000.0,44140250000.0,392950500000.0,26610000000.0,34600782250000.0,0.029154386232386427,-14977500000.0,-97856000000.0,-49018250000.0,-37675000000.0,3814750000.0,-81432500000.0,66455000000.0,3.0387214877822606,False,-48.69911416343187,-7.5,-43.1,1.9,-40.5,33.1,-24.4,-18.7,1.5,-42.0,-48.7,-7.5,-43.1,1.9,-48.7,-40.5,33.1,-24.4,-18.7,1.5,-42.0,-48.69911416343187,954112000000.0,702618000000.0,-260627000000.0,-34021000000.0,43154000000.0,915343000000.0,38769000000.0,35747173000000.0,0.0653563878650856,-599534000000.0,-0.22053445523203488,-85.32858537640652,-78.2,-7.8,0.7,-85.9,7.8,-8.6,0.8,-0.1,-85.8,-85.3,270471000000.0,45648000000.0,-266876000000.0,-10173000000.0,52226000000.0,254135000000.0,16336000000.0,34146438000000.0,0.0202589542524078,57436000000.0,4.3600658501614475,125.8236943568174,293.8,-158.7,-9.3,125.7,168.1,-118.8,-39.9,2.2,123.5,125.8,False
KLB,Private_3,2021-Q3,339022000000.0,290646000000.0,48079000000.0,-275575000000.0,9374000000.0,72821000000.0,34922595000000.0,0.0180594722792994,338725000000.0,72524000000.0,297000000.0,453088500000.0,215299000000.0,-285616500000.0,4754500000.0,43072500000.0,407296250000.0,45792250000.0,34981279000000.0,0.029490575326868454,-114363500000.0,-142478000000.0,10041500000.0,4619500000.0,-42775500000.0,-116650250000.0,2286750000.0,-0.1678991353183087,False,-66.17680528009883,-53.1,6.8,-19.9,-54.2,1.1,4.6,2.1,-0.1,-54.1,-66.2,-53.1,6.8,-19.9,-66.2,-54.2,1.1,4.6,2.1,-0.1,-54.1,-66.17680528009883,404583000000.0,103084000000.0,-321083000000.0,-28371000000.0,47955000000.0,311518000000.0,93065000000.0,35668425000000.0,0.0216037106303359,-30263000000.0,-2.1131016381403755,-29.357611268480078,-63.9,80.8,-46.2,-20.3,-43.7,44.2,36.6,-1.1,-19.2,-29.3,260055000000.0,41857000000.0,-236978000000.0,-4196000000.0,22976000000.0,240657000000.0,19398000000.0,33793321000000.0,0.0187031244840627,30964000000.0,3.28679021029131,73.97567909788087,188.0,-59.8,-54.2,119.4,68.5,-92.2,32.4,1.6,117.8,74.0,False
KLB,Private_3,2021-Q4,530037000000.0,413453000000.0,75737000000.0,-369926000000.0,-28629000000.0,131482000000.0,38387339000000.0,0.0217557801427958,489190000000.0,90635000000.0,40847000000.0,472756000000.0,223040000000.0,-295265750000.0,8147000000.0,37402750000.0,419793500000.0,52962500000.0,35263597500000.0,0.02932966227567763,16434000000.0,-91558000000.0,-74660250000.0,-36776000000.0,3444250000.0,-6340500000.0,22774500000.0,8.482557448539707,False,-41.05003586800574,7.3,-50.0,1.6,-2.8,10.2,-33.5,-16.5,4.2,-7.0,-41.1,7.3,-50.0,1.6,-41.1,-2.8,10.2,-33.5,-16.5,4.2,-7.0,-41.05003586800574,338725000000.0,72821000000.0,-275575000000.0,9374000000.0,297000000.0,290646000000.0,48079000000.0,34922595000000.0,0.0180594722792994,58661000000.0,9.452317880957306,80.55505966685435,206.6,-181.7,55.7,168.7,37.9,-129.5,-52.2,4.7,164.0,80.6,193604000000.0,13637000000.0,-323778000000.0,85606000000.0,58205000000.0,161667000000.0,31937000000.0,34716197000000.0,0.0122990783279896,117845000000.0,10.043678324944501,864.1563393708294,2167.3,-1176.1,-127.0,1846.7,321.5,-338.7,-837.4,5.0,1841.7,864.2,False
KLB,Private_3,2022-Q1,552461000000.0,443459000000.0,65027000000.0,-331827000000.0,-93680000000.0,126954000000.0,36181071000000.0,0.0225660978256616,508486000000.0,82979000000.0,43975000000.0,546652500000.0,252501250000.0,-306802750000.0,-20411750000.0,33063250000.0,482740000000.0,63912500000.0,36181383000000.0,0.03169383772937918,-38166500000.0,-125547250000.0,-25024250000.0,-73268250000.0,10911750000.0,-39281000000.0,1114500000.0,-0.0008623256474966977,False,-49.721437022589,-15.1,-38.9,4.3,-15.6,0.4,-9.9,-29.0,-0.0,-15.6,-49.7,-15.1,-38.9,4.3,-49.7,-15.6,0.4,-9.9,-29.0,-0.0,-15.6,-49.721437022589,489190000000.0,131482000000.0,-369926000000.0,-28629000000.0,40847000000.0,413453000000.0,75737000000.0,38387339000000.0,0.0217557801427958,-4528000000.0,-5.917433401087672,-3.4438174046637564,14.7,-20.5,2.4,22.8,-8.1,29.0,-49.5,-3.0,25.8,-3.4,954112000000.0,702618000000.0,-260627000000.0,-34021000000.0,43154000000.0,915343000000.0,38769000000.0,35747173000000.0,0.0653563878650856,-575664000000.0,1.2064746082220497,-81.93129125641529,-63.4,-18.6,0.1,-67.2,3.8,-10.2,-8.5,0.6,-67.8,-81.9,False
KLB,Private_3,2022-Q2,635895000000.0,505451000000.0,92269000000.0,-360989000000.0,-53622000000.0,221284000000.0,38603289000000.0,0.0276428319652063,597720000000.0,183109000000.0,38175000000.0,435246000000.0,108585250000.0,-324602750000.0,-35326500000.0,33268500000.0,364769000000.0,70477000000.0,36289857500000.0,0.020996265219523174,162474000000.0,112698750000.0,-36386250000.0,-18295500000.0,4906500000.0,140682000000.0,21792000000.0,6.17795247793468,False,103.78826774354712,149.7,-50.3,4.6,129.5,20.0,-33.5,-16.8,3.1,126.4,104.0,149.7,-50.3,4.6,104.0,129.5,20.0,-33.5,-16.8,3.1,126.4,103.78826774354712,508486000000.0,126954000000.0,-331827000000.0,-93680000000.0,43975000000.0,443459000000.0,65027000000.0,36181071000000.0,0.0225660978256616,94330000000.0,6.477873180969924,74.30250326890054,70.3,8.6,-4.5,48.8,21.5,-23.0,31.6,3.2,45.6,74.4,404583000000.0,103084000000.0,-321083000000.0,-28371000000.0,47955000000.0,311518000000.0,93065000000.0,35668425000000.0,0.0216037106303359,118200000000.0,7.903046373751385,114.66376935314888,187.4,-63.2,-9.5,188.2,-0.8,-38.8,-24.5,4.0,184.2,114.7,False
KLB,Private_3,2022-Q3,698006000000.0,588613000000.0,76442000000.0,-350806000000.0,-182157000000.0,165043000000.0,41061718000000.0,0.0326231136472506,665055000000.0,132092000000.0,32951000000.0,483530250000.0,138135250000.0,-334579250000.0,-41639250000.0,30823500000.0,413252250000.0,70278000000.0,37023573500000.0,0.022506045553240775,181524750000.0,26907750000.0,-16226750000.0,-140517750000.0,2127500000.0,175360750000.0,6164000000.0,10.342906896876986,True,19.479278460783906,131.4,-113.5,1.5,126.9,4.5,-11.7,-101.7,5.2,121.7,19.4,131.4,-113.5,1.5,19.4,126.9,4.5,-11.7,-101.7,5.2,121.7,19.479278460783906,597720000000.0,221284000000.0,-360989000000.0,-53622000000.0,38175000000.0,505451000000.0,92269000000.0,38603289000000.0,0.0276428319652063,-56241000000.0,6.17191686181613,-25.415755318956634,30.4,-53.5,-2.4,37.6,-7.1,4.6,-58.1,3.1,34.5,-25.5,338725000000.0,72821000000.0,-275575000000.0,9374000000.0,297000000.0,290646000000.0,48079000000.0,34922595000000.0,0.0180594722792994,92222000000.0,16.158922171211838,126.64204007085868,448.2,-366.4,44.8,409.2,39.0,-103.3,-263.0,8.1,401.1,126.6,False
KLB,Private_3,2022-Q4,726917000000.0,553998000000.0,162306000000.0,-415400000000.0,-142935000000.0,168582000000.0,44702595000000.0,0.0290185827503492,716304000000.0,157969000000.0,10613000000.0,565112750000.0,161190750000.0,-353387000000.0,-89522000000.0,38987000000.0,487744000000.0,77368750000.0,38558354250000.0,0.026146955895228575,151191250000.0,7391250000.0,-62013000000.0,-53413000000.0,-28374000000.0,66254000000.0,84937250000.0,14.758997598144727,True,4.585405800270797,93.8,-71.6,-17.6,41.1,52.7,-38.5,-33.1,7.4,33.7,4.6,93.8,-71.6,-17.6,4.6,41.1,52.7,-38.5,-33.1,7.4,33.7,4.585405800270797,665055000000.0,165043000000.0,-350806000000.0,-182157000000.0,32951000000.0,588613000000.0,76442000000.0,41061718000000.0,0.0326231136472506,3539000000.0,8.490424216422046,2.144289669964797,31.1,-15.4,-13.5,-21.0,52.0,-39.1,23.8,4.2,-25.2,2.2,489190000000.0,131482000000.0,-369926000000.0,-28629000000.0,40847000000.0,413453000000.0,75737000000.0,38387339000000.0,0.0217557801427958,37100000000.0,15.201013398325722,28.2167901309685,172.7,-121.5,-23.0,106.9,65.8,-34.6,-86.9,7.6,99.3,28.2,False
KLB,Private_3,2023-Q1,743178000000.0,607617000000.0,112640000000.0,-454172000000.0,-86871000000.0,202135000000.0,45915068000000.0,0.0314198496392057,720257000000.0,179214000000.0,22921000000.0,621891250000.0,170465750000.0,-364755500000.0,-118098500000.0,31428500000.0,522880250000.0,99011000000.0,40137168250000.0,0.027962656547116924,98365750000.0,31669250000.0,-89416500000.0,31227500000.0,-8507500000.0,84736750000.0,13629000000.0,13.428819521235857,True,18.57807213472501,57.7,-34.1,-5.0,49.7,8.0,-52.4,18.3,6.7,43.0,18.6,57.7,-34.1,-5.0,18.6,49.7,8.0,-52.4,18.3,6.7,43.0,18.57807213472501,716304000000.0,168582000000.0,-415400000000.0,-142935000000.0,10613000000.0,553998000000.0,162306000000.0,44702595000000.0,0.0290185827503492,33553000000.0,2.67601913326765,19.903073875028177,2.3,10.3,7.3,31.8,-29.5,-23.0,33.3,1.3,30.5,19.9,508486000000.0,126954000000.0,-331827000000.0,-93680000000.0,43975000000.0,443459000000.0,65027000000.0,36181071000000.0,0.0225660978256616,75181000000.0,23.713653573890973,59.21908722844494,166.8,-91.0,-16.6,129.3,37.5,-96.3,5.4,11.9,117.4,59.2,False
KLB,Private_3,2023-Q2,580763000000.0,432786000000.0,94141000000.0,-370624000000.0,-10270000000.0,199869000000.0,47757567000000.0,0.0222580996542991,526927000000.0,146033000000.0,53836000000.0,674834000000.0,189261000000.0,-395341750000.0,-116396250000.0,26165000000.0,563919750000.0,110914250000.0,42570667500000.0,0.03017609450050295,-147907000000.0,10608000000.0,24717750000.0,106126250000.0,27671000000.0,-131133750000.0,-16773250000.0,11.484558573986076,True,5.604958232282404,-78.1,69.1,14.6,-69.3,-8.9,13.1,56.1,5.7,-75.0,5.6,-78.1,69.1,14.6,5.6,-69.3,-8.9,13.1,56.1,5.7,-75.0,5.604958232282404,720257000000.0,202135000000.0,-454172000000.0,-86871000000.0,22921000000.0,607617000000.0,112640000000.0,45915068000000.0,0.0314198496392057,-2266000000.0,3.9339109015135527,-1.1210329730130852,-95.6,79.2,15.3,-86.5,-9.2,41.3,37.9,2.0,-88.5,-1.1,597720000000.0,221284000000.0,-360989000000.0,-53622000000.0,38175000000.0,505451000000.0,92269000000.0,38603289000000.0,0.0276428319652063,-21415000000.0,21.20006313971691,-9.677608864626453,-32.0,15.2,7.1,-32.8,0.8,-4.4,19.6,10.6,-43.4,-9.7,False
KLB,Private_3,2023-Q3,698849000000.0,455114000000.0,161308000000.0,-369948000000.0,-91699000000.0,237202000000.0,47863087000000.0,0.0233320019053113,616422000000.0,154775000000.0,82427000000.0,657135750000.0,183907250000.0,-397750500000.0,-105558250000.0,30080250000.0,545753500000.0,111382250000.0,44859237000000.0,0.02882991142277615,-40713750000.0,53294750000.0,27802500000.0,13859250000.0,52346750000.0,-90639500000.0,49925750000.0,6.4792379448987925,False,28.979145737865146,-22.1,22.7,28.5,-49.3,27.2,15.1,7.5,3.2,-52.5,29.1,-22.1,22.7,28.5,29.1,-49.3,27.2,15.1,7.5,3.2,-52.5,28.979145737865146,526927000000.0,199869000000.0,-370624000000.0,-10270000000.0,53836000000.0,432786000000.0,94141000000.0,47757567000000.0,0.0222580996542991,37333000000.0,0.2207054555389257,18.678734571144098,44.8,-40.4,14.3,11.2,33.6,0.3,-40.7,0.1,11.1,18.7,665055000000.0,165043000000.0,-350806000000.0,-182157000000.0,32951000000.0,588613000000.0,76442000000.0,41061718000000.0,0.0326231136472506,72159000000.0,15.29689944217477,43.7213332283102,-29.5,43.2,30.0,-80.9,51.4,-11.6,54.8,7.6,-88.5,43.7,False
KLB,Private_3,2023-Q4,759614000000.0,542589000000.0,144644000000.0,-451093000000.0,-229080000000.0,79441000000.0,51783052000000.0,0.0275919069150402,687233000000.0,7060000000.0,72381000000.0,644977500000.0,201947000000.0,-402536000000.0,-82943750000.0,42449250000.0,512378750000.0,132598750000.0,46559579250000.0,0.026507133487291328,42255500000.0,-122506000000.0,-48557000000.0,-146136250000.0,29931750000.0,30210250000.0,12045250000.0,10.623007913467843,False,-60.662451039134034,20.9,-96.4,14.8,15.0,5.9,-24.0,-72.4,5.3,9.7,-60.7,20.9,-96.4,14.8,-60.7,15.0,5.9,-24.0,-72.4,5.3,9.7,-60.662451039134034,616422000000.0,237202000000.0,-369948000000.0,-91699000000.0,82427000000.0,455114000000.0,161308000000.0,47863087000000.0,0.0233320019053113,-157761000000.0,7.867770973042918,-66.5091356733923,29.9,-92.1,-4.3,36.8,-7.0,-34.2,-57.9,3.9,32.9,-66.5,716304000000.0,168582000000.0,-415400000000.0,-142935000000.0,10613000000.0,553998000000.0,162306000000.0,44702595000000.0,0.0290185827503492,-89141000000.0,14.676705230571754,-52.876938225907864,-17.2,-72.3,36.6,-6.8,-10.5,-21.2,-51.1,7.3,-14.1,-52.9,False
KLB,Private_3,2024-Q1,769841000000.0,612892000000.0,113141000000.0,-444427000000.0,-111602000000.0,213812000000.0,53392708000000.0,0.030714175477965,726033000000.0,170004000000.0,43808000000.0,637709750000.0,179661750000.0,-411459250000.0,-104480000000.0,57891250000.0,509526500000.0,128183250000.0,48329693500000.0,0.026150464528464076,88323250000.0,34150250000.0,-32967750000.0,-7122000000.0,-14083250000.0,103365500000.0,-15042250000.0,9.954571314362845,True,19.00808046231321,49.2,-22.3,-7.8,57.5,-8.4,-18.3,-4.0,5.0,52.5,19.1,49.2,-22.3,-7.8,19.1,57.5,-8.4,-18.3,-4.0,5.0,52.5,19.00808046231321,687233000000.0,79441000000.0,-451093000000.0,-229080000000.0,72381000000.0,542589000000.0,144644000000.0,51783052000000.0,0.0275919069150402,134371000000.0,3.0608877939175336,169.14565526617238,48.9,156.3,-36.0,88.5,-39.6,8.5,147.8,1.5,87.0,169.2,720257000000.0,202135000000.0,-454172000000.0,-86871000000.0,22921000000.0,607617000000.0,112640000000.0,45915068000000.0,0.0314198496392057,11677000000.0,15.05952565084128,5.77683231503698,2.9,-7.4,10.3,2.6,0.2,4.8,-12.2,7.5,-4.9,5.8,False
KLB,Private_3,2024-Q2,1085671000000.0,919045000000.0,120807000000.0,-503571000000.0,-244365000000.0,337735000000.0,56973089000000.0,0.0448481737347819,1039852000000.0,291916000000.0,45819000000.0,639153750000.0,182581000000.0,-409023000000.0,-110662750000.0,63113000000.0,510845250000.0,128308500000.0,50199103500000.0,0.0259740459881539,400698250000.0,155154000000.0,-94548000000.0,-133702250000.0,-17294000000.0,408199750000.0,-7501500000.0,12.641311784304495,False,84.97817407068644,219.5,-125.0,-9.4,223.6,-4.1,-51.8,-73.3,6.3,217.3,85.1,219.5,-125.0,-9.4,85.1,223.6,-4.1,-51.8,-73.3,6.3,217.3,84.97817407068644,726033000000.0,213812000000.0,-444427000000.0,-111602000000.0,43808000000.0,612892000000.0,113141000000.0,53392708000000.0,0.030714175477965,123923000000.0,6.48820757394612,57.9588610555067,146.8,-89.8,0.9,143.2,3.6,-27.6,-62.1,3.2,140.0,57.9,526927000000.0,199869000000.0,-370624000000.0,-10270000000.0,53836000000.0,432786000000.0,94141000000.0,47757567000000.0,0.0222580996542991,137866000000.0,17.598518622856712,68.97818070836398,256.6,-183.6,-4.0,243.3,13.3,-66.5,-117.1,8.8,234.5,69.0,False
KLB,Private_3,2024-Q3,1012573000000.0,865557000000.0,99185000000.0,-665439000000.0,-138153000000.0,208981000000.0,59275018000000.0,0.0410401942019275,964742000000.0,161150000000.0,47831000000.0,767385000000.0,217047500000.0,-442259750000.0,-169186500000.0,61108750000.0,632410000000.0,134975000000.0,52502984000000.0,0.0316215645082746,197357000000.0,-8066500000.0,-223179250000.0,31033500000.0,-13277750000.0,233147000000.0,-35790000000.0,12.116935137201683,True,-3.716467593499119,90.9,-88.5,-6.1,107.4,-16.5,-102.8,14.3,6.1,101.3,-3.7,90.9,-88.5,-6.1,-3.7,107.4,-16.5,-102.8,14.3,6.1,101.3,-3.716467593499119,1039852000000.0,337735000000.0,-503571000000.0,-244365000000.0,45819000000.0,919045000000.0,120807000000.0,56973089000000.0,0.0448481737347819,-128754000000.0,3.9603724471831616,-38.122788576842794,-22.2,-16.5,0.6,-15.8,-6.4,-47.9,31.5,2.0,-17.8,-38.1,616422000000.0,237202000000.0,-369948000000.0,-91699000000.0,82427000000.0,455114000000.0,161308000000.0,47863087000000.0,0.0233320019053113,-28221000000.0,21.303216068643366,-11.897454490265682,86.0,-86.0,-11.9,86.0,-21.4,-86.0,-16.0,10.7,75.3,-11.9,False
KLB,Private_3,2024-Q4,1088496000000.0,793732000000.0,147342000000.0,-408138000000.0,-328828000000.0,351530000000.0,61431909000000.0,0.0376033381672583,941074000000.0,204108000000.0,147422000000.0,854465000000.0,209992250000.0,-516132500000.0,-180800000000.0,52459750000.0,735020750000.0,119444250000.0,55355966750000.0,0.036048612582428655,86609000000.0,141537750000.0,107994500000.0,-148028000000.0,94962250000.0,58711250000.0,27897750000.0,10.405090787003205,False,67.40141600463826,41.2,-19.1,45.2,28.0,13.3,51.4,-70.5,5.2,22.8,67.3,41.2,-19.1,45.2,67.3,28.0,13.3,51.4,-70.5,5.2,22.8,67.40141600463826,964742000000.0,208981000000.0,-665439000000.0,-138153000000.0,47831000000.0,865557000000.0,99185000000.0,59275018000000.0,0.0410401942019275,142549000000.0,3.57376507480801,68.21146420009474,-11.3,31.9,47.7,-34.4,23.1,123.1,-91.3,1.8,-36.2,68.3,687233000000.0,79441000000.0,-451093000000.0,-229080000000.0,72381000000.0,542589000000.0,144644000000.0,51783052000000.0,0.0275919069150402,272089000000.0,17.045197763217885,342.50450019511334,319.6,-71.6,94.5,316.1,3.4,54.1,-125.7,8.5,307.6,342.5,False
KLB,Private_3,2025-Q1,1133265000000.0,849086000000.0,159579000000.0,-578572000000.0,-198198000000.0,356495000000.0,67958822000000.0,0.039241927148005,1008665000000.0,231895000000.0,124600000000.0,917925250000.0,278014500000.0,-505393750000.0,-205737000000.0,71220000000.0,797806500000.0,120118750000.0,57768181000000.0,0.03855147039548317,90739750000.0,78480500000.0,-73178250000.0,7539000000.0,53380000000.0,51279500000.0,39460250000.0,16.210743526591497,False,28.228923311553896,32.6,-23.6,19.2,18.4,14.2,-26.3,2.7,8.1,10.3,28.2,32.6,-23.6,19.2,28.2,18.4,14.2,-26.3,2.7,8.1,10.3,28.228923311553896,941074000000.0,351530000000.0,-408138000000.0,-328828000000.0,147422000000.0,793732000000.0,147342000000.0,61431909000000.0,0.0376033381672583,4965000000.0,10.088687110052728,1.4123972349443858,19.2,-11.3,-6.5,15.7,3.5,-48.5,37.2,5.0,10.7,1.4,726033000000.0,213812000000.0,-444427000000.0,-111602000000.0,43808000000.0,612892000000.0,113141000000.0,53392708000000.0,0.030714175477965,142683000000.0,24.006477709840166,66.73292425121134,132.2,-103.2,37.8,110.4,21.7,-62.7,-40.5,12.0,98.4,66.8,False
KLB,Private_3,2025-Q2,1191024000000.0,883946000000.0,148658000000.0,-296318000000.0,-329943000000.0,564763000000.0,69547023000000.0,0.0396883236851009,1032604000000.0,406343000000.0,158420000000.0,988583250000.0,313685250000.0,-538930000000.0,-227386000000.0,91418000000.0,856855000000.0,131728250000.0,61409709500000.0,0.04068340831299318,44020750000.0,251077750000.0,242612000000.0,-102557000000.0,67002000000.0,27091000000.0,16929750000.0,12.427484016524312,False,80.0412993597882,14.0,44.7,21.4,8.6,5.4,77.3,-32.7,6.2,2.4,80.1,14.0,44.7,21.4,80.1,8.6,5.4,77.3,-32.7,6.2,2.4,80.0412993597882,1008665000000.0,356495000000.0,-578572000000.0,-198198000000.0,124600000000.0,849086000000.0,159579000000.0,67958822000000.0,0.039241927148005,208268000000.0,2.310012348929604,58.42101572252065,6.7,42.2,9.5,9.8,-3.0,79.2,-37.0,1.2,8.6,58.4,1039852000000.0,337735000000.0,-503571000000.0,-244365000000.0,45819000000.0,919045000000.0,120807000000.0,56973089000000.0,0.0448481737347819,227028000000.0,19.876577409289677,67.22074999629888,-2.2,36.0,33.3,-10.4,8.3,61.4,-25.3,9.9,-20.3,67.1,False
LPB,Private_2,2018-Q1,1203782000000.0,1195301000000.0,19198000000.0,-635241000000.0,-61162000000.0,507379000000.0,108137156000000.0,0.0381275787574332,1214499000000.0,518096000000.0,-10717000000.0,,,,,,,,,,,,,,,,,,False,0.0,,,,,,,,,,,,,,,,,,,,,0.0,,,,,,,,,,,,0.0,,,,,,,,,,,,,,,,,,,,,,0.0,,,,,,,,,,,False
LPB,Private_2,2018-Q2,954483000000.0,1126012000000.0,22412000000.0,-708827000000.0,-134637000000.0,111019000000.0,114525071000000.0,0.027341583467046,1148424000000.0,304960000000.0,-193941000000.0,,,,,,,,,,,,,,,,,,False,0.0,,,,,,,,,,,,,,,,,,,,,0.0,1214499000000.0,507379000000.0,-635241000000.0,-61162000000.0,-10717000000.0,1195301000000.0,19198000000.0,108137156000000.0,0.0381275787574332,-396360000000.0,5.737762606676884,-78.11911805573348,-13.0,-29.0,-36.1,-13.7,0.6,-14.5,-14.5,2.9,-16.6,-78.1,,,,,,,,,,,,0.0,,,,,,,,,,,False
LPB,Private_2,2018-Q3,1315254000000.0,1266114000000.0,41752000000.0,-763554000000.0,-203658000000.0,348042000000.0,115194840000000.0,0.0309526910364035,1307866000000.0,340654000000.0,7388000000.0,,,,,,,,,,,,,,,,,,False,0.0,,,,,,,,,,,,,,,,,,,,,0.0,1148424000000.0,111019000000.0,-708827000000.0,-134637000000.0,-193941000000.0,1126012000000.0,22412000000.0,114525071000000.0,0.027341583467046,237023000000.0,0.5831179344310298,213.4976895846657,143.7,-111.4,181.3,126.2,17.5,-49.3,-62.1,0.3,125.9,213.6,,,,,,,,,,,,0.0,,,,,,,,,,,False
LPB,Private_2,2018-Q4,1405925000000.0,1428694000000.0,69127000000.0,-940446000000.0,-266912000000.0,198567000000.0,119193424000000.0,0.0350284354700084,1497821000000.0,290463000000.0,-91896000000.0,,,,,,,,,,,,,,,,,,False,0.0,,,,,,,,,,,,,,,,,,,,,0.0,1307866000000.0,348042000000.0,-763554000000.0,-203658000000.0,7388000000.0,1266114000000.0,41752000000.0,115194840000000.0,0.0309526910364035,-149475000000.0,3.4119319216426294,-42.947402899650044,54.6,-69.0,-28.5,46.7,7.9,-50.8,-18.2,1.7,45.0,-42.9,,,,,,,,,,,,0.0,,,,,,,,,,,False
LPB,Private_2,2019-Q1,1369581000000.0,1401171000000.0,35168000000.0,-724663000000.0,-133485000000.0,511433000000.0,123757543000000.0,0.0329654978234045,1436339000000.0,578191000000.0,-66758000000.0,1292152500000.0,291251750000.0,-762017000000.0,-166592250000.0,-72291500000.0,1254030250000.0,38122250000.0,114262622750000.0,0.032862572182722774,144186500000.0,220181250000.0,37354000000.0,33107250000.0,5533500000.0,147140750000.0,-2954250000.0,7.978248582494317,False,75.5982582078906,49.5,24.2,1.9,50.5,-1.0,12.9,11.3,4.0,46.5,75.6,49.5,24.2,1.9,75.6,50.5,-1.0,12.9,11.3,4.0,46.5,75.5982582078906,1497821000000.0,198567000000.0,-940446000000.0,-266912000000.0,-91896000000.0,1428694000000.0,69127000000.0,119193424000000.0,0.0350284354700084,312866000000.0,3.7572346851371043,157.56193123731538,-31.0,175.8,12.6,-13.9,-17.2,108.7,67.1,1.9,-15.8,157.4,1214499000000.0,507379000000.0,-635241000000.0,-61162000000.0,-10717000000.0,1195301000000.0,19198000000.0,108137156000000.0,0.0381275787574332,4054000000.0,13.471965566578131,0.7990082364465223,43.7,-31.9,-11.0,40.6,3.1,-17.6,-14.3,6.7,33.9,0.8,False
LPB,Private_2,2019-Q2,1745645000000.0,1563341000000.0,69309000000.0,-1084577000000.0,-55629000000.0,605439000000.0,129209502000000.0,0.0352892285770233,1632650000000.0,492444000000.0,112995000000.0,1347612500000.0,292265250000.0,-784372500000.0,-184673000000.0,-86301750000.0,1305497750000.0,42114750000.0,118167719500000.0,0.0315720519492156,285037500000.0,313173750000.0,-300204500000.0,129044000000.0,199296750000.0,257843250000.0,27194250000.0,8.927081024717548,False,107.15394662896118,97.5,-58.6,68.1,88.2,9.3,-102.8,44.1,4.5,83.7,107.0,97.5,-58.6,68.1,107.0,88.2,9.3,-102.8,44.1,4.5,83.7,107.15394662896118,1436339000000.0,511433000000.0,-724663000000.0,-133485000000.0,-66758000000.0,1401171000000.0,35168000000.0,123757543000000.0,0.0329654978234045,94006000000.0,4.31041047263686,18.380902288276275,38.4,-55.1,35.1,31.7,6.7,-70.4,15.2,2.2,29.5,18.4,1148424000000.0,111019000000.0,-708827000000.0,-134637000000.0,-193941000000.0,1126012000000.0,22412000000.0,114525071000000.0,0.027341583467046,494420000000.0,12.049526515058657,445.34719282285016,436.0,-267.2,276.6,394.1,42.3,-338.5,71.3,6.0,388.1,445.4,False
LPB,Private_2,2019-Q3,1625790000000.0,1533898000000.0,95134000000.0,-982084000000.0,-124320000000.0,519386000000.0,134742339000000.0,0.0336229529220998,1629032000000.0,522628000000.0,-3242000000.0,1468669000000.0,415870250000.0,-878310000000.0,-164921000000.0,-9567750000.0,1414830000000.0,53839000000.0,121838827250000.0,0.033558963226709926,160363000000.0,103515750000.0,-103774000000.0,40601000000.0,6325750000.0,119068000000.0,41295000000.0,10.058034998116312,False,24.89135734042048,38.6,-15.2,1.5,28.6,9.9,-24.9,9.8,5.0,23.6,24.9,38.6,-15.2,1.5,24.9,28.6,9.9,-24.9,9.8,5.0,23.6,24.89135734042048,1632650000000.0,605439000000.0,-1084577000000.0,-55629000000.0,112995000000.0,1563341000000.0,69309000000.0,129209502000000.0,0.0352892285770233,-86053000000.0,4.192307944539019,-14.213322894626874,-0.6,5.6,-19.2,-4.9,4.3,16.9,-11.3,2.1,-7.0,-14.2,1307866000000.0,348042000000.0,-763554000000.0,-203658000000.0,7388000000.0,1266114000000.0,41752000000.0,115194840000000.0,0.0309526910364035,171344000000.0,15.64192976667949,49.230839956097256,92.3,-40.0,-3.1,76.9,15.4,-62.8,22.8,7.8,69.1,49.2,False
LPB,Private_2,2019-Q4,1768753000000.0,1562466000000.0,193800000000.0,-1240857000000.0,-125330000000.0,402566000000.0,140522626000000.0,0.0331010120468034,1756266000000.0,390079000000.0,12487000000.0,1548960500000.0,458706250000.0,-932942500000.0,-145086500000.0,-12225250000.0,1481776000000.0,67184500000.0,126725702000000.0,0.034226528698134,207305500000.0,-56140250000.0,-307914500000.0,19756500000.0,24712250000.0,80690000000.0,126615500000.0,10.325171426329746,False,-12.23882386603627,45.2,-61.2,5.4,17.6,27.6,-61.2,4.3,5.2,12.4,-10.6,45.2,-61.2,5.4,-10.6,17.6,27.6,-61.2,4.3,5.2,12.4,-12.23882386603627,1629032000000.0,519386000000.0,-982084000000.0,-124320000000.0,-3242000000.0,1533898000000.0,95134000000.0,134742339000000.0,0.0336229529220998,-116820000000.0,4.199798546829235,-22.491942408921304,24.5,-50.0,3.0,5.5,19.0,-49.8,-0.2,2.1,3.4,-22.5,1497821000000.0,198567000000.0,-940446000000.0,-266912000000.0,-91896000000.0,1428694000000.0,69127000000.0,119193424000000.0,0.0350284354700084,203999000000.0,16.425016474723066,102.7356005781424,130.2,-80.0,52.6,67.4,62.8,-151.3,71.3,8.2,59.2,102.8,True
LPB,Private_2,2020-Q1,1495046000000.0,1437881000000.0,96611000000.0,-928707000000.0,37318000000.0,603657000000.0,144511761000000.0,0.029694794852289,1534492000000.0,643103000000.0,-39446000000.0,1613571750000.0,509706000000.0,-1008045250000.0,-109691000000.0,13870500000.0,1515219000000.0,98352750000.0,132058002500000.0,0.03374467284233275,-79079750000.0,93951000000.0,79338250000.0,147009000000.0,-53316500000.0,-77338000000.0,-1741750000.0,9.00587131608116,False,18.43239043684006,-15.5,44.4,-10.5,-15.2,-0.4,15.6,28.8,4.5,-19.7,18.4,-15.5,44.4,-10.5,18.4,-15.2,-0.4,15.6,28.8,4.5,-19.7,18.43239043684006,1756266000000.0,402566000000.0,-1240857000000.0,-125330000000.0,12487000000.0,1562466000000.0,193800000000.0,140522626000000.0,0.0331010120468034,201091000000.0,2.79905525925193,49.95230595728402,-55.1,117.9,-12.9,-31.0,-24.1,77.5,40.4,1.4,-32.4,49.9,1436339000000.0,511433000000.0,-724663000000.0,-133485000000.0,-66758000000.0,1401171000000.0,35168000000.0,123757543000000.0,0.0329654978234045,92224000000.0,15.472674428677832,18.032469551241316,19.2,-6.5,5.3,7.2,12.0,-39.9,33.4,7.7,-0.5,18.0,False
LPB,Private_2,2020-Q2,1717004000000.0,1463831000000.0,112948000000.0,-1062997000000.0,-253374000000.0,400633000000.0,152323545000000.0,0.0295305040047792,1576779000000.0,260408000000.0,140225000000.0,1638110000000.0,532762000000.0,-1059056250000.0,-66990250000.0,20698500000.0,1524396500000.0,113713500000.0,137246557000000.0,0.03292699709955388,-61331000000.0,-132129000000.0,-3940750000.0,-186383750000.0,119526500000.0,-60565500000.0,-765500000.0,10.413359594700147,False,-24.8007553091249,-11.5,-35.7,22.4,-11.4,-0.1,-0.7,-35.0,5.2,-16.6,-24.8,-11.5,-35.7,22.4,-24.8,-11.4,-0.1,-0.7,-35.0,5.2,-16.6,-24.8007553091249,1534492000000.0,603657000000.0,-928707000000.0,37318000000.0,-39446000000.0,1437881000000.0,96611000000.0,144511761000000.0,0.029694794852289,-203024000000.0,5.26337928278653,-33.632344195462,7.0,-70.4,29.8,4.3,2.7,-22.2,-48.2,2.6,1.7,-33.6,1632650000000.0,605439000000.0,-1084577000000.0,-55629000000.0,112995000000.0,1563341000000.0,69309000000.0,129209502000000.0,0.0352892285770233,-204806000000.0,16.420127758571805,-33.82768536549512,-9.2,-29.1,4.5,-16.4,7.2,3.6,-32.7,8.2,-24.6,-33.8,False
LPB,Private_2,2020-Q3,1987459000000.0,1814994000000.0,147565000000.0,-1144715000000.0,-105593000000.0,737151000000.0,159149390000000.0,0.0359349302387349,1962559000000.0,712251000000.0,24900000000.0,1624142250000.0,481560500000.0,-1053661250000.0,-116426500000.0,27506000000.0,1499519000000.0,124623250000.0,143025067750000.0,0.03148731595649285,338416750000.0,255590500000.0,-91053750000.0,10833500000.0,-2606000000.0,315475000000.0,22941750000.0,10.672194049796389,False,53.075470268014094,70.3,-16.7,-0.5,65.5,4.8,-18.9,2.2,5.3,60.2,53.1,70.3,-16.7,-0.5,53.1,65.5,4.8,-18.9,2.2,5.3,60.2,53.075470268014094,1576779000000.0,400633000000.0,-1062997000000.0,-253374000000.0,140225000000.0,1463831000000.0,112948000000.0,152323545000000.0,0.0295305040047792,336518000000.0,4.382945824811392,83.9965754193988,96.3,16.5,-28.8,87.7,8.7,-20.4,36.9,2.2,85.5,84.0,1629032000000.0,519386000000.0,-982084000000.0,-124320000000.0,-3242000000.0,1533898000000.0,95134000000.0,134742339000000.0,0.0336229529220998,217765000000.0,16.60955283297544,41.92739118882681,64.2,-27.7,5.4,54.1,10.1,-31.3,3.6,8.3,45.8,41.9,False
LPB,Private_2,2020-Q4,2571578000000.0,2003466000000.0,269676000000.0,-1508728000000.0,-377738000000.0,685112000000.0,176621536000000.0,0.0371080440035431,2273142000000.0,386676000000.0,298436000000.0,1707524000000.0,536001750000.0,-1094319000000.0,-111744750000.0,34541500000.0,1569793000000.0,137731000000.0,149126830500000.0,0.03206531028565163,565618000000.0,149110250000.0,-414409000000.0,-265993250000.0,263894500000.0,433673000000.0,131945000000.0,16.880947582587496,False,27.818985665625156,105.5,-126.9,49.2,80.9,24.6,-77.3,-49.6,8.4,72.5,27.8,105.5,-126.9,49.2,27.8,80.9,24.6,-77.3,-49.6,8.4,72.5,27.818985665625156,1962559000000.0,737151000000.0,-1144715000000.0,-105593000000.0,24900000000.0,1814994000000.0,147565000000.0,159149390000000.0,0.0359349302387349,-52039000000.0,10.407182187060473,-7.059476280979067,35.3,-35.3,35.3,25.6,16.6,-35.3,-35.3,5.2,20.4,35.3,1756266000000.0,402566000000.0,-1240857000000.0,-125330000000.0,12487000000.0,1562466000000.0,193800000000.0,140522626000000.0,0.0331010120468034,282546000000.0,22.76498471379713,70.1862551730648,128.4,-129.2,71.0,109.6,18.9,-66.5,-62.7,11.4,98.2,70.2,False
LPB,Private_2,2021-Q1,2349198000000.0,2051177000000.0,161898000000.0,-1027321000000.0,-210000000000.0,1111877000000.0,182739243000000.0,0.0352187036352391,2213075000000.0,975754000000.0,136123000000.0,1836743000000.0,606638250000.0,-1161286750000.0,-174846750000.0,106028750000.0,1680043000000.0,156700000000.0,158151558000000.0,0.03306706827483655,376332000000.0,505238750000.0,133965750000.0,-35153250000.0,30094250000.0,371134000000.0,5198000000.0,14.425549136481392,False,83.28501376232046,62.0,16.3,5.0,61.2,0.8,22.1,-5.8,7.2,54.0,83.3,62.0,16.3,5.0,83.3,61.2,0.8,22.1,-5.8,7.2,54.0,83.28501376232046,2273142000000.0,685112000000.0,-1508728000000.0,-377738000000.0,298436000000.0,2003466000000.0,269676000000.0,176621536000000.0,0.0371080440035431,426765000000.0,3.4047716709785965,62.291275003211155,-8.8,94.7,-23.7,7.0,-15.8,70.3,24.5,1.7,5.3,62.2,1534492000000.0,603657000000.0,-928707000000.0,37318000000.0,-39446000000.0,1437881000000.0,96611000000.0,144511761000000.0,0.029694794852289,508220000000.0,23.36278974410725,84.19019410029205,112.4,-57.3,29.0,101.6,10.8,-16.3,-41.0,11.7,89.9,84.1,False
LPB,Private_2,2021-Q2,2425466000000.0,2179656000000.0,228693000000.0,-1094028000000.0,-405945000000.0,925493000000.0,191227753000000.0,0.0363246452171406,2408349000000.0,908376000000.0,17117000000.0,2006388750000.0,733693250000.0,-1185940250000.0,-236676250000.0,149921000000.0,1833367000000.0,173021750000.0,167708428500000.0,0.034448045470574076,401960250000.0,191799750000.0,91912250000.0,-169268750000.0,-132804000000.0,346289000000.0,55671250000.0,13.105017388724855,False,26.141681145356046,54.8,-10.5,-18.1,47.2,7.6,12.5,-23.1,6.6,40.6,26.2,54.8,-10.5,-18.1,26.2,47.2,7.6,12.5,-23.1,6.6,40.6,26.141681145356046,2213075000000.0,1111877000000.0,-1027321000000.0,-210000000000.0,136123000000.0,2051177000000.0,161898000000.0,182739243000000.0,0.0352187036352391,-186384000000.0,4.539710771696013,-16.763005260473957,17.6,-23.6,-10.7,11.5,6.0,-6.0,-17.6,2.3,9.2,-16.7,1576779000000.0,400633000000.0,-1062997000000.0,-253374000000.0,140225000000.0,1463831000000.0,112948000000.0,152323545000000.0,0.0295305040047792,524860000000.0,22.64826721743313,131.0076803458527,207.5,-45.9,-30.8,178.7,29.0,-7.7,-38.1,11.3,167.4,130.8,False
LPB,Private_2,2021-Q3,2241085000000.0,2030516000000.0,155430000000.0,-1203915000000.0,-271429000000.0,765741000000.0,195829616000000.0,0.0331233410804718,2185946000000.0,710602000000.0,55139000000.0,2214281250000.0,864908250000.0,-1193698000000.0,-274819000000.0,119144000000.0,2012323250000.0,201958000000.0,177434480500000.0,0.03614658077366442,-28335250000.0,-99167250000.0,-10217000000.0,3390000000.0,-64005000000.0,18192750000.0,-46528000000.0,9.85636479505336,False,-11.465638118262833,-3.3,-0.8,-7.4,2.1,-5.4,-1.2,0.4,4.9,-2.8,-11.5,-3.3,-0.8,-7.4,-11.5,2.1,-5.4,-1.2,0.4,4.9,-2.8,-11.465638118262833,2408349000000.0,925493000000.0,-1094028000000.0,-405945000000.0,17117000000.0,2179656000000.0,228693000000.0,191227753000000.0,0.0363246452171406,-159752000000.0,2.3778712762345053,-17.26128668720347,-24.0,2.7,4.1,-16.1,-7.9,-11.9,14.5,1.2,-17.3,-17.2,1962559000000.0,737151000000.0,-1144715000000.0,-105593000000.0,24900000000.0,1814994000000.0,147565000000.0,159149390000000.0,0.0359349302387349,28590000000.0,20.666138211001694,3.878445528799391,30.3,-30.5,4.1,29.2,1.1,-8.0,-22.5,10.3,18.9,3.9,False
LPB,Private_2,2021-Q4,3034940000000.0,2755810000000.0,311861000000.0,-1764515000000.0,-434847000000.0,835578000000.0,208954136000000.0,0.0419525713576655,3067671000000.0,868309000000.0,-32731000000.0,2270128000000.0,872055750000.0,-1208498000000.0,-316278000000.0,126703750000.0,2066203750000.0,203924250000.0,186604537000000.0,0.035443683484098654,797543000000.0,-36477750000.0,-556017000000.0,-118569000000.0,-159434750000.0,689606250000.0,107936750000.0,11.300269985484555,True,-4.182960779743726,6.6,-6.6,-4.2,6.6,2.8,-6.6,-3.1,5.7,0.9,-4.2,6.6,-6.6,-4.2,-4.2,6.6,2.8,-6.6,-3.1,5.7,0.9,-4.182960779743726,2185946000000.0,765741000000.0,-1203915000000.0,-271429000000.0,55139000000.0,2030516000000.0,155430000000.0,195829616000000.0,0.0331233410804718,69837000000.0,6.484706925687076,9.120185545765475,45.6,-45.6,-11.5,45.6,20.4,-45.6,-21.3,3.2,42.4,-11.5,2273142000000.0,685112000000.0,-1508728000000.0,-377738000000.0,298436000000.0,2003466000000.0,269676000000.0,176621536000000.0,0.0371080440035431,150466000000.0,16.77107885582574,21.9622485082731,109.8,-45.7,-48.3,109.8,6.1,-37.3,-8.3,8.4,101.4,15.8,True
LPB,Private_2,2022-Q1,3260444000000.0,2875706000000.0,217414000000.0,-1153370000000.0,-311663000000.0,1795411000000.0,207749028000000.0,0.0412704395243664,3093120000000.0,1628087000000.0,167324000000.0,2468760250000.0,909672250000.0,-1272444750000.0,-330555250000.0,43912000000.0,2254289750000.0,214470500000.0,194687687000000.0,0.03665481532262925,624359750000.0,885738750000.0,119074750000.0,18892250000.0,123412000000.0,621416250000.0,2943500000.0,6.491127928027144,False,97.36899746034904,68.6,15.2,13.5,68.4,0.3,13.0,2.0,3.2,65.2,97.3,68.6,15.2,13.5,97.3,68.4,0.3,13.0,2.0,3.2,65.2,97.36899746034904,3067671000000.0,835578000000.0,-1764515000000.0,-434847000000.0,-32731000000.0,2755810000000.0,311861000000.0,208954136000000.0,0.0419525713576655,959833000000.0,-0.578401175758771,114.87054470079394,3.1,87.9,23.9,14.4,-11.3,73.2,14.7,-0.3,14.7,114.9,2213075000000.0,1111877000000.0,-1027321000000.0,-210000000000.0,136123000000.0,2051177000000.0,161898000000.0,182739243000000.0,0.0352187036352391,683534000000.0,12.809493578873719,61.47568481046015,79.1,-20.5,2.8,74.1,5.0,-11.3,-9.2,6.4,67.7,61.4,False
LPB,Private_2,2022-Q2,3772661000000.0,3044872000000.0,303374000000.0,-1342045000000.0,-637431000000.0,1793185000000.0,226914895000000.0,0.042576507134504,3348246000000.0,1368770000000.0,424415000000.0,2688771500000.0,1080555750000.0,-1303957000000.0,-355971000000.0,51712250000.0,2460422000000.0,228349500000.0,200940133250000.0,0.038167749294911076,659474500000.0,712629250000.0,-38088000000.0,-281460000000.0,372702750000.0,584450000000.0,75024500000.0,12.141851811928541,False,65.95025291383624,61.0,-29.5,34.5,54.1,6.9,-3.5,-26.1,6.1,48.0,66.0,61.0,-29.5,34.5,66.0,54.1,6.9,-3.5,-26.1,6.1,48.0,65.95025291383624,3093120000000.0,1795411000000.0,-1153370000000.0,-311663000000.0,167324000000.0,2875706000000.0,217414000000.0,207749028000000.0,0.0412704395243664,-2226000000.0,8.818706124823708,-0.1239827538095734,-0.1,0.1,-0.1,-0.1,-0.0,0.1,0.1,4.4,-4.5,-0.1,2408349000000.0,925493000000.0,-1094028000000.0,-405945000000.0,17117000000.0,2179656000000.0,228693000000.0,191227753000000.0,0.0363246452171406,867692000000.0,17.06936241528752,93.75457188763178,101.5,-51.8,44.0,93.5,8.1,-26.8,-25.0,8.5,85.0,93.7,False
LPB,Private_2,2022-Q3,3456620000000.0,3207607000000.0,258658000000.0,-1304777000000.0,-918156000000.0,1233687000000.0,227943992000000.0,0.0427283256533644,3466265000000.0,1243332000000.0,-9645000000.0,2923745750000.0,1297478750000.0,-1365961250000.0,-413842500000.0,153536750000.0,2676726000000.0,247019750000.0,209861918750000.0,0.03973071477425193,542519250000.0,-63791750000.0,61184250000.0,-504313500000.0,-163181750000.0,530881000000.0,11638250000.0,8.260314813486104,False,-4.916593046321568,24.6,-24.6,-12.6,24.6,0.9,4.7,-24.6,4.1,20.5,-12.6,24.6,-24.6,-12.6,-12.6,24.6,0.9,4.7,-24.6,4.1,20.5,-4.916593046321568,3348246000000.0,1793185000000.0,-1342045000000.0,-637431000000.0,424415000000.0,3044872000000.0,303374000000.0,226914895000000.0,0.042576507134504,-559498000000.0,0.4524906644288561,-31.20135401534142,6.6,-13.6,-24.2,9.1,-2.5,2.1,-15.7,0.2,8.9,-31.2,2185946000000.0,765741000000.0,-1203915000000.0,-271429000000.0,55139000000.0,2030516000000.0,155430000000.0,195829616000000.0,0.0331233410804718,467946000000.0,15.156383216767006,61.11021872930926,167.2,-97.7,-8.4,153.7,13.5,-13.2,-84.5,7.6,146.1,61.1,True
LPB,Private_2,2022-Q4,3680587000000.0,2771784000000.0,882416000000.0,-1506701000000.0,-1306488000000.0,867398000000.0,235506871000000.0,0.0354015961674096,3654200000000.0,841011000000.0,26387000000.0,3243825500000.0,1414465250000.0,-1391176750000.0,-575524250000.0,137340750000.0,2970998750000.0,272826750000.0,217890512750000.0,0.04213196091747508,410374500000.0,-547067250000.0,-115524250000.0,-730963750000.0,-110953750000.0,-199214750000.0,609589250000.0,7.770824835510534,False,-38.67661294612929,29.0,-59.8,-7.9,-14.1,43.1,-8.2,-51.7,3.9,-18.0,-38.7,29.0,-59.8,-7.9,-38.7,-14.1,43.1,-8.2,-51.7,3.9,-18.0,-38.67661294612929,3466265000000.0,1233687000000.0,-1304777000000.0,-918156000000.0,-9645000000.0,3207607000000.0,258658000000.0,227943992000000.0,0.0427283256533644,-366289000000.0,3.2637242062919625,-29.690594129629318,15.2,-47.8,2.9,-35.3,50.6,-16.4,-31.5,1.6,-36.9,-29.7,3067671000000.0,835578000000.0,-1764515000000.0,-434847000000.0,-32731000000.0,2755810000000.0,311861000000.0,208954136000000.0,0.0419525713576655,31820000000.0,11.948285488180069,3.808142387664587,16.1,-16.1,3.8,1.0,16.1,16.1,-16.1,6.0,-5.0,3.8,False
LPB,Private_2,2023-Q1,3133816000000.0,2774205000000.0,226131000000.0,-1344268000000.0,-223907000000.0,1565641000000.0,242116244000000.0,0.0342550500084921,3000336000000.0,1432161000000.0,133480000000.0,3390457750000.0,1422420250000.0,-1326723250000.0,-793434500000.0,152120250000.0,2974992250000.0,415465500000.0,224528696500000.0,0.0404942171199111,-390121750000.0,143220750000.0,-17544750000.0,569527500000.0,-18640250000.0,-200787250000.0,-189334500000.0,7.537871290817091,False,10.068807020991159,-27.4,38.8,-1.3,-14.1,-13.3,-1.2,40.0,3.8,-17.9,10.1,-27.4,38.8,-1.3,10.1,-14.1,-13.3,-1.2,40.0,3.8,-17.9,10.068807020991159,3654200000000.0,867398000000.0,-1506701000000.0,-1306488000000.0,26387000000.0,2771784000000.0,882416000000.0,235506871000000.0,0.0354015961674096,698243000000.0,2.7676101898878995,80.4985715899737,-75.3,143.5,12.3,0.2,-75.7,18.8,124.8,1.4,-1.2,80.5,3093120000000.0,1795411000000.0,-1153370000000.0,-311663000000.0,167324000000.0,2875706000000.0,217414000000.0,207749028000000.0,0.0412704395243664,-229770000000.0,15.278892654776874,-12.79762683864586,-5.2,-5.7,-1.9,-5.7,0.5,-10.6,4.9,7.6,-13.3,-12.8,False
LPB,Private_2,2023-Q2,2886291000000.0,2450092000000.0,249309000000.0,-1479987000000.0,-525874000000.0,880430000000.0,253391827000000.0,0.0295780822664632,2699401000000.0,693540000000.0,186890000000.0,3367261750000.0,1364977750000.0,-1374447750000.0,-771495500000.0,143659250000.0,2949617000000.0,417644750000.0,233120500500000.0,0.038740369740942526,-667860750000.0,-484547750000.0,-105539250000.0,245621500000.0,43230750000.0,-499525000000.0,-168335750000.0,8.333324914567555,False,-35.49858230289835,-48.9,10.3,3.2,-36.6,-12.3,-7.7,18.0,4.2,-40.8,-35.4,-48.9,10.3,3.2,-35.4,-36.6,-12.3,-7.7,18.0,4.2,-40.8,-35.49858230289835,3000336000000.0,1565641000000.0,-1344268000000.0,-223907000000.0,133480000000.0,2774205000000.0,226131000000.0,242116244000000.0,0.0342550500084921,-685211000000.0,4.551119814151322,-43.76552479144325,-19.2,-28.0,3.4,-20.7,1.5,-8.7,-19.3,2.3,-23.0,-43.8,3348246000000.0,1793185000000.0,-1342045000000.0,-637431000000.0,424415000000.0,3044872000000.0,303374000000.0,226914895000000.0,0.042576507134504,-912755000000.0,11.02500997268991,-50.90132919916238,-36.2,-1.5,-13.2,-33.2,-3.0,-7.7,6.2,5.5,-38.7,-50.9,False
LPB,Private_2,2023-Q3,3114276000000.0,2632779000000.0,164183000000.0,-1340887000000.0,-532672000000.0,1240717000000.0,263621213000000.0,0.0307442565206529,2796962000000.0,923403000000.0,317314000000.0,3205050500000.0,1136789000000.0,-1408933250000.0,-743606250000.0,84278000000.0,2800922000000.0,404128500000.0,239739733500000.0,0.03549076352393232,-408088500000.0,103928000000.0,68046250000.0,210934250000.0,233036000000.0,-168143000000.0,-239945500000.0,9.48880904092944,False,9.142241876020968,-35.9,24.5,20.5,-14.8,-21.1,6.0,18.6,4.7,-19.5,9.1,-35.9,24.5,20.5,9.1,-14.8,-21.1,6.0,18.6,4.7,-19.5,9.142241876020968,2699401000000.0,880430000000.0,-1479987000000.0,-525874000000.0,186890000000.0,2450092000000.0,249309000000.0,253391827000000.0,0.0295780822664632,360287000000.0,3.9571094763876746,40.921708710516455,11.1,15.0,14.8,20.7,-9.7,15.8,-0.8,2.0,18.7,40.9,3466265000000.0,1233687000000.0,-1304777000000.0,-918156000000.0,-9645000000.0,3207607000000.0,258658000000.0,227943992000000.0,0.0427283256533644,7030000000.0,14.51576337670198,0.5698365955059913,-0.6,0.6,0.6,-0.6,-0.2,-0.1,0.6,7.3,-7.9,0.6,False
LPB,Private_2,2023-Q4,6490922000000.0,3346053000000.0,2926004000000.0,-1594730000000.0,-1543587000000.0,3352605000000.0,275430884000000.0,0.0370422673570285,6272057000000.0,3133740000000.0,218865000000.0,3037724750000.0,1138546500000.0,-1417960750000.0,-647235250000.0,166017750000.0,2657215000000.0,380509750000.0,248659038750000.0,0.03249474624075445,3234332250000.0,2214058500000.0,-176769250000.0,-896351750000.0,52847250000.0,688838000000.0,2545494250000.0,10.21650830816323,False,194.46359898344073,284.1,-94.3,4.7,60.5,223.6,-15.6,-78.8,5.1,55.4,194.5,284.1,-94.3,4.7,194.5,60.5,223.6,-15.6,-78.8,5.1,55.4,194.46359898344073,2796962000000.0,1240717000000.0,-1340887000000.0,-532672000000.0,317314000000.0,2632779000000.0,164183000000.0,263621213000000.0,0.0307442565206529,2111888000000.0,4.381643654008455,170.21512560882135,280.0,-102.0,-8.0,57.5,222.6,-20.4,-81.5,2.2,55.3,170.0,3654200000000.0,867398000000.0,-1506701000000.0,-1306488000000.0,26387000000.0,2771784000000.0,882416000000.0,235506871000000.0,0.0354015961674096,2485207000000.0,15.627740408418243,286.5128810534495,301.7,-37.5,22.1,66.2,235.5,-10.0,-27.2,7.8,58.4,286.3,False
LPB,Private_2,2024-Q1,4477323000000.0,3464497000000.0,818808000000.0,-1376148000000.0,-214796000000.0,2886379000000.0,307686513000000.0,0.0357213549811977,4283305000000.0,2692361000000.0,194018000000.0,3692189000000.0,1759848250000.0,-1439968000000.0,-706510000000.0,214137250000.0,2800782250000.0,891406750000.0,258640042000000.0,0.03290491403815918,591116000000.0,1126530750000.0,63820000000.0,491714000000.0,-20119250000.0,663714750000.0,-72598750000.0,17.320915138793026,False,64.01294827551183,33.6,31.6,-1.2,37.7,-4.1,3.6,27.9,8.7,29.0,64.0,33.6,31.6,-1.2,64.0,37.7,-4.1,3.6,27.9,8.7,29.0,64.01294827551183,6272057000000.0,3352605000000.0,-1594730000000.0,-1543587000000.0,218865000000.0,3346053000000.0,2926004000000.0,275430884000000.0,0.0370422673570285,-466226000000.0,11.06316812564589,-13.906380262512286,-59.3,46.2,-0.7,3.5,-62.9,6.5,39.6,5.5,-2.0,-13.8,3000336000000.0,1565641000000.0,-1344268000000.0,-223907000000.0,133480000000.0,2774205000000.0,226131000000.0,242116244000000.0,0.0342550500084921,1320738000000.0,23.852288176139503,84.3576528718908,81.9,-1.4,3.9,44.1,37.9,-2.0,0.6,11.9,32.2,84.4,False
LPB,Private_2,2024-Q2,4833720000000.0,3644632000000.0,866390000000.0,-1246838000000.0,-554423000000.0,3032459000000.0,317394669000000.0,0.0348513190624589,4511022000000.0,2709761000000.0,322698000000.0,4012931250000.0,2090032750000.0,-1447938000000.0,-704232250000.0,229271750000.0,2973355250000.0,1039576000000.0,275032609250000.0,0.033271490281335574,498090750000.0,942426250000.0,201100000000.0,149809250000.0,93426250000.0,671276750000.0,-173186000000.0,14.301184737858582,False,45.091458495088176,23.9,16.8,4.5,32.1,-8.3,9.6,7.2,7.2,24.9,45.2,23.9,16.8,4.5,45.2,32.1,-8.3,9.6,7.2,7.2,24.9,45.091458495088176,4283305000000.0,2886379000000.0,-1376148000000.0,-214796000000.0,194018000000.0,3464497000000.0,818808000000.0,307686513000000.0,0.0357213549811977,146080000000.0,3.1062064511166168,5.0610124311464295,7.9,-7.3,4.5,6.2,1.6,4.5,-11.8,1.6,4.6,5.1,2699401000000.0,880430000000.0,-1479987000000.0,-525874000000.0,186890000000.0,2450092000000.0,249309000000.0,253391827000000.0,0.0295780822664632,2152029000000.0,22.426193488642028,244.4293129493543,205.8,23.2,15.4,135.7,70.2,26.4,-3.2,11.2,124.5,244.4,False
LPB,Private_2,2024-Q3,5068888000000.0,3777897000000.0,1016115000000.0,-1537540000000.0,-631846000000.0,2899502000000.0,319770412000000.0,0.034365072908205,4794012000000.0,2624626000000.0,274876000000.0,4465836500000.0,2628040000000.0,-1389650750000.0,-711369500000.0,263223750000.0,3271990250000.0,1193846250000.0,291033319750000.0,0.0345897994803345,328175500000.0,271462000000.0,-147889250000.0,79523500000.0,11652250000.0,505906750000.0,-177731250000.0,9.409599436357734,False,10.329447040379904,12.5,-2.6,0.4,19.3,-6.8,-5.6,3.0,4.7,14.6,10.3,12.5,-2.6,0.4,10.3,19.3,-6.8,-5.6,3.0,4.7,14.6,10.329447040379904,4511022000000.0,3032459000000.0,-1246838000000.0,-554423000000.0,322698000000.0,3644632000000.0,866390000000.0,317394669000000.0,0.0348513190624589,-132957000000.0,0.7457229125837799,-4.3844615871146155,9.3,-12.1,-1.6,4.4,4.9,-9.6,-2.6,0.4,4.0,-4.4,2796962000000.0,1240717000000.0,-1340887000000.0,-532672000000.0,317314000000.0,2632779000000.0,164183000000.0,263621213000000.0,0.0307442565206529,1658785000000.0,19.249230394762694,133.69567757997996,161.0,-23.8,-3.5,92.3,68.7,-15.9,-8.0,9.6,82.7,133.7,False
LPB,Private_2,2024-Q4,5552499000000.0,4506717000000.0,509686000000.0,-1649917000000.0,-552754000000.0,3349828000000.0,331606315000000.0,0.0380738526083188,5016403000000.0,2813732000000.0,536096000000.0,4965099000000.0,3042736250000.0,-1438814000000.0,-736163000000.0,252614250000.0,3558269750000.0,1406829250000.0,305070619500000.0,0.035495003577222524,51304000000.0,307091750000.0,-211103000000.0,183409000000.0,283481750000.0,948447250000.0,-897143250000.0,8.335686142247077,False,10.092618116341828,1.7,-0.9,9.3,31.2,-29.5,-6.9,6.0,4.2,27.0,10.1,1.7,-0.9,9.3,10.1,31.2,-29.5,-6.9,6.0,4.2,27.0,10.092618116341828,4794012000000.0,2899502000000.0,-1537540000000.0,-631846000000.0,274876000000.0,3777897000000.0,1016115000000.0,319770412000000.0,0.034365072908205,450326000000.0,3.634119092498679,15.531149831936656,7.7,-1.1,9.0,25.1,-17.5,-3.9,2.7,1.8,23.3,15.6,6272057000000.0,3352605000000.0,-1594730000000.0,-1543587000000.0,218865000000.0,3346053000000.0,2926004000000.0,275430884000000.0,0.0370422673570285,-2777000000.0,18.508068728750178,-0.08283111192639753,0.1,-0.1,-0.1,-0.1,0.1,0.0,-0.1,9.3,-9.4,-0.1,False
LPB,Private_2,2025-Q1,4688243000000.0,3281910000000.0,828463000000.0,-1314471000000.0,-198412000000.0,3175360000000.0,352194088000000.0,0.02644500617965,4110373000000.0,2597490000000.0,577870000000.0,4651185500000.0,3042042000000.0,-1452610750000.0,-488454750000.0,331922000000.0,3848435750000.0,802749750000.0,319114477250000.0,0.0357528998900451,-540812500000.0,133318000000.0,138139750000.0,290042750000.0,245948000000.0,-566525750000.0,25713250000.0,9.85526253122688,False,4.382516743687299,-17.8,14.1,8.1,-18.6,0.8,4.5,9.5,4.9,-23.5,4.4,-17.8,14.1,8.1,4.4,-18.6,0.8,4.5,9.5,4.9,-23.5,4.382516743687299,5016403000000.0,3349828000000.0,-1649917000000.0,-552754000000.0,536096000000.0,4506717000000.0,509686000000.0,331606315000000.0,0.0380738526083188,-174468000000.0,6.021573812965419,-5.20826740955058,-26.0,20.6,1.2,-26.0,9.5,10.0,10.6,3.0,-29.0,-4.2,4283305000000.0,2886379000000.0,-1376148000000.0,-214796000000.0,194018000000.0,3464497000000.0,818808000000.0,307686513000000.0,0.0357213549811977,288981000000.0,13.489584307388967,10.011886865862037,-6.0,2.7,13.3,-6.3,0.3,2.1,0.6,6.7,-13.0,10.0,False
LPB,Private_2,2025-Q2,4912653000000.0,3735854000000.0,851524000000.0,-1462006000000.0,-462241000000.0,2988406000000.0,368726513000000.0,0.0300446034836868,4587378000000.0,2663131000000.0,325275000000.0,4607952500000.0,3114287250000.0,-1437191500000.0,-484358750000.0,427885000000.0,3802789000000.0,805163500000.0,330241371000000.0,0.03343381268965818,-20574500000.0,-125881250000.0,-24814500000.0,22117750000.0,-102610000000.0,-66935000000.0,46360500000.0,11.011991503746973,False,-4.042056493022601,-0.7,-0.1,-3.3,-2.2,1.5,-0.8,0.7,5.5,-7.7,-4.1,-0.7,-0.1,-3.3,-4.1,-2.2,1.5,-0.8,0.7,5.5,-7.7,-4.042056493022601,4110373000000.0,3175360000000.0,-1314471000000.0,-198412000000.0,577870000000.0,3281910000000.0,828463000000.0,352194088000000.0,0.02644500617965,-186954000000.0,4.586475952294225,-5.887647384863449,15.0,-13.0,-8.0,14.3,0.7,-4.6,-8.3,2.3,12.0,-6.0,4511022000000.0,3032459000000.0,-1246838000000.0,-554423000000.0,322698000000.0,3644632000000.0,866390000000.0,317394669000000.0,0.0348513190624589,-44053000000.0,14.962908986535266,-1.452715436548359,2.5,-4.1,0.1,3.0,-0.5,-7.1,3.0,7.5,-4.5,-1.5,False
MBB,Private_1,2018-Q1,4233547000000.0,3293335000000.0,315339000000.0,-1622846000000.0,-692224000000.0,1918477000000.0,193745724000000.0,0.033152495329115,3608674000000.0,1293604000000.0,624873000000.0,,,,,,,,,,,,,,,,,,False,0.0,,,,,,,,,,,,,,,,,,,,,0.0,,,,,,,,,,,,0.0,,,,,,,,,,,,,,,,,,,,,,0.0,,,,,,,,,,,False
MBB,Private_1,2018-Q2,4790735000000.0,3503848000000.0,662545000000.0,-1926942000000.0,-952806000000.0,1910987000000.0,204829117000000.0,0.0460476994135991,4166393000000.0,1286645000000.0,624342000000.0,,,,,,,,,,,,,,,,,,False,0.0,,,,,,,,,,,,,,,,,,,,,0.0,3608674000000.0,1918477000000.0,-1622846000000.0,-692224000000.0,624873000000.0,3293335000000.0,315339000000.0,193745724000000.0,0.033152495329115,-7490000000.0,5.561511595760757,-0.3904138543229864,183.8,-183.8,-0.4,154.8,183.8,-183.8,-183.8,2.8,152.0,-0.4,,,,,,,,,,,,0.0,,,,,,,,,,,False
MBB,Private_1,2018-Q3,4799151000000.0,3632699000000.0,710185000000.0,-1968079000000.0,-645617000000.0,2185455000000.0,204884876000000.0,0.0452803305481244,4342884000000.0,1729188000000.0,456267000000.0,,,,,,,,,,,,,,,,,,False,0.0,,,,,,,,,,,,,,,,,,,,,0.0,4166393000000.0,1910987000000.0,-1926942000000.0,-952806000000.0,624342000000.0,3503848000000.0,662545000000.0,204829117000000.0,0.0460476994135991,274468000000.0,0.02721849922270046,14.362630410358626,9.2,13.9,-8.8,6.7,2.5,-2.2,16.1,0.0,6.7,14.3,,,,,,,,,,,,0.0,,,,,,,,,,,False
MBB,Private_1,2018-Q4,5715473000000.0,4153615000000.0,875585000000.0,-3215935000000.0,-747084000000.0,1752454000000.0,214685958000000.0,0.0495934037787423,5029200000000.0,1066181000000.0,686273000000.0,,,,,,,,,,,,,,,,,,False,0.0,,,,,,,,,,,,,,,,,,,,,0.0,4342884000000.0,2185455000000.0,-1968079000000.0,-645617000000.0,456267000000.0,3632699000000.0,710185000000.0,204884876000000.0,0.0452803305481244,-433001000000.0,4.67195582045629,-19.812853616295005,31.4,-61.7,10.5,23.8,7.6,-57.1,-4.6,2.3,21.5,-19.8,,,,,,,,,,,,0.0,,,,,,,,,,,False
MBB,Private_1,2019-Q1,5454321000000.0,4134858000000.0,758647000000.0,-2065685000000.0,-964495000000.0,2424141000000.0,229168311000000.0,0.0467903913582161,4893505000000.0,1863325000000.0,560816000000.0,4286787750000.0,1941843250000.0,-2183450500000.0,-759432750000.0,597938750000.0,3645874250000.0,640913500000.0,204536418750000.0,0.0435184822673952,606717250000.0,482297750000.0,117765500000.0,-205062250000.0,-37122750000.0,488983750000.0,117733500000.0,11.358830356403324,False,24.83711030743599,31.2,-4.5,-1.9,25.2,6.1,6.1,-10.6,5.7,19.5,24.8,31.2,-4.5,-1.9,24.8,25.2,6.1,6.1,-10.6,5.7,19.5,24.83711030743599,5029200000000.0,1752454000000.0,-3215935000000.0,-747084000000.0,686273000000.0,4153615000000.0,875585000000.0,214685958000000.0,0.0495934037787423,671687000000.0,6.525724325071209,38.32836696426839,-7.7,53.2,-7.2,-1.1,-6.7,65.6,-12.4,3.3,-4.4,38.3,3608674000000.0,1918477000000.0,-1622846000000.0,-692224000000.0,624873000000.0,3293335000000.0,315339000000.0,193745724000000.0,0.033152495329115,505664000000.0,16.751672476417102,26.357574263334925,67.0,-37.3,-3.3,43.9,23.1,-23.1,-14.2,8.4,35.5,26.4,False
MBB,Private_1,2019-Q2,6157650000000.0,4394856000000.0,1054544000000.0,-2306748000000.0,-1399674000000.0,2451228000000.0,238924642000000.0,0.0473061705677336,5449400000000.0,1742978000000.0,708250000000.0,4607995500000.0,2068259250000.0,-2294160250000.0,-827500500000.0,581924500000.0,3856255000000.0,751740500000.0,213392065500000.0,0.046927956274670474,841404500000.0,382968750000.0,-12587750000.0,-572173500000.0,126325500000.0,538601000000.0,302803500000.0,11.289689757922549,False,18.51647708090753,40.7,-28.3,6.1,26.0,14.6,-0.6,-27.7,5.6,20.4,18.5,40.7,-28.3,6.1,18.5,26.0,14.6,-0.6,-27.7,5.6,20.4,18.51647708090753,4893505000000.0,2424141000000.0,-2065685000000.0,-964495000000.0,560816000000.0,4134858000000.0,758647000000.0,229168311000000.0,0.0467903913582161,27087000000.0,4.168544276290355,1.1173854986157983,1.9,-1.9,1.1,1.9,1.9,-1.8,-1.9,2.1,-0.2,1.1,4166393000000.0,1910987000000.0,-1926942000000.0,-952806000000.0,624342000000.0,3503848000000.0,662545000000.0,204829117000000.0,0.0460476994135991,540241000000.0,15.366867010584578,28.27026034190709,67.1,-43.3,4.4,46.6,20.5,-19.9,-23.4,7.7,38.9,28.2,False
MBB,Private_1,2019-Q3,6345402000000.0,4581535000000.0,499418000000.0,-2292225000000.0,-1312142000000.0,2741035000000.0,240211306000000.0,0.0483848779322827,5080953000000.0,1476586000000.0,1264449000000.0,4928747250000.0,2203319500000.0,-2389111750000.0,-939217500000.0,602901500000.0,4079007000000.0,849740250000.0,221915946750000.0,0.0472425740632041,152205750000.0,537715500000.0,96886750000.0,-372924500000.0,661547500000.0,502528000000.0,-350322250000.0,7.917888045394007,False,24.404790135974377,6.9,-12.5,30.0,22.8,-15.9,4.4,-16.9,4.0,18.8,24.4,6.9,-12.5,30.0,24.4,22.8,-15.9,4.4,-16.9,4.0,18.8,24.404790135974377,5449400000000.0,2451228000000.0,-2306748000000.0,-1399674000000.0,708250000000.0,4394856000000.0,1054544000000.0,238924642000000.0,0.0473061705677336,289807000000.0,0.53707679641687,11.82293120019843,-15.0,4.2,22.7,7.6,-22.7,0.6,3.6,0.3,7.3,11.9,4342884000000.0,2185455000000.0,-1968079000000.0,-645617000000.0,456267000000.0,3632699000000.0,710185000000.0,204884876000000.0,0.0452803305481244,555580000000.0,15.873616278290163,25.421708522939156,33.8,-45.3,37.0,43.4,-9.6,-14.8,-30.5,7.9,35.5,25.5,False
MBB,Private_1,2019-Q4,6693075000000.0,4888748000000.0,873228000000.0,-3059048000000.0,-1214312000000.0,2419715000000.0,250330623000000.0,0.0509542198439071,5761976000000.0,1488616000000.0,931099000000.0,5113264500000.0,2342214500000.0,-2470148250000.0,-1105848750000.0,804947000000.0,4316216000000.0,797048500000.0,230747554250000.0,0.04801871090924367,648711500000.0,77500500000.0,-588899750000.0,-108463250000.0,126152000000.0,572532000000.0,76179500000.0,8.141324913943599,False,3.3088557858385728,16.5,-16.5,5.4,16.5,3.3,-16.5,-4.6,4.1,12.4,5.4,16.5,-16.5,5.4,5.4,16.5,3.3,-16.5,-4.6,4.1,12.4,3.3088557858385728,5080953000000.0,2741035000000.0,-2292225000000.0,-1312142000000.0,1264449000000.0,4581535000000.0,499418000000.0,240211306000000.0,0.0483848779322827,-321320000000.0,4.125770459878467,-11.722579244701363,24.8,-24.4,-12.2,11.2,13.6,-28.0,3.6,2.1,9.1,-11.8,5029200000000.0,1752454000000.0,-3215935000000.0,-747084000000.0,686273000000.0,4153615000000.0,875585000000.0,214685958000000.0,0.0495934037787423,667261000000.0,15.330492054002695,38.075806840008354,41.8,-17.7,14.0,42.0,-0.2,8.9,-26.7,7.7,34.3,38.1,True
MBB,Private_1,2020-Q1,6338782000000.0,4695211000000.0,744886000000.0,-2050500000000.0,-2092625000000.0,2195657000000.0,247979708000000.0,0.0483121517862961,5440097000000.0,1296972000000.0,898685000000.0,5296458500000.0,2509029750000.0,-2430926500000.0,-1222655750000.0,866153500000.0,4499999250000.0,796459250000.0,239658720500000.0,0.048358914925534874,143638500000.0,-313372750000.0,380426500000.0,-869969250000.0,32531500000.0,195211750000.0,-51573250000.0,3.4127693855448475,False,-12.489798098248935,5.7,-19.5,1.3,7.8,-2.1,15.2,-34.7,1.7,6.1,-12.5,5.7,-19.5,1.3,-12.5,7.8,-2.1,15.2,-34.7,1.7,6.1,-12.489798098248935,5761976000000.0,2419715000000.0,-3059048000000.0,-1214312000000.0,931099000000.0,4888748000000.0,873228000000.0,250330623000000.0,0.0509542198439071,-224058000000.0,-0.9435545898806581,-9.259685541479058,-13.3,5.4,-1.3,-8.0,-5.3,41.7,-36.3,-0.5,-7.5,-9.2,4893505000000.0,2424141000000.0,-2065685000000.0,-964495000000.0,560816000000.0,4134858000000.0,758647000000.0,229168311000000.0,0.0467903913582161,-228484000000.0,7.884931405321417,-9.425359333471114,22.5,-45.9,13.9,23.1,-0.6,0.6,-46.5,3.9,19.2,-9.5,False
MBB,Private_1,2020-Q2,6573642000000.0,4623997000000.0,944912000000.0,-2433788000000.0,-1216902000000.0,2922952000000.0,261384513000000.0,0.0471061219225552,5568909000000.0,1918219000000.0,1004733000000.0,5433106500000.0,2451908750000.0,-2427130250000.0,-1504688250000.0,950620750000.0,4640087500000.0,793019000000.0,244361569750000.0,0.048739355032554874,135802500000.0,471043250000.0,-6657750000.0,287786250000.0,54112250000.0,-16090500000.0,151893000000.0,6.731814177358548,False,19.21128794046679,5.5,11.5,2.2,-0.7,6.2,-0.3,11.7,3.4,-4.1,19.2,5.5,11.5,2.2,19.2,-0.7,6.2,-0.3,11.7,3.4,-4.1,19.21128794046679,5440097000000.0,2195657000000.0,-2050500000000.0,-2092625000000.0,898685000000.0,4695211000000.0,744886000000.0,247979708000000.0,0.0483121517862961,727295000000.0,5.263347697913788,33.124253924907215,5.9,22.4,4.8,-3.2,9.1,-17.5,39.9,2.6,-5.8,33.1,5449400000000.0,2451228000000.0,-2306748000000.0,-1399674000000.0,708250000000.0,4394856000000.0,1054544000000.0,238924642000000.0,0.0473061705677336,471724000000.0,8.978396967371104,19.24439505423404,4.9,2.3,12.1,9.4,-4.5,-5.2,7.4,4.5,4.9,19.3,False
MBB,Private_1,2020-Q3,6735438000000.0,5164677000000.0,795715000000.0,-2836321000000.0,-883677000000.0,3015440000000.0,268641892000000.0,0.0514967243803982,5960392000000.0,2240394000000.0,775046000000.0,5462983750000.0,2569839750000.0,-2458890250000.0,-1458995250000.0,1024741500000.0,4697372750000.0,765611000000.0,249976537500000.0,0.048689342871260276,497408250000.0,445600250000.0,-377430750000.0,575318250000.0,-249695500000.0,467304250000.0,30104000000.0,7.1981069079998825,False,17.339612324075848,19.4,7.7,-9.7,18.2,1.2,-14.7,22.4,3.6,14.6,17.4,19.4,7.7,-9.7,17.4,18.2,1.2,-14.7,22.4,3.6,14.6,17.339612324075848,5568909000000.0,2922952000000.0,-2433788000000.0,-1216902000000.0,1004733000000.0,4623997000000.0,944912000000.0,261384513000000.0,0.0471061219225552,92488000000.0,2.7384971509108116,3.164198385741538,13.4,-2.4,-7.9,15.8,-5.1,-13.8,11.4,1.4,14.4,3.1,5080953000000.0,2741035000000.0,-2292225000000.0,-1312142000000.0,1264449000000.0,4581535000000.0,499418000000.0,240211306000000.0,0.0483848779322827,274405000000.0,11.174376465253147,10.010999494716412,32.1,-4.2,-17.9,21.3,10.8,-19.9,15.6,5.6,15.7,10.0,False
MBB,Private_1,2020-Q4,7714311000000.0,5793910000000.0,1090040000000.0,-3234848000000.0,-1925236000000.0,2554227000000.0,298296983000000.0,0.0533036105428865,6883950000000.0,1723866000000.0,830361000000.0,5682843500000.0,2638441000000.0,-2594914250000.0,-1351879000000.0,902390750000.0,4843158250000.0,839685250000.0,257084184000000.0,0.04946730448328915,1201106500000.0,-84214000000.0,-639933750000.0,-573357000000.0,-72029750000.0,950751750000.0,250354750000.0,14.841266304588249,False,-3.19180910242071,16.0,-16.0,-2.7,16.0,9.5,-16.0,-16.0,7.4,8.6,-2.7,16.0,-16.0,-2.7,-2.7,16.0,9.5,-16.0,-16.0,7.4,8.6,-3.19180910242071,5960392000000.0,3015440000000.0,-2836321000000.0,-883677000000.0,775046000000.0,5164677000000.0,795715000000.0,268641892000000.0,0.0514967243803982,-461213000000.0,10.461477350622674,-15.295048152176797,30.6,-47.8,1.8,20.9,9.8,-13.2,-34.5,5.2,15.7,-15.4,5761976000000.0,2419715000000.0,-3059048000000.0,-1214312000000.0,931099000000.0,4888748000000.0,873228000000.0,250330623000000.0,0.0509542198439071,134512000000.0,17.485944737531124,5.559001783267864,27.8,-27.8,-4.2,27.8,9.0,-7.3,-27.8,8.7,19.1,-4.2,True
MBB,Private_1,2021-Q1,9192864000000.0,5952036000000.0,1065966000000.0,-2803949000000.0,-1809057000000.0,4579858000000.0,324007375000000.0,0.0503028952090627,7018002000000.0,2404996000000.0,2174862000000.0,5963337000000.0,2672069000000.0,-2638864250000.0,-1529610000000.0,877206250000.0,5069448750000.0,893888250000.0,269075774000000.0,0.050054652158034,1054665000000.0,1907789000000.0,-165084750000.0,-279447000000.0,1297655750000.0,882587250000.0,172077750000.0,18.52408084519697,False,71.39744520070403,39.5,-16.6,48.6,33.1,6.4,-6.2,-10.4,9.3,23.8,71.5,39.5,-16.6,48.6,71.5,33.1,6.4,-6.2,-10.4,9.3,23.8,71.39744520070403,6883950000000.0,2554227000000.0,-3234848000000.0,-1925236000000.0,830361000000.0,5793910000000.0,1090040000000.0,298296983000000.0,0.0533036105428865,2025631000000.0,8.262963827741666,79.30505002100439,5.2,21.4,52.7,6.2,-1.0,16.9,4.5,4.1,2.1,79.3,5440097000000.0,2195657000000.0,-2050500000000.0,-2092625000000.0,898685000000.0,4695211000000.0,744886000000.0,247979708000000.0,0.0483121517862961,2384201000000.0,26.583700667240418,108.58713360055783,71.9,-21.4,58.1,57.2,14.7,-34.3,12.9,13.3,43.9,108.6,False
MBB,Private_1,2021-Q2,8924602000000.0,6562536000000.0,1029589000000.0,-3086784000000.0,-2431410000000.0,3406408000000.0,331146972000000.0,0.053971471348703,7592125000000.0,2073931000000.0,1332477000000.0,6357813250000.0,3268119250000.0,-2827226500000.0,-1458718000000.0,1196250500000.0,5383655000000.0,974158250000.0,288082690750000.0,0.05055233801372565,1234311750000.0,138288750000.0,-259557500000.0,-972692000000.0,136226500000.0,1178881000000.0,55430750000.0,13.908985257182756,False,4.231447490785411,21.2,-21.2,4.2,21.2,1.7,-7.9,-21.2,7.0,14.2,4.2,21.2,-21.2,4.2,4.2,21.2,1.7,-7.9,-21.2,7.0,14.2,4.231447490785411,7018002000000.0,4579858000000.0,-2803949000000.0,-1809057000000.0,2174862000000.0,5952036000000.0,1065966000000.0,324007375000000.0,0.0503028952090627,-1173450000000.0,2.1795160278467938,-25.621973432364058,12.5,-19.8,-18.4,13.3,-0.8,-6.2,-13.6,1.1,12.2,-25.7,5568909000000.0,2922952000000.0,-2433788000000.0,-1216902000000.0,1004733000000.0,4623997000000.0,944912000000.0,261384513000000.0,0.0471061219225552,483456000000.0,23.547258083678035,16.53999107751342,69.2,-63.9,11.2,66.3,2.9,-22.3,-41.5,11.8,54.5,16.5,True
MBB,Private_1,2021-Q3,8700177000000.0,6515194000000.0,926389000000.0,-3023716000000.0,-1778158000000.0,3898303000000.0,336426387000000.0,0.0512309998411296,7441583000000.0,2639709000000.0,1258594000000.0,6863617250000.0,3388983250000.0,-2990475500000.0,-1762345000000.0,1278186500000.0,5868289750000.0,995327500000.0,305523305500000.0,0.0522686753702626,577965750000.0,509319750000.0,-33240500000.0,-15813000000.0,-19592500000.0,646904250000.0,-68938500000.0,9.627882639728814,False,15.0286889142931,17.1,-1.4,-0.6,19.1,-2.0,-1.0,-0.5,4.8,14.3,15.1,17.1,-1.4,-0.6,15.1,19.1,-2.0,-1.0,-0.5,4.8,14.3,15.0286889142931,7592125000000.0,3406408000000.0,-3086784000000.0,-2431410000000.0,1332477000000.0,6562536000000.0,1029589000000.0,331146972000000.0,0.053971471348703,491895000000.0,1.5816733633314448,14.440284311215803,-4.4,21.0,-2.2,-1.4,-3.0,1.8,19.2,0.8,-2.2,14.4,5960392000000.0,3015440000000.0,-2836321000000.0,-883677000000.0,775046000000.0,5164677000000.0,795715000000.0,268641892000000.0,0.0514967243803982,882863000000.0,22.405568876301977,29.278082137266864,49.1,-35.9,16.0,44.8,4.3,-6.2,-29.7,11.2,33.6,29.2,False
MBB,Private_1,2021-Q4,10116855000000.0,7169788000000.0,1345434000000.0,-3462739000000.0,-2011426000000.0,4642690000000.0,363554778000000.0,0.0521921094358365,8515222000000.0,3041057000000.0,1601633000000.0,7233915000000.0,3609699000000.0,-3037324250000.0,-1985965250000.0,1399073500000.0,6205919000000.0,1027996000000.0,322469429250000.0,0.05220224423544545,1281307000000.0,1032991000000.0,-425414750000.0,-25460750000.0,202559500000.0,963869000000.0,317438000000.0,11.977813119655043,False,28.617095220404803,35.5,-12.5,5.6,26.7,8.8,-11.8,-0.7,6.0,20.7,28.6,35.5,-12.5,5.6,28.6,26.7,8.8,-11.8,-0.7,6.0,20.7,28.617095220404803,7441583000000.0,3898303000000.0,-3023716000000.0,-1778158000000.0,1258594000000.0,6515194000000.0,926389000000.0,336426387000000.0,0.0512309998411296,744387000000.0,7.751177419180986,19.095154994365497,27.5,-17.2,8.8,16.8,10.8,-11.3,-6.0,3.9,12.9,19.1,6883950000000.0,2554227000000.0,-3234848000000.0,-1925236000000.0,830361000000.0,5793910000000.0,1090040000000.0,298296983000000.0,0.0533036105428865,2088463000000.0,19.71976168844854,81.76497233801068,63.9,-12.3,30.2,53.9,10.0,-8.9,-3.4,9.9,44.0,81.8,False
MBB,Private_1,2022-Q1,11633066000000.0,8385485000000.0,1117114000000.0,-3597881000000.0,-2125512000000.0,5909673000000.0,415549473000000.0,0.0560078893954181,9502599000000.0,3779206000000.0,2130467000000.0,7641733000000.0,4131814750000.0,-3094297000000.0,-2007512750000.0,1591891500000.0,6549888500000.0,1091844500000.0,338783878000000.0,0.05192436895868295,1860866000000.0,1777858250000.0,-503584000000.0,-117999250000.0,538575500000.0,1835596500000.0,25269500000.0,20.35322842301321,False,43.02850823599969,45.1,-15.1,13.0,44.4,0.6,-12.2,-2.8,10.2,34.2,43.0,45.1,-15.1,13.0,43.0,44.4,0.6,-12.2,-2.8,10.2,34.2,43.02850823599969,8515222000000.0,4642690000000.0,-3462739000000.0,-2011426000000.0,1601633000000.0,7169788000000.0,1345434000000.0,363554778000000.0,0.0521921094358365,1266983000000.0,13.347301066131651,27.289847049878414,21.3,-5.4,11.4,26.2,-4.9,-2.9,-2.5,6.7,19.5,27.3,7018002000000.0,4579858000000.0,-2803949000000.0,-1809057000000.0,2174862000000.0,5952036000000.0,1065966000000.0,324007375000000.0,0.0503028952090627,1329815000000.0,24.755932758261743,29.036162256559045,54.2,-24.2,-1.0,53.1,1.1,-17.3,-6.9,12.4,40.7,29.0,False
MBB,Private_1,2022-Q2,11221880000000.0,8969406000000.0,1010449000000.0,-3860555000000.0,-1374812000000.0,5986513000000.0,415456939000000.0,0.0573736147750091,9979855000000.0,4744488000000.0,1242025000000.0,8262882250000.0,4464268500000.0,-3292780000000.0,-2086626500000.0,1580792750000.0,7158250750000.0,1104631500000.0,361669402500000.0,0.0533506175052718,1716972750000.0,1522244500000.0,-567775000000.0,711814500000.0,-338767750000.0,1811155250000.0,-94182500000.0,13.842674897927134,False,34.09840828346234,38.5,3.2,-7.6,40.6,-2.1,-12.7,16.0,6.9,33.7,34.1,38.5,3.2,-7.6,34.1,40.6,-2.1,-12.7,16.0,6.9,33.7,34.09840828346234,9502599000000.0,5909673000000.0,-3597881000000.0,-2125512000000.0,2130467000000.0,8385485000000.0,1117114000000.0,415549473000000.0,0.0560078893954181,76840000000.0,-0.022270345610762868,1.3002411470143949,6.5,6.5,-6.5,6.5,-1.8,-4.4,6.5,-0.0,6.5,6.5,7592125000000.0,3406408000000.0,-3086784000000.0,-2431410000000.0,1332477000000.0,6562536000000.0,1029589000000.0,331146972000000.0,0.053971471348703,2580105000000.0,22.584925087540828,75.74268848593591,70.1,8.3,-2.7,70.7,-0.5,-22.7,31.1,11.3,59.4,75.7,False
MBB,Private_1,2022-Q3,10986250000000.0,9038629000000.0,784296000000.0,-3728778000000.0,-961967000000.0,6295505000000.0,426232638000000.0,0.057712061689211,9822925000000.0,5132180000000.0,1163325000000.0,8859814750000.0,5109294750000.0,-3486222750000.0,-1822477000000.0,1558179750000.0,7759968250000.0,1099846500000.0,382746894250000.0,0.054201153361848324,963110250000.0,1186210250000.0,-242555250000.0,860510000000.0,-394854750000.0,1278660750000.0,-315550500000.0,10.750764887475928,False,23.21671205208899,18.9,12.1,-7.7,25.0,-6.2,-4.7,16.8,5.4,19.6,23.3,18.9,12.1,-7.7,23.3,25.0,-6.2,-4.7,16.8,5.4,19.6,23.21671205208899,9979855000000.0,5986513000000.0,-3860555000000.0,-1374812000000.0,1242025000000.0,8969406000000.0,1010449000000.0,415456939000000.0,0.0573736147750091,308992000000.0,2.5604924415025754,5.1614687882578725,-2.6,9.1,-1.3,1.2,-3.8,2.2,6.9,1.3,-0.1,5.2,7441583000000.0,3898303000000.0,-3023716000000.0,-1778158000000.0,1258594000000.0,6515194000000.0,926389000000.0,336426387000000.0,0.0512309998411296,2397202000000.0,23.550826268659183,61.49347549433689,61.1,2.8,-2.5,64.8,-3.6,-18.1,20.9,11.8,53.0,61.4,False
MBB,Private_1,2022-Q4,11751429000000.0,9629602000000.0,1223709000000.0,-3628414000000.0,-3585386000000.0,4537629000000.0,460574482000000.0,0.0581932734295239,10853311000000.0,3639511000000.0,898118000000.0,9455150250000.0,5708595250000.0,-3662488250000.0,-1618429250000.0,1534362500000.0,8390827000000.0,1064323250000.0,405198457000000.0,0.05582141882386867,1398160750000.0,-1170966250000.0,34074250000.0,-1966956750000.0,-636244500000.0,1238775000000.0,159385750000.0,12.792274395631114,False,-20.512336200398863,24.5,-33.9,-11.1,21.7,2.8,0.6,-34.5,6.4,15.3,-20.5,24.5,-33.9,-11.1,-20.5,21.7,2.8,0.6,-34.5,6.4,15.3,-20.512336200398863,9822925000000.0,6295505000000.0,-3728778000000.0,-961967000000.0,1163325000000.0,9038629000000.0,784296000000.0,426232638000000.0,0.057712061689211,-1757876000000.0,7.745053738404807,-27.92271628725575,16.4,-40.1,-4.2,9.4,7.0,1.6,-41.7,3.9,5.5,-27.9,8515222000000.0,4642690000000.0,-3462739000000.0,-2011426000000.0,1601633000000.0,7169788000000.0,1345434000000.0,363554778000000.0,0.0521921094358365,-105061000000.0,23.544778400417428,-2.2629337733081467,11.3,-11.3,-11.3,11.3,-2.6,-3.6,-11.3,11.8,-0.5,-11.3,False
MBB,Private_1,2023-Q1,11929717000000.0,10227193000000.0,689646000000.0,-3567903000000.0,-1849648000000.0,6512166000000.0,481386268000000.0,0.0572016182338359,10916839000000.0,5499288000000.0,1012878000000.0,10039672500000.0,5682330000000.0,-3703907000000.0,-2011919250000.0,1358483750000.0,9005780500000.0,1033892000000.0,429453383000000.0,0.057321709822290526,877166500000.0,829836000000.0,136004000000.0,162271250000.0,-345605750000.0,1221412500000.0,-344246000000.0,11.40329913020003,False,14.603798089868064,15.4,5.2,-6.1,21.5,-6.1,2.4,2.9,5.7,15.8,14.5,15.4,5.2,-6.1,14.5,21.5,-6.1,2.4,2.9,5.7,15.8,14.603798089868064,10853311000000.0,4537629000000.0,-3628414000000.0,-3585386000000.0,898118000000.0,9629602000000.0,1223709000000.0,460574482000000.0,0.0581932734295239,1974537000000.0,4.418822334157766,43.514729829168495,1.4,39.6,2.5,13.2,-11.7,1.3,38.2,2.2,11.0,43.5,9502599000000.0,5909673000000.0,-3597881000000.0,-2125512000000.0,2130467000000.0,8385485000000.0,1117114000000.0,415549473000000.0,0.0560078893954181,602493000000.0,14.680381657352196,10.19503109562915,23.9,5.2,-18.9,31.2,-7.2,0.5,4.7,7.3,23.9,10.2,False
MBB,Private_1,2023-Q2,11560835000000.0,9481370000000.0,860772000000.0,-4135168000000.0,-1202803000000.0,6222864000000.0,518071328000000.0,0.0502752089761538,10342142000000.0,5004171000000.0,1218693000000.0,10393232500000.0,5832953250000.0,-3696412500000.0,-1942953250000.0,1079086500000.0,9466207500000.0,927025000000.0,445912581750000.0,0.05762014203189498,-51090500000.0,389910750000.0,-438755500000.0,740150250000.0,139606500000.0,15162500000.0,-66253000000.0,14.97094412472376,False,6.684619836443914,-0.9,5.2,2.4,0.3,-1.1,-7.5,12.7,7.5,-7.2,6.7,-0.9,5.2,2.4,6.7,0.3,-1.1,-7.5,12.7,7.5,-7.2,6.684619836443914,10916839000000.0,6512166000000.0,-3567903000000.0,-1849648000000.0,1012878000000.0,10227193000000.0,689646000000.0,481386268000000.0,0.0572016182338359,-289302000000.0,7.34099378439263,-4.442485034933077,-8.8,1.2,3.2,-11.5,2.6,-8.7,9.9,3.7,-15.2,-4.4,9979855000000.0,5986513000000.0,-3860555000000.0,-1374812000000.0,1242025000000.0,8969406000000.0,1010449000000.0,415456939000000.0,0.0573736147750091,236351000000.0,21.984206076536513,3.9480579095042474,6.1,-1.7,-0.4,8.6,-2.5,-4.6,2.9,11.0,-2.4,4.0,False
MBB,Private_1,2023-Q3,12065150000000.0,9811793000000.0,1079089000000.0,-3333959000000.0,-1447404000000.0,7283787000000.0,536301777000000.0,0.0501633444173235,10890882000000.0,6109519000000.0,1174268000000.0,10483804250000.0,5892041000000.0,-3765065750000.0,-1899951000000.0,1073253500000.0,9594198500000.0,889605750000.0,471566179000000.0,0.05584554058218115,407077750000.0,1391746000000.0,431106750000.0,452547000000.0,101014500000.0,217594500000.0,189483250000.0,12.84604746378106,False,23.620779285140753,6.9,15.0,1.7,3.7,3.2,7.3,7.7,6.4,-2.7,23.6,6.9,15.0,1.7,23.6,3.7,3.2,7.3,7.7,6.4,-2.7,23.620779285140753,10342142000000.0,6222864000000.0,-4135168000000.0,-1202803000000.0,1218693000000.0,9481370000000.0,860772000000.0,518071328000000.0,0.0502752089761538,1060923000000.0,3.458064116686664,17.04878975339972,8.8,9.0,-0.7,5.3,3.5,12.9,-3.9,1.7,3.6,17.1,9822925000000.0,6295505000000.0,-3728778000000.0,-961967000000.0,1163325000000.0,9038629000000.0,784296000000.0,426232638000000.0,0.057712061689211,988282000000.0,22.870691641711325,15.698216425846695,17.0,-1.4,0.2,12.3,4.7,6.3,-7.7,11.4,0.9,15.8,False
MBB,Private_1,2023-Q4,11750360000000.0,9163492000000.0,1455718000000.0,-3875911000000.0,-1587177000000.0,6287272000000.0,611048830000000.0,0.042962118399747,10619210000000.0,5156122000000.0,1131150000000.0,10750793500000.0,6139111500000.0,-3666361000000.0,-2021310250000.0,1075989250000.0,9787489500000.0,963304000000.0,499083463750000.0,0.053958361264209276,-131583500000.0,148160500000.0,-209550000000.0,434133250000.0,55160750000.0,-623997500000.0,492414000000.0,20.171535749452655,False,2.413386692846351,-2.1,3.7,0.9,-10.2,8.0,-3.4,7.1,10.1,-20.3,2.5,-2.1,3.7,0.9,2.5,-10.2,8.0,-3.4,7.1,10.1,-20.3,2.413386692846351,10890882000000.0,7283787000000.0,-3333959000000.0,-1447404000000.0,1174268000000.0,9811793000000.0,1079089000000.0,536301777000000.0,0.0501633444173235,-996515000000.0,13.029505112729678,-13.681275962627682,-3.7,-9.4,-0.6,-8.9,5.2,-7.4,-1.9,6.5,-15.4,-13.7,10853311000000.0,4537629000000.0,-3628414000000.0,-3585386000000.0,898118000000.0,9629602000000.0,1223709000000.0,460574482000000.0,0.0581932734295239,1749643000000.0,28.083440573752654,38.55852913492927,-5.2,38.6,5.1,-10.3,5.1,-5.4,44.0,14.0,-24.3,38.5,False
MBB,Private_1,2024-Q1,12016698000000.0,9062293000000.0,945201000000.0,-3514292000000.0,-2707095000000.0,5795311000000.0,615316724000000.0,0.0403795387948137,10007494000000.0,3786107000000.0,2009204000000.0,10692268250000.0,6576522250000.0,-3728235250000.0,-1521758000000.0,1134247250000.0,9670962000000.0,1021306250000.0,536702050750000.0,0.05015057250676505,-684774250000.0,-781211250000.0,213943250000.0,-1185337000000.0,874956750000.0,-608669000000.0,-76105250000.0,13.648158341353456,False,-11.878789735714799,-10.4,-14.8,13.3,-9.3,-1.2,3.3,-18.0,6.8,-16.1,-11.9,-10.4,-14.8,13.3,-11.9,-9.3,-1.2,3.3,-18.0,6.8,-16.1,-11.878789735714799,10619210000000.0,6287272000000.0,-3875911000000.0,-1587177000000.0,1131150000000.0,9163492000000.0,1455718000000.0,611048830000000.0,0.042962118399747,-491961000000.0,0.6960231369968827,-7.824713166537093,-9.7,-12.1,14.0,-1.6,-8.1,5.8,-17.8,0.3,-1.9,-7.8,10916839000000.0,6512166000000.0,-3567903000000.0,-1849648000000.0,1012878000000.0,10227193000000.0,689646000000.0,481386268000000.0,0.0572016182338359,-716855000000.0,24.42419816066299,-11.00793499428608,-14.0,-12.3,15.3,-17.9,3.9,0.8,-13.2,12.2,-30.1,-11.0,False
MBB,Private_1,2024-Q2,14129248000000.0,10531113000000.0,1354267000000.0,-4490504000000.0,-2005743000000.0,7633001000000.0,673799059000000.0,0.0457703388485501,11885380000000.0,5389133000000.0,2243868000000.0,10464932000000.0,6397308500000.0,-3714832500000.0,-1736119750000.0,1383328750000.0,9379737000000.0,1085195000000.0,570184664750000.0,0.0459450526470095,1420448000000.0,1235692500000.0,-775671500000.0,-269623250000.0,860539250000.0,1151376000000.0,269072000000.0,16.6584806974248,False,19.315818519616492,22.2,-16.3,13.4,18.0,4.2,-12.1,-4.2,8.3,9.7,19.3,22.2,-16.3,13.4,19.3,18.0,4.2,-12.1,-4.2,8.3,9.7,19.315818519616492,10007494000000.0,5795311000000.0,-3514292000000.0,-2707095000000.0,2009204000000.0,9062293000000.0,945201000000.0,615316724000000.0,0.0403795387948137,1837690000000.0,9.073247844953272,31.709946196157553,32.4,-4.8,4.1,25.3,7.1,-16.8,12.1,4.5,20.8,31.7,10342142000000.0,6222864000000.0,-4135168000000.0,-1202803000000.0,1218693000000.0,9481370000000.0,860772000000.0,518071328000000.0,0.0502752089761538,1410137000000.0,26.13165537101309,22.660578794587185,24.8,-18.6,16.5,16.9,7.9,-5.7,-12.9,13.1,3.8,22.7,False
MBB,Private_1,2024-Q3,12703765000000.0,10416635000000.0,888023000000.0,-3755899000000.0,-1639970000000.0,7307896000000.0,702019545000000.0,0.0423629915849594,11304658000000.0,5908789000000.0,1399107000000.0,10850741500000.0,6749842750000.0,-3803666500000.0,-1936854750000.0,1639622500000.0,9642172750000.0,1208568750000.0,609116597500000.0,0.04481883511510858,453916500000.0,558053250000.0,47767500000.0,296884750000.0,-240515500000.0,774462250000.0,-320545750000.0,14.17136550333483,False,8.26764816113679,6.7,5.1,-3.6,11.5,-4.7,0.7,4.4,7.1,4.4,8.2,6.7,5.1,-3.6,8.2,11.5,-4.7,0.7,4.4,7.1,4.4,8.26764816113679,11885380000000.0,7633001000000.0,-4490504000000.0,-2005743000000.0,2243868000000.0,10531113000000.0,1354267000000.0,673799059000000.0,0.0457703388485501,-325105000000.0,4.102355632923248,-4.259202900667772,-7.6,14.4,-11.1,-1.5,-6.1,9.6,4.8,2.1,-3.6,-4.3,10890882000000.0,7283787000000.0,-3333959000000.0,-1447404000000.0,1174268000000.0,9811793000000.0,1079089000000.0,536301777000000.0,0.0501633444173235,24109000000.0,26.764905853732852,0.33099540115601955,0.4,-0.4,0.3,0.4,-0.3,-0.4,-0.3,13.4,-13.0,0.3,False
MBB,Private_1,2024-Q4,16563511000000.0,11142178000000.0,1180758000000.0,-5246555000000.0,-3223836000000.0,8093120000000.0,776657846000000.0,0.0423253740992425,12322936000000.0,3852545000000.0,4240575000000.0,10954185500000.0,6755870000000.0,-3909151500000.0,-1984996250000.0,1695832250000.0,9793383250000.0,1160802250000.0,650546039500000.0,0.04286874690701755,1368750500000.0,1337250000000.0,-1337403500000.0,-1238839750000.0,2544742750000.0,1348794750000.0,19955750000.0,17.672570510949605,False,19.79389775114086,20.3,-38.1,37.7,20.0,0.3,-19.8,-18.3,8.8,11.2,19.9,20.3,-38.1,37.7,19.9,20.0,0.3,-19.8,-18.3,8.8,11.2,19.79389775114086,11304658000000.0,7307896000000.0,-3755899000000.0,-1639970000000.0,1399107000000.0,10416635000000.0,888023000000.0,702019545000000.0,0.0423629915849594,785224000000.0,10.095278585347627,10.744871027173895,13.9,-42.1,38.9,9.9,4.0,-20.4,-21.7,5.0,4.9,10.7,10619210000000.0,6287272000000.0,-3875911000000.0,-1587177000000.0,1131150000000.0,9163492000000.0,1455718000000.0,611048830000000.0,0.042962118399747,1805848000000.0,23.86801459763245,28.722282096273233,27.1,-47.8,49.5,31.5,-4.4,-21.8,-26.0,11.9,19.6,28.8,False
MBB,Private_1,2025-Q1,15322697000000.0,11692184000000.0,1235416000000.0,-3949958000000.0,-2986414000000.0,8386325000000.0,797536715000000.0,0.041878464982025,12927600000000.0,5991228000000.0,2395097000000.0,11380117000000.0,7207332000000.0,-4251812500000.0,-2394161000000.0,2473188500000.0,10288054750000.0,1092062250000.0,691948293500000.0,0.042709560831891424,1547483000000.0,1178993000000.0,301854500000.0,-592253000000.0,-78091500000.0,1404129250000.0,143353750000.0,14.177842797670563,False,16.358244631994197,21.5,-4.0,-1.1,19.5,2.0,4.2,-8.2,7.1,12.4,16.4,21.5,-4.0,-1.1,16.4,19.5,2.0,4.2,-8.2,7.1,12.4,16.358244631994197,12322936000000.0,8093120000000.0,-5246555000000.0,-3223836000000.0,4240575000000.0,11142178000000.0,1180758000000.0,776657846000000.0,0.0423253740992425,293205000000.0,2.6526414862895717,3.622892036692895,7.5,18.1,-18.1,6.8,0.7,16.0,2.9,1.3,5.5,7.5,10007494000000.0,5795311000000.0,-3514292000000.0,-2707095000000.0,2009204000000.0,9062293000000.0,945201000000.0,615316724000000.0,0.0403795387948137,2591014000000.0,25.794606286830856,44.70879992462872,50.4,-12.3,6.7,45.4,5.0,-7.5,-4.8,12.9,32.5,44.8,False
MBB,Private_1,2025-Q2,17245678000000.0,12372117000000.0,1915543000000.0,-4956470000000.0,-4786217000000.0,7502991000000.0,879888513000000.0,0.0413676406373978,14287660000000.0,4544973000000.0,2958018000000.0,12110143500000.0,7855085500000.0,-4360729000000.0,-2463990750000.0,2569661750000.0,10945527500000.0,1164616000000.0,737503291250000.0,0.043084292378694246,2177516500000.0,-352094500000.0,-595741000000.0,-2322226250000.0,388356250000.0,1426589500000.0,750927000000.0,17.606769290638937,False,-4.482376417163123,22.4,-22.4,4.9,18.2,9.6,-7.6,-22.4,8.8,9.4,4.9,22.4,-22.4,4.9,4.9,18.2,9.6,-7.6,-22.4,8.8,9.4,-4.482376417163123,12927600000000.0,8386325000000.0,-3949958000000.0,-2986414000000.0,2395097000000.0,11692184000000.0,1235416000000.0,797536715000000.0,0.041878464982025,-883334000000.0,9.818833844318455,-10.53302847194689,16.2,-33.5,6.7,8.1,8.1,-12.0,-21.5,4.9,3.2,-10.6,11885380000000.0,7633001000000.0,-4490504000000.0,-2005743000000.0,2243868000000.0,10531113000000.0,1354267000000.0,673799059000000.0,0.0457703388485501,-130010000000.0,26.52907286047339,-1.7032619280411467,8.5,-8.5,8.5,8.5,7.4,-6.1,-8.5,13.3,-4.8,8.5,True
MSB,Private_2,2018-Q1,796293000000.0,440490000000.0,37681000000.0,-481421000000.0,-81871000000.0,233001000000.0,35101859000000.0,0.0025911898745712,478171000000.0,-85121000000.0,318122000000.0,,,,,,,,,,,,,,,,,,False,0.0,,,,,,,,,,,,,,,,,,,,,0.0,,,,,,,,,,,,0.0,,,,,,,,,,,,,,,,,,,,,,0.0,,,,,,,,,,,False
MSB,Private_2,2018-Q2,997896000000.0,607906000000.0,77758000000.0,-589080000000.0,-447719000000.0,-38903000000.0,39551630000000.0,0.0240789425032097,685664000000.0,-351135000000.0,312232000000.0,,,,,,,,,,,,,,,,,,False,0.0,,,,,,,,,,,,,,,,,,,,,0.0,478171000000.0,233001000000.0,-481421000000.0,-81871000000.0,318122000000.0,440490000000.0,37681000000.0,35101859000000.0,0.0025911898745712,-271904000000.0,11.921133384670073,-116.69649486482892,89.0,-203.2,-2.6,71.9,17.2,-46.2,-157.1,6.0,65.9,-116.8,,,,,,,,,,,,0.0,,,,,,,,,,,False
MSB,Private_2,2018-Q3,945573000000.0,547449000000.0,76780000000.0,-600288000000.0,-323890000000.0,21395000000.0,39980976000000.0,0.0207784662126724,624229000000.0,-299949000000.0,321344000000.0,,,,,,,,,,,,,,,,,,False,0.0,,,,,,,,,,,,,,,,,,,,,0.0,685664000000.0,-38903000000.0,-589080000000.0,-447719000000.0,312232000000.0,607906000000.0,77758000000.0,39551630000000.0,0.0240789425032097,60298000000.0,1.0796729079894603,154.99575868184974,-157.9,289.5,23.4,-155.5,-2.5,-28.8,318.4,0.5,-156.0,155.0,,,,,,,,,,,,0.0,,,,,,,,,,,False
MSB,Private_2,2018-Q4,2008730000000.0,1238591000000.0,79367000000.0,-1287156000000.0,76115000000.0,797689000000.0,48762243000000.0,0.0444050660019947,1317958000000.0,106917000000.0,690772000000.0,,,,,,,,,,,,,,,,,,False,0.0,,,,,,,,,,,,,,,,,,,,,0.0,624229000000.0,21395000000.0,-600288000000.0,-323890000000.0,321344000000.0,547449000000.0,76780000000.0,39980976000000.0,0.0207784662126724,776294000000.0,19.790282793325314,3628.389810703435,3243.8,-1342.5,1727.1,3229.3,10.9,-3211.1,1868.6,9.9,3219.4,3628.4,,,,,,,,,,,,0.0,,,,,,,,,,,False
MSB,Private_2,2019-Q1,797333000000.0,605844000000.0,57846000000.0,-626290000000.0,-98043000000.0,73000000000.0,48770584000000.0,0.0211950655275239,663690000000.0,-60643000000.0,133643000000.0,776505500000.0,253295500000.0,-739486250000.0,-194341250000.0,410617500000.0,708609000000.0,67896500000.0,40849177000000.0,0.022963416148112002,-112815500000.0,-180295500000.0,113196250000.0,96298250000.0,-276974500000.0,-102765000000.0,-10050500000.0,17.677813267098536,False,-71.17990647287456,-44.6,82.7,-109.3,-40.6,-4.0,44.7,38.0,8.8,-49.4,-71.2,-44.6,82.7,-109.3,-71.2,-40.6,-4.0,44.7,38.0,8.8,-49.4,-71.17990647287456,1317958000000.0,797689000000.0,-1287156000000.0,76115000000.0,690772000000.0,1238591000000.0,79367000000.0,48762243000000.0,0.0444050660019947,-724689000000.0,0.017103984897310524,-90.84856378864444,-82.0,61.1,-69.9,-79.3,-2.7,82.9,-21.8,0.0,-79.3,-90.8,478171000000.0,233001000000.0,-481421000000.0,-81871000000.0,318122000000.0,440490000000.0,37681000000.0,35101859000000.0,0.0025911898745712,-160001000000.0,32.594078605770434,-68.66966236196411,79.6,-69.1,-79.2,70.9,8.7,-62.1,-6.9,16.3,54.6,-68.7,False
MSB,Private_2,2019-Q2,1017680000000.0,570738000000.0,130678000000.0,-363050000000.0,-160782000000.0,493848000000.0,55436593000000.0,0.0192919264564808,701416000000.0,177584000000.0,316264000000.0,822885250000.0,213295250000.0,-775703500000.0,-198384250000.0,364497750000.0,749947500000.0,72937750000.0,44266358250000.0,0.027614385061350173,-121469250000.0,280552750000.0,412653500000.0,37602250000.0,-48233750000.0,-179209500000.0,57740250000.0,22.407029300449118,False,131.53258218361637,-57.0,211.1,-22.6,-84.0,27.1,193.5,17.6,11.2,-95.2,131.5,-57.0,211.1,-22.6,131.5,-84.0,27.1,193.5,17.6,11.2,-95.2,131.53258218361637,663690000000.0,73000000000.0,-626290000000.0,-98043000000.0,133643000000.0,605844000000.0,57846000000.0,48770584000000.0,0.0211950655275239,420848000000.0,12.79376179627244,576.5041095890411,51.9,274.4,250.2,-47.8,99.7,360.3,-85.9,6.4,-54.2,576.5,685664000000.0,-38903000000.0,-589080000000.0,-447719000000.0,312232000000.0,607906000000.0,77758000000.0,39551630000000.0,0.0240789425032097,532751000000.0,33.44617363775718,1369.4342338637123,41.1,1318.8,11.0,-95.9,135.6,580.6,738.1,16.7,-112.6,1370.9,False
MSB,Private_2,2019-Q3,1684399000000.0,864161000000.0,161892000000.0,-681433000000.0,-505871000000.0,497095000000.0,57827968000000.0,0.027523116175226,1026053000000.0,-161251000000.0,658346000000.0,826823250000.0,346483000000.0,-719196000000.0,-126650000000.0,365505750000.0,740655500000.0,86167750000.0,48237599000000.0,0.026417631049667947,199229750000.0,150612000000.0,37763000000.0,-379221000000.0,292840250000.0,123505500000.0,75724250000.0,18.083849964239572,False,43.46879933503231,57.5,-98.5,84.5,35.6,21.9,10.9,-109.5,9.0,26.6,43.5,57.5,-98.5,84.5,43.5,35.6,21.9,10.9,-109.5,9.0,26.6,43.46879933503231,701416000000.0,493848000000.0,-363050000000.0,-160782000000.0,316264000000.0,570738000000.0,130678000000.0,55436593000000.0,0.0192919264564808,3247000000.0,4.222635886965562,0.6574897539323841,0.7,-0.7,0.7,0.7,0.1,-0.7,-0.7,2.1,-1.4,0.7,624229000000.0,21395000000.0,-600288000000.0,-323890000000.0,321344000000.0,547449000000.0,76780000000.0,39980976000000.0,0.0207784662126724,475700000000.0,36.493578746745285,2223.416686141622,1878.8,-1229.5,1574.2,1480.8,398.0,-380.2,-851.6,18.2,1462.6,2223.5,False
MSB,Private_2,2019-Q4,1215744000000.0,1021361000000.0,171839000000.0,-831409000000.0,-160452000000.0,223883000000.0,63594389000000.0,0.0311910062090841,1193200000000.0,201339000000.0,22544000000.0,927279250000.0,465408000000.0,-739482250000.0,-172145250000.0,449756250000.0,819833500000.0,107445750000.0,52699347000000.0,0.02810379354030635,265920750000.0,-241525000000.0,-91926750000.0,11693250000.0,-427212250000.0,201527500000.0,64393250000.0,18.73710893594475,False,-51.89532625137514,57.1,-17.2,-91.8,43.3,13.9,-19.8,2.5,9.4,33.9,-51.9,57.1,-17.2,-91.8,-51.9,43.3,13.9,-19.8,2.5,9.4,33.9,-51.89532625137514,1026053000000.0,497095000000.0,-681433000000.0,-505871000000.0,658346000000.0,864161000000.0,161892000000.0,57827968000000.0,0.027523116175226,-273212000000.0,9.498120679703161,-54.961727637574306,33.6,39.3,-127.9,31.6,2.0,-30.2,69.5,4.7,26.9,-55.0,1317958000000.0,797689000000.0,-1287156000000.0,76115000000.0,690772000000.0,1238591000000.0,79367000000.0,48762243000000.0,0.0444050660019947,-573806000000.0,26.401905674780284,-71.93354803689157,-15.6,27.5,-83.8,-27.3,11.6,57.1,-29.6,13.2,-40.5,-71.9,False
MSB,Private_2,2020-Q1,1262903000000.0,893816000000.0,121484000000.0,-894069000000.0,-79224000000.0,289610000000.0,65691407000000.0,0.0267733740356418,1015300000000.0,42007000000.0,247603000000.0,896089750000.0,321956500000.0,-625545500000.0,-231287000000.0,282699250000.0,765526000000.0,130563750000.0,56407383500000.0,0.024800278592078697,119210250000.0,-32346500000.0,-268523500000.0,152063000000.0,-35096250000.0,128290000000.0,-9079750000.0,15.207396341899063,True,-10.046854155763278,37.0,-36.2,-10.9,39.8,-2.8,-77.7,47.2,7.6,32.2,-10.1,37.0,-36.2,-10.9,-10.1,39.8,-2.8,-77.7,47.2,7.6,32.2,-10.046854155763278,1193200000000.0,223883000000.0,-831409000000.0,-160452000000.0,22544000000.0,1021361000000.0,171839000000.0,63594389000000.0,0.0311910062090841,65727000000.0,3.244003695502637,29.35774489353814,-79.5,8.3,100.5,-57.0,-22.5,-28.0,36.3,1.6,-58.6,29.3,663690000000.0,73000000000.0,-626290000000.0,-98043000000.0,133643000000.0,605844000000.0,57846000000.0,48770584000000.0,0.0211950655275239,216610000000.0,29.565837274314056,296.7260273972603,481.6,-340.9,156.1,394.3,87.2,-366.8,25.8,14.8,379.5,296.8,True
MSB,Private_2,2020-Q2,1759290000000.0,1084147000000.0,204330000000.0,-665600000000.0,-409098000000.0,684592000000.0,70075987000000.0,0.0312708752201806,1288477000000.0,213779000000.0,470813000000.0,983992250000.0,376109000000.0,-692490250000.0,-226582250000.0,311189250000.0,837519000000.0,146473250000.0,60637589250000.0,0.02619485571910818,304484750000.0,308483000000.0,26890250000.0,-182515750000.0,159623750000.0,246628000000.0,57856750000.0,14.44134269870839,False,82.01957411282368,81.0,-41.3,42.4,65.5,15.4,7.1,-48.6,7.2,58.3,82.1,81.0,-41.3,42.4,82.1,65.5,15.4,7.1,-48.6,7.2,58.3,82.01957411282368,1015300000000.0,289610000000.0,-894069000000.0,-79224000000.0,247603000000.0,893816000000.0,121484000000.0,65691407000000.0,0.0267733740356418,394982000000.0,6.458958768848431,136.38410275888265,94.4,-35.1,77.1,65.7,28.6,78.8,-113.9,3.2,62.5,136.4,701416000000.0,493848000000.0,-363050000000.0,-160782000000.0,316264000000.0,570738000000.0,130678000000.0,55436593000000.0,0.0192919264564808,190744000000.0,23.327373240196323,38.62403006593122,118.9,-111.5,31.3,104.0,14.9,-61.3,-50.3,11.7,92.3,38.7,False
MSB,Private_2,2020-Q3,1783070000000.0,1309560000000.0,171299000000.0,-699305000000.0,-391774000000.0,691991000000.0,73429587000000.0,0.0358855209790173,1480859000000.0,389780000000.0,302211000000.0,1130757500000.0,423795000000.0,-768127750000.0,-288661250000.0,349826500000.0,965871250000.0,164886250000.0,64297437750000.0,0.029189592910033126,350101500000.0,268196000000.0,68822750000.0,-103112750000.0,-47615500000.0,343688750000.0,6412750000.0,13.261230708463408,False,63.28437098125272,82.6,-8.1,-11.3,81.1,1.5,16.3,-24.3,6.6,74.5,63.2,82.6,-8.1,-11.3,63.2,81.1,1.5,16.3,-24.3,6.6,74.5,63.28437098125272,1288477000000.0,684592000000.0,-665600000000.0,-409098000000.0,470813000000.0,1084147000000.0,204330000000.0,70075987000000.0,0.0312708752201806,7399000000.0,4.673825422279416,1.08078972585131,28.1,-2.4,-24.6,32.9,-4.8,-4.9,2.5,2.3,30.6,1.1,1026053000000.0,497095000000.0,-681433000000.0,-505871000000.0,658346000000.0,864161000000.0,161892000000.0,57827968000000.0,0.027523116175226,194896000000.0,23.772527227099424,39.20699262716382,91.5,19.4,-71.6,89.6,1.9,-3.6,22.9,11.9,77.7,39.3,False
MSB,Private_2,2020-Q4,2377217000000.0,1534865000000.0,323556000000.0,-1326947000000.0,-193148000000.0,857122000000.0,79340579000000.0,0.0407775827930882,1858421000000.0,338326000000.0,518796000000.0,1244459000000.0,472519000000.0,-772595750000.0,-260137000000.0,260792750000.0,1077221000000.0,167238000000.0,68197842500000.0,0.03128019411098095,613962000000.0,384603000000.0,-554351250000.0,66989000000.0,258003250000.0,457644000000.0,156318000000.0,15.104860668446287,False,81.39418732368433,129.9,-103.1,54.6,96.9,33.0,-117.3,14.2,7.6,89.3,81.4,129.9,-103.1,54.6,81.4,96.9,33.0,-117.3,14.2,7.6,89.3,81.39418732368433,1480859000000.0,691991000000.0,-699305000000.0,-391774000000.0,302211000000.0,1309560000000.0,171299000000.0,73429587000000.0,0.0358855209790173,165131000000.0,7.73841143826472,23.86317163084491,54.6,-62.0,31.3,32.5,22.0,-90.7,28.7,3.9,28.6,23.9,1193200000000.0,223883000000.0,-831409000000.0,-160452000000.0,22544000000.0,1021361000000.0,171839000000.0,63594389000000.0,0.0311910062090841,633239000000.0,22.03266313390856,282.8437174774324,297.3,-235.9,221.7,229.4,67.9,-221.5,-14.7,11.0,218.4,283.1,False
MSB,Private_2,2021-Q1,2064058000000.0,1419750000000.0,122961000000.0,-712911000000.0,-203951000000.0,1147196000000.0,89498224000000.0,0.0357391483950611,1542711000000.0,625849000000.0,521347000000.0,1410764250000.0,630828750000.0,-896480250000.0,-268311000000.0,384855750000.0,1205597000000.0,205167250000.0,72134390000000.0,0.03367683825698198,131946750000.0,516367250000.0,183569250000.0,64360000000.0,136491250000.0,214153000000.0,-82206250000.0,21.485557364060202,False,81.85537675637009,21.0,39.3,21.6,34.0,-13.0,29.1,10.2,10.7,23.3,81.9,21.0,39.3,21.6,81.9,34.0,-13.0,29.1,10.2,10.7,23.3,81.85537675637009,1858421000000.0,857122000000.0,-1326947000000.0,-193148000000.0,518796000000.0,1534865000000.0,323556000000.0,79340579000000.0,0.0407775827930882,290074000000.0,12.032358462053299,33.84279017456092,-36.8,70.4,0.3,-13.4,-23.4,71.6,-1.3,6.0,-19.4,33.9,1015300000000.0,289610000000.0,-894069000000.0,-79224000000.0,247603000000.0,893816000000.0,121484000000.0,65691407000000.0,0.0267733740356418,857586000000.0,30.680937697441912,296.11753737785295,182.1,19.5,94.5,181.5,0.6,62.5,-42.9,15.3,166.2,296.1,False
MSB,Private_2,2021-Q2,3295155000000.0,1476985000000.0,2074779000000.0,-1081849000000.0,-241206000000.0,1972100000000.0,91380975000000.0,0.0364512175459631,3551764000000.0,2228709000000.0,-256609000000.0,1542617000000.0,845225250000.0,-851190750000.0,-299492750000.0,453291750000.0,1337080500000.0,205536500000.0,78086094250000.0,0.0359182818468368,2009147000000.0,1126874750000.0,-230658250000.0,58286750000.0,-709900750000.0,139904500000.0,1869242500000.0,15.690223249671265,False,133.32241908296044,237.7,-20.4,-84.0,16.5,221.2,-27.3,6.9,7.8,8.7,133.3,237.7,-20.4,-84.0,133.3,16.5,221.2,-27.3,6.9,7.8,8.7,133.32241908296044,1542711000000.0,1147196000000.0,-712911000000.0,-203951000000.0,521347000000.0,1419750000000.0,122961000000.0,89498224000000.0,0.0357391483950611,824904000000.0,2.0817772418375204,71.90610845923452,175.1,-35.4,-67.8,5.0,170.1,-32.1,-3.2,1.0,4.0,71.9,1288477000000.0,684592000000.0,-665600000000.0,-409098000000.0,470813000000.0,1084147000000.0,204330000000.0,70075987000000.0,0.0312708752201806,1287508000000.0,26.390918962045127,188.06939023535185,330.6,-36.3,-106.3,57.4,273.3,-60.7,24.4,13.2,44.2,188.0,False
MSB,Private_2,2021-Q3,2310543000000.0,1626968000000.0,250754000000.0,-714259000000.0,-586976000000.0,1009308000000.0,97996349000000.0,0.0389202385309734,1877722000000.0,576487000000.0,432821000000.0,2108438750000.0,1167102250000.0,-955253000000.0,-257519750000.0,271436250000.0,1435290000000.0,673148750000.0,83412341250000.0,0.03721336742828242,-230716750000.0,-157794250000.0,240994000000.0,-329456250000.0,161384750000.0,191678000000.0,-422394750000.0,16.078620853170513,False,-13.52017357519446,-19.8,-7.6,13.8,16.4,-36.2,20.6,-28.2,8.0,8.4,-13.6,-19.8,-7.6,13.8,-13.6,16.4,-36.2,20.6,-28.2,8.0,8.4,-13.52017357519446,3551764000000.0,1972100000000.0,-1081849000000.0,-241206000000.0,-256609000000.0,1476985000000.0,2074779000000.0,91380975000000.0,0.0364512175459631,-962792000000.0,6.986447860040519,-48.820648040160236,-84.9,1.1,35.0,7.6,-92.5,18.6,-17.5,3.5,4.1,-48.8,1480859000000.0,691991000000.0,-699305000000.0,-391774000000.0,302211000000.0,1309560000000.0,171299000000.0,73429587000000.0,0.0358855209790173,317317000000.0,28.661662958631883,45.85565419203429,57.4,-30.4,18.9,45.9,11.5,-2.2,-28.2,14.3,31.6,45.9,False
MSB,Private_2,2021-Q4,2918487000000.0,1692541000000.0,424948000000.0,-1422897000000.0,-535733000000.0,959857000000.0,101562609000000.0,0.0375736106157186,2117489000000.0,158859000000.0,800998000000.0,2207654500000.0,1246431500000.0,-958991500000.0,-306320250000.0,304088750000.0,1514642000000.0,693012500000.0,89554031750000.0,0.03797204681627145,-90165500000.0,-286574500000.0,-463905500000.0,-229412750000.0,496909250000.0,177899000000.0,-268064500000.0,12.566752118365706,False,-22.99159640942964,-7.2,-55.6,39.9,14.3,-21.5,-37.2,-18.4,6.3,8.0,-22.9,-7.2,-55.6,39.9,-22.9,14.3,-21.5,-37.2,-18.4,6.3,8.0,-22.99159640942964,1877722000000.0,1009308000000.0,-714259000000.0,-586976000000.0,432821000000.0,1626968000000.0,250754000000.0,97996349000000.0,0.0389202385309734,-49451000000.0,3.5741417330912304,-4.89949549592394,-4.9,5.1,-5.1,-1.3,-3.6,5.1,-1.0,1.8,-3.1,-4.9,1858421000000.0,857122000000.0,-1326947000000.0,-193148000000.0,518796000000.0,1534865000000.0,323556000000.0,79340579000000.0,0.0407775827930882,102735000000.0,24.567869970318046,11.98604166034707,30.2,-51.2,32.9,18.4,11.8,-11.2,-40.0,12.3,6.1,11.9,False
MSB,Private_2,2022-Q1,2406016000000.0,1964012000000.0,336574000000.0,-740386000000.0,-170713000000.0,1494917000000.0,110578505000000.0,0.0426492569583654,2300586000000.0,1389487000000.0,105430000000.0,2272421500000.0,1272115250000.0,-982979000000.0,-391966500000.0,374639250000.0,1554061000000.0,718360500000.0,95109539250000.0,0.03717105377192905,28164500000.0,222801750000.0,242593000000.0,221253500000.0,-269209250000.0,409951000000.0,-381786500000.0,15.04119095147651,False,17.514273962205863,2.2,36.5,-21.2,32.2,-30.0,19.1,17.4,7.5,24.7,17.5,2.2,36.5,-21.2,17.5,32.2,-30.0,19.1,17.4,7.5,24.7,17.514273962205863,2117489000000.0,959857000000.0,-1422897000000.0,-535733000000.0,800998000000.0,1692541000000.0,424948000000.0,101562609000000.0,0.0375736106157186,535060000000.0,8.49990445510718,55.74372015831525,19.1,109.1,-72.5,28.3,-9.2,71.1,38.0,4.2,24.1,55.7,1542711000000.0,1147196000000.0,-712911000000.0,-203951000000.0,521347000000.0,1419750000000.0,122961000000.0,89498224000000.0,0.0357391483950611,347721000000.0,21.072196757075133,30.31051363498478,66.1,0.5,-36.3,47.4,18.6,-2.4,2.9,10.5,36.9,30.3,False
MSB,Private_2,2022-Q2,2784064000000.0,2059748000000.0,243633000000.0,-1058147000000.0,115054000000.0,1840971000000.0,110470844000000.0,0.0452187111783794,2303381000000.0,1360288000000.0,480683000000.0,2461890250000.0,1359045500000.0,-989847750000.0,-383657000000.0,270660000000.0,1690126500000.0,771763750000.0,100379609500000.0,0.038898580912755124,-158509250000.0,481925500000.0,-68299250000.0,498711000000.0,210023000000.0,369621500000.0,-528130750000.0,9.571935305322926,False,35.46058612459995,-11.7,31.7,15.5,27.2,-38.9,-5.0,36.7,4.8,22.4,35.5,-11.7,31.7,15.5,35.5,27.2,-38.9,-5.0,36.7,4.8,22.4,35.46058612459995,2300586000000.0,1494917000000.0,-740386000000.0,-170713000000.0,105430000000.0,1964012000000.0,336574000000.0,110578505000000.0,0.0426492569583654,346054000000.0,-0.09740901792929506,23.148709928377293,0.2,-2.1,25.1,6.4,-6.2,-21.3,19.1,-0.0,6.4,23.2,3551764000000.0,1972100000000.0,-1081849000000.0,-241206000000.0,-256609000000.0,1476985000000.0,2074779000000.0,91380975000000.0,0.0364512175459631,-131129000000.0,18.914735665572575,-6.649206429694235,-33.2,19.3,33.2,29.5,-33.2,1.2,18.1,9.5,20.0,19.3,False
MSB,Private_2,2022-Q3,2838560000000.0,2200103000000.0,275668000000.0,-996434000000.0,-353603000000.0,1488523000000.0,112178967000000.0,0.0485963700586556,2475771000000.0,1125734000000.0,362789000000.0,2149794500000.0,1326263250000.0,-983922250000.0,-294592000000.0,454983000000.0,1835817250000.0,313977250000.0,105152076750000.0,0.0410904543208592,325976500000.0,162259750000.0,-12511750000.0,-59011000000.0,-92194000000.0,364285750000.0,-38309250000.0,6.46653154446096,False,12.234354680339669,24.6,-5.4,-6.9,27.5,-2.9,-0.9,-4.5,3.2,24.3,12.3,24.6,-5.4,-6.9,12.3,27.5,-2.9,-0.9,-4.5,3.2,24.3,12.234354680339669,2303381000000.0,1840971000000.0,-1058147000000.0,115054000000.0,480683000000.0,2059748000000.0,243633000000.0,110470844000000.0,0.0452187111783794,-352448000000.0,1.5343583651189354,-19.144679628304846,9.4,-22.1,-6.4,7.6,1.7,3.4,-25.5,0.8,6.8,-19.1,1877722000000.0,1009308000000.0,-714259000000.0,-586976000000.0,432821000000.0,1626968000000.0,250754000000.0,97996349000000.0,0.0389202385309734,479215000000.0,13.495988272952092,47.479560253163555,59.3,-4.8,-6.9,56.8,2.5,-28.0,23.1,6.7,50.1,47.6,False
MSB,Private_2,2022-Q4,2665035000000.0,2097929000000.0,256590000000.0,-1632996000000.0,-69245000000.0,962794000000.0,120643542000000.0,0.0447567213202222,2354519000000.0,652278000000.0,310516000000.0,2299306750000.0,1446067000000.0,-1054466000000.0,-236248750000.0,437475000000.0,1979101000000.0,320205750000.0,108697731250000.0,0.04350948720277975,55212250000.0,-483273000000.0,-578530000000.0,167003750000.0,-126959000000.0,118828000000.0,-63615750000.0,10.417497540425815,False,-33.41982079668508,3.8,-28.5,-8.8,8.2,-4.4,-40.0,11.6,5.2,3.0,-33.5,3.8,-28.5,-8.8,-33.5,8.2,-4.4,-40.0,11.6,5.2,3.0,-33.41982079668508,2475771000000.0,1488523000000.0,-996434000000.0,-353603000000.0,362789000000.0,2200103000000.0,275668000000.0,112178967000000.0,0.0485963700586556,-525729000000.0,7.27126860401629,-35.318836188624566,-8.2,-23.7,-3.5,-6.9,-1.3,-42.8,19.1,3.6,-10.5,-35.4,2117489000000.0,959857000000.0,-1422897000000.0,-535733000000.0,800998000000.0,1692541000000.0,424948000000.0,101562609000000.0,0.0375736106157186,2937000000.0,17.174081738178344,0.3059830787294357,0.3,0.3,-0.3,0.3,-0.2,-0.3,0.3,8.6,-8.3,0.3,False
MSB,Private_2,2023-Q1,2868722000000.0,2157736000000.0,269568000000.0,-939012000000.0,-403286000000.0,1526424000000.0,136807054000000.0,0.0417964029426795,2427304000000.0,1085006000000.0,441418000000.0,2358564250000.0,1446801250000.0,-1106990750000.0,-119626750000.0,314854500000.0,2080448000000.0,278116250000.0,113467964500000.0,0.045305264878905654,68739750000.0,79622750000.0,167978750000.0,-283659250000.0,126563500000.0,77288000000.0,-8548250000.0,18.65075439001516,False,5.503364750341486,4.7,-8.0,8.8,5.3,-0.6,11.6,-19.6,9.3,-4.0,5.5,4.7,-8.0,8.8,5.5,5.3,-0.6,11.6,-19.6,9.3,-4.0,5.503364750341486,2354519000000.0,962794000000.0,-1632996000000.0,-69245000000.0,310516000000.0,2097929000000.0,256590000000.0,120643542000000.0,0.0447567213202222,563630000000.0,12.556593188077143,58.541079400162445,7.6,37.4,13.6,6.2,1.3,72.1,-34.7,6.3,-0.1,58.6,2300586000000.0,1494917000000.0,-740386000000.0,-170713000000.0,105430000000.0,1964012000000.0,336574000000.0,110578505000000.0,0.0426492569583654,31507000000.0,21.204591816937867,2.107608649844774,2.1,-4.2,4.2,3.2,-1.1,-3.3,-3.9,10.6,-7.4,2.1,False
MSB,Private_2,2023-Q2,3527565000000.0,2210599000000.0,811882000000.0,-1006321000000.0,-499432000000.0,2021812000000.0,136593027000000.0,0.0403763121114447,3022481000000.0,1516728000000.0,505084000000.0,2390243750000.0,1454678000000.0,-1156647250000.0,-177770000000.0,398851500000.0,2128879000000.0,261364750000.0,120025101750000.0,0.04509205137498418,632237250000.0,567134000000.0,150326250000.0,-321662000000.0,106232500000.0,81720000000.0,550517250000.0,12.912513492872238,False,38.98690981784284,43.5,-11.8,7.3,5.6,37.9,10.3,-22.1,6.5,-0.9,39.0,43.5,-11.8,7.3,39.0,5.6,37.9,10.3,-22.1,6.5,-0.9,38.98690981784284,2427304000000.0,1526424000000.0,-939012000000.0,-403286000000.0,441418000000.0,2157736000000.0,269568000000.0,136807054000000.0,0.0417964029426795,495388000000.0,-0.1565668885079811,32.45415428478588,39.0,-10.7,4.2,3.5,35.5,-4.4,-6.3,-0.1,3.6,32.5,2303381000000.0,1840971000000.0,-1058147000000.0,115054000000.0,480683000000.0,2059748000000.0,243633000000.0,110470844000000.0,0.0452187111783794,180841000000.0,21.14609707544006,9.823131380124945,39.1,-30.6,1.3,8.2,30.9,2.8,-33.4,10.6,-2.4,9.8,False
MSB,Private_2,2023-Q3,3170721000000.0,2437678000000.0,234464000000.0,-1079659000000.0,-416335000000.0,1674727000000.0,141244965000000.0,0.0429629506747428,2672142000000.0,1176148000000.0,498579000000.0,2570018750000.0,1499888250000.0,-1143690750000.0,-331391500000.0,404951750000.0,2166591750000.0,403427000000.0,126555647500000.0,0.0438814516082505,102123250000.0,174838750000.0,64031750000.0,-84943500000.0,93627250000.0,271086250000.0,-168963000000.0,10.970338986808702,False,11.656785097156405,6.8,-1.4,6.2,18.1,-11.3,4.3,-5.7,5.5,12.6,11.6,6.8,-1.4,6.2,11.6,18.1,-11.3,4.3,-5.7,5.5,12.6,11.656785097156405,3022481000000.0,2021812000000.0,-1006321000000.0,-499432000000.0,505084000000.0,2210599000000.0,811882000000.0,136593027000000.0,0.0403763121114447,-347085000000.0,3.34866946490169,-17.167026409972834,-17.3,0.5,-0.3,11.2,-28.6,-3.6,4.1,1.7,9.5,-17.1,2475771000000.0,1488523000000.0,-996434000000.0,-353603000000.0,362789000000.0,2200103000000.0,275668000000.0,112178967000000.0,0.0485963700586556,186204000000.0,22.938637066052625,12.50931292294442,13.2,-9.8,9.1,16.0,-2.8,-5.6,-4.2,11.5,4.5,12.5,False
MSB,Private_2,2023-Q4,2721987000000.0,2382502000000.0,281111000000.0,-1787339000000.0,-327701000000.0,606947000000.0,149145386000000.0,0.0391758778512446,2663613000000.0,548573000000.0,58374000000.0,2619111500000.0,1546439250000.0,-1164497000000.0,-347074500000.0,438899250000.0,2225985500000.0,393126000000.0,133822147000000.0,0.0424730967622723,44501500000.0,-939492250000.0,-622842000000.0,19373500000.0,-380525250000.0,156516500000.0,-112015000000.0,10.830386679025823,False,-60.75196617002575,2.9,-39.0,-24.6,10.1,-7.2,-40.3,1.3,5.4,4.7,-60.7,2.9,-39.0,-24.6,-60.7,10.1,-7.2,-40.3,1.3,5.4,4.7,-60.75196617002575,2672142000000.0,1674727000000.0,-1079659000000.0,-416335000000.0,498579000000.0,2437678000000.0,234464000000.0,141244965000000.0,0.0429629506747428,-1067780000000.0,5.441242088653283,-63.75845137744839,-0.5,-37.0,-26.3,-3.3,2.8,-42.3,5.3,2.7,-6.0,-63.8,2354519000000.0,962794000000.0,-1632996000000.0,-69245000000.0,310516000000.0,2097929000000.0,256590000000.0,120643542000000.0,0.0447567213202222,-355847000000.0,21.128994589429556,-36.95982733585793,32.1,-42.9,-26.2,29.6,2.6,-16.0,-26.8,10.6,19.0,-37.0,False
MSB,Private_2,2024-Q1,3118514000000.0,2365635000000.0,300366000000.0,-1047818000000.0,-540520000000.0,1530176000000.0,156161027000000.0,0.0365839929784392,2666001000000.0,1077663000000.0,452513000000.0,2696385000000.0,1457477500000.0,-1203082750000.0,-411688500000.0,375863750000.0,2297128750000.0,399256250000.0,140947608000000.0,0.0410778858950279,-30384000000.0,72698500000.0,155264750000.0,-128831500000.0,76649250000.0,68506250000.0,-98890250000.0,10.240980710641413,False,4.987967224193855,-2.1,1.8,5.3,4.7,-6.8,10.7,-8.8,5.1,-0.4,5.0,-2.1,1.8,5.3,5.0,4.7,-6.8,10.7,-8.8,5.1,-0.4,4.987967224193855,2663613000000.0,606947000000.0,-1787339000000.0,-327701000000.0,58374000000.0,2382502000000.0,281111000000.0,149145386000000.0,0.0391758778512446,923229000000.0,4.595803233258647,152.1103160572505,0.5,86.7,65.0,-2.7,3.2,121.8,-35.1,2.3,-5.0,152.2,2427304000000.0,1526424000000.0,-939012000000.0,-403286000000.0,441418000000.0,2157736000000.0,269568000000.0,136807054000000.0,0.0417964029426795,3752000000.0,13.212342405314795,0.24580326305141953,15.6,-16.1,0.7,13.6,2.0,-7.1,-9.0,6.6,7.0,0.2,False
MSB,Private_2,2024-Q2,3912849000000.0,2341990000000.0,369805000000.0,-1127978000000.0,-625309000000.0,2159562000000.0,166389298000000.0,0.0342280059428154,2711795000000.0,958508000000.0,1201054000000.0,2756059250000.0,1458415500000.0,-1230284250000.0,-445997000000.0,378637500000.0,2349103500000.0,406955750000.0,145786101250000.0,0.039774783403967826,-44264250000.0,701146500000.0,102306250000.0,-179312000000.0,822416500000.0,-7113500000.0,-37150750000.0,13.199756803065895,False,48.075908408817654,-3.0,-5.3,56.4,-0.5,-2.5,7.0,-12.3,6.6,-7.1,48.1,-3.0,-5.3,56.4,48.1,-0.5,-2.5,7.0,-12.3,6.6,-7.1,48.075908408817654,2666001000000.0,1530176000000.0,-1047818000000.0,-540520000000.0,452513000000.0,2365635000000.0,300366000000.0,156161027000000.0,0.0365839929784392,629386000000.0,6.342124132102486,41.13160839014597,3.0,-10.8,48.9,-1.6,4.5,-5.2,-5.6,3.2,-4.8,41.1,3022481000000.0,2021812000000.0,-1006321000000.0,-499432000000.0,505084000000.0,2210599000000.0,811882000000.0,136593027000000.0,0.0403763121114447,137750000000.0,19.66865294864973,6.813195292143878,-15.4,-12.2,34.1,6.5,-21.9,-6.0,-6.2,9.8,-3.3,6.5,False
MSB,Private_2,2024-Q3,2933199000000.0,2396498000000.0,370591000000.0,-1163226000000.0,-558069000000.0,1211904000000.0,170620211000000.0,0.0334015902682528,2767089000000.0,1045794000000.0,166110000000.0,2678387750000.0,1492853000000.0,-1260698500000.0,-477466250000.0,552630000000.0,2381951250000.0,296436500000.0,153235169000000.0,0.0382377068618105,88701250000.0,-280949000000.0,97472500000.0,-80602750000.0,-386520000000.0,14546750000.0,74154500000.0,10.736299640907617,False,-18.81960246588244,5.9,1.1,-25.9,1.0,5.0,6.5,-5.4,5.4,-4.4,-18.9,5.9,1.1,-25.9,-18.9,1.0,5.0,6.5,-5.4,5.4,-4.4,-18.81960246588244,2711795000000.0,2159562000000.0,-1127978000000.0,-625309000000.0,1201054000000.0,2341990000000.0,369805000000.0,166389298000000.0,0.0342280059428154,-947658000000.0,2.5108567485554243,-43.88195384063991,2.5,1.5,-47.9,2.5,0.0,-1.6,3.1,1.3,1.2,-43.9,2672142000000.0,1674727000000.0,-1079659000000.0,-416335000000.0,498579000000.0,2437678000000.0,234464000000.0,141244965000000.0,0.0429629506747428,-462823000000.0,18.838426512872346,-27.635728091802424,5.7,-13.5,-19.8,-2.5,8.1,-5.0,-8.5,9.4,-11.9,-27.6,False
MSB,Private_2,2024-Q4,4253678000000.0,3138941000000.0,313293000000.0,-1890913000000.0,-360565000000.0,2002200000000.0,176493451000000.0,0.041876917217821,3452234000000.0,1200756000000.0,801444000000.0,2702124500000.0,1377147250000.0,-1281590250000.0,-512899750000.0,469512750000.0,2371656250000.0,330468250000.0,160578980500000.0,0.035847366760188,750109500000.0,625052750000.0,-609322750000.0,152334750000.0,331931250000.0,767284750000.0,-17175250000.0,9.442760079297674,False,45.387503042975254,54.5,-33.2,24.1,55.7,-1.2,-44.3,11.1,4.7,51.0,45.4,54.5,-33.2,24.1,45.4,55.7,-1.2,-44.3,11.1,4.7,51.0,45.387503042975254,2767089000000.0,1211904000000.0,-1163226000000.0,-558069000000.0,166110000000.0,2396498000000.0,370591000000.0,170620211000000.0,0.0334015902682528,790296000000.0,3.3840442730830915,65.21110583016477,56.5,-43.8,52.4,61.2,-4.8,-60.1,16.3,1.7,59.5,65.1,2663613000000.0,606947000000.0,-1787339000000.0,-327701000000.0,58374000000.0,2382502000000.0,281111000000.0,149145386000000.0,0.0391758778512446,1395253000000.0,16.79656226017046,229.88053322613013,129.9,-22.5,122.5,124.6,5.3,-17.0,-5.5,8.4,116.2,229.9,False
MSB,Private_2,2025-Q1,3257966000000.0,2503785000000.0,416950000000.0,-1234054000000.0,-393126000000.0,1630786000000.0,192345852000000.0,0.0327441372217085,2920735000000.0,1293555000000.0,337231000000.0,2899279750000.0,1725960500000.0,-1307483750000.0,-521115750000.0,655280250000.0,2560766000000.0,338513750000.0,167415996750000.0,0.0365226266018321,21455250000.0,-95174500000.0,73429750000.0,127989750000.0,-318049250000.0,-56981000000.0,78436250000.0,13.85908780301152,False,-5.514291897178412,1.2,11.7,-18.4,-3.3,4.5,4.3,7.4,6.9,-10.2,-5.5,1.2,11.7,-18.4,-5.5,-3.3,4.5,4.3,7.4,6.9,-10.2,-5.514291897178412,3452234000000.0,2002200000000.0,-1890913000000.0,-360565000000.0,801444000000.0,3138941000000.0,313293000000.0,176493451000000.0,0.041876917217821,-371414000000.0,8.595830688900309,-18.550294675856556,-26.5,31.2,-23.2,-31.7,5.2,32.8,-1.6,4.3,-36.0,-18.5,2666001000000.0,1530176000000.0,-1047818000000.0,-540520000000.0,452513000000.0,2365635000000.0,300366000000.0,156161027000000.0,0.0365839929784392,100610000000.0,20.7656302818631,6.575060646618429,16.6,-2.5,-7.5,9.0,7.6,-12.2,9.6,10.4,-1.4,6.6,False
MSB,Private_2,2025-Q2,3535289000000.0,2584839000000.0,491836000000.0,-1304052000000.0,-689083000000.0,1542154000000.0,200756749000000.0,0.0327505560046156,3076675000000.0,1083540000000.0,458614000000.0,2962963250000.0,1751113000000.0,-1354042750000.0,-484267250000.0,626459750000.0,2595303500000.0,367659750000.0,176462203000000.0,0.03556266266264942,113711750000.0,-208959000000.0,49990750000.0,-204815750000.0,-167845750000.0,-10464500000.0,124176250000.0,12.880872432941812,False,-11.932924945448981,6.5,-8.8,-9.6,-0.6,7.1,2.9,-11.7,6.4,-7.0,-11.9,6.5,-8.8,-9.6,-11.9,-0.6,7.1,2.9,-11.7,6.4,-7.0,-11.932924945448981,2920735000000.0,1630786000000.0,-1234054000000.0,-393126000000.0,337231000000.0,2503785000000.0,416950000000.0,192345852000000.0,0.0327441372217085,-88632000000.0,4.27923752150396,-5.434925244636635,9.6,-22.4,7.4,5.0,4.6,-4.3,-18.1,2.1,2.9,-5.4,2711795000000.0,2159562000000.0,-1127978000000.0,-625309000000.0,1201054000000.0,2341990000000.0,369805000000.0,166389298000000.0,0.0342280059428154,-617408000000.0,18.72140598043808,-28.589501019188152,16.9,-11.1,-34.4,11.2,5.7,-8.1,-2.9,9.4,1.8,-28.6,False
NAB,Private_3,2018-Q2,487948000000.0,427782000000.0,7499000000.0,-283734000000.0,-20876000000.0,183338000000.0,41362362000000.0,0.0088019842581368,435281000000.0,130671000000.0,52667000000.0,,,,,,,,,,,,,,,,,,False,0.0,,,,,,,,,,,,,,,,,,,,,0.0,,,,,,,,,,,,0.0,,,,,,,,,,,,,,,,,,,,,,0.0,,,,,,,,,,,False
NAB,Private_3,2018-Q4,446336000000.0,510812000000.0,17903000000.0,-286097000000.0,111902000000.0,272141000000.0,50814947000000.0,0.030616776369085,528715000000.0,354520000000.0,-82379000000.0,,,,,,,,,,,,,,,,,,False,0.0,,,,,,,,,,,,,,,,,,,,,0.0,435281000000.0,183338000000.0,-283734000000.0,-20876000000.0,52667000000.0,427782000000.0,7499000000.0,41362362000000.0,0.0088019842581368,88803000000.0,20.509570310845156,48.436767064111095,51.0,71.2,-73.7,45.3,5.7,-1.3,72.4,10.3,35.0,48.5,,,,,,,,,,,,0.0,,,,,,,,,,,False
NAB,Private_3,2019-Q1,705250000000.0,654882000000.0,19349000000.0,-404511000000.0,0.0,300739000000.0,53675350000000.0,0.0362393675184992,674231000000.0,269720000000.0,31019000000.0,,,,,,,,,,,,,,,,,,False,0.0,,,,,,,,,,,,,,,,,,,,,0.0,528715000000.0,272141000000.0,-286097000000.0,111902000000.0,-82379000000.0,510812000000.0,17903000000.0,50814947000000.0,0.030616776369085,28598000000.0,5.474963861955527,10.508523155276125,53.5,-84.6,41.7,52.9,0.5,-43.5,-41.1,2.7,50.2,10.6,,,,,,,,,,,,0.0,,,,,,,,,,,False
NAB,Private_3,2019-Q2,409038000000.0,364877000000.0,20360000000.0,-222138000000.0,-44415000000.0,142485000000.0,59790607000000.0,0.0192513582850321,385237000000.0,118684000000.0,23801000000.0,,,,,,,,,,,,,,,,,,False,0.0,,,,,,,,,,,,,,,,,,,,,0.0,674231000000.0,300739000000.0,-404511000000.0,0.0,31019000000.0,654882000000.0,19349000000.0,53675350000000.0,0.0362393675184992,-158254000000.0,10.779016300016753,-52.62170852466757,-96.1,45.9,-2.4,-96.5,0.3,60.6,-14.8,5.4,-101.9,-52.6,,,,,,,,,,,,0.0,,,,,,,,,,,False
NAB,Private_3,2019-Q3,486128000000.0,480905000000.0,18928000000.0,-353593000000.0,-1551000000.0,130984000000.0,63024757000000.0,0.0234456946450387,499833000000.0,144689000000.0,-13705000000.0,505866000000.0,224675750000.0,-299120000000.0,11652750000.0,6277000000.0,489588250000.0,16277750000.0,51410816500000.0,0.02372737160768828,-6033000000.0,-93691750000.0,-54473000000.0,-13203750000.0,-19982000000.0,-8683250000.0,2650250000.0,20.297780043021323,False,-41.70087336973394,-2.7,-30.1,-8.9,-3.9,1.2,-24.2,-5.9,10.1,-14.0,-41.7,-2.7,-30.1,-8.9,-41.7,-3.9,1.2,-24.2,-5.9,10.1,-14.0,-41.70087336973394,385237000000.0,142485000000.0,-222138000000.0,-44415000000.0,23801000000.0,364877000000.0,20360000000.0,59790607000000.0,0.0192513582850321,-11501000000.0,5.2666863406438305,-8.071726848440186,80.4,-62.2,-26.3,81.4,-1.0,-92.3,30.1,2.6,78.8,-8.1,435281000000.0,183338000000.0,-283734000000.0,-20876000000.0,52667000000.0,427782000000.0,7499000000.0,41362362000000.0,0.0088019842581368,-52354000000.0,41.503961805862275,-28.55600039271728,35.2,-27.6,-36.2,29.0,6.2,-38.1,10.5,20.8,8.2,-28.6,False
NAB,Private_3,2019-Q4,865637000000.0,685471000000.0,14727000000.0,-573407000000.0,58108000000.0,350338000000.0,67545653000000.0,0.0314926331801354,700198000000.0,184899000000.0,165439000000.0,522004000000.0,211587250000.0,-316584750000.0,16484000000.0,-10316000000.0,502869000000.0,19135000000.0,56826415250000.0,0.02738829920441375,178194000000.0,138750750000.0,-256822250000.0,41624000000.0,175755000000.0,182602000000.0,-4408000000.0,17.237371543027308,False,65.57613939403248,84.2,-101.7,83.1,86.3,-2.1,-121.4,19.7,8.6,77.7,65.6,84.2,-101.7,83.1,65.6,86.3,-2.1,-121.4,19.7,8.6,77.7,65.57613939403248,499833000000.0,130984000000.0,-353593000000.0,-1551000000.0,-13705000000.0,480905000000.0,18928000000.0,63024757000000.0,0.0234456946450387,219354000000.0,6.9248400154368825,167.46625542050936,152.9,-122.3,136.8,156.2,-3.2,-167.8,45.6,3.5,152.7,167.4,528715000000.0,272141000000.0,-286097000000.0,111902000000.0,-82379000000.0,510812000000.0,17903000000.0,50814947000000.0,0.030616776369085,78197000000.0,28.270735362950173,28.73400185933027,63.0,-125.3,91.1,64.2,-1.2,-105.6,-19.8,14.1,50.1,28.8,False
NAB,Private_3,2020-Q1,552052000000.0,464565000000.0,24358000000.0,-409404000000.0,0.0,142648000000.0,70693584000000.0,0.0202980851567294,488923000000.0,79519000000.0,63129000000.0,564874750000.0,231136500000.0,-388412250000.0,3035500000.0,51638500000.0,546533750000.0,18341000000.0,61009091750000.0,0.02760726340717635,-75951750000.0,-88488500000.0,-20991750000.0,-3035500000.0,11490500000.0,-81968750000.0,6017000000.0,14.70659907985962,False,-38.28408754134462,-32.8,-10.4,5.0,-35.5,2.6,-9.1,-1.3,7.4,-42.9,-38.2,-32.8,-10.4,5.0,-38.2,-35.5,2.6,-9.1,-1.3,7.4,-42.9,-38.28408754134462,700198000000.0,350338000000.0,-573407000000.0,58108000000.0,165439000000.0,685471000000.0,14727000000.0,67545653000000.0,0.0314926331801354,-207690000000.0,4.5543234588310115,-59.28274980162015,-60.3,30.2,-29.2,-63.1,2.7,46.8,-16.6,2.3,-65.4,-59.3,674231000000.0,300739000000.0,-404511000000.0,0.0,31019000000.0,654882000000.0,19349000000.0,53675350000000.0,0.0362393675184992,-158091000000.0,27.367339178126265,-52.56750870356023,-61.6,-1.6,10.7,-63.3,1.7,-1.6,0.0,13.7,-77.0,-52.5,False
NAB,Private_3,2020-Q2,642503000000.0,588487000000.0,24138000000.0,-307606000000.0,-276641000000.0,58256000000.0,77005800000000.0,0.0243089773978159,612625000000.0,28378000000.0,29878000000.0,518547750000.0,191613750000.0,-389635500000.0,3035500000.0,59666000000.0,498954500000.0,19593250000.0,65263650250000.0,0.023621942816733903,94077250000.0,-133357750000.0,82029500000.0,-279676500000.0,-29788000000.0,89532500000.0,4544750000.0,16.50691659996767,False,-69.59717139297153,49.1,-103.1,-15.5,46.7,2.4,42.8,-145.9,8.3,38.4,-69.5,49.1,-103.1,-15.5,-69.5,46.7,2.4,42.8,-145.9,8.3,38.4,-69.59717139297153,488923000000.0,142648000000.0,-409404000000.0,0.0,63129000000.0,464565000000.0,24358000000.0,70693584000000.0,0.0202980851567294,-84392000000.0,8.547382973513281,-59.161011721159774,86.7,-122.6,-23.3,86.8,-0.2,71.3,-193.9,4.3,82.5,-59.2,385237000000.0,142485000000.0,-222138000000.0,-44415000000.0,23801000000.0,364877000000.0,20360000000.0,59790607000000.0,0.0192513582850321,-84229000000.0,25.16907187481905,-59.114292732568344,159.6,-223.0,4.3,156.9,2.7,-60.0,-163.0,12.6,144.3,-59.1,False
NAB,Private_3,2020-Q3,732601000000.0,691029000000.0,26149000000.0,-462890000000.0,-82872000000.0,186839000000.0,86016678000000.0,0.0259449758128163,717178000000.0,171416000000.0,15423000000.0,575394750000.0,170556500000.0,-411002500000.0,-55021000000.0,61185250000.0,554857000000.0,20537750000.0,69567448500000.0,0.02488634759492985,141783250000.0,16282500000.0,-51887500000.0,-27851000000.0,-45762250000.0,136172000000.0,5611250000.0,21.1451256243676,True,9.546689806603677,83.1,-46.8,-26.8,79.8,3.3,-30.4,-16.3,10.6,69.2,9.5,83.1,-46.8,-26.8,9.5,79.8,3.3,-30.4,-16.3,10.6,69.2,9.546689806603677,612625000000.0,58256000000.0,-307606000000.0,-276641000000.0,29878000000.0,588487000000.0,24138000000.0,77005800000000.0,0.0243089773978159,128583000000.0,11.054767551748293,220.7206124691019,179.4,66.0,-24.7,175.9,3.5,-266.6,332.6,5.5,170.4,220.7,499833000000.0,130984000000.0,-353593000000.0,-1551000000.0,-13705000000.0,480905000000.0,18928000000.0,63024757000000.0,0.0234456946450387,55855000000.0,30.853059083871543,42.642612838209246,165.9,-145.5,22.2,160.4,5.5,-83.5,-62.1,15.4,145.0,42.6,False
NAB,Private_3,2020-Q4,1267307000000.0,859862000000.0,42763000000.0,-450869000000.0,-198696000000.0,617742000000.0,89171618000000.0,0.0288468497300302,902625000000.0,253060000000.0,364682000000.0,629731000000.0,184520250000.0,-438326750000.0,-75351250000.0,68467250000.0,607388000000.0,22343000000.0,75315428750000.0,0.02551116788687425,272894000000.0,433221750000.0,-12542250000.0,-123344750000.0,296214750000.0,252474000000.0,20420000000.0,16.847757344758822,False,234.7827677450036,147.9,-73.7,160.6,136.9,11.0,-6.8,-66.9,8.4,128.5,234.8,147.9,-73.7,160.6,234.8,136.9,11.0,-6.8,-66.9,8.4,128.5,234.7827677450036,717178000000.0,186839000000.0,-462890000000.0,-82872000000.0,15423000000.0,691029000000.0,26149000000.0,86016678000000.0,0.0259449758128163,430903000000.0,3.6017702917779393,230.62797381702964,99.2,-55.6,187.0,90.4,9.0,6.5,-62.0,1.8,88.6,230.6,700198000000.0,350338000000.0,-573407000000.0,58108000000.0,165439000000.0,685471000000.0,14727000000.0,67545653000000.0,0.0314926331801354,267404000000.0,27.598700337246175,76.32743236531579,57.8,-38.3,56.9,49.8,8.0,35.0,-73.3,13.8,36.0,76.4,False
NAB,Private_3,2021-Q1,1050859000000.0,901964000000.0,30520000000.0,-590160000000.0,0.0,460699000000.0,93667730000000.0,0.0285063954790117,932484000000.0,342324000000.0,118375000000.0,680337750000.0,251371250000.0,-407692250000.0,-139552250000.0,118278000000.0,650985750000.0,29352000000.0,80721920000000.0,0.024849722024347952,252146250000.0,209327750000.0,-182467750000.0,139552250000.0,97000000.0,250978250000.0,1168000000.0,14.84699349990094,False,83.27434024376295,100.3,-17.1,0.0,99.8,0.5,-72.6,55.5,7.4,92.4,83.2,100.3,-17.1,0.0,83.2,99.8,0.5,-72.6,55.5,7.4,92.4,83.27434024376295,902625000000.0,617742000000.0,-450869000000.0,-198696000000.0,364682000000.0,859862000000.0,42763000000.0,89171618000000.0,0.0288468497300302,-157043000000.0,4.918101108083146,-25.422101783592506,4.8,9.6,-39.9,6.8,-2.0,-22.5,32.2,2.5,4.3,-25.5,488923000000.0,142648000000.0,-409404000000.0,0.0,63129000000.0,464565000000.0,24358000000.0,70693584000000.0,0.0202980851567294,318051000000.0,27.955661147853807,222.96211653861252,311.0,-126.6,38.8,306.6,4.2,-126.6,0.0,14.0,292.6,223.2,False
NAB,Private_3,2021-Q2,1265310000000.0,1196752000000.0,55821000000.0,-476123000000.0,-176271000000.0,612916000000.0,95890673000000.0,0.0360517040972651,1252573000000.0,600179000000.0,12737000000.0,791228000000.0,330884000000.0,-452881250000.0,-139552250000.0,132089500000.0,760335500000.0,30892500000.0,86465456500000.0,0.026901799604918526,461345000000.0,282032000000.0,-23241750000.0,-36718750000.0,-119352500000.0,436416500000.0,24928500000.0,10.337153487346857,False,85.23591349234174,139.4,-18.2,-36.1,131.9,7.5,-7.0,-11.1,5.2,126.7,85.1,139.4,-18.2,-36.1,85.1,131.9,7.5,-7.0,-11.1,5.2,126.7,85.23591349234174,932484000000.0,460699000000.0,-590160000000.0,0.0,118375000000.0,901964000000.0,30520000000.0,93667730000000.0,0.0285063954790117,152217000000.0,2.345391145756804,33.04044506282844,69.5,-13.5,-22.9,64.0,5.5,24.7,-38.3,1.2,62.8,33.1,612625000000.0,58256000000.0,-307606000000.0,-276641000000.0,29878000000.0,588487000000.0,24138000000.0,77005800000000.0,0.0243089773978159,554660000000.0,21.845295826248577,952.1079373798408,1098.7,-117.1,-29.5,1044.5,54.3,-289.4,172.3,10.9,1033.6,952.1,False
NAB,Private_3,2021-Q3,949547000000.0,889561000000.0,48519000000.0,-484971000000.0,-115444000000.0,349132000000.0,97605873000000.0,0.0255438415616264,938080000000.0,337665000000.0,11467000000.0,951215000000.0,469549000000.0,-495010500000.0,-114459750000.0,127804250000.0,912401750000.0,38813250000.0,91186674750000.0,0.02983748127978083,-13135000000.0,-120417000000.0,10039500000.0,-984250000.0,-116337250000.0,-22840750000.0,9705750000.0,6.8002665640174875,False,-25.645246821950423,-2.8,1.9,-24.8,-4.9,2.1,2.1,-0.2,3.4,-8.3,-25.7,-2.8,1.9,-24.8,-25.7,-4.9,2.1,2.1,-0.2,3.4,-8.3,-25.645246821950423,1252573000000.0,612916000000.0,-476123000000.0,-176271000000.0,12737000000.0,1196752000000.0,55821000000.0,95890673000000.0,0.0360517040972651,-263784000000.0,1.7728481830368177,-43.037545112217664,-51.3,8.5,-0.2,-50.1,-1.2,-1.5,9.9,0.9,-51.0,-43.0,717178000000.0,186839000000.0,-462890000000.0,-82872000000.0,15423000000.0,691029000000.0,26149000000.0,86016678000000.0,0.0259449758128163,162293000000.0,12.622845001211209,86.86248588356821,118.2,-29.3,-2.1,106.2,12.0,-11.8,-17.5,6.3,99.9,86.8,False
NAB,Private_3,2021-Q4,1552957000000.0,1294912000000.0,72789000000.0,-688477000000.0,-488137000000.0,376343000000.0,102653266000000.0,0.0358336200996049,1367701000000.0,191087000000.0,185256000000.0,1006440500000.0,510122250000.0,-500530750000.0,-122602750000.0,126815250000.0,962034750000.0,44405750000.0,94083973500000.0,0.02973719771698335,361260500000.0,-133779250000.0,-187946250000.0,-365534250000.0,58440750000.0,332877250000.0,28383250000.0,8.71140870104564,False,-26.224939218001175,70.8,-108.5,11.5,65.2,5.6,-36.8,-71.6,4.4,60.8,-26.2,70.8,-108.5,11.5,-26.2,65.2,5.6,-36.8,-71.6,4.4,60.8,-26.224939218001175,938080000000.0,349132000000.0,-484971000000.0,-115444000000.0,11467000000.0,889561000000.0,48519000000.0,97605873000000.0,0.0255438415616264,27211000000.0,5.040861580853996,7.793900301318699,11.2,-11.2,7.8,11.2,1.1,-9.1,-11.2,2.5,8.7,7.8,902625000000.0,617742000000.0,-450869000000.0,-198696000000.0,364682000000.0,859862000000.0,42763000000.0,89171618000000.0,0.0288468497300302,-241399000000.0,14.056203469410153,-39.07764082740044,75.3,-85.3,-29.0,70.4,4.8,-38.5,-46.9,7.0,63.4,-39.0,False
NAB,Private_3,2022-Q1,1219024000000.0,1097743000000.0,65796000000.0,-523946000000.0,-49649000000.0,645429000000.0,108722882000000.0,0.0286431568537451,1163539000000.0,589944000000.0,55485000000.0,1122709500000.0,449772500000.0,-559932750000.0,-194963000000.0,81958750000.0,1070797250000.0,51912250000.0,97454385500000.0,0.031483890309377024,40829500000.0,195656500000.0,35986750000.0,145314000000.0,-26473750000.0,26945750000.0,13883750000.0,10.930881601678031,False,43.50121450288757,9.1,40.3,-5.9,6.0,3.1,8.0,32.3,5.5,0.5,43.5,9.1,40.3,-5.9,43.5,6.0,3.1,8.0,32.3,5.5,0.5,43.50121450288757,1367701000000.0,376343000000.0,-688477000000.0,-488137000000.0,185256000000.0,1294912000000.0,72789000000.0,102653266000000.0,0.0358336200996049,269086000000.0,5.742952605986557,71.50020061486462,-54.3,160.2,-34.5,-52.4,-1.9,43.7,116.5,2.9,-55.3,71.4,932484000000.0,460699000000.0,-590160000000.0,0.0,118375000000.0,901964000000.0,30520000000.0,93667730000000.0,0.0285063954790117,184730000000.0,14.877322471854573,40.09776448396892,50.2,3.6,-13.6,42.5,7.7,14.4,-10.8,7.4,35.1,40.2,False
NAB,Private_3,2022-Q2,1353179000000.0,1241785000000.0,84774000000.0,-629485000000.0,-198046000000.0,525648000000.0,111897108000000.0,0.0308146546545384,1326559000000.0,499028000000.0,26620000000.0,1180473250000.0,495955000000.0,-543379250000.0,-207375250000.0,66236250000.0,1119742000000.0,60731250000.0,101218173500000.0,0.03151808065306038,146085750000.0,29693000000.0,-86105750000.0,9329250000.0,-39616250000.0,122043000000.0,24042750000.0,10.021744498880528,True,5.9870351140728495,29.5,-15.5,-8.0,24.6,4.8,-17.4,1.9,5.0,19.6,6.0,29.5,-15.5,-8.0,6.0,24.6,4.8,-17.4,1.9,5.0,19.6,5.9870351140728495,1163539000000.0,645429000000.0,-523946000000.0,-49649000000.0,55485000000.0,1097743000000.0,65796000000.0,108722882000000.0,0.0286431568537451,-119781000000.0,2.8775506698191764,-18.55835421092018,25.3,-39.3,-4.5,22.3,2.9,-16.3,-23.0,1.4,20.9,-18.5,1252573000000.0,612916000000.0,-476123000000.0,-176271000000.0,12737000000.0,1196752000000.0,55821000000.0,95890673000000.0,0.0360517040972651,-87268000000.0,15.406521907079801,-14.23816640453178,12.1,-28.6,2.3,7.3,4.7,-25.0,-3.6,7.7,-0.4,-14.2,False
NAB,Private_3,2022-Q3,1503500000000.0,1370527000000.0,61490000000.0,-632770000000.0,-186938000000.0,683792000000.0,113697149000000.0,0.0329933821075087,1432017000000.0,612309000000.0,71483000000.0,1198969750000.0,474138000000.0,-581719750000.0,-212819000000.0,69707000000.0,1131000250000.0,67969500000.0,105219782250000.0,0.030208818292378703,233047250000.0,209654000000.0,-51050250000.0,25881000000.0,1776000000.0,239526750000.0,-6479500000.0,7.744825127590491,False,44.21792811375591,49.2,-5.3,0.4,50.5,-1.4,-10.7,5.4,3.9,46.6,44.3,49.2,-5.3,0.4,44.3,50.5,-1.4,-10.7,5.4,3.9,46.6,44.21792811375591,1326559000000.0,525648000000.0,-629485000000.0,-198046000000.0,26620000000.0,1241785000000.0,84774000000.0,111897108000000.0,0.0308146546545384,158144000000.0,1.595821652498893,30.085532523666025,20.1,1.5,8.5,24.5,-4.4,-0.6,2.1,0.8,23.7,30.1,938080000000.0,349132000000.0,-484971000000.0,-115444000000.0,11467000000.0,889561000000.0,48519000000.0,97605873000000.0,0.0255438415616264,334660000000.0,15.2305214073086,95.85486291717746,141.5,-62.8,17.2,137.7,3.7,-42.4,-20.5,7.6,130.1,95.9,False
NAB,Private_3,2022-Q4,1894113000000.0,1405583000000.0,62832000000.0,-1055727000000.0,-479374000000.0,359012000000.0,119538340000000.0,0.0331282931707923,1468415000000.0,-66686000000.0,425698000000.0,1322454000000.0,557803000000.0,-618669500000.0,-230692500000.0,84711000000.0,1251241750000.0,71212250000.0,109242601250000.0,0.03207120342884928,145961000000.0,-198791000000.0,-437057500000.0,-248681500000.0,340987000000.0,154341250000.0,-8380250000.0,9.000521366637223,False,-35.63820918854865,26.2,-123.0,61.1,27.7,-1.5,-78.4,-44.6,4.5,23.2,-35.7,26.2,-123.0,61.1,-35.7,27.7,-1.5,-78.4,-44.6,4.5,23.2,-35.63820918854865,1432017000000.0,683792000000.0,-632770000000.0,-186938000000.0,71483000000.0,1370527000000.0,61490000000.0,113697149000000.0,0.0329933821075087,-324780000000.0,5.008835512163417,-47.4968996419964,5.3,-104.6,51.8,5.1,0.2,-61.8,-42.7,2.5,2.6,-47.5,1367701000000.0,376343000000.0,-688477000000.0,-488137000000.0,185256000000.0,1294912000000.0,72789000000.0,102653266000000.0,0.0358336200996049,-17331000000.0,15.198660565062031,-4.605107574739002,-5.1,12.6,-12.1,-5.6,0.5,12.6,-0.4,7.6,-13.2,-4.6,False
NAB,Private_3,2023-Q1,1705931000000.0,1554152000000.0,129692000000.0,-721512000000.0,-221078000000.0,763341000000.0,128130369000000.0,0.0345233361952801,1683844000000.0,741254000000.0,22087000000.0,1347632500000.0,553470250000.0,-710482000000.0,-228501750000.0,144821500000.0,1278909500000.0,68723000000.0,113463869750000.0,0.03139487169664613,336211500000.0,209870750000.0,-11030000000.0,7423750000.0,-122734500000.0,275242500000.0,60969000000.0,12.14143129064993,False,37.919066110599445,60.7,-0.6,-22.2,49.7,11.0,-2.0,1.3,6.1,43.6,37.9,60.7,-0.6,-22.2,37.9,49.7,11.0,-2.0,1.3,6.1,43.6,37.919066110599445,1468415000000.0,359012000000.0,-1055727000000.0,-479374000000.0,425698000000.0,1405583000000.0,62832000000.0,119538340000000.0,0.0331282931707923,404329000000.0,6.938324211154183,112.62269784853989,60.0,165.0,-112.4,41.3,18.6,93.1,72.0,3.5,37.8,112.6,1163539000000.0,645429000000.0,-523946000000.0,-49649000000.0,55485000000.0,1097743000000.0,65796000000.0,108722882000000.0,0.0286431568537451,117912000000.0,16.38777337280458,18.268779370000416,80.6,-57.2,-5.2,70.7,9.9,-30.6,-26.6,8.2,62.5,18.2,False
NAB,Private_3,2023-Q2,1808134000000.0,1537980000000.0,241667000000.0,-817073000000.0,-229594000000.0,761467000000.0,129215213000000.0,0.0322265526778979,1779647000000.0,732980000000.0,28487000000.0,1477708750000.0,582948250000.0,-759873500000.0,-271359000000.0,136472000000.0,1393011750000.0,84697000000.0,118315741500000.0,0.03286491653202987,301938250000.0,178518750000.0,-57199500000.0,41765000000.0,-107985000000.0,144968250000.0,156970000000.0,8.806552313440056,False,30.623430124372103,51.8,-2.6,-18.5,24.9,26.9,-9.8,7.2,4.4,20.5,30.7,51.8,-2.6,-18.5,30.7,24.9,26.9,-9.8,7.2,4.4,20.5,30.623430124372103,1683844000000.0,763341000000.0,-721512000000.0,-221078000000.0,22087000000.0,1554152000000.0,129692000000.0,128130369000000.0,0.0345233361952801,-1874000000.0,0.8431028747950295,-0.24549971768842493,12.6,-13.6,0.8,-2.1,14.7,-12.5,-1.1,0.4,-2.5,-0.2,1326559000000.0,525648000000.0,-629485000000.0,-198046000000.0,26620000000.0,1241785000000.0,84774000000.0,111897108000000.0,0.0308146546545384,235819000000.0,14.365176303039279,44.86253158006879,86.2,-41.7,0.4,56.3,29.8,-35.7,-6.0,7.2,49.1,44.9,False
NAB,Private_3,2023-Q3,1376543000000.0,1310517000000.0,101279000000.0,-971505000000.0,116984000000.0,522022000000.0,132248941000000.0,0.0267287739047112,1411796000000.0,557275000000.0,-35253000000.0,1590980750000.0,641903000000.0,-806770500000.0,-279246000000.0,136938750000.0,1467060500000.0,123920250000.0,122645267750000.0,0.033217891037869755,-179184750000.0,-119881000000.0,-164734500000.0,396230000000.0,-172191750000.0,-156543500000.0,-22641250000.0,7.535418946626028,False,-18.67587470381039,-27.9,36.1,-26.8,-24.4,-3.5,-25.7,61.7,3.8,-28.2,-18.6,-27.9,36.1,-26.8,-18.6,-24.4,-3.5,-25.7,61.7,3.8,-28.2,-18.67587470381039,1779647000000.0,761467000000.0,-817073000000.0,-229594000000.0,28487000000.0,1537980000000.0,241667000000.0,129215213000000.0,0.0322265526778979,-239445000000.0,2.320568960286617,-31.44522349622505,-48.3,25.2,-8.4,-29.9,-18.4,-20.3,45.5,1.2,-31.1,-31.5,1432017000000.0,683792000000.0,-632770000000.0,-186938000000.0,71483000000.0,1370527000000.0,61490000000.0,113697149000000.0,0.0329933821075087,-161770000000.0,15.086063779261544,-23.657778973723005,-3.0,-5.1,-15.6,-8.8,5.8,-49.5,44.5,7.5,-16.3,-23.7,False
NAB,Private_3,2023-Q4,2753603000000.0,2244660000000.0,117393000000.0,-982365000000.0,-514116000000.0,1257122000000.0,141438441363347.0,0.0445359044812162,2362053000000.0,865572000000.0,391550000000.0,1585925500000.0,601460500000.0,-891454250000.0,-203265500000.0,110254750000.0,1452058000000.0,133867500000.0,127283215750000.0,0.03165173898717038,776127500000.0,655661500000.0,-90910750000.0,-310850500000.0,281295250000.0,792602000000.0,-16474500000.0,10.535232452348502,False,109.01156435044363,129.1,-66.8,46.8,131.8,-2.7,-15.2,-51.7,5.3,126.5,109.1,129.1,-66.8,46.8,109.1,131.8,-2.7,-15.2,-51.7,5.3,126.5,109.01156435044363,1411796000000.0,522022000000.0,-971505000000.0,116984000000.0,-35253000000.0,1310517000000.0,101279000000.0,132248941000000.0,0.0267287739047112,735100000000.0,6.715326285043738,140.81781993862327,182.1,-122.9,81.8,179.0,3.1,-2.1,-121.0,3.4,175.6,141.0,1468415000000.0,359012000000.0,-1055727000000.0,-479374000000.0,425698000000.0,1405583000000.0,62832000000.0,119538340000000.0,0.0331282931707923,898110000000.0,16.783179905078534,250.16155448842935,248.9,10.8,-9.5,233.7,15.3,20.5,-9.8,8.4,225.3,250.2,False
NAB,Private_3,2024-Q1,1970841000000.0,1717010000000.0,208589000000.0,-862283000000.0,-108749000000.0,999809000000.0,146762617000000.0,0.0331894718963454,1925599000000.0,954567000000.0,45242000000.0,1809335000000.0,825988000000.0,-873113750000.0,-211951000000.0,101717750000.0,1661827250000.0,147507750000.0,132758241090836.75,0.03450364181477635,116264000000.0,173821000000.0,10830750000.0,103202000000.0,-56475750000.0,55182750000.0,61081250000.0,10.020272551261419,False,21.0440103246052,14.1,13.8,-6.8,6.7,7.4,1.3,12.5,5.0,1.7,21.1,14.1,13.8,-6.8,21.1,6.7,7.4,1.3,12.5,5.0,1.7,21.0440103246052,2362053000000.0,1257122000000.0,-982365000000.0,-514116000000.0,391550000000.0,2244660000000.0,117393000000.0,141438441363347.0,0.0445359044812162,-257313000000.0,3.6947648054370377,-20.46841913513565,-34.7,41.8,-27.6,-42.0,7.2,9.6,32.2,1.8,-43.8,-20.5,1683844000000.0,763341000000.0,-721512000000.0,-221078000000.0,22087000000.0,1554152000000.0,129692000000.0,128130369000000.0,0.0345233361952801,236468000000.0,13.556001025067987,30.978029478306553,31.7,-3.7,3.0,21.3,10.3,-18.4,14.7,6.8,14.5,31.0,False
NAB,Private_3,2024-Q2,2316230000000.0,2208890000000.0,93600000000.0,-857155000000.0,-242261000000.0,1216814000000.0,156571269000000.0,0.0408821169629261,2302490000000.0,1203074000000.0,13740000000.0,1869773750000.0,885105000000.0,-908306500000.0,-183868750000.0,107506500000.0,1702541750000.0,167232000000.0,137416303090836.75,0.03417017574004268,432716250000.0,331709000000.0,51151500000.0,-58392250000.0,-93766500000.0,506348250000.0,-73632000000.0,13.031139903590699,False,37.47679653826383,48.9,-0.8,-10.6,57.2,-8.3,5.8,-6.6,6.5,50.7,37.5,48.9,-0.8,-10.6,37.5,57.2,-8.3,5.8,-6.6,6.5,50.7,37.47679653826383,1925599000000.0,999809000000.0,-862283000000.0,-108749000000.0,45242000000.0,1717010000000.0,208589000000.0,146762617000000.0,0.0331894718963454,217005000000.0,6.467231293769797,21.704645587307176,37.7,-12.8,-3.1,49.2,-11.5,0.5,-13.3,3.2,46.0,21.8,1779647000000.0,761467000000.0,-817073000000.0,-229594000000.0,28487000000.0,1537980000000.0,241667000000.0,129215213000000.0,0.0322265526778979,455347000000.0,19.1444016585781,59.79865181288224,68.6,-6.9,-1.9,88.1,-19.4,-5.3,-1.7,9.6,78.5,59.8,False
NAB,Private_3,2024-Q3,2248841000000.0,2000319000000.0,119916000000.0,-927826000000.0,-214592000000.0,1106423000000.0,163780361000000.0,0.035128287309097,2120235000000.0,977817000000.0,128606000000.0,2000484500000.0,998941750000.0,-918327000000.0,-187035500000.0,103819750000.0,1870269250000.0,130215250000.0,144255317090836.75,0.036334066811299734,119750500000.0,107481250000.0,-9499000000.0,-27556500000.0,24786250000.0,130049750000.0,-10299250000.0,12.677131448004216,False,10.759511252783257,12.0,-3.7,2.5,13.0,-1.0,-0.9,-2.8,6.3,6.7,10.8,12.0,-3.7,2.5,10.8,13.0,-1.0,-0.9,-2.8,6.3,6.7,10.759511252783257,2302490000000.0,1216814000000.0,-857155000000.0,-242261000000.0,13740000000.0,2208890000000.0,93600000000.0,156571269000000.0,0.0408821169629261,-110391000000.0,4.500736893394299,-9.072134278533941,-15.0,-3.5,9.4,-17.1,2.2,-5.8,2.3,2.3,-19.4,-9.1,1411796000000.0,522022000000.0,-971505000000.0,116984000000.0,-35253000000.0,1310517000000.0,101279000000.0,132248941000000.0,0.0267287739047112,584401000000.0,21.302904669889738,111.94949638137857,135.7,-55.2,31.3,132.1,3.6,8.4,-63.5,10.7,121.4,111.8,False
NAB,Private_3,2024-Q4,2516151000000.0,2011601000000.0,138861000000.0,-1338499000000.0,44700000000.0,1222352000000.0,167737997000000.0,0.0341078773713139,2150462000000.0,856663000000.0,365689000000.0,2177594250000.0,1145042000000.0,-907407250000.0,-269929500000.0,144784500000.0,2042719750000.0,134874500000.0,152138172090836.75,0.03843394516239618,-27132250000.0,77310000000.0,-431091750000.0,314629500000.0,220904500000.0,-31118750000.0,3986500000.0,9.753664959475799,False,6.75171740425242,-2.4,-10.2,19.3,-2.7,0.4,-33.8,27.5,4.9,-7.6,6.7,-2.4,-10.2,19.3,6.7,-2.7,0.4,-33.8,27.5,4.9,-7.6,6.75171740425242,2120235000000.0,1106423000000.0,-927826000000.0,-214592000000.0,128606000000.0,2000319000000.0,119916000000.0,163780361000000.0,0.035128287309097,115929000000.0,2.3875818062539995,10.477819061968162,2.7,-13.7,21.4,1.0,1.7,-37.1,23.4,1.2,-0.2,10.4,2362053000000.0,1257122000000.0,-982365000000.0,-514116000000.0,391550000000.0,2244660000000.0,117393000000.0,141438441363347.0,0.0445359044812162,-34770000000.0,17.01265191867274,-2.7658413423677257,-16.8,16.1,-2.1,-18.5,1.7,-19.9,19.9,8.5,-27.0,-2.8,True
NAB,Private_3,2025-Q1,2280303000000.0,2112162000000.0,127085000000.0,-815652000000.0,-240055000000.0,1224596000000.0,177843907000000.0,0.0341502988490888,2239247000000.0,1183540000000.0,41056000000.0,2124696500000.0,1136349500000.0,-996440750000.0,-130225500000.0,138319250000.0,1984455000000.0,140241500000.0,158713061000000.0,0.035826938384920605,114550500000.0,88246500000.0,180788750000.0,-109829500000.0,-97263250000.0,127707000000.0,-13156500000.0,11.368563315557322,False,7.765788606410264,10.1,6.2,-8.6,11.2,-1.2,15.9,-9.7,5.7,5.5,7.7,10.1,6.2,-8.6,7.7,11.2,-1.2,15.9,-9.7,5.7,5.5,7.765788606410264,2150462000000.0,1222352000000.0,-1338499000000.0,44700000000.0,365689000000.0,2011601000000.0,138861000000.0,167737997000000.0,0.0341078773713139,2244000000.0,5.848633787259879,0.18358050708797466,0.2,0.6,-0.6,0.2,-0.0,0.6,-0.6,2.9,-2.7,0.2,1925599000000.0,999809000000.0,-862283000000.0,-108749000000.0,45242000000.0,1717010000000.0,208589000000.0,146762617000000.0,0.0331894718963454,224787000000.0,19.150132669545485,22.482994251902113,31.4,-8.5,-0.4,39.5,-8.2,4.7,-13.1,9.6,29.9,22.5,False
NAB,Private_3,2025-Q2,2712123000000.0,2122128000000.0,151918000000.0,-802127000000.0,-614408000000.0,1295588000000.0,192466320000000.0,0.0301992873181055,2274046000000.0,857511000000.0,438077000000.0,2203108500000.0,1192546250000.0,-984783000000.0,-163052000000.0,137272750000.0,2083243000000.0,119865500000.0,166483383500000.0,0.03606714512310645,70937500000.0,103041750000.0,182656000000.0,-451356000000.0,300804250000.0,38885000000.0,32052500000.0,14.477201817775006,False,8.640482497010074,5.9,-22.5,25.2,3.3,2.7,15.3,-37.8,7.2,-3.9,8.6,5.9,-22.5,25.2,8.6,3.3,2.7,15.3,-37.8,7.2,-3.9,8.640482497010074,2239247000000.0,1224596000000.0,-815652000000.0,-240055000000.0,41056000000.0,2112162000000.0,127085000000.0,177843907000000.0,0.0341502988490888,70992000000.0,7.89738545352138,5.797177191498258,2.8,-29.0,29.0,0.8,2.0,1.1,-29.0,3.9,-3.1,2.8,2302490000000.0,1216814000000.0,-857155000000.0,-242261000000.0,13740000000.0,2208890000000.0,93600000000.0,156571269000000.0,0.0408821169629261,78774000000.0,20.568014524074655,6.473791392932691,-2.3,-26.1,32.4,-7.1,4.8,4.5,-30.6,10.3,-17.4,4.0,False
NVB,Private_3,2018-Q2,358869000000.0,262321000000.0,7813000000.0,-265785000000.0,-90909000000.0,2175000000.0,35310769000000.0,0.0057038907621454,270134000000.0,-86560000000.0,88735000000.0,,,,,,,,,,,,,,,,,,False,0.0,,,,,,,,,,,,,,,,,,,,,0.0,,,,,,,,,,,,0.0,,,,,,,,,,,,,,,,,,,,,,0.0,,,,,,,,,,,False
NVB,Private_3,2019-Q1,191995000000.0,173861000000.0,3350000000.0,-178681000000.0,0.0,13314000000.0,34783075000000.0,0.0118309822303306,177211000000.0,-1470000000.0,14784000000.0,,,,,,,,,,,,,,,,,,False,0.0,,,,,,,,,,,,,,,,,,,,,0.0,270134000000.0,2175000000.0,-265785000000.0,-90909000000.0,88735000000.0,262321000000.0,7813000000.0,35310769000000.0,0.0057038907621454,11139000000.0,-1.5056785871238563,512.1379310344827,-4272.3,8184.5,-3400.1,-4066.9,-205.4,4004.9,4179.6,-0.8,-4066.1,512.1,,,,,,,,,,,,0.0,,,,,,,,,,,False
NVB,Private_3,2019-Q2,301661000000.0,288936000000.0,6936000000.0,-241388000000.0,-53029000000.0,7244000000.0,36261205000000.0,0.0203181477178936,295872000000.0,1455000000.0,5789000000.0,,,,,,,,,,,,,,,,,,False,0.0,,,,,,,,,,,,,,,,,,,,,0.0,177211000000.0,13314000000.0,-178681000000.0,0.0,14784000000.0,173861000000.0,3350000000.0,34783075000000.0,0.0118309822303306,-6070000000.0,4.1611513270315355,-45.59110710530268,891.3,-869.3,-67.6,864.3,26.9,-471.0,-398.3,2.1,862.2,-45.6,,,,,,,,,,,,0.0,,,,,,,,,,,False
NVB,Private_3,2019-Q3,237348000000.0,241988000000.0,15438000000.0,-183814000000.0,-50337000000.0,3197000000.0,37633938000000.0,0.0168737952201349,257426000000.0,23275000000.0,-20078000000.0,,,,,,,,,,,,,,,,,,False,0.0,,,,,,,,,,,,,,,,,,,,,0.0,295872000000.0,7244000000.0,-241388000000.0,-53029000000.0,5789000000.0,288936000000.0,6936000000.0,36261205000000.0,0.0203181477178936,-4047000000.0,3.7153537953096594,-55.86692435118719,-530.7,832.0,-357.1,-648.1,117.4,794.8,37.2,1.9,-650.0,-55.8,,,,,,,,,,,,0.0,,,,,,,,,,,False
NVB,Private_3,2019-Q4,510785000000.0,453623000000.0,25021000000.0,-258736000000.0,-220763000000.0,31286000000.0,37910603000000.0,0.0292708750170229,478644000000.0,-855000000.0,32141000000.0,250160750000.0,6482500000.0,-217417000000.0,-48568750000.0,22307500000.0,241776500000.0,8384250000.0,35997246750000.0,0.013681703982626126,228483250000.0,24803500000.0,-41319000000.0,-172194250000.0,9833500000.0,211846500000.0,16636750000.0,5.177680737491622,True,382.6224450443502,3524.7,-3293.6,151.5,3268.0,256.7,-637.4,-2656.2,2.6,3265.4,382.6,3524.7,-3293.6,151.5,382.6,3268.0,256.7,-637.4,-2656.2,2.6,3265.4,382.6224450443502,257426000000.0,3197000000.0,-183814000000.0,-50337000000.0,-20078000000.0,241988000000.0,15438000000.0,37633938000000.0,0.0168737952201349,28089000000.0,0.7324553073927605,878.60494213325,6919.9,-7674.6,1633.3,6619.4,299.6,-2343.2,-5330.5,0.4,6619.0,878.6,270134000000.0,2175000000.0,-265785000000.0,-90909000000.0,88735000000.0,262321000000.0,7813000000.0,35310769000000.0,0.0057038907621454,29111000000.0,7.101298238443278,1338.4367816091954,9587.2,-5646.9,-2601.9,8794.9,791.0,323.9,-5970.8,3.6,8791.3,1338.4,False
NVB,Private_3,2020-Q1,260678000000.0,235912000000.0,8255000000.0,-195705000000.0,-50000000000.0,14973000000.0,37806613000000.0,0.0151567079878501,244167000000.0,-1538000000.0,16511000000.0,302288250000.0,13760250000.0,-215654750000.0,-81032250000.0,8159000000.0,289602000000.0,12686250000.0,36647205250000.0,0.0195734500463455,-58121250000.0,1212750000.0,19949750000.0,31032250000.0,8352000000.0,-53690000000.0,-4431250000.0,3.1144346314300675,True,8.813429988553988,-422.4,370.5,60.7,-390.2,-32.2,145.0,225.5,1.6,-391.8,8.8,-422.4,370.5,60.7,8.8,-390.2,-32.2,145.0,225.5,1.6,-391.8,8.813429988553988,478644000000.0,31286000000.0,-258736000000.0,-220763000000.0,32141000000.0,453623000000.0,25021000000.0,37910603000000.0,0.0292708750170229,-16313000000.0,-0.27467993540597163,-52.141532954036954,-749.5,747.3,-50.0,-695.9,-53.6,201.5,545.8,-0.1,-695.8,-52.2,177211000000.0,13314000000.0,-178681000000.0,0.0,14784000000.0,173861000000.0,3350000000.0,34783075000000.0,0.0118309822303306,1659000000.0,8.330489035853136,12.46056782334385,502.9,-503.4,13.0,466.1,36.8,-127.9,-375.5,4.2,461.9,12.5,False
NVB,Private_3,2020-Q2,307908000000.0,244411000000.0,11290000000.0,-183394000000.0,-116261000000.0,8253000000.0,38861758000000.0,0.0170578666180753,255701000000.0,-43954000000.0,52207000000.0,319027250000.0,14175000000.0,-219910750000.0,-93532250000.0,8590750000.0,305114750000.0,13912500000.0,37403089750000.0,0.020404881485725373,-63326250000.0,-5922000000.0,36516750000.0,-22728750000.0,43616250000.0,-60703750000.0,-2622500000.0,3.8252702077937344,True,-41.77777777777778,-446.7,97.3,307.7,-428.3,-18.5,257.6,-160.3,1.9,-430.2,-41.7,-446.7,97.3,307.7,-41.7,-428.3,-18.5,257.6,-160.3,1.9,-430.2,-41.77777777777778,244167000000.0,14973000000.0,-195705000000.0,-50000000000.0,16511000000.0,235912000000.0,8255000000.0,37806613000000.0,0.0151567079878501,-6720000000.0,2.752490984841715,-44.88078541374474,77.0,-360.3,238.4,56.8,20.3,82.2,-442.5,1.4,55.4,-44.9,295872000000.0,7244000000.0,-241388000000.0,-53029000000.0,5789000000.0,288936000000.0,6936000000.0,36261205000000.0,0.0203181477178936,1009000000.0,6.923456946180358,13.928768636112645,-554.5,-72.3,640.8,-614.6,60.1,800.6,-872.9,3.5,-618.1,14.0,False
NVB,Private_3,2020-Q3,378958000000.0,351035000000.0,9129000000.0,-201644000000.0,-172000000000.0,5314000000.0,40054306000000.0,0.0241215331255051,360164000000.0,-13480000000.0,18794000000.0,308984500000.0,14427250000.0,-205412250000.0,-109340250000.0,20195250000.0,293983500000.0,15001000000.0,38053228000000.0,0.0195898112107708,51179500000.0,-9113250000.0,3768250000.0,-62659750000.0,-1401250000.0,57051500000.0,-5872000000.0,5.12390520484234,True,-63.166923703408486,354.7,-408.2,-9.7,395.4,-40.7,26.1,-434.3,2.6,392.8,-63.2,354.7,-408.2,-9.7,-63.2,395.4,-40.7,26.1,-434.3,2.6,392.8,-63.166923703408486,255701000000.0,8253000000.0,-183394000000.0,-116261000000.0,52207000000.0,244411000000.0,11290000000.0,38861758000000.0,0.0170578666180753,-2939000000.0,3.0223200183932133,-35.61129286320126,1265.8,-896.5,-404.9,1291.9,-26.2,-221.1,-675.4,1.5,1290.4,-35.6,257426000000.0,3197000000.0,-183814000000.0,-50337000000.0,-20078000000.0,241988000000.0,15438000000.0,37633938000000.0,0.0168737952201349,2117000000.0,6.2309762079317945,66.21832968407882,3213.6,-4363.3,1215.9,3410.9,-197.3,-557.7,-3805.6,3.1,3407.8,66.2,False
NVB,Private_3,2020-Q4,707379000000.0,602384000000.0,16115000000.0,-221934000000.0,-510247000000.0,-24802000000.0,40313272000000.0,0.0379884703128442,618499000000.0,-113682000000.0,88880000000.0,334669000000.0,14956500000.0,-209869750000.0,-139756000000.0,29913250000.0,321245250000.0,13423750000.0,38658320000000.0,0.021401745687113352,283830000000.0,-39758500000.0,-12064250000.0,-370491000000.0,58966750000.0,281138750000.0,2691250000.0,4.191259054268527,True,-265.8275666098352,-1127.1,1127.1,-265.8,-1127.1,-12.2,54.5,1127.1,2.1,-1129.2,-265.8,-1127.1,1127.1,-265.8,-265.8,-1127.1,-12.2,54.5,1127.1,2.1,-1129.2,-265.8275666098352,360164000000.0,5314000000.0,-201644000000.0,-172000000000.0,18794000000.0,351035000000.0,9129000000.0,40054306000000.0,0.0241215331255051,-30116000000.0,0.6444539115014765,-566.7293940534437,-2021.5,2021.5,-566.7,-2021.5,-56.7,164.4,2021.5,0.3,-2021.8,-566.7,478644000000.0,31286000000.0,-258736000000.0,-220763000000.0,32141000000.0,453623000000.0,25021000000.0,37910603000000.0,0.0292708750170229,-56088000000.0,6.143057985813155,-179.27507511346928,446.9,-807.6,181.4,475.4,-28.5,117.6,-896.4,3.1,472.3,-179.3,True
NVB,Private_3,2021-Q1,424808000000.0,394884000000.0,12645000000.0,-217512000000.0,-180272000000.0,27024000000.0,40859872000000.0,0.024829541693026,407529000000.0,9745000000.0,17279000000.0,369632750000.0,934500000.0,-200669250000.0,-212127000000.0,44098000000.0,358435500000.0,11197250000.0,39258987250000.0,0.023581144511068675,37896250000.0,26089500000.0,-16842750000.0,31855000000.0,-26819000000.0,36448500000.0,1447750000.0,3.9962744477043963,True,2791.813804173355,4056.5,1605.3,-2870.0,3900.2,153.5,-1803.5,3408.8,2.0,3898.2,2791.8,4056.5,1605.3,-2870.0,2791.8,3900.2,153.5,-1803.5,3408.8,2.0,3898.2,2791.813804173355,618499000000.0,-24802000000.0,-221934000000.0,-510247000000.0,88880000000.0,602384000000.0,16115000000.0,40313272000000.0,0.0379884703128442,51826000000.0,1.3467508416330405,208.95895492299007,-850.7,1044.8,-288.8,-836.7,-14.0,17.8,1044.8,0.7,-837.4,-94.7,244167000000.0,14973000000.0,-195705000000.0,-50000000000.0,16511000000.0,235912000000.0,8255000000.0,37806613000000.0,0.0151567079878501,12051000000.0,7.762540807562458,80.48487277098778,1091.1,-1015.7,5.2,1061.8,29.3,-145.7,-870.0,3.9,1057.9,80.6,False
NVB,Private_3,2021-Q2,334381000000.0,253803000000.0,76456000000.0,-222388000000.0,-13321000000.0,98672000000.0,41740331000000.0,0.016414321552629,330259000000.0,94550000000.0,4122000000.0,410473250000.0,3947250000.0,-206121000000.0,-244695000000.0,44290000000.0,398178500000.0,12294750000.0,40022302000000.0,0.02599935293736265,-80214250000.0,94724750000.0,-16267000000.0,231374000000.0,-40168000000.0,-144375500000.0,64161250000.0,4.202479633942317,False,2399.765659636456,-2032.6,5449.9,-1017.5,-3657.2,1624.6,-412.8,5862.6,2.1,-3659.3,2399.8,-2032.6,5449.9,-1017.5,2399.8,-3657.2,1624.6,-412.8,5862.6,2.1,-3659.3,2399.765659636456,407529000000.0,27024000000.0,-217512000000.0,-180272000000.0,17279000000.0,394884000000.0,12645000000.0,40859872000000.0,0.024829541693026,71648000000.0,2.1318567461632023,265.12729425695676,-285.8,599.7,-48.8,-522.0,236.2,-18.0,617.7,1.1,-523.1,265.1,255701000000.0,8253000000.0,-183394000000.0,-116261000000.0,52207000000.0,244411000000.0,11290000000.0,38861758000000.0,0.0170578666180753,90419000000.0,7.1426759174939,1095.5894826123833,903.9,774.6,-582.9,113.9,789.9,-472.2,1246.8,3.6,110.3,1095.6,False
NVB,Private_3,2021-Q3,456724000000.0,439391000000.0,12250000000.0,-244791000000.0,-132098000000.0,79835000000.0,41341095000000.0,0.0279466832001121,451641000000.0,74752000000.0,5083000000.0,429112750000.0,26552000000.0,-215869500000.0,-218960000000.0,32268750000.0,400526500000.0,28586250000.0,40741945250000.0,0.025838466671001075,22528250000.0,53283000000.0,-28921500000.0,86862000000.0,-27185750000.0,38864500000.0,-16336250000.0,1.4598624714074233,False,200.67414884001207,84.9,218.1,-102.3,146.3,-61.6,-109.0,327.1,0.7,145.6,200.7,84.9,218.1,-102.3,200.7,146.3,-61.6,-109.0,327.1,0.7,145.6,200.67414884001207,330259000000.0,98672000000.0,-222388000000.0,-13321000000.0,4122000000.0,253803000000.0,76456000000.0,41740331000000.0,0.016414321552629,-18837000000.0,-0.9610716118425795,-19.090522133938705,123.0,-143.1,1.0,188.1,-65.1,-22.7,-120.4,-0.5,188.6,-19.1,360164000000.0,5314000000.0,-201644000000.0,-172000000000.0,18794000000.0,351035000000.0,9129000000.0,40054306000000.0,0.0241215331255051,74521000000.0,3.1618223737235476,1402.35227700414,1722.1,-61.7,-258.0,1663.2,58.9,-812.0,750.3,1.6,1661.6,1402.4,False
NVB,Private_3,2021-Q4,486194000000.0,171141000000.0,42281000000.0,-265902000000.0,-423513000000.0,-203221000000.0,41615019000000.0,0.0114949313896933,213422000000.0,-475993000000.0,272772000000.0,451982000000.0,45182250000.0,-226656250000.0,-208984500000.0,28841000000.0,422615500000.0,29366500000.0,41063642500000.0,0.026794754189652825,-238560000000.0,-248403250000.0,-39245750000.0,-214528500000.0,243931000000.0,-251474500000.0,12914500000.0,1.3337818730894668,False,-549.78061074869,-527.8,-561.9,539.9,-556.4,28.6,-86.9,-475.0,0.7,-557.1,-549.8,-527.8,-561.9,539.9,-549.8,-556.4,28.6,-86.9,-475.0,0.7,-557.1,-549.78061074869,451641000000.0,79835000000.0,-244791000000.0,-132098000000.0,5083000000.0,439391000000.0,12250000000.0,41341095000000.0,0.0279466832001121,-283056000000.0,0.6604070195477093,-354.55126197782926,-298.5,-391.4,335.4,-336.1,37.6,-26.6,-365.2,0.3,-336.4,-354.5,618499000000.0,-24802000000.0,-221934000000.0,-510247000000.0,88880000000.0,602384000000.0,16115000000.0,40313272000000.0,0.0379884703128442,-178419000000.0,3.1777716442297077,-719.3734376259979,-1633.0,172.6,741.7,-1738.7,105.7,-177.0,349.6,1.6,-1740.3,-718.7,False
NVB,Private_3,2022-Q1,404019000000.0,259970000000.0,84714000000.0,-231923000000.0,-146624000000.0,25472000000.0,40421480000000.0,0.0180612020090508,344684000000.0,-33863000000.0,59335000000.0,350712750000.0,577500000.0,-237648250000.0,-187301000000.0,74814000000.0,314804750000.0,35908000000.0,41389079250000.0,0.0201713694588651,-6028750000.0,24894500000.0,5725250000.0,40677000000.0,-15479000000.0,-54834750000.0,48806000000.0,-2.365462988813391,True,4310.735930735931,-1043.2,8035.2,-2681.3,-9496.6,8453.4,991.5,7043.7,-1.2,-9495.4,4310.7,-1043.2,8035.2,-2681.3,4310.7,-9496.6,8453.4,991.5,7043.7,-1.2,-9495.4,4310.735930735931,213422000000.0,-203221000000.0,-265902000000.0,-423513000000.0,272772000000.0,171141000000.0,42281000000.0,41615019000000.0,0.0114949313896933,228693000000.0,-2.9097755622165202,112.53413771214589,64.6,152.9,-105.0,43.7,20.9,16.8,136.3,-1.5,45.2,112.5,407529000000.0,27024000000.0,-217512000000.0,-180272000000.0,17279000000.0,394884000000.0,12645000000.0,40859872000000.0,0.024829541693026,-1552000000.0,-1.078702529455957,-5.743043220840734,-232.6,71.2,155.6,-499.2,266.7,-53.3,124.5,-0.5,-498.7,-5.8,False
NVB,Private_3,2022-Q2,307055000000.0,193037000000.0,26027000000.0,-253086000000.0,-60398000000.0,-6429000000.0,44354779000000.0,0.0130475578166386,219064000000.0,-94420000000.0,87991000000.0,335001500000.0,189500000.0,-241251000000.0,-178889000000.0,85328000000.0,281076250000.0,53925250000.0,41279481250000.0,0.0184792845378713,-115937500000.0,-6618500000.0,-11835000000.0,118491000000.0,2663000000.0,-88039250000.0,-27898250000.0,7.182400457531831,True,-3492.6121372031657,-61180.1,56283.4,1404.0,-46458.7,-14721.4,-6244.8,62528.2,3.6,-46462.3,-3492.7,-61180.1,56283.4,1404.0,-3492.7,-46458.7,-14721.4,-6244.8,62528.2,3.6,-46462.3,-3492.6121372031657,344684000000.0,25472000000.0,-231923000000.0,-146624000000.0,59335000000.0,259970000000.0,84714000000.0,40421480000000.0,0.0180612020090508,-31901000000.0,9.27924644563521,-125.23947864321607,-493.2,255.5,112.5,-262.8,-230.4,-83.0,338.5,4.6,-267.4,-125.2,330259000000.0,98672000000.0,-222388000000.0,-13321000000.0,4122000000.0,253803000000.0,76456000000.0,41740331000000.0,0.016414321552629,-105101000000.0,6.073394876898351,-106.51552618777362,-112.7,-78.8,85.0,-61.6,-51.1,-31.1,-47.7,3.0,-64.6,-106.5,False
NVB,Private_3,2022-Q3,61015000000.0,-2134000000.0,24153000000.0,-212406000000.0,-47526000000.0,-198917000000.0,45163768000000.0,-0.0001378608988698,22019000000.0,-237913000000.0,38996000000.0,307202750000.0,-26085750000.0,-248925500000.0,-190658250000.0,106295250000.0,265884750000.0,41318000000.0,41933093250000.0,0.0176375936038737,-285183750000.0,-172831250000.0,36519500000.0,143132250000.0,-67299250000.0,-268018750000.0,-17165000000.0,7.418579047818443,False,-662.5504346242681,-1093.2,688.4,-257.7,-1027.6,-65.6,139.8,548.6,3.7,-1031.3,-662.5,-1093.2,688.4,-257.7,-662.5,-1027.6,-65.6,139.8,548.6,3.7,-1031.3,-662.5504346242681,219064000000.0,-6429000000.0,-253086000000.0,-60398000000.0,87991000000.0,193037000000.0,26027000000.0,44354779000000.0,0.0130475578166386,-192488000000.0,1.8074220976799364,-2994.058173899518,-3065.9,832.3,-763.5,-3036.0,-29.9,631.7,200.6,0.9,-3036.9,-2997.1,451641000000.0,79835000000.0,-244791000000.0,-132098000000.0,5083000000.0,439391000000.0,12250000000.0,41341095000000.0,0.0279466832001121,-278752000000.0,8.838053416719474,-349.16014279451366,-538.1,146.6,42.6,-553.1,15.0,40.5,105.8,4.4,-557.5,-348.9,False
NVB,Private_3,2022-Q4,564905000000.0,480904000000.0,-2052000000.0,-330266000000.0,-53527000000.0,181112000000.0,47722273000000.0,0.0278090079170514,478852000000.0,95059000000.0,86053000000.0,199797250000.0,-95773750000.0,-240829250000.0,-169515250000.0,114773500000.0,155503500000.0,44293750000.0,42888761500000.0,0.010616457579128224,279054750000.0,276885750000.0,-89436750000.0,115988250000.0,-28720500000.0,325400500000.0,-46345750000.0,10.668703931417978,False,289.10400814419404,291.4,27.8,-30.1,339.7,-48.3,-93.4,121.1,5.3,334.4,289.1,291.4,27.8,-30.1,289.1,339.7,-48.3,-93.4,121.1,5.3,334.4,289.10400814419404,22019000000.0,-198917000000.0,-212406000000.0,-47526000000.0,38996000000.0,-2134000000.0,24153000000.0,45163768000000.0,-0.0001378608988698,380029000000.0,5.508911721191778,191.04903050015835,229.6,-62.3,23.7,242.8,-13.2,-59.2,-3.1,2.8,240.0,191.0,213422000000.0,-203221000000.0,-265902000000.0,-423513000000.0,272772000000.0,171141000000.0,42281000000.0,41615019000000.0,0.0114949313896933,384333000000.0,13.672350847616919,189.12071095014787,130.7,150.4,-91.9,152.4,-21.7,-31.6,182.1,6.8,145.6,189.2,False
NVB,Private_3,2023-Q1,309603000000.0,259595000000.0,-359000000.0,-263963000000.0,-40130000000.0,5510000000.0,47700669000000.0,0.0145541167460413,259236000000.0,-44857000000.0,50367000000.0,266154750000.0,309500000.0,-256920250000.0,-77018750000.0,68093750000.0,232944250000.0,33210500000.0,44415575000000.0,0.01469497671096775,-6918750000.0,5200500000.0,-7042750000.0,36888750000.0,-17726750000.0,26650750000.0,-33569500000.0,7.132496631104498,True,1680.2907915993537,-2234.8,9643.2,-5728.1,8611.5,-10846.3,-2275.1,11918.3,3.6,8607.9,1680.3,-2234.8,9643.2,-5728.1,1680.3,8611.5,-10846.3,-2275.1,11918.3,3.6,8607.9,1680.2907915993537,478852000000.0,181112000000.0,-330266000000.0,-53527000000.0,86053000000.0,480904000000.0,-2052000000.0,47722273000000.0,0.0278090079170514,-175602000000.0,-0.04528051545507788,-96.95768364327047,-121.3,44.0,-19.7,-122.2,1.0,36.7,7.4,-0.0,-122.2,-97.0,344684000000.0,25472000000.0,-231923000000.0,-146624000000.0,59335000000.0,259970000000.0,84714000000.0,40421480000000.0,0.0180612020090508,-19962000000.0,16.52067972150793,-78.36840452261306,-335.5,292.3,-35.2,-1.5,-334.0,-125.8,418.1,8.3,-9.8,-78.4,False
NVB,Private_3,2023-Q2,300027000000.0,211221000000.0,12661000000.0,-290608000000.0,-1290000000.0,8129000000.0,48245816000000.0,0.0124165452268365,223882000000.0,-68016000000.0,76145000000.0,244792750000.0,-4681000000.0,-264930250000.0,-50395250000.0,65851750000.0,232850500000.0,11942250000.0,46235372250000.0,0.013818205395215374,-20910750000.0,12810000000.0,-25677750000.0,49105250000.0,10293250000.0,-21629500000.0,718750000.0,4.2557545840348805,True,273.65947447126683,-446.6,500.5,220.0,-461.9,15.3,-548.7,1048.9,2.1,-464.0,273.9,-446.6,500.5,220.0,273.9,-461.9,15.3,-548.7,1048.9,2.1,-464.0,273.65947447126683,259236000000.0,5510000000.0,-263963000000.0,-40130000000.0,50367000000.0,259595000000.0,-359000000.0,47700669000000.0,0.0145541167460413,2619000000.0,1.1363563761611486,47.53176043557169,-641.6,221.3,467.9,-877.9,236.3,-483.6,704.9,0.6,-878.5,47.6,219064000000.0,-6429000000.0,-253086000000.0,-60398000000.0,87991000000.0,193037000000.0,26027000000.0,44354779000000.0,0.0130475578166386,14558000000.0,8.403913603362916,226.44268159900452,75.0,335.8,-184.3,282.8,-207.9,-583.5,919.4,4.2,278.6,226.5,False
NVB,Private_3,2023-Q3,119558000000.0,7040000000.0,9516000000.0,-341869000000.0,-21901000000.0,-244212000000.0,51112487000000.0,0.0003933985735599,16556000000.0,-347214000000.0,103002000000.0,245997250000.0,-1041500000.0,-274310750000.0,-35618250000.0,62890250000.0,237396500000.0,8600750000.0,47208131500000.0,0.01366045224776485,-229441250000.0,-243170500000.0,-67558250000.0,13717250000.0,40111750000.0,-230356500000.0,915250000.0,7.942088972924839,False,-23348.103696591454,-22040.6,-5159.9,3852.4,-22110.7,93.4,-6490.8,1307.5,4.0,-22114.7,-23348.1,-22040.6,-5159.9,3852.4,-23348.1,-22110.7,93.4,-6490.8,1307.5,4.0,-22114.7,-23348.103696591454,223882000000.0,8129000000.0,-290608000000.0,-1290000000.0,76145000000.0,211221000000.0,12661000000.0,48245816000000.0,0.0124165452268365,-252341000000.0,5.770370293059454,-3104.2071595522207,-2551.7,-884.7,329.0,-2511.3,-37.3,-630.2,-254.5,2.9,-2514.2,-3107.4,22019000000.0,-198917000000.0,-212406000000.0,-47526000000.0,38996000000.0,-2134000000.0,24153000000.0,45163768000000.0,-0.0001378608988698,-45295000000.0,12.357603647960756,-22.770803903135477,-2.8,-52.2,32.2,4.6,-7.4,-65.1,12.9,6.2,-1.6,-22.8,False
NVB,Private_3,2023-Q4,-10036000000.0,-20627000000.0,11700000000.0,-342281000000.0,-83629000000.0,-435946000000.0,55344259000000.0,-0.0010699202228122,-8927000000.0,-434837000000.0,-1109000000.0,244631500000.0,-12365250000.0,-306676500000.0,-29212000000.0,78891750000.0,239690000000.0,4941500000.0,48695311250000.0,0.013793267115872277,-253558500000.0,-423580750000.0,-35604500000.0,-54417000000.0,-80000750000.0,-260317000000.0,6758500000.0,12.781574806629884,False,-3425.5736843169366,-2051.9,-729.6,-647.4,-2106.7,54.8,-287.7,-438.5,6.4,-2113.1,-3428.9,-2051.9,-729.6,-647.4,-3428.9,-2106.7,54.8,-287.7,-438.5,6.4,-2113.1,-3425.5736843169366,16556000000.0,-244212000000.0,-341869000000.0,-21901000000.0,103002000000.0,7040000000.0,9516000000.0,51112487000000.0,0.0003933985735599,-191734000000.0,7.950218579854019,-78.51129346633253,-10.4,-25.4,-42.6,-11.3,0.9,-0.2,-25.3,4.0,-15.3,-78.4,478852000000.0,181112000000.0,-330266000000.0,-53527000000.0,86053000000.0,480904000000.0,-2052000000.0,47722273000000.0,0.0278090079170514,-617058000000.0,14.7904190663949,-340.70519899288837,-269.2,-23.2,-48.0,-277.0,7.5,-6.5,-16.7,7.4,-284.4,-340.4,False
NVB,Private_3,2024-Q1,312812000000.0,221608000000.0,6139000000.0,-344797000000.0,-9914000000.0,-41899000000.0,58376088000000.0,0.0111145899374374,227747000000.0,-126964000000.0,85065000000.0,122686750000.0,-166629750000.0,-309680250000.0,-36737500000.0,57101250000.0,114307250000.0,8379500000.0,50600807750000.0,0.0065735350809063755,105060250000.0,124730750000.0,-35116750000.0,26823500000.0,27963750000.0,107300750000.0,-2240500000.0,14.269593929041607,False,74.85503038923122,63.0,-4.9,16.8,64.4,-1.3,-21.1,16.1,7.1,57.3,74.9,63.0,-4.9,16.8,74.9,64.4,-1.3,-21.1,16.1,7.1,57.3,74.85503038923122,-8927000000.0,-435946000000.0,-342281000000.0,-83629000000.0,-1109000000.0,-20627000000.0,11700000000.0,55344259000000.0,-0.0010699202228122,394047000000.0,5.332078348301206,90.38894725493525,54.3,16.4,19.8,55.6,-1.3,-0.5,16.9,2.7,52.9,90.5,259236000000.0,5510000000.0,-263963000000.0,-40130000000.0,50367000000.0,259595000000.0,-359000000.0,47700669000000.0,0.0145541167460413,-47409000000.0,20.127725058563016,-860.4174228675137,-571.3,-918.9,629.8,-689.2,117.9,-1467.0,548.1,10.1,-699.3,-860.4,False
NVB,Private_3,2024-Q2,407048000000.0,272938000000.0,43494000000.0,-306126000000.0,-51839000000.0,49083000000.0,64198685000000.0,0.0132202522995916,316432000000.0,-41533000000.0,90616000000.0,114814500000.0,-178482000000.0,-329888750000.0,-29183500000.0,65775750000.0,104810500000.0,10004000000.0,53269662500000.0,0.005713653378755399,201617500000.0,227565000000.0,23762750000.0,-22655500000.0,24840250000.0,168127500000.0,33490000000.0,18.60760406117061,False,127.50025212626484,113.0,0.6,13.9,94.2,18.7,13.3,-12.8,9.3,84.9,127.5,113.0,0.6,13.9,127.5,94.2,18.7,13.3,-12.8,9.3,84.9,127.50025212626484,227747000000.0,-41899000000.0,-344797000000.0,-9914000000.0,85065000000.0,221608000000.0,6139000000.0,58376088000000.0,0.0111145899374374,90982000000.0,9.500481799790892,217.1459939378028,211.7,-7.8,13.2,122.5,89.2,92.3,-100.1,4.8,117.7,217.1,223882000000.0,8129000000.0,-290608000000.0,-1290000000.0,76145000000.0,211221000000.0,12661000000.0,48245816000000.0,0.0124165452268365,40954000000.0,28.37465391037664,503.8012055603395,1138.6,-812.6,177.8,759.2,379.4,-190.9,-621.7,14.2,745.0,503.8,False
NVB,Private_3,2024-Q3,332598000000.0,274230000000.0,13230000000.0,-360647000000.0,-36779000000.0,-64828000000.0,64380567000000.0,0.0123940530600877,287460000000.0,-109966000000.0,45138000000.0,137952000000.0,-168243500000.0,-333768250000.0,-41820750000.0,69393500000.0,120239750000.0,17712250000.0,57257879750000.0,0.005914580146944175,149508000000.0,103415500000.0,-26878750000.0,5041750000.0,-24255500000.0,153990250000.0,-4482250000.0,11.711243345024052,False,61.46775358334795,88.9,-13.0,-14.4,91.5,-2.6,-16.0,3.0,5.9,85.6,61.5,88.9,-13.0,-14.4,61.5,91.5,-2.6,-16.0,3.0,5.9,85.6,61.46775358334795,316432000000.0,49083000000.0,-306126000000.0,-51839000000.0,90616000000.0,272938000000.0,43494000000.0,64198685000000.0,0.0132202522995916,-113911000000.0,0.2829103407756642,-232.07831632133326,-58.9,-80.3,-92.6,2.6,-61.7,-111.2,30.6,0.1,2.5,-231.8,16556000000.0,-244212000000.0,-341869000000.0,-21901000000.0,103002000000.0,7040000000.0,9516000000.0,51112487000000.0,0.0003933985735599,179384000000.0,22.976412070634137,73.45421191423844,110.9,-13.8,-23.7,109.4,1.5,-7.7,-6.1,11.5,97.9,73.4,False
NVB,Private_3,2024-Q4,-2524956000000.0,-2550969000000.0,12105000000.0,-2380478000000.0,-165012000000.0,-5070446000000.0,71174720000000.0,-0.1017835022438976,-2538864000000.0,-5084354000000.0,13908000000.0,205678000000.0,-123397500000.0,-338462750000.0,-45540250000.0,54927500000.0,187037250000.0,18640750000.0,60574899750000.0,0.008914743768576126,-2744542000000.0,-4947048500000.0,-2042015250000.0,-119471750000.0,-41019500000.0,-2738006250000.0,-6535750000.0,16.09085516924234,False,-4009.034623878117,-2225.0,-1751.9,-32.1,-2217.0,-4.0,-1655.7,-96.2,8.0,-2225.0,-4009.0,-2225.0,-1751.9,-32.1,-4009.0,-2217.0,-4.0,-1655.7,-96.2,8.0,-2225.0,-4009.034623878117,287460000000.0,-64828000000.0,-360647000000.0,-36779000000.0,45138000000.0,274230000000.0,13230000000.0,64380567000000.0,0.0123940530600877,-5005618000000.0,10.024180023314031,-7721.382735854877,-4362.6,-3312.5,-46.3,-4354.9,-0.0,-3119.4,-200.8,5.0,-4359.9,-7721.4,-8927000000.0,-435946000000.0,-342281000000.0,-83629000000.0,-1109000000.0,-20627000000.0,11700000000.0,55344259000000.0,-0.0010699202228122,-4634500000000.0,25.024642350299082,-1063.0903827538273,-580.4,-485.8,3.2,-580.4,0.0,-467.8,-19.1,12.5,-592.9,-1063.0,False
NVB,Private_3,2025-Q1,598203000000.0,504861000000.0,29260000000.0,-381914000000.0,-64896000000.0,151393000000.0,78041365000000.0,0.0176201087251496,534121000000.0,87311000000.0,64082000000.0,-426806250000.0,-1282022500000.0,-848012000000.0,-65886000000.0,58681750000.0,-445548250000.0,18742000000.0,64532515000000.0,-0.016263651736695223,960927250000.0,1433415500000.0,466098000000.0,990000000.0,5400250000.0,950409250000.0,10518000000.0,18.949964748101124,False,111.80891911023403,74.9,36.4,0.4,74.1,0.8,36.3,0.1,9.5,64.6,111.7,74.9,36.4,0.4,111.7,74.1,0.8,36.3,0.1,9.5,64.6,111.80891911023403,-2538864000000.0,-5070446000000.0,-2380478000000.0,-165012000000.0,13908000000.0,-2550969000000.0,12105000000.0,71174720000000.0,-0.1017835022438976,5221839000000.0,9.203625735120982,102.98579257130439,60.6,41.4,1.0,60.2,0.3,39.4,2.0,4.6,55.6,103.0,227747000000.0,-41899000000.0,-344797000000.0,-9914000000.0,85065000000.0,221608000000.0,6139000000.0,58376088000000.0,0.0111145899374374,193292000000.0,28.831027947721616,461.32843265949066,731.2,-219.6,-50.3,675.8,55.4,-88.6,-131.0,14.4,661.4,461.3,False
NVB,Private_3,2025-Q2,903496000000.0,757676000000.0,69173000000.0,-480781000000.0,-111216000000.0,311499000000.0,86834646000000.0,0.0239377231733409,826849000000.0,234852000000.0,76647000000.0,-350212750000.0,-1233699500000.0,-857291250000.0,-79631500000.0,53436000000.0,-374735000000.0,24522250000.0,69448834250000.0,-0.014637272039767172,1177061750000.0,1545198500000.0,376510250000.0,-31584500000.0,23211000000.0,1132411000000.0,44650750000.0,22.249071651320616,False,125.24917939903517,95.4,27.9,1.9,91.8,3.6,30.6,-2.5,11.1,80.7,125.2,95.4,27.9,1.9,125.2,91.8,3.6,30.6,-2.5,11.1,80.7,125.24917939903517,534121000000.0,151393000000.0,-381914000000.0,-64896000000.0,64082000000.0,504861000000.0,29260000000.0,78041365000000.0,0.0176201087251496,160106000000.0,10.6665377778942,105.75521985824972,193.3,-95.9,8.2,167.0,26.3,-65.4,-30.6,5.3,161.7,105.6,316432000000.0,49083000000.0,-306126000000.0,-51839000000.0,90616000000.0,272938000000.0,43494000000.0,64198685000000.0,0.0132202522995916,262416000000.0,29.974788810027636,534.6372471120346,1039.9,-476.9,-28.3,987.5,52.4,-356.1,-120.8,15.0,972.5,534.7,False
OCB,Private_2,2020-Q4,2948367040423.0,1590794548343.0,313693876003.0,-716089507343.0,-323446476317.0,1908831056763.0,89237886166154.0,0.0458998943055241,1904488424346.0,864952440686.0,1043878616077.0,,,,,,,,,,,,,,,,,,False,0.0,,,,,,,,,,,,,,,,,,,,,0.0,,,,,,,,,,,,0.0,,,,,,,,,,,,,,,,,,,,,,0.0,,,,,,,,,,,False
OCB,Private_2,2021-Q1,2050494505752.0,1366274076608.0,126637454281.0,-583247868351.0,-191516579621.0,1275730057780.0,93042175931401.0,0.0365981339179282,1492911530889.0,718147082917.0,557582974863.0,,,,,,,,,,,,,,,,,,False,0.0,,,,,,,,,,,,,,,,,,,,,0.0,1904488424346.0,1908831056763.0,-716089507343.0,-323446476317.0,1043878616077.0,1590794548343.0,313693876003.0,89237886166154.0,0.0458998943055241,-633100998983.0,4.174115063896535,-33.16694773693666,-21.6,13.9,-25.5,-11.8,-9.8,7.0,6.9,2.1,-13.9,-33.2,,,,,,,,,,,,0.0,,,,,,,,,,,False
OCB,Private_2,2021-Q2,2198235473267.0,1433890895140.0,224094987303.0,-611262095770.0,-201693261551.0,1385280115946.0,96152073508061.0,0.0368053158974267,1657985882443.0,845030525122.0,540249590824.0,,,,,,,,,,,,,,,,,,False,0.0,,,,,,,,,,,,,,,,,,,,,0.0,1492911530889.0,1275730057780.0,-583247868351.0,-191516579621.0,557582974863.0,1366274076608.0,126637454281.0,93042175931401.0,0.0365981339179282,109550058166.0,3.287518078243809,8.587244417258368,12.9,-3.0,-1.4,5.3,7.6,-2.2,-0.8,1.6,3.7,8.5,,,,,,,,,,,,0.0,,,,,,,,,,,False
OCB,Private_2,2021-Q3,1997218808230.0,1354980097120.0,118224900553.0,-622658059408.0,-267456960064.0,1107103788758.0,97657089542911.0,0.0343120525709618,1473204997673.0,583089978201.0,524013810557.0,,,,,,,,,,,,,,,,,,False,0.0,,,,,,,,,,,,,,,,,,,,,0.0,1657985882443.0,1385280115946.0,-611262095770.0,-201693261551.0,540249590824.0,1433890895140.0,224094987303.0,96152073508061.0,0.0368053158974267,-278176327188.0,1.5530906910259752,-20.080872019016528,-13.3,-5.6,-1.2,-5.7,-7.7,-0.8,-4.7,0.8,-6.5,-20.1,,,,,,,,,,,,0.0,,,,,,,,,,,False
OCB,Private_2,2021-Q4,2673204255842.0,1531053458118.0,315543384145.0,-585755541642.0,-337009714415.0,1750438999785.0,102050733038455.0,0.0368582911854661,1846596842263.0,923831586206.0,826607413579.0,1632147708837.75,1419236254811.75,-633314382718.0,-246028319388.25,666431248080.25,1436484904302.75,195662804535.0,94022306287131.75,0.0384038491729602,214449133425.25,331202744973.25,47558841076.0,-90981395026.75,160176165498.75,94568553815.25,119880579610.0,8.189220485323064,False,23.336688578124107,15.1,-3.1,11.3,6.7,8.4,3.4,-6.4,4.1,2.6,23.3,15.1,-3.1,11.3,23.3,6.7,8.4,3.4,-6.4,4.1,2.6,23.336688578124107,1473204997673.0,1107103788758.0,-622658059408.0,-267456960064.0,524013810557.0,1354980097120.0,118224900553.0,97657089542911.0,0.0343120525709618,643335211027.0,4.400071503212068,58.109747031822835,33.7,-3.0,27.3,15.9,17.8,3.3,-6.3,2.2,13.7,58.0,1904488424346.0,1908831056763.0,-716089507343.0,-323446476317.0,1043878616077.0,1590794548343.0,313693876003.0,89237886166154.0,0.0458998943055241,-158392056978.0,13.39635042124062,-8.297856241222396,-3.0,6.1,-11.4,-3.1,0.1,6.8,-0.7,6.7,-9.8,-8.3,False
OCB,Private_2,2022-Q1,2007611531674.0,1670024669562.0,128007518989.0,-737192318366.0,-434713210793.0,835706002515.0,105716364739467.0,0.0380339493926301,1798032188551.0,626126659392.0,209579343123.0,1617674813317.0,1379638240567.25,-600730891292.75,-249419128912.75,612113447455.75,1421549631746.5,196125181570.5,97225518005207.0,0.0361434483929457,180357375234.0,-543932238052.25,-136461427073.25,-185294081880.25,-402534104332.75,248475037815.5,-68117662581.5,8.367761863077359,False,-39.425714803948,13.1,-23.3,-29.2,18.0,-4.9,-9.9,-13.4,4.2,13.8,-39.4,13.1,-23.3,-29.2,-39.4,18.0,-4.9,-9.9,-13.4,4.2,13.8,-39.425714803948,1846596842263.0,1750438999785.0,-585755541642.0,-337009714415.0,826607413579.0,1531053458118.0,315543384145.0,102050733038455.0,0.0368582911854661,-914732997270.0,3.5285969147339378,-52.2573478642988,-2.8,-14.2,-35.3,7.9,-10.7,-8.7,-5.6,1.8,6.1,-52.3,1492911530889.0,1275730057780.0,-583247868351.0,-191516579621.0,557582974863.0,1366274076608.0,126637454281.0,93042175931401.0,0.0365981339179282,-440024055265.0,12.753352651198705,-34.49194071908293,23.9,-31.1,-27.3,23.8,0.1,-12.1,-19.1,6.4,17.4,-34.5,False
OCB,Private_2,2022-Q2,1806161813228.0,1701757820679.0,231132846572.0,-775836543696.0,-126834977967.0,903490291565.0,109617038407510.0,0.0385062363719816,1932890667251.0,1030219145588.0,-126728854023.0,1693954977732.5,1269632226751.0,-639217003796.5,-310218286705.75,525112539520.75,1497487279985.0,196467697747.5,100394065207223.5,0.03650240226162117,238935689518.5,-366141935186.0,-136619539899.5,183383308738.75,-651841393543.75,204270540694.0,34665148824.5,8.783319587907211,False,-28.838424818733564,18.8,3.7,-51.3,16.1,2.7,-10.8,14.4,4.4,11.7,-28.8,18.8,3.7,-51.3,-28.8,16.1,2.7,-10.8,14.4,4.4,11.7,-28.838424818733564,1798032188551.0,835706002515.0,-737192318366.0,-434713210793.0,209579343123.0,1670024669562.0,128007518989.0,105716364739467.0,0.0380339493926301,67784289050.0,3.622915544952005,8.111020962636122,16.1,32.2,-40.2,3.8,12.3,-4.6,36.8,1.8,2.0,8.1,1657985882443.0,1385280115946.0,-611262095770.0,-201693261551.0,540249590824.0,1433890895140.0,224094987303.0,96152073508061.0,0.0368053158974267,-481789824381.0,13.087450078487779,-34.779234815767815,19.9,-6.5,-48.1,19.3,0.5,-11.9,5.4,6.5,12.8,-34.7,False
OCB,Private_2,2022-Q3,2071137738501.0,1748915806020.0,267247316019.0,-803479198267.0,-358186589734.0,909471950500.0,113587140463935.0,0.0392073862575229,2016163122039.0,854497334038.0,54974616462.0,1762681173934.5,1149184770655.75,-680360615778.0,-291503715809.75,358367928309.0,1564454011369.75,198227162564.75,103760306432085.75,0.0369276323802599,253481948104.5,-239712820155.75,-123118582489.0,-66682873924.25,-303393311847.0,184461794650.25,69020153454.25,9.04251158427494,False,-20.85938016903623,22.0,-16.5,-26.4,16.1,6.0,-10.7,-5.8,4.5,11.6,-20.9,22.0,-16.5,-26.4,-20.9,16.1,6.0,-10.7,-5.8,4.5,11.6,-20.85938016903623,1932890667251.0,903490291565.0,-775836543696.0,-126834977967.0,-126728854023.0,1701757820679.0,231132846572.0,109617038407510.0,0.0385062363719816,5981658935.0,3.5573725156029363,0.6620612297492142,3.7,-11.1,8.0,2.1,1.6,-1.2,-10.2,1.8,0.3,0.6,1473204997673.0,1107103788758.0,-622658059408.0,-267456960064.0,524013810557.0,1354980097120.0,118224900553.0,97657089542911.0,0.0343120525709618,-197631838258.0,15.082116960551053,-17.851247576319153,49.0,-24.5,-42.4,35.6,13.5,-16.3,-8.2,7.5,28.1,-17.9,False
OCB,Private_2,2022-Q4,2648660414862.0,1826884744916.0,387786624885.0,-760294297476.0,-147726713891.0,1740639403495.0,119802569762625.0,0.0404065423689206,2214671369801.0,1306650358434.0,433989045061.0,1898420705026.0,1099776811091.25,-725565900492.75,-314186123227.25,241108129785.25,1662937938594.75,235482766431.25,107742819162341.75,0.038151465801900174,316250664775.0,640862592403.75,-34728396983.25,166459409336.25,192880915275.75,163946806321.25,152303858453.75,10.599863752246776,False,58.27205901603401,28.7,12.0,17.5,14.9,13.9,-3.1,15.2,5.3,9.6,58.2,28.7,12.0,17.5,58.2,14.9,13.9,-3.1,15.2,5.3,9.6,58.27205901603401,2016163122039.0,909471950500.0,-803479198267.0,-358186589734.0,54974616462.0,1748915806020.0,267247316019.0,113587140463935.0,0.0392073862575229,831167452995.0,5.326223930486441,91.39011406982364,21.8,27.9,41.7,8.6,13.3,4.8,23.1,2.7,5.9,91.4,1846596842263.0,1750438999785.0,-585755541642.0,-337009714415.0,826607413579.0,1531053458118.0,315543384145.0,102050733038455.0,0.0368582911854661,-9799596290.0,16.00322059670827,-0.5598364919430868,-9.5,-0.6,9.5,-9.5,-2.7,6.6,-7.2,8.0,-17.5,-0.6,False
OCB,Private_2,2023-Q1,2089991943574.0,1750548975173.0,123334066615.0,-763785325447.0,-342775655267.0,983430962860.0,121913537977339.0,0.037928512832938,1873883041788.0,767322061074.0,216108901786.0,1990439336910.5,1097326912018.75,-769200589451.25,-266865373096.25,142953537655.75,1736895760294.25,253543576616.25,112180778343384.25,0.0390385285977638,-116556295122.5,-113895949158.75,5415264004.25,-75910282170.75,73155364130.25,13653214878.75,-130209510001.25,8.315246424539659,False,-10.379399968348162,-10.6,-6.4,6.7,1.2,-11.9,0.5,-6.9,4.2,-3.0,-10.3,-10.6,-6.4,6.7,-10.3,1.2,-11.9,0.5,-6.9,4.2,-3.0,-10.379399968348162,2214671369801.0,1740639403495.0,-760294297476.0,-147726713891.0,433989045061.0,1826884744916.0,387786624885.0,119802569762625.0,0.0404065423689206,-757208440635.0,1.7466508413125372,-43.50174074622315,-19.6,-11.4,-12.5,-4.4,-15.2,-0.2,-11.2,0.9,-5.3,-43.5,1798032188551.0,835706002515.0,-737192318366.0,-434713210793.0,209579343123.0,1670024669562.0,128007518989.0,105716364739467.0,0.0380339493926301,147724960345.0,14.231147177550637,17.676666184092475,9.1,7.8,0.8,9.6,-0.6,-3.2,11.0,7.1,2.5,17.7,False
OCB,Private_2,2023-Q2,2362709323850.0,1817893397088.0,250823120881.0,-657307681334.0,-128649641266.0,1576752001250.0,127572763074974.0,0.0375777501779331,2068716517969.0,1282759195369.0,293992805881.0,2009402050219.75,1134258152105.0,-775848841221.5,-243880984214.75,144585927321.5,1757026836697.0,252375213522.75,116230071652852.25,0.03901216945784078,59314467749.25,442493849145.0,118541159887.5,115231342948.75,149406878559.5,60866560391.0,-1552092641.75,9.304806840974077,False,39.01174069798862,5.2,20.6,13.2,5.4,-0.2,10.5,10.1,4.7,0.7,39.0,5.2,20.6,13.2,39.0,5.4,-0.2,10.5,10.1,4.7,0.7,39.01174069798862,1873883041788.0,983430962860.0,-763785325447.0,-342775655267.0,216108901786.0,1750548975173.0,123334066615.0,121913537977339.0,0.037928512832938,593321038390.0,4.536702074434426,60.331742724930294,19.8,32.6,7.9,6.9,13.0,10.8,21.8,2.3,4.6,60.3,1932890667251.0,903490291565.0,-775836543696.0,-126834977967.0,-126728854023.0,1701757820679.0,231132846572.0,109617038407510.0,0.0385062363719816,673261709685.0,15.14038508842885,74.51786875526857,15.1,12.9,46.6,12.8,2.2,13.1,-0.2,7.6,5.2,74.6,False
OCB,Private_2,2023-Q3,2468487273158.0,1865416255645.0,171069944772.0,-802090919155.0,-311554017884.0,1354842336119.0,131488482495941.0,0.0371811646818752,2036486200417.0,922841263378.0,432001072741.0,2043358512899.25,1302573579526.25,-746216625631.0,-244334650039.5,249766342297.5,1786060730799.25,257297782100.0,120719002819718.25,0.03878004790932865,-6872312482.25,52268756592.75,-55874293524.0,-67219367844.5,182234730443.5,79355524845.75,-86227837328.0,8.540174501755033,False,4.012729677179565,-0.5,-9.4,14.0,6.1,-6.6,-4.3,-5.2,4.3,1.8,4.1,-0.5,-9.4,14.0,4.1,6.1,-6.6,-4.3,-5.2,4.3,1.8,4.012729677179565,2068716517969.0,1576752001250.0,-657307681334.0,-128649641266.0,293992805881.0,1817893397088.0,250823120881.0,127572763074974.0,0.0375777501779331,-221909665131.0,3.023006712051894,-14.073847057436865,-2.0,-20.8,8.8,3.0,-5.1,-9.2,-11.6,1.5,1.5,-14.0,2016163122039.0,909471950500.0,-803479198267.0,-358186589734.0,54974616462.0,1748915806020.0,267247316019.0,113587140463935.0,0.0392073862575229,445370385619.0,14.608831197329506,48.97021676964847,2.3,5.3,41.5,12.8,-10.6,0.1,5.1,7.3,5.5,49.1,False
OCB,Private_2,2023-Q4,2603951458801.0,1856793215580.0,336835811677.0,-948241112624.0,-343634531397.0,1312075814780.0,144298541236704.0,0.0346694986074191,2193629027257.0,901753383236.0,410322431544.0,2048439282493.75,1413916175931.0,-745869555853.0,-232676507077.0,344022956367.25,1815185843205.5,233253439288.25,125194338327719.75,0.03827349251541672,145189744763.25,-101840361151.0,-202371556771.0,-110958024320.0,66299475176.75,41607372374.5,103582372388.75,14.177890666248407,False,-7.20271561246852,10.3,-22.2,4.7,2.9,7.3,-14.3,-7.9,7.1,-4.2,-7.2,10.3,-22.2,4.7,-7.2,2.9,7.3,-14.3,-7.9,7.1,-4.2,-7.20271561246852,2036486200417.0,1354842336119.0,-802090919155.0,-311554017884.0,432001072741.0,1865416255645.0,171069944772.0,131488482495941.0,0.0371811646818752,-42766521339.0,9.28981978004984,-3.1565681259641183,11.6,-13.2,-1.6,-0.6,12.2,-10.8,-2.4,4.6,-5.2,-3.2,2214671369801.0,1740639403495.0,-760294297476.0,-147726713891.0,433989045061.0,1826884744916.0,387786624885.0,119802569762625.0,0.0404065423689206,-428563588715.0,18.550449395225176,-24.621043729935938,-1.2,-22.1,-1.4,1.7,-2.9,-10.8,-11.3,9.3,-7.6,-24.7,False
OCB,Private_2,2024-Q1,2287006218209.0,1900702752655.0,119517092723.0,-868533327344.0,-204002916839.0,1214469974026.0,151047286637996.0,0.0336238081247647,2020219845378.0,947683601195.0,266786372831.0,2043178696857.75,1306775278752.25,-792856259640.0,-281653461453.5,338106302988.0,1822662960871.5,220515735986.25,131318331196239.5,0.03683923157504135,-22958851479.75,-92305304726.25,-75677067704.0,77650544614.5,-71319930157.0,78039791783.5,-100998643263.25,13.974049385388348,False,-7.063594347636114,-1.8,0.1,-5.5,6.0,-7.7,-5.8,5.9,7.0,-1.0,-7.2,-1.8,0.1,-5.5,-7.2,6.0,-7.7,-5.8,5.9,7.0,-1.0,-7.063594347636114,2193629027257.0,1312075814780.0,-948241112624.0,-343634531397.0,410322431544.0,1856793215580.0,336835811677.0,144298541236704.0,0.0346694986074191,-97605840754.0,4.570063135718406,-7.439039699879377,-13.2,16.7,-10.9,3.3,-16.6,6.1,10.6,2.3,1.0,-7.4,1873883041788.0,983430962860.0,-763785325447.0,-342775655267.0,216108901786.0,1750548975173.0,123334066615.0,121913537977339.0,0.037928512832938,231039011166.0,21.346468821460512,23.493160159824093,14.9,3.5,5.1,15.3,-0.4,-10.6,14.1,10.7,4.6,23.5,False
OCB,Private_2,2024-Q2,2272347153455.0,1986643589789.0,150114376562.0,-955113121909.0,-418676111875.0,898557919671.0,152708166835418.0,0.0349297304298969,2136757966351.0,762968732567.0,135589187104.0,2079762897755.25,1364535031543.75,-819043260114.25,-246960276846.5,350775670749.25,1860201405242.0,219561492513.25,138601768361403.75,0.035763055397998025,56995068595.75,-465977111872.75,-136069861794.75,-171715835028.5,-215186483645.25,126442184547.0,-69447115951.25,9.684804237441027,False,-34.14914979101508,4.2,-22.6,-15.8,9.3,-5.1,-10.0,-12.6,4.8,4.5,-34.2,4.2,-22.6,-15.8,-34.2,9.3,-5.1,-10.0,-12.6,4.8,4.5,-34.14914979101508,2020219845378.0,1214469974026.0,-868533327344.0,-204002916839.0,266786372831.0,1900702752655.0,119517092723.0,151047286637996.0,0.0336238081247647,-315912054355.0,1.0935640354304732,-26.01233963057507,9.6,-24.8,-10.8,7.1,2.5,-7.1,-17.7,0.5,6.6,-26.0,2068716517969.0,1576752001250.0,-657307681334.0,-128649641266.0,293992805881.0,1817893397088.0,250823120881.0,127572763074974.0,0.0375777501779331,-678194081579.0,17.93586439753856,-43.01209581730981,4.3,-37.3,-10.1,10.7,-6.4,-18.9,-18.4,9.0,1.7,-43.1,False
OCB,Private_2,2024-Q3,2291871867212.0,2064666774446.0,198703944594.0,-918561905091.0,-933166463488.0,440143498633.0,157877130230134.0,0.0340601160397757,2263370719040.0,411642350461.0,28501148172.0,2096773259850.75,1194986511149.0,-893494620258.0,-319466894498.75,311174766055.0,1902388953417.25,194384306433.5,144885619301514.75,0.03510105046098897,166597459189.25,-754843012516.0,-25067284833.0,-613699568989.25,-282673617883.0,162277821028.75,4319638160.5,8.58197446595801,False,-63.167492308361325,14.0,-53.4,-23.6,13.6,0.4,-2.1,-51.4,4.3,9.3,-63.0,14.0,-53.4,-23.6,-63.0,13.6,0.4,-2.1,-51.4,4.3,9.3,-63.167492308361325,2136757966351.0,898557919671.0,-955113121909.0,-418676111875.0,135589187104.0,1986643589789.0,150114376562.0,152708166835418.0,0.0349297304298969,-458414421038.0,3.3285306442726044,-51.0166802832081,14.1,-53.2,-11.9,8.7,5.4,4.1,-57.2,1.7,7.0,-51.0,2036486200417.0,1354842336119.0,-802090919155.0,-311554017884.0,432001072741.0,1865416255645.0,171069944772.0,131488482495941.0,0.0371811646818752,-914698837486.0,18.2389659127697,-67.51330491385377,16.7,-54.5,-29.8,14.7,2.0,-8.6,-45.9,9.1,5.6,-67.6,False
OCB,Private_2,2024-Q4,3217857673242.0,2654655554603.0,462646045910.0,-1061552297812.0,-703180828579.0,1453124546851.0,170844469638663.0,0.0403606084290724,3117301600513.0,1352568474122.0,100556072729.0,2153494389506.5,966311801777.5,-922612366742.0,-474870005899.75,210299784912.75,1952201583117.5,201292806389.0,151482781235063.0,0.0343207883004641,963807211006.5,486812745073.5,-138939931070.0,-228310822679.25,-109743712183.75,702453971485.5,261353239521.0,12.013683826680282,False,50.37843314942686,99.7,-38.0,-11.3,72.7,27.1,-14.4,-23.6,6.0,66.7,50.4,99.7,-38.0,-11.3,50.4,72.7,27.1,-14.4,-23.6,6.0,66.7,50.37843314942686,2263370719040.0,440143498633.0,-918561905091.0,-933166463488.0,28501148172.0,2064666774446.0,198703944594.0,157877130230134.0,0.0340601160397757,1012981048218.0,7.889557250697653,230.14790661775578,194.0,19.8,16.3,133.9,60.1,-32.5,52.2,3.9,130.0,230.1,2193629027257.0,1312075814780.0,-948241112624.0,-343634531397.0,410322431544.0,1856793215580.0,336835811677.0,144298541236704.0,0.0346694986074191,141048732071.0,16.846909171948862,10.750044355832449,53.8,-36.0,-23.6,53.8,9.6,-8.6,-27.4,8.4,45.4,-5.8,False
OCB,Private_2,2025-Q1,2273312238654.0,2163562883380.0,130748803285.0,-1002077843041.0,-378040536626.0,893193858987.0,175135953871204.0,0.0316393378743929,2294311686665.0,914193306998.0,-20999448011.0,2384412532820.5,1001573984795.25,-950940163039.0,-564756580195.25,132858195209.0,2151667167873.25,232745364947.25,158119263335552.75,0.03574356575587742,-90100846155.5,-108380125808.25,-51137680002.0,186716043569.25,-153857643220.0,11895715506.75,-101996561662.25,10.212407582560862,False,-10.820980522013654,-9.0,13.5,-15.4,1.2,-10.2,-5.1,18.6,5.1,-3.9,-10.9,-9.0,13.5,-15.4,-10.9,1.2,-10.2,-5.1,18.6,5.1,-3.9,-10.820980522013654,3117301600513.0,1453124546851.0,-1061552297812.0,-703180828579.0,100556072729.0,2654655554603.0,462646045910.0,170844469638663.0,0.0403606084290724,-559930687864.0,2.48076708445246,-38.53287655744308,-56.6,26.5,-8.4,-33.8,-22.8,4.1,22.4,1.2,-35.0,-38.5,2020219845378.0,1214469974026.0,-868533327344.0,-204002916839.0,266786372831.0,1900702752655.0,119517092723.0,151047286637996.0,0.0336238081247647,-321276115039.0,14.77002141226111,-26.4540187826926,22.6,-25.3,-23.7,21.6,0.9,-11.0,-14.3,7.4,14.2,-26.4,False
OCB,Private_2,2025-Q2,2641737669711.0,2179122847119.0,296600791990.0,-1008917225901.0,-633540996314.0,999279447496.0,186333051129536.0,0.0301674100146913,2475723639109.0,833265416894.0,166014030602.0,2452935493142.25,921254956035.5,-984326291963.25,-608265985142.0,60911739998.5,2217382200554.5,235553292587.75,164141430143854.75,0.03524744819328447,22788145966.75,78024491460.5,-24590933937.75,-25275011172.0,105102290603.5,-38259353435.5,61047499402.25,12.66375851676943,False,8.469370064099104,2.5,-5.4,11.4,-4.1,6.6,-2.7,-2.7,6.3,-10.4,8.5,2.5,-5.4,11.4,8.5,-4.1,6.6,-2.7,-2.7,6.3,-10.4,8.469370064099104,2294311686665.0,893193858987.0,-1002077843041.0,-378040536626.0,-20999448011.0,2163562883380.0,130748803285.0,175135953871204.0,0.0316393378743929,106085588509.0,6.195329117255338,11.87710679396241,20.3,-29.4,20.9,1.7,18.6,-0.8,-28.6,3.1,-1.4,11.8,2136757966351.0,898557919671.0,-955113121909.0,-418676111875.0,135589187104.0,1986643589789.0,150114376562.0,152708166835418.0,0.0349297304298969,100721527825.0,19.835278138715122,11.209241565850135,37.7,-29.9,3.4,21.4,16.3,-6.0,-23.9,9.9,11.5,11.2,False
PGB,Private_3,2020-Q4,304253000000.0,257727000000.0,15407000000.0,-199117000000.0,-24379000000.0,80757000000.0,25675229000000.0,0.0061407727794766,273134000000.0,49638000000.0,31119000000.0,,,,,,,,,,,,,,,,,,False,0.0,,,,,,,,,,,,,,,,,,,,,0.0,,,,,,,,,,,,0.0,,,,,,,,,,,,,,,,,,,,,,0.0,,,,,,,,,,,False
PGB,Private_3,2021-Q1,291651000000.0,266295000000.0,6944000000.0,-147066000000.0,-62602000000.0,81983000000.0,26854209000000.0,0.030124434463362,273239000000.0,63571000000.0,18412000000.0,,,,,,,,,,,,,,,,,,False,0.0,,,,,,,,,,,,,,,,,,,,,0.0,273134000000.0,80757000000.0,-199117000000.0,-24379000000.0,31119000000.0,257727000000.0,15407000000.0,25675229000000.0,0.0061407727794766,1226000000.0,4.4888353840754975,1.5181346508661788,0.1,17.1,-15.7,10.6,-10.5,64.5,-47.3,2.2,8.4,1.5,,,,,,,,,,,,0.0,,,,,,,,,,,False
PGB,Private_3,2021-Q2,279708000000.0,41306000000.0,9885000000.0,-153807000000.0,-32406000000.0,93495000000.0,26299684000000.0,0.0046005884695732,51191000000.0,-135022000000.0,228517000000.0,,,,,,,,,,,,,,,,,,False,0.0,,,,,,,,,,,,,,,,,,,,,0.0,273239000000.0,81983000000.0,-147066000000.0,-62602000000.0,18412000000.0,266295000000.0,6944000000.0,26854209000000.0,0.030124434463362,11512000000.0,-2.086488754454918,14.041935523218227,-270.8,28.6,256.3,-274.4,3.6,-8.2,36.8,-1.0,-273.4,14.1,,,,,,,,,,,,0.0,,,,,,,,,,,False
PGB,Private_3,2021-Q3,236153000000.0,203448000000.0,5763000000.0,-140903000000.0,1743000000.0,96993000000.0,25695282000000.0,0.0227641709686048,209211000000.0,70051000000.0,26942000000.0,,,,,,,,,,,,,,,,,,False,0.0,,,,,,,,,,,,,,,,,,,,,0.0,51191000000.0,93495000000.0,-153807000000.0,-32406000000.0,228517000000.0,41306000000.0,9885000000.0,26299684000000.0,0.0046005884695732,3498000000.0,-2.324848140106486,3.7413765442002247,169.0,50.3,-215.6,173.4,-4.4,13.8,36.5,-1.2,174.6,3.7,,,,,,,,,,,,0.0,,,,,,,,,,,False
PGB,Private_3,2021-Q4,361447000000.0,253476000000.0,25723000000.0,-222596000000.0,-81680000000.0,57171000000.0,27498895000000.0,0.0271230210876176,279199000000.0,-25077000000.0,82248000000.0,201693750000.0,88307000000.0,-160223250000.0,-29411000000.0,76247500000.0,192194000000.0,9499750000.0,26131101000000.0,0.01590749167025415,77505250000.0,-31136000000.0,-62372750000.0,-52269000000.0,6000500000.0,61282000000.0,16223250000.0,5.100854380074912,True,-35.25881300463157,87.8,-129.8,6.8,69.4,18.4,-70.6,-59.2,2.6,66.8,-35.2,87.8,-129.8,6.8,-35.2,69.4,18.4,-70.6,-59.2,2.6,66.8,-35.25881300463157,209211000000.0,96993000000.0,-140903000000.0,1743000000.0,26942000000.0,203448000000.0,5763000000.0,25695282000000.0,0.0227641709686048,-39822000000.0,6.781242240104588,-41.05657109275927,72.2,-170.2,57.0,51.6,20.6,-84.2,-86.0,3.4,48.2,-41.0,273134000000.0,80757000000.0,-199117000000.0,-24379000000.0,31119000000.0,257727000000.0,15407000000.0,25675229000000.0,0.0061407727794766,-23586000000.0,6.85922348245925,-29.206136929306435,7.5,-100.0,63.3,-5.3,12.8,-29.1,-70.9,3.4,-8.7,-29.2,False
PGB,Private_3,2022-Q1,348327000000.0,234771000000.0,10695000000.0,-152915000000.0,-68804000000.0,126608000000.0,25362352000000.0,0.0247540670140993,245466000000.0,23747000000.0,102861000000.0,203210000000.0,82410500000.0,-166093000000.0,-43736250000.0,89029750000.0,191131250000.0,12078750000.0,26587017500000.0,0.021153053747289402,42256000000.0,44197500000.0,13178000000.0,-25067750000.0,13831250000.0,43639750000.0,-1383750000.0,-4.714842593036668,True,53.63090868275281,51.3,-14.4,16.8,52.9,-1.7,16.0,-30.4,-2.4,55.3,53.7,51.3,-14.4,16.8,53.7,52.9,-1.7,16.0,-30.4,-2.4,55.3,53.63090868275281,279199000000.0,57171000000.0,-222596000000.0,-81680000000.0,82248000000.0,253476000000.0,25723000000.0,27498895000000.0,0.0271230210876176,69437000000.0,-8.08358909883454,121.4549334452782,-59.0,144.4,36.1,-32.7,-26.2,121.9,22.5,-4.0,-28.7,121.5,273239000000.0,81983000000.0,-147066000000.0,-62602000000.0,18412000000.0,266295000000.0,6944000000.0,26854209000000.0,0.030124434463362,44625000000.0,-5.714114340084557,54.43201639364258,-33.9,-14.7,103.0,-38.4,4.6,-7.1,-7.6,-2.9,-35.5,54.4,False
PGB,Private_3,2022-Q2,352232000000.0,308041000000.0,17129000000.0,-159842000000.0,-73723000000.0,118667000000.0,26271743000000.0,0.0327284541464134,325170000000.0,91605000000.0,27062000000.0,196266750000.0,93566750000.0,-167555250000.0,-45286750000.0,110142000000.0,183250250000.0,13016500000.0,26214053250000.0,0.019810461884973724,128903250000.0,25100250000.0,7713250000.0,-28436250000.0,-83080000000.0,124790750000.0,4112500000.0,0.21982995066022268,True,26.826035958286464,137.8,-22.2,-88.8,133.4,4.4,8.2,-30.4,0.1,133.3,26.8,137.8,-22.2,-88.8,26.8,133.4,4.4,8.2,-30.4,0.1,133.3,26.826035958286464,245466000000.0,126608000000.0,-152915000000.0,-68804000000.0,102861000000.0,234771000000.0,10695000000.0,25362352000000.0,0.0247540670140993,-7941000000.0,3.5224438425811475,-6.272115506129154,63.0,-9.4,-59.9,57.9,5.1,-5.5,-3.9,1.8,56.1,-6.3,51191000000.0,93495000000.0,-153807000000.0,-32406000000.0,228517000000.0,41306000000.0,9885000000.0,26299684000000.0,0.0046005884695732,25172000000.0,-0.10629728578606017,26.92336488582277,5642.0,-1068.6,-4546.4,5642.0,163.5,-136.2,-932.4,-0.1,5642.1,27.0,False
PGB,Private_3,2022-Q3,393006000000.0,333117000000.0,25515000000.0,-173781000000.0,-77374000000.0,141851000000.0,27283549000000.0,0.0317091346061174,358632000000.0,107477000000.0,34374000000.0,264761500000.0,99859750000.0,-169064000000.0,-55616000000.0,59778250000.0,249934000000.0,14827500000.0,26207068000000.0,0.026842428304183773,93870500000.0,41991250000.0,-4717000000.0,-21758000000.0,-25404250000.0,83183000000.0,10687500000.0,4.024933943087626,True,42.050225441181254,94.0,-26.5,-25.4,83.3,10.7,-4.7,-21.8,2.0,81.3,42.1,94.0,-26.5,-25.4,42.1,83.3,10.7,-4.7,-21.8,2.0,81.3,42.050225441181254,325170000000.0,118667000000.0,-159842000000.0,-73723000000.0,27062000000.0,308041000000.0,17129000000.0,26271743000000.0,0.0327284541464134,23184000000.0,3.778547225547757,19.537023772405135,28.2,-14.8,6.2,21.1,7.1,-11.7,-3.1,1.9,19.2,19.6,209211000000.0,96993000000.0,-140903000000.0,1743000000.0,26942000000.0,203448000000.0,5763000000.0,25695282000000.0,0.0227641709686048,44858000000.0,5.995855212433812,46.24869835967544,154.1,-115.5,7.7,133.7,20.3,-33.9,-81.6,3.0,130.7,46.3,False
PGB,Private_3,2022-Q4,429996000000.0,334295000000.0,25885000000.0,-259267000000.0,-52124000000.0,118605000000.0,29050846000000.0,0.02874729818222,360180000000.0,48789000000.0,69816000000.0,302116750000.0,111074250000.0,-177283500000.0,-75395250000.0,61636250000.0,282351250000.0,19765500000.0,26604134750000.0,0.029078669213561927,58063250000.0,7530750000.0,-81983500000.0,23271250000.0,8179750000.0,51943750000.0,6119500000.0,8.79242510563621,True,6.779924239866577,52.3,-52.9,7.4,46.8,5.5,-73.8,20.9,4.4,42.4,6.8,52.3,-52.9,7.4,6.8,46.8,5.5,-73.8,20.9,4.4,42.4,6.779924239866577,358632000000.0,141851000000.0,-173781000000.0,-77374000000.0,34374000000.0,333117000000.0,25515000000.0,27283549000000.0,0.0317091346061174,-23246000000.0,6.27430897234274,-16.38761799352842,1.1,-42.5,25.0,0.8,0.3,-60.3,17.8,3.1,-2.3,-16.4,279199000000.0,57171000000.0,-222596000000.0,-81680000000.0,82248000000.0,253476000000.0,25723000000.0,27498895000000.0,0.0271230210876176,61434000000.0,5.48879967460859,107.4565776355145,141.6,-12.5,-21.7,141.4,0.3,-64.2,51.7,2.7,138.7,107.4,False
PGB,Private_3,2023-Q1,391266000000.0,339274000000.0,14153000000.0,-186761000000.0,-51411000000.0,153094000000.0,29146843000000.0,0.0291128516113622,353427000000.0,115255000000.0,37839000000.0,322362000000.0,126432750000.0,-186451250000.0,-68006250000.0,58528250000.0,302556000000.0,19806000000.0,26992122500000.0,0.029484738487212524,31065000000.0,26661250000.0,-309750000.0,16595250000.0,-20689250000.0,36718000000.0,-5653000000.0,7.676381211549044,True,21.087297397232916,24.6,12.9,-16.4,29.0,-4.5,-0.3,13.1,3.8,25.2,21.1,24.6,12.9,-16.4,21.1,29.0,-4.5,-0.3,13.1,3.8,25.2,21.087297397232916,360180000000.0,118605000000.0,-259267000000.0,-52124000000.0,69816000000.0,334295000000.0,25885000000.0,29050846000000.0,0.02874729818222,34489000000.0,0.3298996975635923,29.078875258210026,-5.7,61.7,-27.0,4.2,-9.9,61.1,0.6,0.2,4.0,29.0,245466000000.0,126608000000.0,-152915000000.0,-68804000000.0,102861000000.0,234771000000.0,10695000000.0,25362352000000.0,0.0247540670140993,26486000000.0,13.885697633215827,20.919689119170982,85.3,-13.0,-51.4,82.5,2.7,-26.7,13.7,6.9,75.6,20.9,False
PGB,Private_3,2023-Q2,364898000000.0,341407000000.0,15947000000.0,-179007000000.0,-51705000000.0,134186000000.0,30249895000000.0,0.0298154185935299,357354000000.0,126642000000.0,7544000000.0,349352250000.0,133054250000.0,-194912750000.0,-63658000000.0,42272750000.0,328681750000.0,20670500000.0,27938245250000.0,0.03057443463652825,8001750000.0,1131750000.0,15905750000.0,11953000000.0,-34728750000.0,12725250000.0,-4723500000.0,7.945432660566944,True,0.8505928972580732,6.0,20.9,-26.1,9.6,-3.6,12.0,9.0,4.0,5.6,0.8,6.0,20.9,-26.1,0.8,9.6,-3.6,12.0,9.0,4.0,5.6,0.8505928972580732,353427000000.0,153094000000.0,-186761000000.0,-51411000000.0,37839000000.0,339274000000.0,14153000000.0,29146843000000.0,0.0291128516113622,-18908000000.0,3.714183765445166,-12.35058199537539,2.6,4.9,-19.8,1.4,1.2,5.1,-0.2,1.9,-0.5,-12.3,325170000000.0,118667000000.0,-159842000000.0,-73723000000.0,27062000000.0,308041000000.0,17129000000.0,26271743000000.0,0.0327284541464134,15519000000.0,14.07656303237355,13.077772253448728,27.1,2.4,-16.5,28.1,-1.0,-16.2,18.6,7.0,21.1,13.0,False
PGB,Private_3,2023-Q3,302142000000.0,278538000000.0,14871000000.0,-188311000000.0,-57196000000.0,56635000000.0,30485365000000.0,0.0239793105291787,293409000000.0,47902000000.0,8733000000.0,357398250000.0,136934000000.0,-199704000000.0,-58153500000.0,37393250000.0,337023250000.0,20375000000.0,28932783250000.0,0.029846175748307373,-63989250000.0,-80299000000.0,11393000000.0,957500000.0,-28660250000.0,-58485250000.0,-5504000000.0,5.225951315303738,False,-58.640659003607574,-46.7,9.0,-20.9,-42.7,-4.0,8.3,0.7,2.6,-45.3,-58.6,-46.7,9.0,-20.9,-58.6,-42.7,-4.0,8.3,0.7,2.6,-45.3,-58.640659003607574,357354000000.0,134186000000.0,-179007000000.0,-51705000000.0,7544000000.0,341407000000.0,15947000000.0,30249895000000.0,0.0298154185935299,-77551000000.0,0.7753980142671654,-57.79365954719569,-47.7,-11.0,0.9,-46.9,-0.8,-6.9,-4.1,0.4,-47.3,-57.8,358632000000.0,141851000000.0,-173781000000.0,-77374000000.0,34374000000.0,333117000000.0,25515000000.0,27283549000000.0,0.0317091346061174,-85216000000.0,11.084909783832876,-60.07430331827058,-46.0,4.0,-18.1,-38.4,-7.5,-10.3,14.2,5.5,-43.9,-60.1,False
PGB,Private_3,2023-Q4,340777000000.0,347750000000.0,-10281000000.0,-254128000000.0,-91292000000.0,-4643000000.0,35335012000000.0,0.0274645678445313,337469000000.0,-7951000000.0,3308000000.0,341092500000.0,115630000000.0,-203336500000.0,-53109000000.0,30983000000.0,323378500000.0,17714000000.0,29733237250000.0,0.0279137197290727,-3623500000.0,-120273000000.0,-50791500000.0,-38183000000.0,-27675000000.0,24371500000.0,-27995000000.0,17.218151139974005,False,-104.0153939289112,-3.1,-77.0,-23.9,21.1,-24.2,-43.9,-33.0,8.6,12.5,-104.0,-3.1,-77.0,-23.9,-104.0,21.1,-24.2,-43.9,-33.0,8.6,12.5,-104.0153939289112,293409000000.0,56635000000.0,-188311000000.0,-57196000000.0,8733000000.0,278538000000.0,14871000000.0,30485365000000.0,0.0239793105291787,-61278000000.0,14.736004930509589,-108.19811070892558,77.8,-176.4,-9.6,122.2,-44.4,-116.2,-60.2,7.4,114.8,-108.2,360180000000.0,118605000000.0,-259267000000.0,-52124000000.0,69816000000.0,334295000000.0,25885000000.0,29050846000000.0,0.02874729818222,-123248000000.0,19.52033006999767,-103.9146747607605,-19.1,-28.7,-56.1,11.3,-30.4,4.4,-33.0,9.8,1.5,-103.9,False
PGB,Private_3,2024-Q1,376209000000.0,377548000000.0,-8896000000.0,-218155000000.0,-42001000000.0,116053000000.0,35185604000000.0,0.0269178340971055,368652000000.0,108496000000.0,7557000000.0,335414750000.0,84818000000.0,-202051750000.0,-62901000000.0,14356000000.0,326742250000.0,8672500000.0,31304278750000.0,0.027593037144650525,33237250000.0,31235000000.0,-16103250000.0,20900000000.0,-6799000000.0,50805750000.0,-17568500000.0,11.674934860672469,True,36.82590959466151,39.2,5.7,-8.0,59.9,-20.7,-19.0,24.6,5.8,54.1,36.9,39.2,5.7,-8.0,36.9,59.9,-20.7,-19.0,24.6,5.8,54.1,36.82590959466151,337469000000.0,-4643000000.0,-254128000000.0,-91292000000.0,3308000000.0,347750000000.0,-10281000000.0,35335012000000.0,0.0274645678445313,120696000000.0,-0.4237285732160933,2599.526168425587,670.7,1835.3,91.0,642.1,28.6,774.7,1060.6,-0.2,642.3,2597.0,353427000000.0,153094000000.0,-186761000000.0,-51411000000.0,37839000000.0,339274000000.0,14153000000.0,29146843000000.0,0.0291128516113622,-37041000000.0,18.773608906870898,-24.194939057049915,9.9,-14.4,-19.8,25.0,-15.0,-20.5,6.1,9.4,15.6,-24.3,False
PGB,Private_3,2024-Q2,441921000000.0,423112000000.0,6437000000.0,-201148000000.0,-145633000000.0,95140000000.0,36702517000000.0,0.0290575024952233,429549000000.0,82768000000.0,12372000000.0,339221000000.0,75557750000.0,-209900250000.0,-60548500000.0,6785500000.0,336310750000.0,2910250000.0,32813969000000.0,0.02704428276608635,90328000000.0,19582250000.0,8752250000.0,-85084500000.0,5586500000.0,86801250000.0,3526750000.0,11.187412436238505,True,25.91693108913381,119.6,-101.0,7.4,114.9,4.7,11.6,-112.6,5.6,109.3,26.0,119.6,-101.0,7.4,26.0,114.9,4.7,11.6,-112.6,5.6,109.3,25.91693108913381,368652000000.0,116053000000.0,-218155000000.0,-42001000000.0,7557000000.0,377548000000.0,-8896000000.0,35185604000000.0,0.0269178340971055,-20913000000.0,4.220204893100489,-18.020214901812103,52.5,-74.6,4.1,39.3,13.2,14.7,-89.3,2.1,37.2,-18.0,357354000000.0,134186000000.0,-179007000000.0,-51705000000.0,7544000000.0,341407000000.0,15947000000.0,30249895000000.0,0.0298154185935299,-39046000000.0,19.275248814038246,-29.09841563203315,53.8,-86.5,3.6,60.9,-7.1,-16.5,-70.0,9.6,51.3,-29.1,False
PGB,Private_3,2024-Q3,447770000000.0,415958000000.0,8953000000.0,-224199000000.0,-146635000000.0,76936000000.0,36894115000000.0,0.0278259329211741,424911000000.0,54077000000.0,22859000000.0,357269750000.0,65796250000.0,-215435500000.0,-84030500000.0,7992500000.0,356737000000.0,532750000.0,34427124500000.0,0.0268548037415097,67641250000.0,11139750000.0,-8763500000.0,-62604500000.0,14866500000.0,59221000000.0,8420250000.0,6.9179686648603465,True,16.93067614035754,102.8,-108.5,22.6,90.0,12.8,-13.3,-95.2,3.5,86.5,16.9,102.8,-108.5,22.6,16.9,90.0,12.8,-13.3,-95.2,3.5,86.5,16.93067614035754,429549000000.0,95140000000.0,-201148000000.0,-145633000000.0,12372000000.0,423112000000.0,6437000000.0,36702517000000.0,0.0290575024952233,-18204000000.0,0.5206705654682676,-19.13390792516292,-4.9,-25.3,11.0,-7.5,2.6,-24.2,-1.1,0.3,-7.8,-19.2,293409000000.0,56635000000.0,-188311000000.0,-57196000000.0,8733000000.0,278538000000.0,14871000000.0,30485365000000.0,0.0239793105291787,20301000000.0,19.022853842148972,35.84532532886024,232.2,-221.3,24.9,242.6,-10.5,-63.4,-157.9,9.5,233.1,35.8,False
PGB,Private_3,2024-Q4,551268000000.0,427990000000.0,11410000000.0,-330465000000.0,-139800000000.0,81003000000.0,41236482000000.0,0.025722285931359,439400000000.0,-30865000000.0,111868000000.0,390145250000.0,70871500000.0,-224407500000.0,-106390250000.0,11524000000.0,391092000000.0,-946750000.0,36029312000000.0,0.027816459339508548,49254750000.0,10131500000.0,-106057500000.0,-33409750000.0,100344000000.0,36898000000.0,12356750000.0,13.478590539042411,True,14.295591316678777,69.5,-196.8,141.6,52.1,17.4,-149.6,-47.1,6.7,45.4,14.3,69.5,-196.8,141.6,14.3,52.1,17.4,-149.6,-47.1,6.7,45.4,14.295591316678777,424911000000.0,76936000000.0,-224199000000.0,-146635000000.0,22859000000.0,415958000000.0,8953000000.0,36894115000000.0,0.0278259329211741,4067000000.0,11.115663176105004,5.286211916398045,18.8,-129.2,115.7,15.6,3.2,-138.1,8.9,5.6,10.0,5.3,337469000000.0,-4643000000.0,-254128000000.0,-91292000000.0,3308000000.0,347750000000.0,-10281000000.0,35335012000000.0,0.0274645678445313,85646000000.0,15.414274142280677,1844.626319190179,2195.1,-2689.5,2339.0,1728.4,466.7,-1643.6,-1044.1,7.7,1720.7,1844.6,False
PGB,Private_3,2025-Q1,505664000000.0,458270000000.0,13545000000.0,-263209000000.0,-146510000000.0,95945000000.0,45348567000000.0,0.025273854494098,471815000000.0,62096000000.0,33849000000.0,415628000000.0,92283000000.0,-243491750000.0,-118517250000.0,38664000000.0,411152000000.0,4476000000.0,37504679500000.0,0.027380888861215473,56187000000.0,3662000000.0,-19717250000.0,-27992750000.0,-4815000000.0,47118000000.0,9069000000.0,18.93441194244573,True,3.968228167701527,60.9,-51.7,-5.2,51.1,9.8,-21.4,-30.3,9.5,41.6,4.0,60.9,-51.7,-5.2,4.0,51.1,9.8,-21.4,-30.3,9.5,41.6,3.968228167701527,439400000000.0,81003000000.0,-330465000000.0,-139800000000.0,111868000000.0,427990000000.0,11410000000.0,41236482000000.0,0.025722285931359,14942000000.0,9.498371941788703,18.446230386528896,40.0,74.7,-96.3,37.4,2.6,83.0,-8.3,4.7,32.7,18.4,368652000000.0,116053000000.0,-218155000000.0,-42001000000.0,7557000000.0,377548000000.0,-8896000000.0,35185604000000.0,0.0269178340971055,-20108000000.0,25.238884001177585,-17.326566310220333,88.9,-128.9,22.7,69.5,19.3,-38.8,-90.0,12.6,56.9,-17.3,False
PGB,Private_3,2025-Q2,567860000000.0,471900000000.0,13897000000.0,-246103000000.0,-133387000000.0,188370000000.0,45435625000000.0,0.0250818665293639,485797000000.0,106307000000.0,82063000000.0,441418750000.0,87256000000.0,-254755250000.0,-144644500000.0,45237000000.0,431332500000.0,10086250000.0,40045420250000.0,0.026969893960463603,44378250000.0,101114000000.0,8652250000.0,11257500000.0,36826000000.0,40567500000.0,3810750000.0,12.611461954485167,False,115.88200238379022,50.9,22.8,42.2,46.5,4.4,10.0,12.9,6.3,40.2,115.9,50.9,22.8,42.2,115.9,46.5,4.4,10.0,12.9,6.3,40.2,115.88200238379022,471815000000.0,95945000000.0,-263209000000.0,-146510000000.0,33849000000.0,458270000000.0,13545000000.0,45348567000000.0,0.025273854494098,92425000000.0,0.19179109949009626,96.33123143467611,14.5,31.5,50.3,14.2,0.4,17.8,13.7,0.1,14.1,96.3,429549000000.0,95140000000.0,-201148000000.0,-145633000000.0,12372000000.0,423112000000.0,6437000000.0,36702517000000.0,0.0290575024952233,93230000000.0,21.264440094103907,97.99243220517133,59.1,-34.4,73.3,51.3,7.8,-47.2,12.8,10.6,40.7,98.0,False
Private_1,Private_1,2018-Q1,22200260000000.0,15911589000000.0,2018767000000.0,-8716659000000.0,-4383510000000.0,9100091000000.0,987921549000000.0,,17930356000000.0,4830187000000.0,4269904000000.0,,,,,,,,,,,,,,,,,,False,0.0,,,,,,,,,,,,,,,,,,,,,0.0,,,,,,,,,,,,0.0,,,,,,,,,,,,,,,,,,,,,,0.0,,,,,,,,,,,False
Private_1,Private_1,2018-Q2,21513769000000.0,16437346000000.0,2623404000000.0,-8353819000000.0,-4711503000000.0,8448447000000.0,1038952190000000.0,0.0445827797284013,19060750000000.0,5995428000000.0,2453019000000.0,,,,,,,,,,,,,,,,,,False,0.0,,,,,,,,,,,,,,,,,,,,,0.0,17930356000000.0,9100091000000.0,-8716659000000.0,-4383510000000.0,4269904000000.0,15911589000000.0,2018767000000.0,987921549000000.0,,-651644000000.0,5.035404033127097,-7.160851468408393,12.4,0.4,-20.0,5.8,6.6,4.0,-3.6,2.5,3.3,-7.2,,,,,,,,,,,,0.0,,,,,,,,,,,False
Private_1,Private_1,2018-Q3,23342279000000.0,17385466000000.0,2997028000000.0,-9870658000000.0,-5015095000000.0,8456526000000.0,1046230412000000.0,0.0453861334059629,20382494000000.0,5496741000000.0,2959785000000.0,,,,,,,,,,,,,,,,,,False,0.0,,,,,,,,,,,,,,,,,,,,,0.0,19060750000000.0,8448447000000.0,-8353819000000.0,-4711503000000.0,2453019000000.0,16437346000000.0,2623404000000.0,1038952190000000.0,0.0445827797284013,8079000000.0,0.6980896534451326,0.09562704246117659,0.1,-0.1,0.1,0.1,0.1,-0.1,-0.1,0.3,-0.2,0.1,,,,,,,,,,,,0.0,,,,,,,,,,,False
Private_1,Private_1,2018-Q4,27626629000000.0,18673920000000.0,4250975000000.0,-12817494000000.0,-4551624000000.0,10257511000000.0,1083238002000000.0,0.0472661444938245,22924895000000.0,5555777000000.0,4701734000000.0,,,,,,,,,,,,,,,,,,False,0.0,,,,,,,,,,,,,,,,,,,,,0.0,20382494000000.0,8456526000000.0,-9870658000000.0,-5015095000000.0,2959785000000.0,17385466000000.0,2997028000000.0,1046230412000000.0,0.0453861334059629,1800985000000.0,3.4757585279684733,21.296984127997714,30.1,-29.4,20.6,15.2,14.8,-34.8,5.5,1.7,13.5,21.3,,,,,,,,,,,,0.0,,,,,,,,,,,False
Private_1,Private_1,2019-Q1,24840799000000.0,19665124000000.0,3015049000000.0,-10498236000000.0,-4750557000000.0,9592006000000.0,1132839983000000.0,0.0479272113692413,22680173000000.0,7431380000000.0,2160626000000.0,20074623750000.0,9065643750000.0,-9939657500000.0,-4665433000000.0,3596110500000.0,17102080250000.0,2972543500000.0,1039085538250000.0,,2605549250000.0,526362250000.0,-558578500000.0,-85124000000.0,-1435484500000.0,2563043750000.0,42505500000.0,8.633302001630504,False,5.8061210490429875,28.7,-7.1,-15.8,28.3,0.5,-6.2,-0.9,4.3,24.0,5.8,28.7,-7.1,-15.8,5.8,28.3,0.5,-6.2,-0.9,4.3,24.0,5.8061210490429875,22924895000000.0,10257511000000.0,-12817494000000.0,-4551624000000.0,4701734000000.0,18673920000000.0,4250975000000.0,1083238002000000.0,0.0472661444938245,-665505000000.0,4.476555548653222,-6.487977444040761,-2.4,20.7,-24.8,9.7,-12.0,22.6,-1.9,2.2,7.5,-6.5,17930356000000.0,9100091000000.0,-8716659000000.0,-4383510000000.0,4269904000000.0,15911589000000.0,2018767000000.0,987921549000000.0,,491915000000.0,13.666641139358426,5.405605284606494,27.0,-23.6,-23.2,27.0,10.9,-19.6,-4.0,6.8,20.2,-19.8,False
Private_1,Private_1,2019-Q2,26967078000000.0,20184710000000.0,3561279000000.0,-11131344000000.0,-5464607000000.0,10371127000000.0,1202114163000000.0,0.0469207949510142,23745989000000.0,7150038000000.0,3221089000000.0,21262078000000.0,9188622500000.0,-10385051750000.0,-4757194750000.0,3068791000000.0,18040464000000.0,3221614000000.0,1075315146750000.0,0.0462905672493575,2483911000000.0,1182504500000.0,-746292250000.0,-707412250000.0,152298000000.0,2144246000000.0,339665000000.0,11.135275699417347,False,12.869224957277329,27.0,-15.8,1.7,23.3,3.7,-8.1,-7.7,5.6,17.7,12.9,27.0,-15.8,1.7,12.9,23.3,3.7,-8.1,-7.7,5.6,17.7,12.869224957277329,22680173000000.0,9592006000000.0,-10498236000000.0,-4750557000000.0,2160626000000.0,19665124000000.0,3015049000000.0,1132839983000000.0,0.0479272113692413,779121000000.0,5.933665131597834,8.122607512964441,11.1,-14.0,11.1,5.4,5.7,-6.6,-7.4,3.0,2.4,8.2,19060750000000.0,8448447000000.0,-8353819000000.0,-4711503000000.0,2453019000000.0,16437346000000.0,2623404000000.0,1038952190000000.0,0.0445827797284013,1922680000000.0,14.561101484709141,22.757792053379752,55.5,-41.8,9.1,44.4,11.1,-32.9,-8.9,7.3,37.1,22.8,False
Private_1,Private_1,2019-Q3,29072761000000.0,22231059000000.0,3109821000000.0,-11403730000000.0,-5904431000000.0,11764600000000.0,1246243718000000.0,0.0497152511673204,25340880000000.0,8032719000000.0,3731881000000.0,22433387750000.0,9669292500000.0,-11079433000000.0,-4945470750000.0,3260808500000.0,18977305000000.0,3456082750000.0,1116105640000000.0,0.04687507105501072,2907492250000.0,2095307500000.0,-324297000000.0,-958960250000.0,471072500000.0,3253754000000.0,-346261750000.0,11.017682677567795,False,21.66970851279967,30.1,-13.3,4.9,33.7,-3.6,-3.4,-9.9,5.5,28.2,21.7,30.1,-13.3,4.9,21.7,33.7,-3.6,-3.4,-9.9,5.5,28.2,21.66970851279967,23745989000000.0,10371127000000.0,-11131344000000.0,-5464607000000.0,3221089000000.0,20184710000000.0,3561279000000.0,1202114163000000.0,0.0469207949510142,1393473000000.0,3.604828799127671,13.43608076537873,15.4,-6.9,4.9,19.7,-4.4,-2.6,-4.2,1.8,17.9,13.4,20382494000000.0,8456526000000.0,-9870658000000.0,-5015095000000.0,2959785000000.0,17385466000000.0,2997028000000.0,1046230412000000.0,0.0453861334059629,3308074000000.0,17.449558394798547,39.11859314333096,58.6,-28.6,9.1,57.3,1.3,-18.1,-10.5,8.7,48.6,39.1,False
Private_1,Private_1,2019-Q4,31926151000000.0,21962140000000.0,4942257000000.0,-13910214000000.0,-5802731000000.0,12213206000000.0,1303046924000000.0,0.0478302538588642,26904397000000.0,7191452000000.0,5021754000000.0,23672984250000.0,10496311000000.0,-11462701000000.0,-5167804750000.0,3453832500000.0,20188703250000.0,3484281000000.0,1166108966500000.0,0.047957350495350104,3231412750000.0,1716895000000.0,-2447513000000.0,-634926250000.0,1567921500000.0,1773436750000.0,1457976000000.0,11.09188431778362,False,16.35712775659944,30.8,-29.4,14.9,16.9,13.9,-23.3,-6.1,5.5,11.4,16.3,30.8,-29.4,14.9,16.3,16.9,13.9,-23.3,-6.1,5.5,11.4,16.35712775659944,25340880000000.0,11764600000000.0,-11403730000000.0,-5904431000000.0,3731881000000.0,22231059000000.0,3109821000000.0,1246243718000000.0,0.0497152511673204,448606000000.0,4.456393089446723,3.813185318667868,13.3,-19.1,11.0,-2.3,15.6,-19.1,0.9,2.2,-4.5,5.2,22924895000000.0,10257511000000.0,-12817494000000.0,-4551624000000.0,4701734000000.0,18673920000000.0,4250975000000.0,1083238002000000.0,0.0472661444938245,1955695000000.0,18.422688724640587,19.06598004135701,38.8,-22.8,3.1,32.0,6.7,-10.7,-12.2,9.2,22.8,19.1,False
Private_1,Private_1,2020-Q1,30536195000000.0,23188122000000.0,3394046000000.0,-12309061000000.0,-7086549000001.0,11140584999999.0,1324841042000000.0,0.0491452294356003,26582168000000.0,7186557999999.0,3954027000000.0,24667859750000.0,10985234750000.0,-11735881000000.0,-5480581500000.0,3533837500000.0,21010758250000.0,3657101500000.0,1221061197000000.0,0.04809837783661003,1914308250000.0,155350249999.0,-573180000000.0,-1605967500001.0,420189500000.0,2177363750000.0,-263055500000.0,8.152696785463647,False,1.4141732383006198,7.1,-7.1,3.8,7.1,-2.4,-5.2,-7.1,4.1,3.0,3.8,7.1,-7.1,3.8,3.8,7.1,-2.4,-5.2,-7.1,4.1,3.0,1.4141732383006198,26904397000000.0,12213206000000.0,-13910214000000.0,-5802731000000.0,5021754000000.0,21962140000000.0,4942257000000.0,1303046924000000.0,0.0478302538588642,-1072621000001.0,1.6586793867908751,-8.782468747362486,-2.6,2.6,-8.7,10.0,-12.7,13.1,-10.5,0.8,9.2,-8.7,22680173000000.0,9592006000000.0,-10498236000000.0,-4750557000000.0,2160626000000.0,19665124000000.0,3015049000000.0,1132839983000000.0,0.0479272113692413,1548578999999.0,15.624571052706077,16.144474888766748,40.7,-43.2,18.7,36.7,4.0,-18.9,-24.3,7.8,28.9,16.2,True
Private_1,Private_1,2020-Q2,29080606000000.0,22009322000000.0,4010878000000.0,-10569378000000.0,-5962736999999.0,12548491000001.0,1357639794000000.0,0.045600310893063,26020200000000.0,9488085000001.0,3060406000000.0,25643358500000.0,11372379499999.75,-12188587250000.0,-6064579500000.25,3982187750000.0,21891507750000.0,3751850750000.0,1269061461750000.0,0.048402882353199776,376841500000.0,1176111500001.25,1619209250000.0,101842500001.25,-921781750000.0,117814250000.0,259027250000.0,6.744454250828634,False,10.341824241806878,3.3,15.1,-8.1,1.0,2.3,14.2,0.9,3.4,-2.4,10.3,3.3,15.1,-8.1,10.3,1.0,2.3,14.2,0.9,3.4,-2.4,10.341824241806878,26582168000000.0,11140584999999.0,-12309061000000.0,-7086549000001.0,3954027000000.0,23188122000000.0,3394046000000.0,1324841042000000.0,0.0491452294356003,1407906000002.0,2.445404385360537,12.63763078870747,-5.0,25.7,-8.0,-10.6,5.5,15.6,10.1,1.2,-11.8,12.7,23745989000000.0,10371127000000.0,-11131344000000.0,-5464607000000.0,3221089000000.0,20184710000000.0,3561279000000.0,1202114163000000.0,0.0469207949510142,2177364000001.0,12.151607819547948,20.99447822788208,21.9,0.6,-1.6,17.6,4.3,5.4,-4.8,6.1,11.5,20.9,False
Private_1,Private_1,2020-Q3,32999355000000.0,24867061000000.0,4621714000000.0,-12469432000000.0,-7239142000000.0,13290781000000.0,1394983042000000.0,0.0501481336959264,29488775000000.0,9780201000000.0,3510580000000.0,26211911250000.0,11916720500000.0,-12048095750000.0,-6189112000000.0,3942017000000.0,22347660750000.0,3864250500000.0,1307942869500000.0,0.048072761338711974,3276863750000.0,1374060500000.0,-421336250000.0,-1050030000000.0,-431437000000.0,2519400250000.0,757463500000.0,6.440440866667832,False,11.530525533430108,27.5,-12.3,-3.6,21.1,6.4,-3.5,-8.8,3.2,17.9,11.6,27.5,-12.3,-3.6,11.6,21.1,6.4,-3.5,-8.8,3.2,17.9,11.530525533430108,26020200000000.0,12548491000001.0,-10569378000000.0,-5962736999999.0,3060406000000.0,22009322000000.0,4010878000000.0,1357639794000000.0,0.045600310893063,742289999999.0,2.7132847632889434,5.915372613320126,27.6,-25.3,3.6,22.8,4.9,-15.1,-10.2,1.4,21.4,5.9,25340880000000.0,11764600000000.0,-11403730000000.0,-5904431000000.0,3731881000000.0,22231059000000.0,3109821000000.0,1246243718000000.0,0.0497152511673204,1526181000000.0,11.26289694263131,12.972655253897287,35.3,-20.4,-1.9,22.4,12.9,-9.1,-11.4,5.6,16.8,13.0,False
Private_1,Private_1,2020-Q4,36395558000000.0,27418999000000.0,4674253000000.0,-14012012000000.0,-6920208000000.0,15463338000000.0,1518384800000000.0,0.0527723504034105,32093252000000.0,11161032000000.0,4302306000000.0,27248885000000.0,12298265750000.0,-12314521250000.0,-6522789750000.0,3886691750000.0,23006661250000.0,4242223750000.0,1345127700500000.0,0.04818098197086347,4844367000000.0,3165072250000.0,-1697490750000.0,-397418250000.0,415614250000.0,4412337750000.0,432029250000.0,12.101019253084976,False,25.7359233760256,39.4,-17.0,3.4,35.9,3.5,-13.8,-3.2,6.1,29.8,25.8,39.4,-17.0,3.4,25.8,35.9,3.5,-13.8,-3.2,6.1,29.8,25.7359233760256,29488775000000.0,13290781000000.0,-12469432000000.0,-7239142000000.0,3510580000000.0,24867061000000.0,4621714000000.0,1394983042000000.0,0.0501481336959264,2172557000000.0,8.471416222902072,16.346345636121757,19.6,-9.2,6.0,19.2,0.4,-11.6,2.4,4.2,15.0,16.4,26904397000000.0,12213206000000.0,-13910214000000.0,-5802731000000.0,5021754000000.0,21962140000000.0,4942257000000.0,1303046924000000.0,0.0478302538588642,3250132000000.0,15.264439976928537,26.611620241237233,42.5,-10.0,-5.9,44.7,-2.2,-0.8,-9.2,7.6,37.1,26.6,False
Private_1,Private_1,2021-Q1,38997258000000.0,28843584000000.0,4841140000000.0,-12593737000000.0,-8194622000000.0,18208899000000.0,1602756021000000.0,0.0529496431277692,33684724000000.0,12896365000000.0,5312534000000.0,28546098750000.0,13110798750000.0,-12339970750000.0,-6802159000000.0,3706829750000.0,24370876000000.0,4175222750000.0,1398962169500000.0,0.04941650610700005,5138625250000.0,5098100250000.0,-253766250000.0,-1392463000000.0,1605704250000.0,4472708000000.0,665917250000.0,13.578479961575193,False,38.88474186212339,39.2,-12.6,12.2,34.1,5.1,-1.9,-10.6,6.8,27.3,38.8,39.2,-12.6,12.2,38.8,34.1,5.1,-1.9,-10.6,6.8,27.3,38.88474186212339,32093252000000.0,15463338000000.0,-14012012000000.0,-6920208000000.0,4302306000000.0,27418999000000.0,4674253000000.0,1518384800000000.0,0.0527723504034105,2745561000000.0,5.406434751826918,17.755293197367862,10.3,0.9,6.5,9.2,1.1,9.2,-8.2,2.7,6.5,17.7,26582168000000.0,11140584999999.0,-12309061000000.0,-7086549000001.0,3954027000000.0,23188122000000.0,3394046000000.0,1324841042000000.0,0.0491452294356003,7068314000001.0,18.985876336083756,63.446524576596595,63.8,-12.5,12.2,50.8,13.0,-2.5,-10.0,9.5,41.3,63.5,False
Private_1,Private_1,2021-Q2,41150841000000.0,30520768000000.0,5394293000000.0,-12422455000000.0,-9600372000000.0,19128014000000.0,1658290279000000.0,0.0541298302065662,35915061000000.0,13892234000000.0,5235780000000.0,30321737750000.0,14877877250000.25,-12411139750000.0,-7079177249999.75,4046456500000.0,25784741500000.0,4536996250000.0,1468440914250000.0,0.050367609530042275,5593323250000.0,4250136749999.75,-11315250000.0,-2521194750000.25,1189323500000.0,4736026500000.0,857296750000.0,12.143631992404565,False,28.566822259537588,37.6,-17.0,8.0,31.8,5.8,-0.1,-16.9,6.1,25.7,28.6,37.6,-17.0,8.0,28.6,31.8,5.8,-0.1,-16.9,6.1,25.7,28.566822259537588,33684724000000.0,18208899000000.0,-12593737000000.0,-8194622000000.0,5312534000000.0,28843584000000.0,4841140000000.0,1602756021000000.0,0.0529496431277692,919115000000.0,3.4059165611969386,5.047614356035475,12.3,-6.8,-0.4,9.2,3.0,0.9,-7.7,1.7,7.5,5.1,26020200000000.0,12548491000001.0,-10569378000000.0,-5962736999999.0,3060406000000.0,22009322000000.0,4010878000000.0,1357639794000000.0,0.045600310893063,6579522999999.0,19.937497072068222,52.432782555276766,78.9,-43.8,17.4,67.8,11.0,-14.8,-29.0,10.0,57.8,52.5,False
Private_1,Private_1,2021-Q3,37500577000000.0,28565454000000.0,4439364000000.0,-12785481000000.0,-9115723000000.0,15599373000000.0,1667690956000000.0,0.0486411307184274,33004818000000.0,11103614000000.0,4495759000000.0,32795453000000.0,16522758000000.0,-12874409000000.0,-7988586000000.0,4590300000000.0,27912603000000.0,4882850000000.0,1543603535500000.0,0.05249998935841808,209365000000.0,-923385000000.0,88928000000.0,-1127137000000.0,-94541000000.0,652851000000.0,-443486000000.0,7.7281869245220545,False,-5.5885645725731745,1.3,-6.3,-0.6,4.0,-2.7,0.5,-6.8,3.9,0.1,-5.6,1.3,-6.3,-0.6,-5.6,4.0,-2.7,0.5,-6.8,3.9,0.1,-5.5885645725731745,35915061000000.0,19128014000000.0,-12422455000000.0,-9600372000000.0,5235780000000.0,30520768000000.0,5394293000000.0,1658290279000000.0,0.0541298302065662,-3528641000000.0,0.5652874346418253,-18.447503227465226,-15.2,0.6,-3.9,-10.2,-5.0,-1.9,2.5,0.3,-10.5,-18.5,29488775000000.0,13290781000000.0,-12469432000000.0,-7239142000000.0,3510580000000.0,24867061000000.0,4621714000000.0,1394983042000000.0,0.0501481336959264,2308592000000.0,17.808484623442446,17.369874652211937,26.5,-16.5,7.4,27.8,-1.4,-2.4,-14.1,8.9,18.9,17.4,False
Private_1,Private_1,2021-Q4,41931936000000.0,30226469000000.0,7370334000000.0,-14526697000000.0,-9597292000000.0,17807947000000.0,1816019375000000.0,0.0483246582586954,37596803000000.0,13472814000000.0,4335133000000.0,33674463750000.0,17099906000000.0,-12953421250000.0,-8457731250000.0,4836594750000.0,28837201250000.0,4837262500000.0,1611780514000000.0,0.052123238614043325,3922339250000.0,708041000000.0,-1573275750000.0,-1139560750000.0,-501461750000.0,1389267750000.0,2533071500000.0,11.916615182549824,False,4.140613404541522,20.7,-15.9,-2.9,8.1,14.8,-9.2,-6.7,6.0,2.1,1.9,20.7,-15.9,-2.9,1.9,8.1,14.8,-9.2,-6.7,6.0,2.1,4.140613404541522,33004818000000.0,15599373000000.0,-12785481000000.0,-9115723000000.0,4495759000000.0,28565454000000.0,4439364000000.0,1667690956000000.0,0.0486411307184274,2208574000000.0,8.515542620182332,14.15809468752366,29.4,-14.2,-1.0,10.6,18.8,-11.2,-3.1,4.3,6.3,14.2,32093252000000.0,15463338000000.0,-14012012000000.0,-6920208000000.0,4302306000000.0,27418999000000.0,4674253000000.0,1518384800000000.0,0.0527723504034105,2344609000000.0,17.852339391339683,15.162373091760653,35.6,-20.6,0.2,18.1,17.4,-3.3,-17.3,8.9,9.2,15.2,True
Private_1,Private_1,2022-Q1,51884065000000.0,34564393000000.0,6328180000000.0,-15161928000000.0,-7178007000000.0,29544130000000.0,1948759939000000.0,0.0515154142432067,40892573000000.0,18552638000000.0,10991492000000.0,35050351500000.0,17686058250000.0,-13082092500000.0,-9127002250000.0,4844801500000.0,29539068750000.0,5511282750000.0,1686189157750000.0,0.05101131557786455,5842221500000.0,11858071750000.0,-2079835500000.0,1948995250000.0,6146690500000.0,5025324250000.0,816897250000.0,14.447012833536732,False,67.04756697270292,33.1,-0.7,34.7,28.4,4.6,-11.7,11.0,7.2,21.2,67.1,33.1,-0.7,34.7,67.1,28.4,4.6,-11.7,11.0,7.2,21.2,67.04756697270292,37596803000000.0,17807947000000.0,-14526697000000.0,-9597292000000.0,4335133000000.0,30226469000000.0,7370334000000.0,1816019375000000.0,0.0483246582586954,11736183000000.0,7.051704917012301,65.90418873101991,18.5,10.0,37.4,24.4,-5.9,-3.6,13.6,3.5,20.9,65.9,33684724000000.0,18208899000000.0,-12593737000000.0,-8194622000000.0,5312534000000.0,28843584000000.0,4841140000000.0,1602756021000000.0,0.0529496431277692,11335231000000.0,19.48485784081905,62.251050983368074,39.6,-8.5,31.2,31.4,8.2,-14.1,5.6,9.7,21.7,62.3,False
Private_1,Private_1,2022-Q2,48495286000000.0,35437588000000.0,7269463000000.0,-15246477000000.0,-9531009000000.0,23717800000000.0,2009945279000000.0,0.0508178572747713,42707051000000.0,17929565000000.0,5788235000000.0,36852313750000.0,20519866000000.0,-13724140250000.0,-8872848500000.0,6264541000000.0,30969271000000.0,5883042750000.0,1772690137250000.0,0.05065275835672392,5854737250000.0,3197934000000.0,-1522336750000.0,-658160500000.0,-476306000000.0,4468317000000.0,1386420250000.0,12.544436121481048,False,15.584575454829968,28.5,-10.6,-2.3,21.8,6.8,-7.4,-3.2,6.3,15.5,15.6,28.5,-10.6,-2.3,15.6,21.8,6.8,-7.4,-3.2,6.3,15.5,15.584575454829968,40892573000000.0,29544130000000.0,-15161928000000.0,-7178007000000.0,10991492000000.0,34564393000000.0,6328180000000.0,1948759939000000.0,0.0515154142432067,-5826330000000.0,3.0911793948078707,-19.720770251146334,6.1,-8.2,-17.6,3.0,3.2,-0.3,-8.0,1.5,1.5,-19.7,35915061000000.0,19128014000000.0,-12422455000000.0,-9600372000000.0,5235780000000.0,30520768000000.0,5394293000000.0,1658290279000000.0,0.0541298302065662,4589786000000.0,19.172978094772613,23.99509954352815,35.5,-14.4,2.9,25.7,9.8,-14.8,0.4,9.6,16.1,24.0,False
Private_1,Private_1,2022-Q3,48942922000000.0,38783219000000.0,6575055000000.0,-15901894000000.0,-9509657000000.0,23531371000000.0,2062424800000000.0,0.054735113169805,45358274000000.0,19946723000000.0,3584648000000.0,38550311250000.0,21667312500000.0,-14430145750000.0,-8855507750000.0,6402654750000.0,32198476000000.0,6351835250000.0,1860603887250000.0,0.0498247651237752,6807962750000.0,1864058500000.0,-1471748250000.0,-654149250000.0,-2818006750000.0,6584743000000.0,223219750000.0,10.289035785332185,False,8.603090484802857,31.4,-9.8,-13.0,30.4,1.0,-6.8,-3.0,5.1,25.3,8.6,31.4,-9.8,-13.0,8.6,30.4,1.0,-6.8,-3.0,5.1,25.3,8.603090484802857,42707051000000.0,23717800000000.0,-15246477000000.0,-9531009000000.0,5788235000000.0,35437588000000.0,7269463000000.0,2009945279000000.0,0.0508178572747713,-186429000000.0,2.5773453778487014,-0.7860299015928964,3.9,-2.7,-3.9,3.9,-2.9,-2.8,0.1,1.3,2.6,-2.7,33004818000000.0,15599373000000.0,-12785481000000.0,-9115723000000.0,4495759000000.0,28565454000000.0,4439364000000.0,1667690956000000.0,0.0486411307184274,7931998000000.0,21.164696745137686,50.84818473152735,79.2,-22.5,-5.8,65.5,13.7,-20.0,-2.5,10.6,54.9,50.9,False
Private_1,Private_1,2022-Q4,49705189000000.0,39229281000000.0,7452887000000.0,-18393252000000.0,-15135147000000.0,16176790000000.0,2171770255000000.0,0.0531331604217609,46682168000000.0,13153769000000.0,3023021000000.0,41638675250000.0,23650312000000.0,-15209249000000.0,-8953991250000.0,6174877000000.0,34752917250000.0,6885758000000.0,1959287348250000.0,0.0513482607366196,5043492750000.0,-7473522000000.0,-3184003000000.0,-6181155750000.0,-3151856000000.0,4476363750000.0,567129000000.0,10.287094838998842,False,-31.600098975438463,21.3,-39.6,-13.3,18.9,2.4,-13.5,-26.1,5.1,13.8,-31.6,21.3,-39.6,-13.3,-31.6,18.9,2.4,-13.5,-26.1,5.1,13.8,-31.600098975438463,45358274000000.0,23531371000000.0,-15901894000000.0,-9509657000000.0,3584648000000.0,38783219000000.0,6575055000000.0,2062424800000000.0,0.054735113169805,-7354581000000.0,5.164875664897775,-31.254366777014397,5.6,-34.5,-2.4,1.9,3.7,-10.6,-23.9,2.6,-0.7,-31.3,37596803000000.0,17807947000000.0,-14526697000000.0,-9597292000000.0,4335133000000.0,30226469000000.0,7370334000000.0,1816019375000000.0,0.0483246582586954,-1631157000000.0,17.842008380968682,-9.15971391873527,45.8,-45.8,-7.4,45.8,0.5,-21.7,-31.1,8.9,36.9,-7.4,False
Private_1,Private_1,2023-Q1,48308955000000.0,38339868000000.0,5587587000000.0,-16056685000000.0,-10028066000000.0,22224204000000.0,2270038242000000.0,0.0491683149608037,43927455000000.0,17842704000000.0,4381500000000.0,43910016500000.0,23242522750000.0,-16175887750000.0,-10338455000000.0,5846849000000.0,37003620250000.0,6906396250000.0,2048225068250000.0,0.05255038627738597,17438500000.0,-1018318750000.0,119202750000.0,310389000000.0,-1465349000000.0,1336247750000.0,-1318809250000.0,10.273258382530566,False,-4.381274618737331,0.1,1.8,-6.3,5.7,-5.7,0.5,1.3,5.1,0.6,-4.4,0.1,1.8,-6.3,-4.4,5.7,-5.7,0.5,1.3,5.1,0.6,-4.381274618737331,46682168000000.0,16176790000000.0,-18393252000000.0,-15135147000000.0,3023021000000.0,39229281000000.0,7452887000000.0,2171770255000000.0,0.0531331604217609,6047414000000.0,4.42468364254651,37.38327566841135,-17.0,46.0,8.4,-5.5,-11.5,14.4,31.6,2.2,-7.7,37.4,40892573000000.0,29544130000000.0,-15161928000000.0,-7178007000000.0,10991492000000.0,34564393000000.0,6328180000000.0,1948759939000000.0,0.0515154142432067,-7319926000000.0,15.230797455395034,-24.776244891963312,10.3,-12.7,-22.4,12.8,-2.5,-3.0,-9.6,7.6,5.2,-24.8,False
Private_1,Private_1,2023-Q2,48428440000000.0,36535508000000.0,5995310000000.0,-16217118000000.0,-10521924000000.0,21689398000000.0,2367764614000000.0,0.0447717699434755,42530818000000.0,15791776000000.0,5897622000000.0,44668737000000.0,21412541250000.0,-16399577000000.0,-11050969750000.0,4194351000000.0,37947489000000.0,6721248000000.0,2128544644000000.0,0.05196361145678523,-2137919000000.0,276856750000.0,182459000000.0,529045750000.0,1703271000000.0,-1411981000000.0,-725938000000.0,10.64072581637355,False,1.292965401759588,-6.5,3.3,6.5,-6.5,-3.4,0.9,2.5,5.3,-11.8,3.3,-6.5,3.3,6.5,3.3,-6.5,-3.4,0.9,2.5,5.3,-11.8,1.292965401759588,43927455000000.0,22224204000000.0,-16056685000000.0,-10028066000000.0,4381500000000.0,38339868000000.0,5587587000000.0,2270038242000000.0,0.0491683149608037,-534806000000.0,4.214339204762437,-2.406412396142512,-6.3,-2.9,6.8,-8.1,1.8,-0.7,-2.2,2.1,-10.2,-2.4,42707051000000.0,23717800000000.0,-15246477000000.0,-9531009000000.0,5788235000000.0,35437588000000.0,7269463000000.0,2009945279000000.0,0.0508178572747713,-2028402000000.0,16.34732971100513,-8.55223503023046,-0.7,-8.3,0.5,4.6,-5.4,-4.1,-4.2,8.2,-3.6,-8.5,True
Private_1,Private_1,2023-Q3,48096905000000.0,36980937000000.0,6707212000000.0,-16042516000000.0,-8689906000000.0,23364483000000.0,2455298658000000.0,0.0433669342783357,43688149000000.0,18955727000000.0,4408756000000.0,44624678750000.0,20905440750000.0,-16642237250000.0,-11298698500000.0,4221697750000.0,38221969000000.0,6402709750000.0,2217999477750000.0,0.05045208962396128,-936529750000.0,2459042250000.0,599721250000.0,2608792500000.0,187058250000.0,-1241032000000.0,304502250000.0,10.155533559252227,False,11.762690293913082,-4.5,15.4,0.9,-5.9,1.5,2.9,12.5,5.1,-11.0,11.8,-4.5,15.4,0.9,11.8,-5.9,1.5,2.9,12.5,5.1,-11.0,11.762690293913082,42530818000000.0,21689398000000.0,-16217118000000.0,-10521924000000.0,5897622000000.0,36535508000000.0,5995310000000.0,2367764614000000.0,0.0447717699434755,1675085000000.0,3.629811141320644,7.723058980244633,5.3,9.3,-6.9,2.1,3.3,0.8,8.4,1.8,0.3,7.7,45358274000000.0,23531371000000.0,-15901894000000.0,-9509657000000.0,3584648000000.0,38783219000000.0,6575055000000.0,2062424800000000.0,0.054735113169805,-166888000000.0,17.392558958176053,-0.7092149454445301,-3.5,2.9,3.5,-3.5,0.6,-0.6,3.5,8.7,-12.2,2.9,False
Private_1,Private_1,2023-Q4,51195812000000.0,39725235000000.0,7146078000000.0,-17524427000000.0,-11104977000000.0,22566408000000.0,2666294662000000.0,0.043732470351317,46871313000000.0,18241909000000.0,4324499000000.0,44207147500000.0,20863718750000.0,-16677392750000.0,-11093760750000.0,4427724750000.0,37771398500000.0,6435749000000.0,2316217942250000.0,0.04761004490109395,2664165500000.0,1702689250000.0,-847034250000.0,-11216250000.0,-103225750000.0,1953836500000.0,710329000000.0,14.05221612290114,False,8.161005573371238,12.8,-4.1,-0.5,9.4,3.4,-4.1,-0.1,7.0,2.4,8.2,12.8,-4.1,-0.5,8.2,9.4,3.4,-4.1,-0.1,7.0,2.4,8.161005573371238,43688149000000.0,23364483000000.0,-16042516000000.0,-8689906000000.0,4408756000000.0,36980937000000.0,6707212000000.0,2455298658000000.0,0.0433669342783357,-798075000000.0,8.239467322641698,-3.415761435851159,13.6,-16.7,-0.4,11.7,1.9,-6.3,-10.3,4.1,7.6,-3.5,46682168000000.0,16176790000000.0,-18393252000000.0,-15135147000000.0,3023021000000.0,39229281000000.0,7452887000000.0,2171770255000000.0,0.0531331604217609,6389618000000.0,20.44306620452071,39.49867680794521,1.2,30.3,8.1,3.1,-1.9,5.4,24.9,10.2,-7.1,39.6,False
Private_1,Private_1,2024-Q1,52732322000000.0,41557593000000.0,5993670000000.0,-16536832000000.0,-10870132000000.0,25325358000000.0,2763805479000000.0,0.043566355319718,47551263000000.0,20144299000000.0,5181059000000.0,44254433750000.0,22461123250000.0,-16460186500000.0,-10086218250000.0,4753094250000.0,37895387000000.0,6359046750000.0,2439849044000000.0,0.045259872383482974,3296829250000.0,2864234750000.0,-76645500000.0,-783913750000.0,427964750000.0,3662206000000.0,-365376750000.0,12.451112331463285,False,12.7519657771345,14.7,-3.8,1.9,16.3,-1.6,-0.3,-3.5,6.2,10.1,12.8,14.7,-3.8,1.9,12.8,16.3,-1.6,-0.3,-3.5,6.2,10.1,12.7519657771345,46871313000000.0,22566408000000.0,-17524427000000.0,-11104977000000.0,4324499000000.0,39725235000000.0,7146078000000.0,2666294662000000.0,0.043732470351317,2758950000000.0,3.5914924022761223,12.225915617585217,3.0,5.4,3.8,8.1,-5.1,4.4,1.0,1.8,6.3,12.2,43927455000000.0,22224204000000.0,-16056685000000.0,-10028066000000.0,4381500000000.0,38339868000000.0,5587587000000.0,2270038242000000.0,0.0491683149608037,3101154000000.0,19.617900926884975,13.953948586865023,16.3,-5.9,3.6,14.5,1.8,-2.2,-3.8,9.8,4.7,14.0,False
Private_1,Private_1,2024-Q2,59492371000000.0,45645351000000.0,7256866000000.0,-18237240000000.0,-13016850000000.0,28238281000000.0,2956966926000000.0,0.0461303195977284,52902217000000.0,21648127000000.0,6590154000000.0,45160385750000.0,23236411750000.0,-16580223250000.0,-10296734750000.0,4952984000000.0,38699818250000.0,6460567500000.0,2563290853250000.0,0.04385938247321155,7741831250000.0,5001869250000.0,-1657016750000.0,-2720115250000.0,1637170000000.0,6945532750000.0,796298500000.0,14.262959756328122,False,21.52599680111969,33.3,-18.8,7.0,29.9,3.4,-7.1,-11.7,7.1,22.8,21.5,33.3,-18.8,7.0,21.5,29.9,3.4,-7.1,-11.7,7.1,22.8,21.52599680111969,47551263000000.0,25325358000000.0,-16536832000000.0,-10870132000000.0,5181059000000.0,41557593000000.0,5993670000000.0,2763805479000000.0,0.043566355319718,2912923000000.0,6.752984853275246,11.502001274769738,21.1,-15.2,5.6,16.1,5.0,-6.7,-8.5,3.4,12.7,11.5,42530818000000.0,21689398000000.0,-16217118000000.0,-10521924000000.0,5897622000000.0,36535508000000.0,5995310000000.0,2367764614000000.0,0.0447717699434755,6548883000000.0,22.130780024263906,30.19393622635354,47.8,-20.8,3.2,42.0,5.8,-9.3,-11.5,11.1,30.9,30.2,False
Private_1,Private_1,2024-Q3,54895005000000.0,44747578000000.0,5485528000000.0,-17158973000000.0,-10431260000000.0,27304772000000.0,3044056805000000.0,0.0434258700116427,50233106000000.0,22642873000000.0,4661899000000.0,47753235500000.0,24873632500000.0,-17085253750000.0,-10920466250000.0,5126117000000.0,40977279000000.0,6775956500000.0,2710591431250000.0,0.04419901988677477,2479870500000.0,2431139500000.0,-73719250000.0,489206250000.0,-464218000000.0,3770299000000.0,-1290428500000.0,11.58942684452601,False,9.773962447985834,10.0,1.7,-1.9,15.2,-5.2,-0.3,2.0,5.8,9.4,9.8,10.0,1.7,-1.9,9.8,15.2,-5.2,-0.3,2.0,5.8,9.4,9.773962447985834,52902217000000.0,28238281000000.0,-18237240000000.0,-13016850000000.0,6590154000000.0,45645351000000.0,7256866000000.0,2956966926000000.0,0.0461303195977284,-933509000000.0,2.9025007366697246,-3.3058279999409317,-9.5,13.0,-6.8,-3.2,-6.3,3.8,9.2,1.5,-4.7,-3.3,43688149000000.0,23364483000000.0,-16042516000000.0,-8689906000000.0,4408756000000.0,36980937000000.0,6707212000000.0,2455298658000000.0,0.0433669342783357,3940289000000.0,21.41189639263004,16.864439071902424,28.0,-12.2,1.1,33.2,-5.2,-4.8,-7.5,10.7,22.5,16.9,False
Private_1,Private_1,2024-Q4,59730854000000.0,46116467000000.0,6017966000000.0,-19668664000000.0,-10823969000000.0,29238221000000.0,3221259454000000.0,0.0424054786271632,52134433000000.0,21641800000000.0,7596421000000.0,49389474750000.0,25858704750000.0,-17364368000000.0,-11355804750000.0,5189402750000.0,42918939250000.0,6470535500000.0,2857780968000000.0,0.04421375382010152,2744958250000.0,3379516250000.0,-2304296000000.0,531835750000.0,2407018250000.0,3197527750000.0,-452569500000.0,11.958416485752396,False,13.069162909252057,10.6,-6.8,9.3,12.4,-1.8,-8.9,2.1,6.0,6.4,13.1,10.6,-6.8,9.3,13.1,12.4,-1.8,-8.9,2.1,6.0,6.4,13.069162909252057,50233106000000.0,27304772000000.0,-17158973000000.0,-10431260000000.0,4661899000000.0,44747578000000.0,5485528000000.0,3044056805000000.0,0.0434258700116427,1933449000000.0,5.65662264041187,7.0809930220256,7.0,-10.6,10.7,5.0,1.9,-9.2,-1.4,2.8,2.2,7.1,46871313000000.0,22566408000000.0,-17524427000000.0,-11104977000000.0,4324499000000.0,39725235000000.0,7146078000000.0,2666294662000000.0,0.043732470351317,6671813000000.0,18.852133876504993,29.565241397744824,23.3,-8.2,14.5,28.3,-5.0,-9.5,1.2,9.4,18.9,29.6,False
Private_1,Private_1,2025-Q1,58211051000000.0,46575379000000.0,5832475000000.0,-17727813000000.0,-11575165000000.0,28908073000000.0,3354331558000000.0,0.0405705769680068,52407854000000.0,23104876000000.0,5803197000000.0,50705254750000.0,27526658000000.0,-17900427250000.0,-11285552750000.0,6007383250000.0,44516747250000.0,6188507500000.0,2996522166000000.0,0.043882005889063075,1702599250000.0,1381415000000.0,172614250000.0,-289612250000.0,-204186250000.0,2058631750000.0,-356032500000.0,11.268072216742492,False,5.018462466457061,6.2,-0.4,-0.7,7.5,-1.3,0.6,-1.1,5.6,1.9,5.1,6.2,-0.4,-0.7,5.1,7.5,-1.3,0.6,-1.1,5.6,1.9,5.018462466457061,52134433000000.0,29238221000000.0,-19668664000000.0,-10823969000000.0,7596421000000.0,46116467000000.0,6017966000000.0,3221259454000000.0,0.0424054786271632,-330148000000.0,4.0474568371771475,-1.1291658271548053,0.9,4.1,-5.6,1.6,-0.6,5.6,-2.6,2.0,-0.4,-0.6,47551263000000.0,25325358000000.0,-16536832000000.0,-10870132000000.0,5181059000000.0,41557593000000.0,5993670000000.0,2763805479000000.0,0.043566355319718,3582715000000.0,19.304114158566207,14.14674967279831,19.2,-7.5,2.5,19.8,-0.6,-4.7,-2.8,9.7,10.1,14.2,False
Private_1,Private_1,2025-Q2,63585264000000.0,48256684000000.0,6869666000000.0,-19127567000000.0,-13091005000000.0,31366692000000.0,3641036947000000.0,0.0397548160264558,55126350000000.0,22907778000000.0,8458914000000.0,51919402500000.0,28422336750000.0,-18198172500000.0,-11461811000000.0,6162917750000.0,45771193750000.0,6148208750000.0,3144153685750000.0,0.04313306130113528,3206947500000.0,2944355250000.0,-929394500000.0,-1629194000000.0,2295996250000.0,2485490250000.0,721457250000.0,14.64611057062124,False,10.359300418886212,11.3,-9.0,8.1,8.7,2.5,-3.3,-5.7,7.3,1.4,10.4,11.3,-9.0,8.1,10.4,8.7,2.5,-3.3,-5.7,7.3,1.4,10.359300418886212,52407854000000.0,28908073000000.0,-17727813000000.0,-11575165000000.0,5803197000000.0,46575379000000.0,5832475000000.0,3354331558000000.0,0.0405705769680068,2458619000000.0,8.197006027490184,8.504956383637193,9.4,-10.1,9.2,5.8,3.6,-4.8,-5.2,4.1,1.7,8.5,52902217000000.0,28238281000000.0,-18237240000000.0,-13016850000000.0,6590154000000.0,45645351000000.0,7256866000000.0,2956966926000000.0,0.0461303195977284,3128411000000.0,20.735665942825978,11.078617002217664,7.9,-3.4,6.6,9.3,-1.4,-3.2,-0.3,10.4,-1.1,11.1,False
Private_2,Private_2,2018-Q1,9283452000000.0,7193163000000.0,509325000000.0,-4631930000000.0,-770545000000.0,3880977000000.0,716384243000000.0,0.011722365219875,7702488000000.0,2300013000000.0,1580964000000.0,,,,,,,,,,,,,,,,,,False,0.0,,,,,,,,,,,,,,,,,,,,,0.0,,,,,,,,,,,,0.0,,,,,,,,,,,,,,,,,,,,,,0.0,,,,,,,,,,,False
Private_2,Private_2,2018-Q2,9622036000000.0,7811255000000.0,695741000000.0,-5030198000000.0,-1480124000000.0,3111714000000.0,744635027000000.0,0.0283915069243488,8506996000000.0,1996674000000.0,1115040000000.0,,,,,,,,,,,,,,,,,,False,0.0,,,,,,,,,,,,,,,,,,,,,0.0,7702488000000.0,3880977000000.0,-4631930000000.0,-770545000000.0,1580964000000.0,7193163000000.0,509325000000.0,716384243000000.0,0.011722365219875,-769263000000.0,3.867270552838088,-19.821374875450175,20.7,-28.5,-12.0,15.9,4.8,-10.3,-18.3,1.9,14.0,-19.8,,,,,,,,,,,,0.0,,,,,,,,,,,False
Private_2,Private_2,2018-Q3,9473528000000.0,7952736000000.0,790971000000.0,-5200172000000.0,-1360371000000.0,2912985000000.0,736229268000000.0,0.0284823731127786,8743707000000.0,2183164000000.0,729821000000.0,,,,,,,,,,,,,,,,,,False,0.0,,,,,,,,,,,,,,,,,,,,,0.0,8506996000000.0,3111714000000.0,-5030198000000.0,-1480124000000.0,1115040000000.0,7811255000000.0,695741000000.0,744635027000000.0,0.0283915069243488,-198729000000.0,-1.1352504113146977,-6.386480248506128,7.6,-1.6,-12.4,4.5,3.1,-5.5,3.9,-0.6,5.1,-6.4,,,,,,,,,,,,0.0,,,,,,,,,,,False
Private_2,Private_2,2018-Q4,13465450000000.0,10482848000000.0,1265960000000.0,-7191555000000.0,-2180150000000.0,4093745000000.0,785642656000000.0,0.0361931595372894,11748808000000.0,2377103000000.0,1716642000000.0,,,,,,,,,,,,,,,,,,False,0.0,,,,,,,,,,,,,,,,,,,,,0.0,8743707000000.0,2912985000000.0,-5200172000000.0,-1360371000000.0,729821000000.0,7952736000000.0,790971000000.0,736229268000000.0,0.0284823731127786,1180760000000.0,6.4937643202096424,40.534365951077675,103.2,-96.5,33.9,86.9,16.3,-68.4,-28.1,3.2,83.7,40.6,,,,,,,,,,,,0.0,,,,,,,,,,,False
Private_2,Private_2,2019-Q1,10812396000000.0,8887614000000.0,1004028000000.0,-5607173000000.0,-762420000000.0,4442803000000.0,815122475000000.0,0.0296028467324409,9891642000000.0,3522049000000.0,920754000000.0,9175499750000.0,3499855250000.0,-5513463750000.0,-1447797500000.0,1285616750000.0,8360000500000.0,815499250000.0,745722798500000.0,0.02619735119857295,716142250000.0,942947750000.0,-93709250000.0,685377500000.0,-364862750000.0,527613500000.0,188528750000.0,8.892576051997764,False,26.94247854964859,20.4,16.9,-10.4,15.1,5.4,-2.7,19.6,4.4,10.7,26.9,20.4,16.9,-10.4,26.9,15.1,5.4,-2.7,19.6,4.4,10.7,26.94247854964859,11748808000000.0,4093745000000.0,-7191555000000.0,-2180150000000.0,1716642000000.0,10482848000000.0,1265960000000.0,785642656000000.0,0.0361931595372894,349058000000.0,3.683216035769585,8.526618047777768,-42.6,42.6,-19.4,-39.0,-6.4,38.7,34.6,1.8,-40.8,-19.4,7702488000000.0,3880977000000.0,-4631930000000.0,-770545000000.0,1580964000000.0,7193163000000.0,509325000000.0,716384243000000.0,0.011722365219875,561826000000.0,12.894260382865653,14.476406327581948,56.4,-24.9,-17.0,43.7,12.8,-25.1,0.2,6.4,37.3,14.5,False
Private_2,Private_2,2019-Q2,12419449000000.0,9950023000000.0,1301629000000.0,-5901067000000.0,-1227114000000.0,5291268000000.0,871849851000000.0,0.0322133632386613,11251652000000.0,4123471000000.0,1167797000000.0,9722788250000.0,3640311750000.0,-5757274500000.0,-1445766250000.0,1120564250000.0,8783613250000.0,939175000000.0,770407356500000.0,0.030667471576714424,1528863750000.0,1650956250000.0,-143792500000.0,218652250000.0,47232750000.0,1166409750000.0,362454000000.0,12.35403249097934,False,45.352056729756725,42.0,2.0,1.3,32.1,10.0,-3.9,6.0,6.2,25.9,45.3,42.0,2.0,1.3,45.3,32.1,10.0,-3.9,6.0,6.2,25.9,45.352056729756725,9891642000000.0,4442803000000.0,-5607173000000.0,-762420000000.0,920754000000.0,8887614000000.0,1004028000000.0,815122475000000.0,0.0296028467324409,848465000000.0,6.7253475502478395,19.097515689982203,30.6,-17.1,5.6,23.9,6.7,-6.6,-10.5,3.4,20.5,19.1,8506996000000.0,3111714000000.0,-5030198000000.0,-1480124000000.0,1115040000000.0,7811255000000.0,695741000000.0,744635027000000.0,0.0283915069243488,2179554000000.0,15.739686245304918,70.04351942370025,88.2,-19.8,1.7,68.7,19.5,-28.0,8.1,7.9,60.8,70.1,False
Private_2,Private_2,2019-Q3,13875786000000.0,10978313000000.0,1313198000000.0,-6216590000000.0,-2484446000000.0,5174750000000.0,909126290000000.0,0.0341238945954231,12291511000000.0,3590475000000.0,1584275000000.0,10408952250000.0,4185200250000.0,-5974991750000.0,-1382513750000.0,1133753500000.0,9318305250000.0,1090647000000.0,802211062500000.0,0.031622935655292554,1882558750000.0,989549750000.0,-241598250000.0,-1101932250000.0,450521500000.0,1660007750000.0,222551000000.0,12.494932965006967,False,23.644023962772152,45.0,-32.1,10.8,39.7,5.3,-5.8,-26.3,6.2,33.5,23.7,45.0,-32.1,10.8,23.7,39.7,5.3,-5.8,-26.3,6.2,33.5,23.644023962772152,11251652000000.0,5291268000000.0,-5901067000000.0,-1227114000000.0,1167797000000.0,9950023000000.0,1301629000000.0,871849851000000.0,0.0322133632386613,-116518000000.0,4.186068318587318,-2.202080862281026,11.0,-11.0,7.9,11.0,0.2,-6.0,-11.0,2.1,8.9,7.9,8743707000000.0,2912985000000.0,-5200172000000.0,-1360371000000.0,729821000000.0,7952736000000.0,790971000000.0,736229268000000.0,0.0284823731127786,2261765000000.0,21.016371951867196,77.64423778357938,121.8,-73.5,29.3,103.9,17.9,-34.9,-38.6,10.5,93.4,77.6,False
Private_2,Private_2,2019-Q4,16019551000000.0,11928091000000.0,1839808000000.0,-7394358000000.0,-2990637000000.0,5634556000000.0,953743840000000.0,0.0356577475313305,13767899000000.0,3382904000000.0,2251652000000.0,11295903250000.0,4750641500000.0,-6229096250000.0,-1663532500000.0,1347367000000.0,10074699500000.0,1221203750000.0,845435318000000.0,0.03303331602595368,2471995750000.0,883914500000.0,-1165261750000.0,-1327104500000.0,904285000000.0,1853391500000.0,618604250000.0,12.039770638561388,False,18.60621349769289,52.0,-52.5,19.0,39.0,13.0,-24.5,-27.9,6.0,33.0,18.5,52.0,-52.5,19.0,18.5,39.0,13.0,-24.5,-27.9,6.0,33.0,18.60621349769289,12291511000000.0,5174750000000.0,-6216590000000.0,-2484446000000.0,1584275000000.0,10978313000000.0,1313198000000.0,909126290000000.0,0.0341238945954231,459806000000.0,4.790194365293731,8.885569351176386,28.5,-32.5,12.9,18.4,10.2,-22.8,-9.8,2.4,16.0,8.9,11748808000000.0,4093745000000.0,-7191555000000.0,-2180150000000.0,1716642000000.0,10482848000000.0,1265960000000.0,785642656000000.0,0.0361931595372894,1540811000000.0,19.328790281697117,37.63817726800277,49.3,-24.8,13.1,35.3,14.0,-5.0,-19.8,9.7,25.6,37.6,False
Private_2,Private_2,2020-Q1,13500491000000.0,11282341000000.0,1131280000000.0,-7255517000000.0,-779224000000.0,5465750000000.0,989009806000000.0,0.0327556188850907,12413621000000.0,4378880000000.0,1086870000000.0,11800676000000.0,5135844250000.0,-6279797000000.0,-1866154250000.0,1481119500000.0,10436010250000.0,1364665750000.0,887460614000000.0,0.03289946302446395,612945000000.0,329905750000.0,-975720000000.0,1086930250000.0,-394249500000.0,846330750000.0,-233385750000.0,10.823425823040685,False,6.423593355659102,11.9,2.2,-7.7,16.5,-4.5,-19.0,21.2,5.4,11.1,6.4,11.9,2.2,-7.7,6.4,16.5,-4.5,-19.0,21.2,5.4,11.1,6.423593355659102,13767899000000.0,5634556000000.0,-7394358000000.0,-2990637000000.0,2251652000000.0,11928091000000.0,1839808000000.0,953743840000000.0,0.0356577475313305,-168806000000.0,3.630513428463796,-2.995905977329891,-15.0,15.0,-15.0,-11.5,-12.6,2.5,15.0,1.8,-13.3,-15.0,9891642000000.0,4442803000000.0,-5607173000000.0,-762420000000.0,920754000000.0,8887614000000.0,1004028000000.0,815122475000000.0,0.0296028467324409,1022947000000.0,19.27656112927786,23.02481113837368,56.8,-37.5,3.7,53.9,2.9,-37.1,-0.4,9.6,44.3,23.0,False
Private_2,Private_2,2020-Q2,15346922000000.0,12121411000000.0,1483202000000.0,-6425795000000.0,-2898239000000.0,6022888000000.0,1012001356000000.0,0.0343146485566012,13604613000000.0,4280579000000.0,1742309000000.0,12431170750000.0,5391581000000.0,-6691883000000.0,-1870355250000.0,1522648500000.0,11034692000000.0,1396478750000.0,930932446750000.0,0.0336876560626264,1173442250000.0,631307000000.0,266088000000.0,-1027883750000.0,219660500000.0,1086719000000.0,86723250000.0,8.344999622247167,False,11.709125764780312,21.8,-14.1,4.1,20.2,1.6,4.9,-19.1,4.2,16.0,11.8,21.8,-14.1,4.1,11.8,20.2,1.6,4.9,-19.1,4.2,16.0,11.709125764780312,12413621000000.0,5465750000000.0,-7255517000000.0,-779224000000.0,1086870000000.0,11282341000000.0,1131280000000.0,989009806000000.0,0.0327556188850907,557138000000.0,2.297993178310916,10.193258015825824,21.8,-23.6,12.0,15.4,6.4,15.2,-38.8,1.1,14.3,10.2,11251652000000.0,5291268000000.0,-5901067000000.0,-1227114000000.0,1167797000000.0,9950023000000.0,1301629000000.0,871849851000000.0,0.0322133632386613,731620000000.0,14.879254208530494,13.826931465198891,44.5,-41.5,10.9,41.0,3.4,-9.9,-31.6,7.4,33.6,13.9,False
Private_2,Private_2,2020-Q3,16740019000000.0,13456740000000.0,1979720000000.0,-6993153000000.0,-2687400000000.0,7059466000000.0,1049886686000000.0,0.0365071470947583,15436460000000.0,5755907000000.0,1303559000000.0,13019411000000.0,5574486000000.0,-6823065000000.0,-2288136500000.0,1666276500000.0,11577539000000.0,1441872000000.0,965970323000000.0,0.03421297739211138,2417049000000.0,1484980000000.0,-170088000000.0,-399263500000.0,-362717500000.0,1879201000000.0,537848000000.0,8.32562653257119,False,26.638868588063545,43.4,-10.2,-6.5,33.7,9.6,-3.1,-7.2,4.2,29.5,26.7,43.4,-10.2,-6.5,26.7,33.7,9.6,-3.1,-7.2,4.2,29.5,26.638868588063545,13604613000000.0,6022888000000.0,-6425795000000.0,-2898239000000.0,1742309000000.0,12121411000000.0,1483202000000.0,1012001356000000.0,0.0343146485566012,1036578000000.0,3.6748193139770873,17.210647118126722,30.4,-5.9,-7.3,22.2,8.2,-9.4,3.5,1.8,20.4,17.2,12291511000000.0,5174750000000.0,-6216590000000.0,-2484446000000.0,1584275000000.0,10978313000000.0,1313198000000.0,909126290000000.0,0.0341238945954231,1884716000000.0,14.370542484859989,36.421392337794096,60.8,-18.9,-5.4,47.9,12.9,-15.0,-3.9,7.2,40.7,36.5,False
Private_2,Private_2,2020-Q4,24358903040423.0,17163400548343.0,2825782876003.0,-9834372507343.0,-5454382476317.0,9070148056763.0,1219439035166154.0,,19989183424346.0,4700428440686.0,4369719616077.0,13805648250000.0,6045665000000.0,-7017205750000.0,-2338875000000.0,1596097500000.0,12197145750000.0,1608502500000.0,1001160422000000.0,0.03480879051694517,6183535174346.0,3024483056763.0,-2817166757343.0,-3115507476317.0,2773622116077.0,4966254798343.0,1217280376003.0,19.659431372167678,False,50.02730149227587,102.3,-98.2,45.9,82.1,20.1,-46.6,-51.5,9.8,72.3,50.0,102.3,-98.2,45.9,50.0,82.1,20.1,-46.6,-51.5,9.8,72.3,50.02730149227587,15436460000000.0,7059466000000.0,-6993153000000.0,-2687400000000.0,1303559000000.0,13456740000000.0,1979720000000.0,1049886686000000.0,0.0365071470947583,2010682056763.0,14.94297161352624,28.482070127726374,64.5,-79.4,43.4,52.5,12.0,-40.2,-39.2,7.5,45.0,28.5,13767899000000.0,5634556000000.0,-7394358000000.0,-2990637000000.0,2251652000000.0,11928091000000.0,1839808000000.0,953743840000000.0,0.0356577475313305,3435592056763.0,24.452170887444517,60.97360744596379,110.4,-87.0,37.6,92.9,17.5,-43.3,-43.7,12.2,80.7,61.0,False
Private_2,Private_2,2021-Q1,20596527505752.0,16285387076608.0,1874768454281.0,-7768484868351.0,-2085929579621.0,10742113057780.0,1270175622931401.0,0.0356380890656593,18160155530889.0,8305741082917.0,2436371974863.0,15360969356086.5,6904563014190.75,-7627209376835.75,-2954811369079.25,2125614404019.25,13505973137085.75,1854996219000.75,1067584220791538.5,,2799186174802.5,3837550043589.25,-141275491515.25,868881789458.25,310757570843.75,2779413939522.25,19772235280.25,17.332097023039868,False,55.579911946665476,40.5,10.6,4.5,40.2,0.3,-2.1,12.6,8.7,31.5,55.6,40.5,10.6,4.5,55.6,40.2,0.3,-2.1,12.6,8.7,31.5,55.579911946665476,19989183424346.0,9070148056763.0,-9834372507343.0,-5454382476317.0,4369719616077.0,17163400548343.0,2825782876003.0,1219439035166154.0,,1671965001017.0,4.075858695659953,18.433712333618722,-20.2,59.9,-21.3,-9.7,-10.5,22.8,37.1,2.0,-11.7,18.4,12413621000000.0,5465750000000.0,-7255517000000.0,-779224000000.0,1086870000000.0,11282341000000.0,1131280000000.0,989009806000000.0,0.0327556188850907,5276363057780.0,24.890902121690203,96.53502369812011,105.1,-33.3,24.7,91.5,13.6,-9.4,-23.9,12.4,79.1,96.5,False
Private_2,Private_2,2021-Q2,25642470473267.0,19695133895140.0,4468923987303.0,-9082771095770.0,-4589203261551.0,11970496115946.0,1323594279508061.0,0.0415455615784642,24164057882443.0,10492083525122.0,1478412590824.0,16797602988808.75,8223653778635.75,-7755451343923.5,-3281487763984.5,2462989897735.0,14756734656237.75,2040868332571.0,1137875675024388.8,,7366454893634.25,3746842337310.25,-1327319751846.5,-1307715497566.5,-984577306911.0,4938399238902.25,2428055654732.0,15.090056585228481,False,45.56177142384302,89.6,-32.0,-12.0,60.1,29.5,-16.1,-15.9,7.5,52.6,45.6,89.6,-32.0,-12.0,45.6,60.1,29.5,-16.1,-15.9,7.5,52.6,45.56177142384302,18160155530889.0,10742113057780.0,-7768484868351.0,-2085929579621.0,2436371974863.0,16285387076608.0,1874768454281.0,1270175622931401.0,0.0356380890656593,1228383058166.0,4.118997334838323,11.435208804438535,55.9,-35.5,-8.9,31.7,24.2,-12.2,-23.3,2.1,29.6,11.5,13604613000000.0,6022888000000.0,-6425795000000.0,-2898239000000.0,1742309000000.0,12121411000000.0,1483202000000.0,1012001356000000.0,0.0343146485566012,5947608115946.0,26.68209503142699,98.75010320540578,175.3,-72.2,-4.3,125.7,49.6,-44.1,-28.0,13.3,112.4,98.8,False
Private_2,Private_2,2021-Q3,22615466808230.0,18045784097120.0,1848982900553.0,-7707441059408.0,-5082658960064.0,9825366788758.0,1348512052542911.0,0.0367600761646829,19894766997673.0,7104666978201.0,2720699810557.0,19437464209419.5,9710555807622.25,-8419695367866.0,-3704228829372.25,2397015795441.0,16650165380022.75,2787298829396.75,1215773905901404.0,,457302788253.5,114810981135.75,712254308458.0,-1378430130691.75,323684015116.0,1395618717097.25,-938315928843.75,10.352834964009688,False,1.1823317162301845,4.7,-5.9,3.3,5.9,-5.9,5.9,-5.9,5.2,0.7,2.1,4.7,-5.9,3.3,2.1,5.9,-5.9,5.9,-5.9,5.2,0.7,1.1823317162301845,24164057882443.0,11970496115946.0,-9082771095770.0,-4589203261551.0,1478412590824.0,19695133895140.0,4468923987303.0,1323594279508061.0,0.0415455615784642,-2145129327188.0,1.8650285533902682,-17.920137197408675,-35.7,7.4,10.4,-13.8,-21.9,11.5,-4.1,0.9,-14.7,-17.9,15436460000000.0,7059466000000.0,-6993153000000.0,-2687400000000.0,1303559000000.0,13456740000000.0,1979720000000.0,1049886686000000.0,0.0365071470947583,2765900788758.0,24.90206167506022,39.180028471813586,63.2,-44.0,20.1,65.0,-1.8,-10.1,-33.9,12.5,52.5,39.3,True
Private_2,Private_2,2021-Q4,28762606255842.0,21702348458118.0,3553499384145.0,-10019368541642.0,-7487358714415.0,11255878999785.0,1435613745038455.0,0.0415610487492951,25255847842263.0,7749120586206.0,3506758413579.0,20552040958837.75,10402031004811.75,-8598267382718.0,-4303043569388.25,2751300998080.25,17797426404302.75,2754614554535.0,1290430247537131.8,,4703806883425.25,853847994973.25,-1421101158924.0,-3184315145026.75,755457415498.75,3904922053815.25,798884829610.0,10.651588741541385,False,8.208473850715103,41.0,-41.0,7.3,37.5,7.7,-13.7,-30.6,5.3,32.2,7.3,41.0,-41.0,7.3,7.3,37.5,7.7,-13.7,-30.6,5.3,32.2,8.208473850715103,19894766997673.0,9825366788758.0,-7707441059408.0,-5082658960064.0,2720699810557.0,18045784097120.0,1848982900553.0,1348512052542911.0,0.0367600761646829,1430512211027.0,6.25702276608415,14.559377189498566,54.6,-48.0,8.0,37.2,17.4,-23.5,-24.5,3.1,34.1,14.6,19989183424346.0,9070148056763.0,-9834372507343.0,-5454382476317.0,4369719616077.0,17163400548343.0,2825782876003.0,1219439035166154.0,,2185730943022.0,16.284023540627445,24.098073475131944,58.1,-24.5,-9.5,50.1,8.0,-2.0,-22.4,8.1,42.0,24.1,True
Private_2,Private_2,2022-Q1,26910175531674.0,22368073669562.0,2705843518989.0,-8949606318366.0,-3369423210793.0,14591146002515.0,1507532631739467.0,0.0405041828806316,25073917188551.0,12754887659392.0,1836258343123.0,21868707063317.0,10948463740567.25,-8644516391292.75,-4811287628912.75,2535560697455.75,18932163381746.5,2936543681570.5,1344473925005207.0,0.03887619388952537,3205210125234.0,3642682261947.75,-305089927073.25,1441864418119.75,-699302354332.75,3435910287815.5,-230700162581.5,11.434665628565583,False,33.27117254314457,29.3,10.4,-6.4,31.4,-2.1,-2.8,13.2,5.7,25.7,33.3,29.3,10.4,-6.4,33.3,31.4,-2.1,-2.8,13.2,5.7,25.7,33.27117254314457,25255847842263.0,11255878999785.0,-10019368541642.0,-7487358714415.0,3506758413579.0,21702348458118.0,3553499384145.0,1435613745038455.0,0.0415610487492951,3335267002730.0,4.887210997622678,29.63133312639295,-1.6,46.1,-14.8,5.9,-7.5,9.5,36.6,2.4,3.5,29.7,18160155530889.0,10742113057780.0,-7768484868351.0,-2085929579621.0,2436371974863.0,16285387076608.0,1874768454281.0,1270175622931401.0,0.0356380890656593,3849032944735.0,17.09013237145674,35.83124590135764,64.4,-22.9,-5.6,56.6,7.7,-11.0,-11.9,8.5,48.1,35.9,False
Private_2,Private_2,2022-Q2,29803506813228.0,23702988820679.0,3546551846572.0,-10217518543696.0,-3719405977967.0,15866582291565.0,1554697460407510.0,0.0421515477176324,27249540667251.0,13312616145588.0,2553966145977.0,23597147477732.5,11910721976751.0,-8939796753796.5,-5132161036705.75,2385532289520.75,20452835029985.0,3144312447747.5,1403813177207223.5,0.040092717343268455,3652393189518.5,3955860314814.0,-1277721789899.5,1412755058738.75,168433856456.25,3250153790694.0,402239398824.5,10.200016270479614,False,33.21259888809089,30.7,1.1,1.4,27.3,3.4,-10.7,11.9,5.1,22.2,33.2,30.7,1.1,1.4,33.2,27.3,3.4,-10.7,11.9,5.1,22.2,33.21259888809089,25073917188551.0,14591146002515.0,-8949606318366.0,-3369423210793.0,1836258343123.0,22368073669562.0,2705843518989.0,1507532631739467.0,0.0405041828806316,1275436289050.0,3.0804235637939934,8.741165970309389,14.9,-11.1,4.9,9.2,5.8,-8.7,-2.4,1.5,7.7,8.7,24164057882443.0,11970496115946.0,-9082771095770.0,-4589203261551.0,1478412590824.0,19695133895140.0,4468923987303.0,1323594279508061.0,0.0415455615784642,3896086175619.0,16.05835695489492,32.54740770876647,25.8,-2.2,9.0,33.5,-7.7,-9.5,7.3,8.0,25.5,32.6,False
Private_2,Private_2,2022-Q3,29153062738501.0,24530888806020.0,3333969316019.0,-9955714198267.0,-3388180589734.0,15809167950500.0,1586102577463935.0,0.0429907357995731,27864858122039.0,14520963334038.0,1288204616462.0,24368518173934.5,12884743520655.75,-9223483615778.0,-4914711715809.75,2654420678309.0,21454798761369.75,2913719412564.75,1461588972432085.8,0.0402442138780605,3496339948104.5,2924424429844.25,-732230582489.0,1526531126075.75,-1366216061847.0,3076090044650.25,420249903454.25,8.171010943420264,False,22.696799708554973,27.1,6.2,-10.6,23.9,3.3,-5.7,11.8,4.1,19.8,22.7,27.1,6.2,-10.6,22.7,23.9,3.3,-5.7,11.8,4.1,19.8,22.696799708554973,27249540667251.0,15866582291565.0,-10217518543696.0,-3719405977967.0,2553966145977.0,23702988820679.0,3546551846572.0,1554697460407510.0,0.0421515477176324,-57414341065.0,1.9998163956791464,-0.36185701501401873,1.8,1.8,-1.8,1.8,-1.3,1.7,1.8,1.0,0.8,1.8,19894766997673.0,9825366788758.0,-7707441059408.0,-5082658960064.0,2720699810557.0,18045784097120.0,1848982900553.0,1348512052542911.0,0.0367600761646829,5983801161742.0,16.19228109146786,60.901555029869755,81.1,-5.7,-14.6,66.0,15.1,-22.9,17.2,8.1,57.9,60.8,False
Private_2,Private_2,2022-Q4,29776931414862.0,24049091744916.0,4434656624885.0,-12265106297476.0,-5867349713891.0,11644475403495.0,1648885172762625.0,0.0410893606709076,28483748369801.0,10351292358434.0,1293183045061.0,26361040955026.0,14380693811091.25,-9785551900492.75,-4491092123227.25,2296296879785.25,23076074938594.75,3284966016431.25,1520986603662341.8,0.04180187878678305,2122707414775.0,-2736218407596.25,-2479554396983.25,-1376257590663.75,-1003113834724.25,973016806321.25,1149690608453.75,8.06963676269135,False,-19.02702639761313,14.8,-26.8,-7.0,6.8,8.0,-17.2,-9.6,4.0,2.8,-19.0,14.8,-26.8,-7.0,-19.0,6.8,8.0,-17.2,-9.6,4.0,2.8,-19.02702639761313,27864858122039.0,15809167950500.0,-9955714198267.0,-3388180589734.0,1288204616462.0,24530888806020.0,3333969316019.0,1586102577463935.0,0.0429907357995731,-4164692547005.0,3.8814734488124767,-26.34352775582527,3.9,-30.3,0.0,-3.1,7.0,-14.6,-15.7,1.9,-5.0,-26.4,25255847842263.0,11255878999785.0,-10019368541642.0,-7487358714415.0,3506758413579.0,21702348458118.0,3553499384145.0,1435613745038455.0,0.0415610487492951,388596403710.0,13.828594751215531,3.45238611500197,17.3,-5.6,-17.3,17.3,7.8,-17.3,14.4,6.9,10.4,-5.6,False
Private_2,Private_2,2023-Q1,30209506943574.0,25644797975173.0,2979147066615.0,-10066485325447.0,-4375297655267.0,15767723962860.0,1729899145977339.0,0.0418713174710882,28623945041788.0,14182162061074.0,1585561901786.0,27168016086910.5,14477842912018.75,-10346986339451.25,-4086089873096.25,1742903037655.75,23662760760294.25,3505255326616.25,1574304460593384.2,0.04168395676718618,1455928954877.5,1289881050841.25,280501014004.25,-289207782170.75,-157341135869.75,1982037214878.75,-526108260001.25,9.417984114207728,False,8.909345533583998,10.1,-0.1,-1.1,13.7,-3.6,1.9,-2.0,4.7,9.0,8.9,10.1,-0.1,-1.1,8.9,13.7,-3.6,1.9,-2.0,4.7,9.0,8.909345533583998,28483748369801.0,11644475403495.0,-12265106297476.0,-5867349713891.0,1293183045061.0,24049091744916.0,4434656624885.0,1648885172762625.0,0.0410893606709076,4123248559365.0,4.7954510008455475,35.40948317970115,1.2,31.7,2.5,13.7,-12.5,18.9,12.8,2.4,11.3,35.4,25073917188551.0,14591146002515.0,-8949606318366.0,-3369423210793.0,1836258343123.0,22368073669562.0,2705843518989.0,1507532631739467.0,0.0405041828806316,1176577960345.0,13.737216998264943,8.063643254218684,24.3,-14.5,-1.7,22.5,1.9,-7.7,-6.9,6.9,15.6,8.1,False
Private_2,Private_2,2023-Q2,31040420323850.0,23765830397088.0,3755685120881.0,-10724195681334.0,-5530327641266.0,14785897001250.0,1756188331074974.0,0.0370987735843987,27521515517969.0,11266992195369.0,3518904805881.0,28055523050219.75,14771987402105.0,-10626206091221.5,-4337558484214.75,1680228927321.5,24481941836697.0,3573581213522.75,1629896089152852.2,0.042025740414800325,-534007532250.75,13909599145.0,-97989590112.5,-1192769157051.25,1838675878559.5,-716111439609.0,182103907358.25,7.4594857214826575,True,0.09416200248734229,0.1,0.1,-0.1,0.1,-0.1,0.0,0.1,3.7,-3.6,0.1,0.1,0.1,-0.1,0.1,0.1,-0.1,0.0,0.1,3.7,-3.6,0.09416200248734229,28623945041788.0,15767723962860.0,-10066485325447.0,-4375297655267.0,1585561901786.0,25644797975173.0,2979147066615.0,1729899145977339.0,0.0418713174710882,-981826961610.0,1.508234390025348,-6.226814750959866,-7.0,-11.5,12.3,-11.9,4.9,-4.2,-7.3,0.8,-12.7,-6.2,27249540667251.0,15866582291565.0,-10217518543696.0,-3719405977967.0,2553966145977.0,23702988820679.0,3546551846572.0,1554697460407510.0,0.0421515477176324,-1080685290315.0,12.171417762933123,-6.811077965350575,1.7,-14.6,6.1,0.4,1.3,-3.2,-11.4,6.1,-5.7,-6.8,True
Private_2,Private_2,2023-Q3,30903481273158.0,24778188255645.0,2417290944772.0,-10891038919155.0,-5604209017884.0,14408233336119.0,1810142678495940.8,0.037566746296756,27195479200417.0,10700231263378.0,3708002072741.0,28123516762899.25,14501816079526.25,-10752875375631.0,-4790288900039.5,1921463592297.5,24497652230799.25,3625864532100.0,1680268806819718.2,0.0407625468814919,-928037562482.25,-93582743407.25,-138163543524.0,-813920117844.5,1786538480443.5,280536024845.75,-1208573587328.0,7.44175133634579,False,-0.6453174064134676,-3.2,-3.2,3.2,1.9,-3.2,-1.0,-3.2,3.7,-1.8,-3.2,-3.2,-3.2,3.2,-3.2,1.9,-3.2,-1.0,-3.2,3.7,-1.8,-0.6453174064134676,27521515517969.0,14785897001250.0,-10724195681334.0,-5530327641266.0,3518904805881.0,23765830397088.0,3755685120881.0,1756188331074974.0,0.0370987735843987,-377663665131.0,3.025762178337916,-2.554215446645356,-2.2,-1.6,1.3,6.8,-9.1,-1.1,-0.5,1.5,5.3,-2.5,27864858122039.0,15809167950500.0,-9955714198267.0,-3388180589734.0,1288204616462.0,24530888806020.0,3333969316019.0,1586102577463935.0,0.0429907357995731,-1400934614381.0,13.193399424782449,-8.861532869835141,-4.2,-19.9,15.3,1.6,-5.8,-5.9,-14.0,6.6,-5.0,-8.8,True
Private_2,Private_2,2023-Q4,38339879458801.0,30140823215580.0,5372642811677.0,-12676371112624.0,-11256227531397.0,14407280814780.0,1962799814236704.0,0.0431177018700143,35513466027257.0,11580867383236.0,2826413431544.0,27956172032493.75,14151582425931.0,-10986706555853.0,-5344296007077.0,2526412956367.25,24559477093205.5,3396694939288.25,1736278832077719.8,0.039406549505787626,7557293994763.25,255698388849.0,-1689664556771.0,-5911931524320.0,300000475176.75,5581346122374.5,1975947872388.75,12.247427201077672,False,1.8068536871216945,9.0,-9.0,2.1,9.0,9.0,-9.0,-9.0,6.1,2.9,2.1,9.0,-9.0,2.1,2.1,9.0,9.0,-9.0,-9.0,6.1,2.9,1.8068536871216945,27195479200417.0,14408233336119.0,-10891038919155.0,-5604209017884.0,3708002072741.0,24778188255645.0,2417290944772.0,1810142678495940.8,0.037566746296756,-952521339.0,8.092205806730842,-0.0066109516467379136,0.0,-0.0,-0.0,0.0,0.0,-0.0,-0.0,4.0,-4.0,0.0,28483748369801.0,11644475403495.0,-12265106297476.0,-5867349713891.0,1293183045061.0,24049091744916.0,4434656624885.0,1648885172762625.0,0.0410893606709076,2762805411285.0,17.383279140016388,23.72631926772558,60.4,-49.8,13.2,52.3,8.1,-3.5,-46.3,8.7,43.6,23.8,True
Private_2,Private_2,2024-Q1,35055643218209.0,29204464752655.0,3001568092723.0,-11043273327344.0,-5345176916839.0,18667192974026.0,2031570167637996.0,0.0397283717056957,32206032845378.0,15817582601195.0,2849610372831.0,29713601446857.75,14842283778752.25,-11089522759640.0,-6691515461453.5,2909720552988.0,26082409960871.5,3631191485986.25,1814757492446239.5,0.0399136348055643,2492431398520.25,3824909195273.75,46249432296.0,1346338544614.5,-60110180157.0,3122054791783.5,-629623393263.25,11.273749630940607,False,25.770354834135233,16.8,9.4,-0.4,21.0,-4.3,0.3,9.1,5.6,15.4,25.8,16.8,9.4,-0.4,25.8,21.0,-4.3,0.3,9.1,5.6,15.4,25.770354834135233,35513466027257.0,14407280814780.0,-12676371112624.0,-11256227531397.0,2826413431544.0,30140823215580.0,5372642811677.0,1962799814236704.0,0.0431177018700143,4259912159246.0,3.4433642208083906,29.567773502935285,-22.9,52.4,0.1,-6.5,-16.5,11.3,41.0,1.7,-8.2,29.6,28623945041788.0,15767723962860.0,-10066485325447.0,-4375297655267.0,1585561901786.0,25644797975173.0,2979147066615.0,1729899145977339.0,0.0418713174710882,2899469011166.0,16.040062885463552,18.38863375586444,22.7,-12.3,8.0,22.6,0.1,-6.2,-6.2,8.0,14.6,18.4,False
Private_2,Private_2,2024-Q2,34937873153455.0,29170407589789.0,3274440376562.0,-11680126121909.0,-5352081111875.0,17905665919671.0,2127600862835418.0,0.0385090580365316,32444847966351.0,15412640732567.0,2493025187104.0,30609123397755.25,15567151031543.75,-11333719760114.25,-6933985276846.5,3225732670749.25,26972326655242.0,3636796742513.25,1890175247861403.8,0.03937789836421617,1835724568595.75,2338514888127.25,-346406361794.75,1581904164971.5,-732707483645.25,2198080934547.0,-362356365951.25,11.818757861688635,False,15.022112160335006,11.8,7.9,-4.7,14.1,-2.3,-2.2,10.2,5.9,8.2,15.0,11.8,7.9,-4.7,15.0,14.1,-2.3,-2.2,10.2,5.9,8.2,15.022112160335006,32206032845378.0,18667192974026.0,-11043273327344.0,-5345176916839.0,2849610372831.0,29204464752655.0,3001568092723.0,2031570167637996.0,0.0397283717056957,-761527054355.0,4.617780538180532,-4.07949419826863,1.3,-3.4,-1.9,-0.2,1.5,-3.4,-0.0,2.3,-2.5,-4.0,27521515517969.0,14785897001250.0,-10724195681334.0,-5530327641266.0,3518904805881.0,23765830397088.0,3755685120881.0,1756188331074974.0,0.0370987735843987,3119768918421.0,19.126297191557267,21.0996256646266,33.3,-5.3,-6.9,36.5,-3.2,-6.5,1.2,9.6,26.9,21.1,False
Private_2,Private_2,2024-Q3,33581889867212.0,28043757774446.0,3448788944594.0,-11804286905091.0,-5929847463488.0,15847755498633.0,2219731420230134.0,0.0352997219319907,31492546719040.0,13758412350461.0,2089343148172.0,31839956509850.75,16347093261149.0,-11572702370258.0,-6889423644498.75,2969262766055.0,28323470953417.25,3516485556433.5,1983028380801514.8,0.0397304694772494,-347409790810.75,-499337762516.0,-231584534833.0,959576181010.75,-879919617883.0,-279713178971.25,-67696611839.5,11.264171669792592,False,-3.054596646259683,-2.1,4.5,-5.4,-1.7,-0.4,-1.4,5.9,5.6,-7.3,-3.0,-2.1,4.5,-5.4,-3.0,-1.7,-0.4,-1.4,5.9,5.6,-7.3,-3.054596646259683,32444847966351.0,17905665919671.0,-11680126121909.0,-5352081111875.0,2493025187104.0,29170407589789.0,3274440376562.0,2127600862835418.0,0.0385090580365316,-2057910421038.0,4.238487025875533,-11.493068340883086,-5.3,-3.9,-2.3,-6.3,1.0,-0.7,-3.2,2.1,-8.4,-11.5,27195479200417.0,14408233336119.0,-10891038919155.0,-5604209017884.0,3708002072741.0,24778188255645.0,2417290944772.0,1810142678495940.8,0.037566746296756,1439522162514.0,20.32761975683918,9.99096925301287,29.8,-8.6,-11.2,22.7,7.2,-6.3,-2.3,10.2,12.5,10.0,False
Private_2,Private_2,2024-Q4,45413749673242.0,35552365554603.0,4622873045910.0,-14947733297812.0,-10716170828579.0,19749845546851.0,2380875045638663.0,0.0418089331172772,40175238600513.0,14511334474122.0,5238511072729.0,32914223389506.5,16706973801777.5,-11801014366742.0,-6970833255899.75,2564598034912.75,29139863333117.5,3774360056389.0,2085425566235063.0,0.03916371338605808,7261015211006.5,3042871745073.5,-3146718931070.0,-3745337572679.25,2673913037816.25,6412502221485.5,848512989521.0,13.230165413324091,False,18.213183196287535,43.5,-41.3,16.0,38.4,5.1,-18.8,-22.4,6.6,31.8,18.2,43.5,-41.3,16.0,18.2,38.4,5.1,-18.8,-22.4,6.6,31.8,18.213183196287535,31492546719040.0,15847755498633.0,-11804286905091.0,-5929847463488.0,2089343148172.0,28043757774446.0,3448788944594.0,2219731420230134.0,0.0352997219319907,3902090048218.0,7.00532099861308,24.62235140209342,54.8,-50.0,19.9,47.4,7.4,-19.8,-30.2,3.5,43.9,24.7,35513466027257.0,14407280814780.0,-12676371112624.0,-11256227531397.0,2826413431544.0,30140823215580.0,5372642811677.0,1962799814236704.0,0.0431177018700143,5342564732071.0,19.249840049674198,37.08239466388565,32.4,-12.0,16.7,37.6,-5.2,-15.8,3.7,9.6,28.0,37.1,False
Private_2,Private_2,2025-Q1,36366163238654.0,29376137883380.0,3872653803285.0,-11626427843041.0,-3953339536626.0,20786395858987.0,2510702249871204.0,0.0329036306577032,33248791686665.0,17669024306998.0,3117371551989.0,34079666532820.5,18042614984795.25,-12368854913039.0,-6835819080195.25,3167622445209.0,30492748917873.25,3586917614947.25,2189944374085552.8,0.0388365211978738,-830874846155.5,2743780874191.75,742427069998.0,2882479543569.25,-50250893220.0,-1116611034493.25,285736188337.75,13.647393707534397,False,15.207223988895016,-4.6,20.1,-0.3,-6.2,1.6,4.1,16.0,6.8,-13.0,15.2,-4.6,20.1,-0.3,15.2,-6.2,1.6,4.1,16.0,6.8,-13.0,15.207223988895016,40175238600513.0,19749845546851.0,-14947733297812.0,-10716170828579.0,5238511072729.0,35552365554603.0,4622873045910.0,2380875045638663.0,0.0418089331172772,1036550312136.0,5.308193917398116,5.248397055445692,-26.2,26.2,-10.7,-26.2,-3.8,16.8,26.2,2.7,-28.9,-10.7,32206032845378.0,18667192974026.0,-11043273327344.0,-5345176916839.0,2849610372831.0,29204464752655.0,3001568092723.0,2031570167637996.0,0.0397283717056957,2119202884961.0,21.096580662414112,11.35255251236601,5.6,4.3,1.4,0.9,4.7,-3.1,7.5,10.5,-9.6,11.3,False
Private_2,Private_2,2025-Q2,44730858669711.0,36035149847119.0,5237962791990.0,-12927364225901.0,-11728556996314.0,20074937447496.0,2682586018129536.0,0.038874481547992,41273112639109.0,16617191416894.0,3457746030602.0,34340356243142.25,18572415706035.5,-12514643541963.25,-6487859735142.0,3234562739998.5,30535667200554.5,3804689042587.75,2309727394643855.0,0.037130335935875676,6932756395966.75,1502521741460.5,-412720683937.75,-5240697261172.0,223183290603.5,5499482646564.5,1433273749402.25,14.93730832410003,False,8.090071669956341,37.3,-30.4,1.2,29.6,7.7,-2.2,-28.2,7.5,22.1,8.1,37.3,-30.4,1.2,8.1,29.6,7.7,-2.2,-28.2,7.5,22.1,8.090071669956341,33248791686665.0,20786395858987.0,-11626427843041.0,-3953339536626.0,3117371551989.0,29376137883380.0,3872653803285.0,2510702249871204.0,0.0329036306577032,-711458411491.0,6.619458015354965,-3.4227117404934866,17.1,-17.1,1.6,17.1,6.6,-6.3,-17.1,3.3,13.8,1.6,32444847966351.0,17905665919671.0,-11680126121909.0,-5352081111875.0,2493025187104.0,29170407589789.0,3274440376562.0,2127600862835418.0,0.0385090580365316,2169271527825.0,23.07540929398504,12.115000567735704,49.3,-42.6,5.4,38.3,11.0,-7.0,-35.6,11.5,26.8,12.1,False
Private_3,Private_3,2018-Q1,1246812000000.0,1083329000000.0,25352000000.0,-612344000000.0,-161459000000.0,473009000000.0,129828786000000.0,0.0219003883267727,1108681000000.0,334878000000.0,138131000000.0,,,,,,,,,,,,,,,,,,False,0.0,,,,,,,,,,,,,,,,,,,,,0.0,,,,,,,,,,,,0.0,,,,,,,,,,,,,,,,,,,,,,0.0,,,,,,,,,,,False
Private_3,Private_3,2018-Q2,2377577000000.0,1883932000000.0,78574000000.0,-1410991000000.0,-363901000000.0,602685000000.0,218019477000000.0,0.0181609741537621,1962506000000.0,187614000000.0,415071000000.0,,,,,,,,,,,,,,,,,,False,0.0,,,,,,,,,,,,,,,,,,,,,0.0,1108681000000.0,473009000000.0,-612344000000.0,-161459000000.0,138131000000.0,1083329000000.0,25352000000.0,129828786000000.0,0.0219003883267727,129676000000.0,50.70641448050009,27.41512317947439,137.1,-137.1,58.6,137.1,11.2,-137.1,-42.8,25.4,111.7,58.6,,,,,,,,,,,,0.0,,,,,,,,,,,False
Private_3,Private_3,2018-Q3,1348505000000.0,1091987000000.0,81375000000.0,-890107000000.0,-34913000000.0,423485000000.0,143451621000000.0,0.0177728839917174,1173362000000.0,248342000000.0,175143000000.0,,,,,,,,,,,,,,,,,,False,0.0,,,,,,,,,,,,,,,,,,,,,0.0,1962506000000.0,602685000000.0,-1410991000000.0,-363901000000.0,415071000000.0,1883932000000.0,78574000000.0,218019477000000.0,0.0181609741537621,-179200000000.0,-41.257990701098876,-29.733608767432408,-130.9,141.0,-39.8,-131.4,0.5,86.4,54.6,-20.6,-110.8,-29.7,,,,,,,,,,,,0.0,,,,,,,,,,,False
Private_3,Private_3,2018-Q4,2085946000000.0,1791847000000.0,188405000000.0,-1261538000000.0,-122267000000.0,702141000000.0,202282350000000.0,0.0204119714245591,1980252000000.0,596447000000.0,105694000000.0,,,,,,,,,,,,,,,,,,False,0.0,,,,,,,,,,,,,,,,,,,,,0.0,1173362000000.0,423485000000.0,-890107000000.0,-34913000000.0,175143000000.0,1091987000000.0,81375000000.0,143451621000000.0,0.0177728839917174,278656000000.0,34.03236819907408,65.8006777099543,190.6,-108.3,-16.4,165.3,25.3,-87.7,-20.6,17.0,148.3,65.9,,,,,,,,,,,,0.0,,,,,,,,,,,False
Private_3,Private_3,2019-Q1,2266532000000.0,2058287000000.0,84523000000.0,-1381929000000.0,-22718000000.0,861885000000.0,242187382000000.0,0.0246570844234574,2142810000000.0,738163000000.0,123722000000.0,1556200250000.0,550330000000.0,-1043745000000.0,-170635000000.0,208509750000.0,1462773750000.0,93426500000.0,173395558500000.0,0.019561554474202825,586609750000.0,311555000000.0,-338184000000.0,147917000000.0,-84787750000.0,595513250000.0,-8903500000.0,33.1061825671836,False,56.612396198644454,106.6,-34.6,-15.4,108.2,-1.6,-61.4,26.9,16.6,91.6,56.6,106.6,-34.6,-15.4,56.6,108.2,-1.6,-61.4,26.9,16.6,91.6,56.612396198644454,1980252000000.0,702141000000.0,-1261538000000.0,-122267000000.0,105694000000.0,1791847000000.0,188405000000.0,202282350000000.0,0.0204119714245591,159744000000.0,17.956242743656613,22.750985913085835,23.2,-3.0,2.6,37.9,-14.8,-17.2,14.2,9.0,28.9,22.8,1108681000000.0,473009000000.0,-612344000000.0,-161459000000.0,138131000000.0,1083329000000.0,25352000000.0,129828786000000.0,0.0219003883267727,388876000000.0,60.405221957987585,82.21323484331164,218.6,-133.3,-3.0,206.1,12.5,-162.7,29.4,30.2,175.9,82.3,False
Private_3,Private_3,2019-Q2,2349430000000.0,2086489000000.0,76810000000.0,-1414501000000.0,-327286000000.0,607643000000.0,257426049000000.0,0.0233880812174093,2163299000000.0,421512000000.0,186131000000.0,1814732500000.0,647549000000.0,-1236141250000.0,-135949750000.0,204907500000.0,1706513250000.0,108219250000.0,201485207500000.0,0.020250728498374,348566500000.0,-39906000000.0,-178359750000.0,-191336250000.0,-18776500000.0,379975750000.0,-31409250000.0,24.379807950951843,True,-6.162622442471535,82.1,-82.1,-6.2,82.1,-10.3,-58.5,-62.8,12.2,69.9,-6.2,82.1,-82.1,-6.2,-6.2,82.1,-10.3,-58.5,-62.8,12.2,69.9,-6.162622442471535,2142810000000.0,861885000000.0,-1381929000000.0,-22718000000.0,123722000000.0,2058287000000.0,84523000000.0,242187382000000.0,0.0246570844234574,-254242000000.0,6.100183083348694,-29.498366951507453,2.4,-39.1,7.2,3.3,-0.9,-3.8,-35.3,3.1,0.2,-29.5,1962506000000.0,602685000000.0,-1410991000000.0,-363901000000.0,415071000000.0,1883932000000.0,78574000000.0,218019477000000.0,0.0181609741537621,4958000000.0,16.5766927418726,0.822651965786439,33.3,5.5,-38.0,33.6,-0.3,-0.6,6.1,8.3,25.3,0.8,True
Private_3,Private_3,2019-Q3,2566782000000.0,2199573000000.0,128585000000.0,-1558268000000.0,-141966000000.0,866548000000.0,265520479000000.0,0.0237052022750882,2328158000000.0,627924000000.0,238624000000.0,1864930750000.0,648788500000.0,-1237018750000.0,-126796000000.0,147672500000.0,1757152500000.0,107778250000.0,211336850500000.0,0.0215575052642858,463227250000.0,217759500000.0,-321249250000.0,-15170000000.0,90951500000.0,442420500000.0,20806750000.0,22.72529964331816,False,33.56401970750098,71.4,-51.9,14.0,68.2,3.2,-49.5,-2.3,11.4,56.8,33.5,71.4,-51.9,14.0,33.5,68.2,3.2,-49.5,-2.3,11.4,56.8,33.56401970750098,2163299000000.0,607643000000.0,-1414501000000.0,-327286000000.0,186131000000.0,2086489000000.0,76810000000.0,257426049000000.0,0.0233880812174093,258905000000.0,3.0957008285175958,42.608077440207495,27.1,6.8,8.6,18.6,8.5,-23.6,30.5,1.5,17.1,42.5,1173362000000.0,423485000000.0,-890107000000.0,-34913000000.0,175143000000.0,1091987000000.0,81375000000.0,143451621000000.0,0.0177728839917174,443063000000.0,59.69544523941853,104.62306811339243,272.6,-183.1,15.0,261.6,11.2,-157.8,-25.3,29.8,231.8,104.5,False
Private_3,Private_3,2019-Q4,3276182000000.0,2476952000000.0,131474000000.0,-2103672000000.0,-427955000000.0,744555000000.0,277219100000000.0,0.02521989313161,2608426000000.0,76799000000.0,667756000000.0,2153629750000.0,759554250000.0,-1404059000000.0,-153559250000.0,163542750000.0,2034049000000.0,119580750000.0,241854065000000.0,0.0230405848351285,454796250000.0,-14999250000.0,-699613000000.0,-274395750000.0,504213250000.0,442903000000.0,11893250000.0,13.626223578712645,True,-1.974743739502478,-2.0,2.0,-2.0,-2.0,-0.1,2.0,2.0,6.8,-8.8,-2.0,-2.0,2.0,-2.0,-2.0,-2.0,-0.1,2.0,2.0,6.8,-8.8,-1.974743739502478,2328158000000.0,866548000000.0,-1558268000000.0,-141966000000.0,238624000000.0,2199573000000.0,128585000000.0,265520479000000.0,0.0237052022750882,-121993000000.0,4.310951864448419,-14.078042993579121,32.3,-70.4,49.5,32.0,0.3,-62.9,-33.0,2.2,29.8,11.4,1980252000000.0,702141000000.0,-1261538000000.0,-122267000000.0,105694000000.0,1791847000000.0,188405000000.0,202282350000000.0,0.0204119714245591,42414000000.0,31.2561098616073,6.040667045507953,6.0,-6.0,6.0,6.0,-1.4,-6.0,-6.0,15.6,-9.6,6.0,True
Private_3,Private_3,2020-Q1,3001729000000.0,2354539000000.0,116753000000.0,-1785725000000.0,-405955000000.0,810049000000.0,316736954000000.0,0.0143897198586129,2471292000000.0,279612000000.0,530437000000.0,2310673250000.0,770157750000.0,-1614592500000.0,-229981250000.0,304058250000.0,2205325250000.0,105348000000.0,260588252500000.0,0.024242565261891225,160618750000.0,39891250000.0,-171132500000.0,-175973750000.0,226378750000.0,149213750000.0,11405000000.0,19.451325134545293,True,5.17962066862276,6.1,-9.5,8.6,5.6,0.4,-6.5,-6.7,9.7,-4.1,5.2,6.1,-9.5,8.6,5.2,5.6,0.4,-6.5,-6.7,9.7,-4.1,5.17962066862276,2608426000000.0,744555000000.0,-2103672000000.0,-427955000000.0,667756000000.0,2476952000000.0,131474000000.0,277219100000000.0,0.02521989313161,65494000000.0,13.306659216238916,8.796395162210985,-18.4,44.0,-18.4,-16.4,-2.0,42.7,3.0,6.7,-23.1,7.2,2142810000000.0,861885000000.0,-1381929000000.0,-22718000000.0,123722000000.0,2058287000000.0,84523000000.0,242187382000000.0,0.0246570844234574,-51836000000.0,26.67608733358141,-6.014259442965129,30.1,-30.1,30.1,30.1,3.7,-30.1,-30.1,13.3,16.8,30.1,True
Private_3,Private_3,2020-Q2,2837868000000.0,2052659000000.0,122083000000.0,-1683306000000.0,-737567000000.0,416995000000.0,327176429000000.0,0.0175399798236855,2174742000000.0,-246131000000.0,663126000000.0,2392793750000.0,757198750000.0,-1715541500000.0,-325790500000.0,405737000000.0,2279388250000.0,113405500000.0,279225645500000.0,0.021675724120680098,-218051750000.0,-340203750000.0,32235500000.0,-411776500000.0,257389000000.0,-226729250000.0,8677500000.0,15.814848107021112,False,-44.92925404327464,-28.8,-50.1,34.0,-29.9,1.2,4.3,-54.4,7.9,-37.8,-44.9,-28.8,-50.1,34.0,-44.9,-29.9,1.2,4.3,-54.4,7.9,-37.8,-44.92925404327464,2471292000000.0,810049000000.0,-1785725000000.0,-405955000000.0,530437000000.0,2354539000000.0,116753000000.0,316736954000000.0,0.0143897198586129,-393054000000.0,3.242509093804624,-48.52224988858699,-36.6,-28.3,16.4,-37.3,0.7,12.7,-41.0,1.6,-38.9,-48.5,2163299000000.0,607643000000.0,-1414501000000.0,-327286000000.0,186131000000.0,2086489000000.0,76810000000.0,257426049000000.0,0.0233880812174093,-190648000000.0,23.86249892016366,-31.375001439990257,1.9,-111.8,78.5,-5.6,7.4,-44.2,-67.5,11.9,-17.5,-31.4,False
Private_3,Private_3,2020-Q3,3048513000000.0,2518116000000.0,133783000000.0,-1908245000000.0,-418663000000.0,721605000000.0,338219949000000.0,0.0204373337838105,2651899000000.0,324991000000.0,396614000000.0,2395654500000.0,709536750000.0,-1782742750000.0,-428360750000.0,524985750000.0,2270930750000.0,124723750000.0,296663240500000.0,0.020213698772249152,256244500000.0,12068250000.0,-125502250000.0,9697750000.0,-128371750000.0,247185250000.0,9059250000.0,13.09113524732883,True,1.7008632745238352,73.0,-33.8,-37.5,72.2,2.6,-36.7,2.8,6.5,65.7,1.7,73.0,-33.8,-37.5,1.7,72.2,2.6,-36.7,2.8,6.5,65.7,1.7008632745238352,2174742000000.0,416995000000.0,-1683306000000.0,-737567000000.0,663126000000.0,2052659000000.0,122083000000.0,327176429000000.0,0.0175399798236855,304610000000.0,3.31938085782607,73.04883751603735,114.4,22.5,-63.9,111.6,2.8,-53.9,76.5,1.7,109.9,73.0,2328158000000.0,866548000000.0,-1558268000000.0,-141966000000.0,238624000000.0,2199573000000.0,128585000000.0,265520479000000.0,0.0237052022750882,-144943000000.0,24.08302198374564,-16.72648254914904,37.4,-72.3,18.2,36.8,0.6,-40.4,-31.9,12.0,24.8,-16.7,True
Private_3,Private_3,2020-Q4,7742247000000.0,5383711000000.0,366830000000.0,-3889513000000.0,-1573852000000.0,2278882000000.0,553591173000000.0,0.0157069446723583,5750541000000.0,287176000000.0,1991706000000.0,2476589750000.0,673301000000.0,-1870237000000.0,-497535000000.0,564483250000.0,2350566500000.0,126023250000.0,314838108000000.0,0.019396731649429726,3273951250000.0,1605581000000.0,-2019276000000.0,-1076317000000.0,1427222750000.0,3033144500000.0,240806750000.0,54.98503337544649,False,238.4640747600256,486.2,-459.8,212.0,450.5,35.8,-300.0,-159.8,27.5,423.0,238.4,486.2,-459.8,212.0,238.4,450.5,35.8,-300.0,-159.8,27.5,423.0,238.4640747600256,2651899000000.0,721605000000.0,-1908245000000.0,-418663000000.0,396614000000.0,2518116000000.0,133783000000.0,338219949000000.0,0.0204373337838105,1557277000000.0,48.299739415001376,215.8074015562531,429.5,-434.6,221.0,397.1,32.4,-274.5,-160.1,24.1,373.0,215.9,2608426000000.0,744555000000.0,-2103672000000.0,-427955000000.0,667756000000.0,2476952000000.0,131474000000.0,277219100000000.0,0.02521989313161,1534327000000.0,66.53073077732634,206.0730234838259,422.0,-393.8,177.8,390.3,31.5,-239.9,-153.9,33.3,357.0,206.0,False
Private_3,Private_3,2021-Q1,6895949000000.0,5625143000000.0,336614000000.0,-3181801000000.0,-583300000000.0,3130848000000.0,565512230000000.0,0.0260782665017581,5961757000000.0,2196656000000.0,934192000000.0,3262118500000.0,1056882750000.0,-2316697250000.0,-784009250000.0,895470750000.0,3077256250000.0,184862250000.0,383931126250000.0,0.0170184945346168,2699638500000.0,2073965250000.0,-865103750000.0,200709250000.0,38721250000.0,2547886750000.0,151751750000.0,38.25001303230721,False,196.2341849178634,255.5,-62.8,3.7,241.2,14.3,-81.8,19.0,19.1,222.1,196.4,255.5,-62.8,3.7,196.4,241.2,14.3,-81.8,19.0,19.1,222.1,196.2341849178634,5750541000000.0,2278882000000.0,-3889513000000.0,-1573852000000.0,1991706000000.0,5383711000000.0,366830000000.0,553591173000000.0,0.0157069446723583,851966000000.0,2.130465686735116,37.38526172044011,9.3,74.5,-46.4,10.6,-1.3,31.1,43.5,1.1,9.5,37.4,2471292000000.0,810049000000.0,-1785725000000.0,-405955000000.0,530437000000.0,2354539000000.0,116753000000.0,316736954000000.0,0.0143897198586129,2320799000000.0,56.39569421239612,286.5010635159108,430.9,-194.2,49.9,403.7,27.2,-172.5,-21.8,28.2,375.5,286.6,False
Private_3,Private_3,2021-Q2,8191735280616.0,5825706984952.0,771779174793.0,-3465465640670.0,-1239323769336.0,3486945870610.0,627843361889328.0,,6597486159745.0,1892696749739.0,1594249120871.0,4134734750000.0,1637082500000.0,-2665716250000.0,-828345500000.0,996409500000.0,3894907250000.0,239827500000.0,446124945250000.0,0.0199406311954031,2462751409745.0,1849863370610.0,-799749390670.0,-410978269336.0,597839620871.0,1930799734952.0,531951674793.0,33.840554778261875,False,112.99756552342353,150.4,-73.9,36.5,118.0,32.5,-48.8,-25.1,16.9,101.1,113.0,150.4,-73.9,36.5,113.0,118.0,32.5,-48.8,-25.1,16.9,101.1,112.99756552342353,5961757000000.0,3130848000000.0,-3181801000000.0,-583300000000.0,934192000000.0,5625143000000.0,336614000000.0,565512230000000.0,0.0260782665017581,356097870610.0,10.44636356723229,11.373847296642953,20.3,-30.0,21.1,6.4,13.9,-9.1,-21.0,5.2,1.2,11.4,2174742000000.0,416995000000.0,-1683306000000.0,-737567000000.0,663126000000.0,2052659000000.0,122083000000.0,327176429000000.0,0.0175399798236855,3069950870610.0,62.96559207623178,736.2080769817384,1060.9,-547.7,223.1,904.8,156.1,-427.7,-120.0,31.5,873.3,736.3,False
Private_3,Private_3,2021-Q3,7126893048598.0,5905942832027.0,579982151782.0,-3354935102540.0,-1112420397455.0,2659537548603.0,629428637874972.0,0.0241871224046219,6485924983809.0,2018569483814.0,640968064789.0,5240420789936.25,2404570217652.5,-3111256160167.5,-953784692334.0,1229190280217.75,4838169246238.0,402251543698.25,521291678472332.0,,1245504193872.75,254967330950.5,-243678942372.5,-158635705121.0,-588222215428.75,1067773585789.0,177730608083.75,18.79465546343977,False,10.60344709747823,51.8,-16.7,-24.5,44.4,7.4,-10.1,-6.6,9.4,35.0,10.6,51.8,-16.7,-24.5,10.6,44.4,7.4,-10.1,-6.6,9.4,35.0,10.60344709747823,6597486159745.0,3486945870610.0,-3465465640670.0,-1239323769336.0,1594249120871.0,5825706984952.0,771779174793.0,627843361889328.0,,-827408322007.0,0.2521770922984351,-23.728740069666028,-3.2,6.8,-27.3,2.3,-5.5,3.2,3.6,0.1,2.2,-23.7,2651899000000.0,721605000000.0,-1908245000000.0,-418663000000.0,396614000000.0,2518116000000.0,133783000000.0,338219949000000.0,0.0204373337838105,1937932548603.0,60.18893487261373,268.5586364566487,531.2,-296.8,33.8,469.4,61.8,-200.6,-96.1,30.1,439.3,268.2,False
Private_3,Private_3,2021-Q4,9680007345065.0,6858745931119.0,801235970053.0,-4436437872954.0,-3013079773722.0,2230489698389.0,676055251509641.0,0.0265433574438425,7659981901172.0,210464254496.0,2020025443893.0,6198927285888.5,2889053354803.25,-3472928685802.5,-1127224041697.75,1290278796415.0,5685125954244.75,513801331643.75,594093850691075.0,,1461054615283.5,-658563656414.25,-963509187151.5,-1885855732024.25,729746647478.0,1173619976874.25,287434638409.25,12.9057920328497,False,-22.795136521772523,50.6,-98.6,25.3,40.6,9.9,-33.3,-65.3,6.5,34.1,-22.7,50.6,-98.6,25.3,-22.7,40.6,9.9,-33.3,-65.3,6.5,34.1,-22.795136521772523,6485924983809.0,2659537548603.0,-3354935102540.0,-1112420397455.0,640968064789.0,5905942832027.0,579982151782.0,629428637874972.0,0.0241871224046219,-429047850214.0,7.143192499548675,-16.13242311391204,44.1,-80.7,51.8,35.8,8.3,-40.7,-71.5,3.6,32.2,15.2,5750541000000.0,2278882000000.0,-3889513000000.0,-1573852000000.0,1991706000000.0,5383711000000.0,366830000000.0,553591173000000.0,0.0157069446723583,-48392301611.0,19.918584085417447,-2.1235106342057204,-18.7,18.7,-2.1,-18.7,-18.7,18.7,18.7,10.0,-28.7,-2.1,False
Private_3,Private_3,2022-Q1,8481973078867.0,6474516733599.0,640013896847.0,-3581622138376.0,-978338049368.0,3922012891123.0,710134698842396.0,0.0237514770192937,7114530630446.0,2554570442702.0,1367442448421.0,6676287511181.5,2876955279400.5,-3609659904041.0,-1487030985128.25,1297358657388.25,6053884687024.5,622402824157.0,624709870318485.2,,438243119264.5,1045057611722.5,28037765665.0,508692935760.25,70083791032.75,420632046574.5,17611072690.0,12.799217301773355,False,36.325125357536635,15.2,18.7,2.4,14.6,0.6,1.0,17.7,6.4,8.2,36.3,15.2,18.7,2.4,36.3,14.6,0.6,1.0,17.7,6.4,8.2,36.325125357536635,7659981901172.0,2230489698389.0,-4436437872954.0,-3013079773722.0,2020025443893.0,6858745931119.0,801235970053.0,676055251509641.0,0.0265433574438425,1691523192734.0,4.916995296943276,75.83640462252413,-24.4,129.5,-29.3,-17.2,-7.2,38.3,91.2,2.5,-19.7,75.8,5961757000000.0,3130848000000.0,-3181801000000.0,-583300000000.0,934192000000.0,5625143000000.0,336614000000.0,565512230000000.0,0.0260782665017581,791164891123.0,22.674372598323224,25.269987272553635,36.8,-25.4,13.8,27.1,9.7,-12.8,-12.6,11.3,15.8,25.2,False
Private_3,Private_3,2022-Q2,9965844807694.0,7371609901484.0,916403369894.0,-4133212570865.0,-1301003912673.0,4531628324156.0,738298926660295.0,0.026464466228603,8288013271378.0,2853796787840.0,1677831536316.0,6964480918793.0,3074746502181.25,-3709615188635.0,-1585790497470.25,1405671269493.5,6266228120424.25,698252798368.75,660865487529084.2,,1323532352585.0,1456881821974.75,-423597382230.0,284786584797.25,272160266822.5,1105381781059.75,218150571525.25,11.068526092563987,False,47.38217674013862,43.0,-4.5,8.9,36.0,7.1,-13.8,9.2,5.5,30.5,47.4,43.0,-4.5,8.9,47.4,36.0,7.1,-13.8,9.2,5.5,30.5,47.38217674013862,7114530630446.0,3922012891123.0,-3581622138376.0,-978338049368.0,1367442448421.0,6474516733599.0,640013896847.0,710134698842396.0,0.0237514770192937,609615433033.0,3.8889221186265086,15.543432669810711,29.9,-22.3,7.9,22.9,7.0,-14.1,-8.2,1.9,21.0,15.5,6597486159745.0,3486945870610.0,-3465465640670.0,-1239323769336.0,1594249120871.0,5825706984952.0,771779174793.0,627843361889328.0,,1044682453546.0,16.17043344558686,29.95981275049862,48.5,-20.9,2.4,44.3,4.1,-19.1,-1.8,8.1,36.2,30.0,False
Private_3,Private_3,2022-Q3,8565189852474.0,7277908012161.0,530500020967.0,-4436153127729.0,-1191912028510.0,2937124696235.0,758921038578303.0,0.0257301507395299,7808408033128.0,2180342876889.0,756781819346.0,7387112696701.25,3335917115567.75,-3876551921183.75,-1601210533304.5,1426566873354.75,6652703849557.25,734408847144.0,688479378721826.0,0.025236605774090273,421295336426.75,-398792419332.75,-559601206545.25,409298504794.5,-669785054008.75,625204162603.75,-203908826177.0,9.733541460195726,False,-11.954506227738763,12.6,-4.5,-20.1,18.7,-6.1,-16.8,12.3,4.9,13.8,-12.0,12.6,-4.5,-20.1,-12.0,18.7,-6.1,-16.8,12.3,4.9,13.8,-11.954506227738763,8288013271378.0,4531628324156.0,-4133212570865.0,-1301003912673.0,1677831536316.0,7371609901484.0,916403369894.0,738298926660295.0,0.026464466228603,-1594503627921.0,2.7547204013835933,-35.18610781518519,-10.6,-4.3,-20.3,-2.1,-8.5,-6.7,2.4,1.4,-3.5,-35.2,6485924983809.0,2659537548603.0,-3354935102540.0,-1112420397455.0,640968064789.0,5905942832027.0,579982151782.0,629428637874972.0,0.0241871224046219,277587147632.0,18.65414785619955,10.43742164038296,49.7,-43.6,4.4,51.6,-1.9,-40.7,-3.0,9.3,42.3,10.5,False
Private_3,Private_3,2022-Q4,9884946776549.0,8285338721813.0,837206692059.0,-5346216397161.0,-1722708227339.0,2816022152049.0,791168547103848.0,0.0285745096869562,9122545413872.0,2053620789372.0,762401362677.0,7717733459031.0,3405313902475.75,-4146856427481.0,-1621083441068.25,1455520311994.0,6995695144590.75,722038314440.25,720852478897658.8,0.025622362857817275,1404811954841.0,-589291750426.75,-1199359969680.0,-101624786270.75,-693118949317.0,1289643577222.25,115168377618.75,9.30093788340205,False,-17.305064005944352,41.3,-38.2,-20.4,37.9,3.4,-35.2,-3.0,4.7,33.2,-17.3,41.3,-38.2,-20.4,-17.3,37.9,3.4,-35.2,-3.0,4.7,33.2,-17.305064005944352,7808408033128.0,2937124696235.0,-4436153127729.0,-1191912028510.0,756781819346.0,7277908012161.0,530500020967.0,758921038578303.0,0.0257301507395299,-121102544186.0,4.160728363496975,-4.12316659014298,20.6,-20.6,0.2,20.6,10.4,-20.6,-18.1,2.1,18.5,0.2,7659981901172.0,2230489698389.0,-4436437872954.0,-3013079773722.0,2020025443893.0,6858745931119.0,801235970053.0,676055251509641.0,0.0265433574438425,585532453660.0,15.691307038910882,26.251296030773347,65.6,17.1,-56.4,63.9,1.6,-40.8,57.9,7.8,56.1,26.3,False
Private_3,Private_3,2023-Q1,9224942556302.0,7440451414419.0,614534309490.0,-4374357792189.0,-1031312374313.0,3819272389800.0,806221469728631.0,0.0249961946377243,8054985723909.0,2649315557407.0,1169956832393.0,8083374337206.0,3551697015890.75,-4374301058532.75,-1298490554472.5,1141114291690.0,7352343342264.25,731030994941.75,749630802796210.5,0.026130150918595697,-28388613297.0,267575373909.25,-56733656.25,267178180159.5,28842540703.0,88108072154.75,-116496685451.75,7.274555294454145,False,7.533733105951418,-0.8,7.5,0.8,2.5,-3.3,-0.0,7.5,3.6,-1.1,7.5,-0.8,7.5,0.8,7.5,2.5,-3.3,-0.0,7.5,3.6,-1.1,7.533733105951418,9122545413872.0,2816022152049.0,-5346216397161.0,-1722708227339.0,762401362677.0,8285338721813.0,837206692059.0,791168547103848.0,0.0285745096869562,1003250237751.0,1.8846897083571326,35.626503755342014,-37.9,59.1,14.5,-30.0,-7.9,34.5,24.5,0.9,-30.9,35.7,7114530630446.0,3922012891123.0,-3581622138376.0,-978338049368.0,1367442448421.0,6474516733599.0,640013896847.0,710134698842396.0,0.0237514770192937,-102740501323.0,12.673377518790268,-2.6195860180760917,13.1,-13.1,-5.0,13.1,-0.6,-13.1,-1.4,6.3,6.8,-5.0,False
Private_3,Private_3,2023-Q2,9241379683469.0,6995221468968.0,907811114982.0,-4804867171531.0,-1538067392842.0,2898445119096.0,836719315493744.0,0.0228392484702229,7903032583950.0,1560098019577.0,1338347099519.0,8318488110571.75,3526011890560.0,-4572484971986.0,-1311734135708.75,1091742887683.0,7593827012469.25,724661098102.5,773652495517769.2,0.02644133032320335,-415455526621.75,-627566771464.0,-232382199545.0,-226333257133.25,246604211836.0,-598605543501.25,183150016879.5,7.8325787305431,False,-17.798203492851243,-11.8,-13.0,7.0,-17.0,5.2,-6.6,-6.4,3.9,-20.9,-17.8,-11.8,-13.0,7.0,-17.8,-17.0,5.2,-6.6,-6.4,3.9,-20.9,-17.798203492851243,8054985723909.0,3819272389800.0,-4374357792189.0,-1031312374313.0,1169956832393.0,7440451414419.0,614534309490.0,806221469728631.0,0.0249961946377243,-920827270704.0,3.712592205322246,-24.11001826324883,-4.0,-24.5,4.4,-11.7,7.7,-11.3,-13.3,1.9,-13.6,-24.1,8288013271378.0,4531628324156.0,-4133212570865.0,-1301003912673.0,1677831536316.0,7371609901484.0,916403369894.0,738298926660295.0,0.026464466228603,-1633183205060.0,12.497682401296702,-36.0396548047478,-8.5,-20.0,-7.5,-8.3,-0.2,-14.8,-5.2,6.2,-14.5,-36.0,False
Private_3,Private_3,2023-Q3,7862614824299.0,6122604187828.0,942814798377.0,-4872857615217.0,-829405523814.0,2160351685268.0,850472826404330.0,0.0193962248562818,7065418986205.0,1363155847174.0,797195838094.0,8222242938714.75,3117716089295.0,-4740398622152.5,-1371000005751.0,1006871778483.75,7499729904340.25,722513034374.5,798257592726131.5,0.02553502588360832,-1156823952509.75,-957364404027.0,-132458993064.5,541594481937.0,-209675940389.75,-1377125716512.25,220301764002.5,6.333992879895642,False,-30.70723493117957,-37.1,13.1,-6.7,-44.2,7.1,-4.2,17.4,3.2,-47.4,-30.7,-37.1,13.1,-6.7,-30.7,-44.2,7.1,-4.2,17.4,3.2,-47.4,-30.70723493117957,7903032583950.0,2898445119096.0,-4804867171531.0,-1538067392842.0,1338347099519.0,6995221468968.0,907811114982.0,836719315493744.0,0.0228392484702229,-738093433828.0,1.6303431682787997,-25.46515126214309,-28.9,22.1,-18.7,-30.1,1.2,-2.3,24.4,0.8,-30.9,-25.5,7808408033128.0,2937124696235.0,-4436153127729.0,-1191912028510.0,756781819346.0,7277908012161.0,530500020967.0,758921038578303.0,0.0257301507395299,-776773010967.0,11.377176192605274,-26.446715454836458,-25.3,-2.5,1.4,-39.3,14.0,-14.9,12.4,5.7,-45.0,-26.4,False
Private_3,Private_3,2023-Q4,11941773577093.0,9199938557513.0,1024279852391.0,-5482578077911.0,-2826935751058.0,3632259748124.0,922716290058000.0,0.0278080897997821,10224218409904.0,1914704580935.0,1717555167189.0,8036495676984.0,2923522836553.25,-4849574744024.5,-1280373379577.0,1016975283170.75,7210903948257.0,825591728727.0,821145539682638.2,0.023951544412796302,2187722732920.0,708736911570.75,-633003333886.5,-1546562371481.0,700579884018.25,1989034609256.0,198688123664.0,11.648944732102795,False,24.24256457686271,74.8,-74.5,24.0,68.0,6.8,-21.6,-52.9,5.8,62.2,24.3,74.8,-74.5,24.0,24.3,68.0,6.8,-21.6,-52.9,5.8,62.2,24.24256457686271,7065418986205.0,2160351685268.0,-4872857615217.0,-829405523814.0,797195838094.0,6122604187828.0,942814798377.0,850472826404330.0,0.0193962248562818,1471908062856.0,8.148421731552485,68.13279860373308,146.2,-120.7,42.6,142.5,3.7,-28.2,-92.5,4.1,138.4,68.1,9122545413872.0,2816022152049.0,-5346216397161.0,-1722708227339.0,762401362677.0,8285338721813.0,837206692059.0,791168547103848.0,0.0285745096869562,816237596075.0,15.350826391811937,28.98548207375029,39.1,-44.1,33.9,32.5,6.6,-4.8,-39.2,7.7,24.8,28.9,False
Private_3,Private_3,2024-Q1,10188798102414.0,8425058731250.0,686887347815.0,-4981759494554.0,-1259380066944.0,3947658540916.0,915550873528339.0,0.0247200066643652,9111946079065.0,2870806517567.0,1076852023349.0,8311913925992.0,3127582235572.0,-4883665164212.0,-1556430260506.75,1255763734298.75,7439553907182.0,872360018810.0,854032475421176.2,0.023759939441002773,800032153073.0,820076305344.0,-98094330342.0,297050193562.75,-178911710949.75,985504824068.0,-185472670995.0,6.9528681023905605,False,26.22077514115363,25.6,6.4,-5.7,31.5,-5.9,-3.1,9.5,3.5,28.0,26.3,25.6,6.4,-5.7,26.3,31.5,-5.9,-3.1,9.5,3.5,28.0,26.22077514115363,10224218409904.0,3632259748124.0,-5482578077911.0,-2826935751058.0,1717555167189.0,9199938557513.0,1024279852391.0,922716290058000.0,0.0278080897997821,315398792792.0,-0.7795838027897687,8.683266469445035,-30.6,43.4,-17.6,-21.3,-9.3,13.8,43.2,-0.4,-20.9,-4.8,8054985723909.0,3819272389800.0,-4374357792189.0,-1031312374313.0,1169956832393.0,7440451414419.0,614534309490.0,806221469728631.0,0.0249961946377243,128386151116.0,12.699635259896944,3.3615342927327334,16.8,-16.8,-2.4,16.8,1.9,-15.9,-6.0,6.3,10.5,-2.4,False
Private_3,Private_3,2024-Q2,12503705382208.0,10774007968898.0,683445413470.0,-4949941422458.0,-2607337818191.0,4946426141559.0,974246570492066.0,0.0310839528222215,11457453382368.0,3900174141719.0,1046251999840.0,8576154014781.0,3159678773351.0,-5035515589803.25,-1613447183664.5,1232487532037.75,7685705736389.75,890448278391.25,881364826371103.2,0.023690892447663002,2881299367587.0,1786747368208.0,85574167345.25,-993890634526.5,-186235532197.75,3088302232508.25,-207002864921.25,10.010904683812065,False,56.54838660428331,91.2,-28.7,-5.9,97.7,-6.6,2.7,-31.4,5.0,92.7,56.6,91.2,-28.7,-5.9,56.6,97.7,-6.6,2.7,-31.4,5.0,92.7,56.54838660428331,9111946079065.0,3947658540916.0,-4981759494554.0,-1259380066944.0,1076852023349.0,8425058731250.0,686887347815.0,915550873528339.0,0.0247200066643652,998767600643.0,6.211850603296004,25.300253056112844,59.4,-33.3,-0.8,59.5,-0.1,0.8,-34.2,3.1,56.4,25.3,7903032583950.0,2898445119096.0,-4804867171531.0,-1538067392842.0,1338347099519.0,6995221468968.0,907811114982.0,836719315493744.0,0.0228392484702229,2047981022463.0,15.188276716041862,70.65791961939054,122.7,-41.9,-10.1,130.4,-7.8,-5.0,-36.9,7.6,122.8,70.7,False
Private_3,Private_3,2024-Q3,11495635950553.0,10311654283832.0,697515635215.0,-5739326390614.0,-2288825132644.0,3467484427295.0,1015909090557750.0,0.0283832662917988,11009169919047.0,2981018395789.0,486466031506.0,9464759214385.5,3671674028966.75,-5071784152535.0,-1880764790001.75,1159463757118.0,8630402361372.25,834356853013.25,915746640120683.8,0.025752068535662653,1544410704661.5,-204189601671.75,-667542238079.0,-408060342642.25,-672997725612.0,1681251922459.75,-136841217798.25,10.370631665497383,False,-5.561212680124854,27.8,-27.8,-18.3,27.8,-3.7,-18.2,-11.1,5.2,22.6,-18.3,27.8,-27.8,-18.3,-18.3,27.8,-3.7,-18.2,-11.1,5.2,22.6,-5.561212680124854,11457453382368.0,4946426141559.0,-4949941422458.0,-2607337818191.0,1046251999840.0,10774007968898.0,683445413470.0,974246570492066.0,0.0310839528222215,-1478941714264.0,4.186860443238579,-29.89919735863824,-9.1,-9.5,-11.3,-9.4,0.3,-16.0,6.4,2.1,-11.5,-29.9,7065418986205.0,2160351685268.0,-4872857615217.0,-829405523814.0,797195838094.0,6122604187828.0,942814798377.0,850472826404330.0,0.0193962248562818,1307132742027.0,17.72801832785666,60.50555337543781,182.5,-107.6,-14.4,193.9,-11.4,-40.1,-67.6,8.9,185.0,60.5,True
Private_3,Private_3,2024-Q4,10804027154882.0,7406070304885.0,1160177859124.0,-8353609692995.0,-2517539987685.0,-67122525798.0,1069558903116174.0,0.0190884261314081,8566248164009.0,-2304901516671.0,2237778990873.0,10450696947596.0,3998457214473.5,-5288401346384.25,-2245619692209.25,1081781305471.0,9677664885373.25,773032062222.75,957105706159038.8,0.027998828894541902,-1884448783587.0,-4065579740271.5,-3065208346610.75,-271920295475.75,1155997685402.0,-2271594580488.25,387145796901.25,11.09736622848034,False,-101.678710617561,-47.2,-83.5,28.9,-56.8,9.7,-76.7,-6.8,5.5,-62.3,-101.8,-47.2,-83.5,28.9,-101.8,-56.8,9.7,-76.7,-6.8,5.5,-62.3,-101.678710617561,11009169919047.0,3467484427295.0,-5739326390614.0,-2288825132644.0,486466031506.0,10311654283832.0,697515635215.0,1015909090557750.0,0.0283832662917988,-3534606953093.0,5.145110135582592,-101.9357700720912,-70.4,-82.0,50.5,-83.8,13.4,-75.4,-6.6,2.6,-86.4,-101.9,10224218409904.0,3632259748124.0,-5482578077911.0,-2826935751058.0,1717555167189.0,9199938557513.0,1024279852391.0,922716290058000.0,0.0278080897997821,-3699382273922.0,14.741197758349674,-101.84795500466804,-45.6,-70.5,14.4,-49.4,3.8,-79.0,8.6,7.4,-56.8,-101.7,False
Private_3,Private_3,2025-Q1,15354266024863.0,10547416952132.0,792817679624.0,-5344934493955.0,-1962279551957.0,8047051978951.0,1110281305292933.0,0.0254625211637327,11340234631756.0,4033020585844.0,4014031393107.0,10036204386122.25,3073611645993.0,-6006159250155.25,-2168270751366.0,1211837261392.0,9229197822216.25,807006563906.0,993816359423582.2,0.0258189129774484,1304030245633.75,4973440332958.0,661224756200.25,205991199409.0,2802194131715.0,1318219129915.75,-14188884282.0,11.07029847733252,False,161.81095420567414,42.4,28.2,91.1,42.9,-0.5,21.5,6.6,5.5,37.4,161.7,42.4,28.2,91.1,161.7,42.9,-0.5,21.5,6.6,5.5,37.4,161.81095420567414,8566248164009.0,-67122525798.0,-8353609692995.0,-2517539987685.0,2237778990873.0,7406070304885.0,1160177859124.0,1069558903116174.0,0.0190884261314081,8114174504749.0,3.7362740644626484,12088.60126802733,4134.3,5306.9,2647.4,4678.3,-544.0,4484.9,822.0,1.9,4676.4,12088.6,9111946079065.0,3947658540916.0,-4981759494554.0,-1259380066944.0,1076852023349.0,8425058731250.0,686887347815.0,915550873528339.0,0.0247200066643652,4099393438035.0,19.224734783105053,103.84366822880766,56.5,-27.0,74.4,53.8,2.7,-9.2,-17.8,9.6,44.2,103.9,False
Private_3,Private_3,2025-Q2,14329232767148.0,11015271510292.0,1111968105905.0,-5335291943571.0,-2557775590859.0,6436165232718.0,1180007629236290.0,0.0247087788203001,12127239616197.0,4234172081767.0,2201993150951.0,10593276524295.0,4098460005501.75,-6096953000005.5,-2343995622619.25,1946132103831.5,9759787377436.75,833489146858.25,1042498967364730.8,0.026004541602290276,1533963091902.0,2337705227216.25,761661056434.5,-213779968239.75,255861047119.5,1255484132855.25,278478959046.75,12.37419606149718,False,57.038624851239916,37.4,13.3,6.2,30.6,6.8,18.6,-5.2,6.2,24.4,56.9,37.4,13.3,6.2,56.9,30.6,6.8,18.6,-5.2,6.2,24.4,57.038624851239916,11340234631756.0,8047051978951.0,-5344934493955.0,-1962279551957.0,4014031393107.0,10547416952132.0,792817679624.0,1110281305292933.0,0.0254625211637327,-1610886746233.0,6.088867032638351,-20.018346475785936,9.8,-7.3,-22.5,5.8,4.0,0.1,-7.4,3.0,2.8,-20.0,11457453382368.0,4946426141559.0,-4949941422458.0,-2607337818191.0,1046251999840.0,10774007968898.0,683445413470.0,974246570492066.0,0.0310839528222215,1489739091159.0,19.102765009827507,30.11748378576756,13.6,-6.8,23.4,4.9,8.7,-7.8,1.0,9.6,-4.7,30.2,False
SGB,Private_3,2018-Q1,203908000000.0,158459000000.0,8766000000.0,-94158000000.0,6123000000.0,115873000000.0,13727024000000.0,0.0130516808247979,167225000000.0,79190000000.0,36683000000.0,,,,,,,,,,,,,,,,,,False,0.0,,,,,,,,,,,,,,,,,,,,,0.0,,,,,,,,,,,,0.0,,,,,,,,,,,,,,,,,,,,,,0.0,,,,,,,,,,,False
SGB,Private_3,2018-Q2,199540000000.0,168762000000.0,10425000000.0,-120104000000.0,-83726000000.0,-4290000000.0,13851908000000.0,0.0347471572540908,179187000000.0,-24643000000.0,20353000000.0,,,,,,,,,,,,,,,,,,False,0.0,,,,,,,,,,,,,,,,,,,,,0.0,167225000000.0,115873000000.0,-94158000000.0,6123000000.0,36683000000.0,158459000000.0,8766000000.0,13727024000000.0,0.0130516808247979,-120163000000.0,0.905647832918258,-103.70232927429169,10.4,-100.0,-14.1,8.9,1.5,-22.4,-77.6,0.5,8.4,-103.7,,,,,,,,,,,,0.0,,,,,,,,,,,False
SGB,Private_3,2018-Q3,200473000000.0,154449000000.0,12476000000.0,-109212000000.0,-80799000000.0,10462000000.0,13829393000000.0,0.0314652049902875,166925000000.0,-23086000000.0,33548000000.0,,,,,,,,,,,,,,,,,,False,0.0,,,,,,,,,,,,,,,,,,,,,0.0,179187000000.0,-4290000000.0,-120104000000.0,-83726000000.0,20353000000.0,168762000000.0,10425000000.0,13851908000000.0,0.0347471572540908,14752000000.0,-0.162672989972545,343.8694638694639,-285.8,322.2,307.4,-333.6,47.8,253.8,68.1,-0.1,-333.5,343.8,,,,,,,,,,,,0.0,,,,,,,,,,,False
SGB,Private_3,2018-Q4,241292000000.0,178887000000.0,11307000000.0,-125632000000.0,-185191000000.0,-69531000000.0,13671099000000.0,0.0369507269161171,190194000000.0,-120629000000.0,51098000000.0,,,,,,,,,,,,,,,,,,False,0.0,,,,,,,,,,,,,,,,,,,,,0.0,166925000000.0,10462000000.0,-109212000000.0,-80799000000.0,33548000000.0,154449000000.0,12476000000.0,13829393000000.0,0.0314652049902875,-79993000000.0,-1.1512084947425667,-764.6052380042056,222.5,-1154.6,167.4,234.0,-11.5,-156.7,-997.8,-0.6,234.6,-764.7,,,,,,,,,,,,0.0,,,,,,,,,,,False
SGB,Private_3,2019-Q1,178346000000.0,159682000000.0,10174000000.0,-112131000000.0,4315000000.0,70530000000.0,13615761000000.0,0.0336507438769605,169856000000.0,62040000000.0,8490000000.0,175882750000.0,13128500000.0,-112276500000.0,-85898250000.0,35420500000.0,165139250000.0,10743500000.0,13769856000000.0,0.029053692496323325,-6026750000.0,57401500000.0,145500000.0,90213250000.0,-26930500000.0,-5457250000.0,-569500000.0,-1.1253717599278483,False,437.22816772670143,-45.9,688.2,-205.1,-41.5,-4.4,1.3,687.3,-0.6,-40.9,437.2,-45.9,688.2,-205.1,437.2,-41.5,-4.4,1.3,687.3,-0.6,-40.9,437.22816772670143,190194000000.0,-69531000000.0,-125632000000.0,-185191000000.0,51098000000.0,178887000000.0,11307000000.0,13671099000000.0,0.0369507269161171,140061000000.0,-0.40560181713835897,201.43676921085557,-29.2,291.9,-61.2,-27.6,-1.6,19.3,272.5,-0.2,-27.4,201.5,167225000000.0,115873000000.0,-94158000000.0,6123000000.0,36683000000.0,158459000000.0,8766000000.0,13727024000000.0,0.0130516808247979,-45343000000.0,-0.813838092937497,-39.13163549748431,2.3,-17.1,-24.3,1.1,1.2,-15.5,-1.6,-0.4,1.5,-39.1,False
SGB,Private_3,2019-Q2,175181000000.0,156944000000.0,9788000000.0,-108820000000.0,-48519000000.0,17842000000.0,14181390000000.0,0.0323655185267197,166732000000.0,9393000000.0,8449000000.0,176540500000.0,1792750000.0,-116769750000.0,-86350250000.0,28372250000.0,165445000000.0,11095500000.0,13742040250000.0,0.03420345825936398,-9808500000.0,16049250000.0,7949750000.0,37831250000.0,-19923250000.0,-8501000000.0,-1307500000.0,3.146817894982655,True,895.2307906847024,-547.0,2554.1,-1111.0,-474.5,-72.5,443.1,2110.1,1.6,-476.1,896.1,-547.0,2554.1,-1111.0,896.1,-474.5,-72.5,443.1,2110.1,1.6,-476.1,895.2307906847024,169856000000.0,70530000000.0,-112131000000.0,4315000000.0,8490000000.0,159682000000.0,10174000000.0,13615761000000.0,0.0336507438769605,-52688000000.0,4.069690451370358,-74.70296327803771,-4.4,-70.2,-0.1,-3.9,-0.5,4.7,-74.9,2.0,-5.9,-74.7,179187000000.0,-4290000000.0,-120104000000.0,-83726000000.0,20353000000.0,168762000000.0,10425000000.0,13851908000000.0,0.0347471572540908,22132000000.0,2.350647433634102,515.8974358974359,-290.5,1083.9,-277.6,-275.5,-15.0,263.1,820.8,1.2,-276.7,515.8,False
SGB,Private_3,2019-Q3,254315000000.0,210271000000.0,11781000000.0,-111121000000.0,-10783000000.0,132411000000.0,14511645000000.0,0.0419304841066433,222052000000.0,100148000000.0,32263000000.0,173426750000.0,7325750000.0,-113948750000.0,-77548500000.0,25396250000.0,162490500000.0,10936250000.0,13824410750000.0,0.0336080485775212,48625250000.0,125085250000.0,2827750000.0,66765500000.0,6866750000.0,47780500000.0,844750000.0,4.8505992228646715,False,1707.4736375115176,664.2,949.4,93.9,652.3,12.0,39.3,911.8,2.4,649.9,1707.5,664.2,949.4,93.9,1707.5,652.3,12.0,39.3,911.8,2.4,649.9,1707.4736375115176,166732000000.0,17842000000.0,-108820000000.0,-48519000000.0,8449000000.0,156944000000.0,9788000000.0,14181390000000.0,0.0323655185267197,114569000000.0,2.301987224425719,642.1309270261181,310.1,198.4,133.6,298.6,10.9,-12.8,211.3,1.2,297.4,642.1,166925000000.0,10462000000.0,-109212000000.0,-80799000000.0,33548000000.0,154449000000.0,12476000000.0,13829393000000.0,0.0314652049902875,121949000000.0,4.814587242711435,1165.6375454024087,526.9,650.4,-12.8,533.9,-7.0,-18.7,669.1,2.4,531.5,1164.5,False
SGB,Private_3,2019-Q4,256805000000.0,205406000000.0,12288000000.0,-154256000000.0,-142253000000.0,-39704000000.0,14556951000000.0,0.0393180545807282,217694000000.0,-78815000000.0,39111000000.0,187208500000.0,37813000000.0,-114426000000.0,-60044500000.0,25075000000.0,176446000000.0,10762500000.0,13994973750000.0,0.03622436835661015,30485500000.0,-77517000000.0,-39830000000.0,-82208500000.0,14036000000.0,28960000000.0,1525500000.0,3.9365279568411586,False,-205.00092560759526,80.6,-322.7,37.1,76.7,4.1,-105.4,-217.5,2.0,74.7,-205.0,80.6,-322.7,37.1,-205.0,76.7,4.1,-105.4,-217.5,2.0,74.7,-205.00092560759526,222052000000.0,132411000000.0,-111121000000.0,-10783000000.0,32263000000.0,210271000000.0,11781000000.0,14511645000000.0,0.0419304841066433,-172115000000.0,0.3117178414808889,-129.9854241717078,-3.2,-131.8,5.2,-3.6,0.4,-32.6,-99.3,0.2,-3.8,-129.8,190194000000.0,-69531000000.0,-125632000000.0,-185191000000.0,51098000000.0,178887000000.0,11307000000.0,13671099000000.0,0.0369507269161171,29827000000.0,6.276395287665992,42.89741266485452,39.6,20.6,-17.2,38.1,1.4,-41.2,61.8,3.1,35.0,43.0,False
SGB,Private_3,2020-Q1,175169000000.0,152490000000.0,7680000000.0,-133408000000.0,6596000000.0,48357000000.0,14215546000000.0,0.0303651743768526,160170000000.0,33358000000.0,14999000000.0,194083500000.0,45269750000.0,-121582000000.0,-49310000000.0,22078250000.0,183075750000.0,11007750000.0,14216436750000.0,0.036816200272762924,-33913500000.0,3087250000.0,-11826000000.0,55906000000.0,-7079250000.0,-30585750000.0,-3327750000.0,-0.0062658310384631904,True,6.819675390299261,-74.9,97.4,-15.6,-67.6,-7.4,-26.1,123.5,-0.0,-67.6,6.9,-74.9,97.4,-15.6,6.9,-67.6,-7.4,-26.1,123.5,-0.0,-67.6,6.819675390299261,217694000000.0,-39704000000.0,-154256000000.0,-142253000000.0,39111000000.0,205406000000.0,12288000000.0,14556951000000.0,0.0393180545807282,88061000000.0,-2.3731343164272465,221.79377392706024,-144.8,427.4,-60.8,-133.3,-11.5,52.6,374.8,-1.2,-132.1,221.8,169856000000.0,70530000000.0,-112131000000.0,4315000000.0,8490000000.0,159682000000.0,10174000000.0,13615761000000.0,0.0336507438769605,-22173000000.0,4.310146124290893,-31.437686091025096,-13.7,-26.9,9.2,-10.2,-3.5,-30.2,3.2,2.2,-12.4,-31.4,False
SGB,Private_3,2020-Q2,201966000000.0,159067000000.0,8189000000.0,-112056000000.0,-12713000000.0,77197000000.0,14151251000000.0,0.0337107139896776,167256000000.0,42487000000.0,34710000000.0,191662000000.0,39726500000.0,-126901250000.0,-48739750000.0,23705500000.0,181277750000.0,10384250000.0,14366383000000.0,0.03599480789773595,-24406000000.0,37470500000.0,14845250000.0,36026750000.0,11004500000.0,-22210750000.0,-2195250000.0,-1.5087647172973748,True,94.3211710067587,-61.4,128.1,27.7,-55.9,-5.6,37.4,90.6,-0.8,-55.1,94.4,-61.4,128.1,27.7,94.4,-55.9,-5.6,37.4,90.6,-0.8,-55.1,94.3211710067587,160170000000.0,48357000000.0,-133408000000.0,6596000000.0,14999000000.0,152490000000.0,7680000000.0,14215546000000.0,0.0303651743768526,28840000000.0,-0.4533116657478107,59.63976259900324,14.7,4.2,40.7,13.6,1.1,44.1,-40.0,-0.2,13.8,59.6,166732000000.0,17842000000.0,-108820000000.0,-48519000000.0,8449000000.0,156944000000.0,9788000000.0,14181390000000.0,0.0323655185267197,59355000000.0,-0.21275108098817896,332.67010424840265,3.0,182.6,147.0,12.0,-9.0,-18.3,200.6,-0.1,12.1,332.6,False
SGB,Private_3,2020-Q3,184306000000.0,134623000000.0,10456000000.0,-111544000000.0,-20967000000.0,51795000000.0,14092244000000.0,0.0269053088935233,145079000000.0,12568000000.0,39227000000.0,191793000000.0,54565250000.0,-127710250000.0,-39788250000.0,30270750000.0,181808500000.0,9984500000.0,14358848250000.0,0.036331106763475424,-46714000000.0,-2770250000.0,16166250000.0,18821250000.0,8956250000.0,-47185500000.0,471500000.0,-1.8741231279090875,True,-5.076949157201699,-85.6,64.1,16.4,-86.5,0.9,29.6,34.5,-0.9,-85.6,-5.1,-85.6,64.1,16.4,-5.1,-86.5,0.9,29.6,34.5,-0.9,-85.6,-5.076949157201699,167256000000.0,77197000000.0,-112056000000.0,-12713000000.0,34710000000.0,159067000000.0,8189000000.0,14151251000000.0,0.0337107139896776,-25402000000.0,-0.417844887822842,-32.905423785898414,-28.7,-10.0,5.9,-31.7,2.9,0.7,-10.7,-0.2,-31.5,-32.8,222052000000.0,132411000000.0,-111121000000.0,-10783000000.0,32263000000.0,210271000000.0,11781000000.0,14511645000000.0,0.0419304841066433,-80616000000.0,-2.932475370744167,-60.883159254140516,-58.1,-8.0,5.2,-57.1,-1.0,-0.3,-7.7,-1.5,-55.6,-60.9,False
SGB,Private_3,2020-Q4,187706000000.0,144489000000.0,11246000000.0,-112046000000.0,-131884000000.0,-56224000000.0,15447550000000.0,0.0265166474826903,155735000000.0,-88195000000.0,31971000000.0,172549750000.0,34411250000.0,-127816000000.0,-42334250000.0,32011750000.0,162896500000.0,9653250000.0,14253998000000.0,0.032574812960195425,-16814750000.0,-90635250000.0,15770000000.0,-89549750000.0,-40750000.0,-18407500000.0,1592750000.0,8.036968308857167,False,-263.3884267499727,-49.0,-214.4,-0.0,-53.5,4.7,45.8,-260.2,4.0,-57.5,-263.4,-49.0,-214.4,-0.0,-263.4,-53.5,4.7,45.8,-260.2,4.0,-57.5,-263.3884267499727,145079000000.0,51795000000.0,-111544000000.0,-20967000000.0,39227000000.0,134623000000.0,10456000000.0,14092244000000.0,0.0269053088935233,-108019000000.0,9.176137111856637,-208.55101843807319,20.6,-215.0,-14.0,19.0,1.5,-1.0,-214.2,4.6,14.4,-208.4,217694000000.0,-39704000000.0,-154256000000.0,-142253000000.0,39111000000.0,205406000000.0,12288000000.0,14556951000000.0,0.0393180545807282,-16520000000.0,5.936436003384959,-41.607898448519045,-156.1,132.4,-18.0,-153.4,-2.6,106.3,26.1,3.0,-156.4,-41.7,False
SGB,Private_3,2021-Q1,174413000000.0,143458000000.0,7900000000.0,-119716000000.0,3953000000.0,58650000000.0,14926666000000.0,0.0264234475910267,151358000000.0,35595000000.0,23055000000.0,157060000000.0,30281250000.0,-117263500000.0,-39742000000.0,30226750000.0,147667250000.0,9392750000.0,14476647750000.0,0.029374461185685947,-5702000000.0,28368750000.0,-2452500000.0,43695000000.0,-7171750000.0,-4209250000.0,-1492750000.0,3.061003625824317,True,93.6842105263158,-18.8,136.2,-23.7,-13.9,-5.0,-8.1,144.3,1.5,-15.4,93.7,-18.8,136.2,-23.7,93.7,-13.9,-5.0,-8.1,144.3,1.5,-15.4,93.6842105263158,155735000000.0,-56224000000.0,-112046000000.0,-131884000000.0,31971000000.0,144489000000.0,11246000000.0,15447550000000.0,0.0265166474826903,114874000000.0,-3.4297774138433734,204.31488332384745,-7.8,228.0,-15.9,-1.8,-5.9,-13.7,241.5,-1.7,-0.1,204.3,160170000000.0,48357000000.0,-133408000000.0,6596000000.0,14999000000.0,152490000000.0,7680000000.0,14215546000000.0,0.0303651743768526,10293000000.0,4.880343331521986,21.28543954339599,-18.2,22.8,16.7,-18.7,0.4,28.3,-5.5,2.4,-21.1,21.3,False
SGB,Private_3,2021-Q2,243120000000.0,164672000000.0,8403000000.0,-129658000000.0,-35307000000.0,78155000000.0,15282564000000.0,0.0311309064285122,173075000000.0,8110000000.0,70045000000.0,154857000000.0,32854500000.0,-113840500000.0,-40402750000.0,32240750000.0,145409250000.0,9447750000.0,14654427750000.0,0.028389029489229476,18218000000.0,45300500000.0,-15817500000.0,5095750000.0,37804250000.0,19262750000.0,-1044750000.0,4.196388570003865,True,137.88217747949292,55.4,-32.7,115.1,58.6,-3.2,-48.1,15.4,2.1,56.5,137.8,55.4,-32.7,115.1,137.8,58.6,-3.2,-48.1,15.4,2.1,56.5,137.88217747949292,151358000000.0,58650000000.0,-119716000000.0,3953000000.0,23055000000.0,143458000000.0,7900000000.0,14926666000000.0,0.0264234475910267,19505000000.0,2.356220267779086,33.25660699062233,37.0,-83.9,80.1,36.2,0.9,-17.0,-66.9,1.2,35.0,33.2,167256000000.0,77197000000.0,-112056000000.0,-12713000000.0,34710000000.0,159067000000.0,8189000000.0,14151251000000.0,0.0337107139896776,958000000.0,7.687165255336422,1.2409808671321425,7.5,-52.1,45.8,7.3,0.3,-22.8,-29.3,3.8,3.5,1.2,False
SGB,Private_3,2021-Q3,179591000000.0,145105000000.0,4793000000.0,-110758000000.0,-11270000000.0,57563000000.0,15055769000000.0,0.0273041691356902,149898000000.0,27870000000.0,29693000000.0,156311750000.0,33094000000.0,-118241000000.0,-46051250000.0,41074500000.0,146810500000.0,9501250000.0,14937256000000.0,0.027744077598938124,-6413750000.0,24469000000.0,7483000000.0,34781250000.0,-11381500000.0,-1705500000.0,-4708250000.0,0.7902704045357213,True,73.93787393485223,-19.4,127.7,-34.4,-5.2,-14.2,22.6,105.1,0.4,-5.6,73.9,-19.4,127.7,-34.4,73.9,-5.2,-14.2,22.6,105.1,0.4,-5.6,73.93787393485223,173075000000.0,78155000000.0,-129658000000.0,-35307000000.0,70045000000.0,164672000000.0,8403000000.0,15282564000000.0,0.0311309064285122,-20592000000.0,-1.4951052188661784,-26.347642505277975,-29.7,54.9,-51.6,-25.0,-4.6,24.2,30.7,-0.7,-24.3,-26.4,145079000000.0,51795000000.0,-111544000000.0,-20967000000.0,39227000000.0,134623000000.0,10456000000.0,14092244000000.0,0.0269053088935233,5768000000.0,6.6112568290675595,11.136210058885993,9.3,20.2,-18.4,20.2,-10.9,1.5,18.7,3.3,16.9,11.1,False
SGB,Private_3,2021-Q4,286005000000.0,135936000000.0,6665000000.0,-213412000000.0,-112848000000.0,-40255000000.0,16502139000000.0,0.0244737985235261,142601000000.0,-183659000000.0,143404000000.0,157516500000.0,34536000000.0,-118044500000.0,-43627000000.0,38691000000.0,149431000000.0,8085500000.0,15178137250000.0,0.02784379265947985,-14915500000.0,-74791000000.0,-95367500000.0,-69221000000.0,104713000000.0,-13495000000.0,-1420500000.0,8.358524020130664,False,-216.55953208246467,-43.1,-476.6,303.2,-39.0,-4.1,-276.1,-200.5,4.2,-43.2,-216.5,-43.1,-476.6,303.2,-216.5,-39.0,-4.1,-276.1,-200.5,4.2,-43.2,-216.55953208246467,149898000000.0,57563000000.0,-110758000000.0,-11270000000.0,29693000000.0,145105000000.0,4793000000.0,15055769000000.0,0.0273041691356902,-97818000000.0,9.166450450391071,-169.93207442280632,-12.7,-354.8,197.5,-16.0,3.2,-178.3,-176.4,4.6,-20.6,-170.0,155735000000.0,-56224000000.0,-112046000000.0,-131884000000.0,31971000000.0,144489000000.0,11246000000.0,15447550000000.0,0.0265166474826903,15969000000.0,6.601560346956742,28.40246158224246,-23.3,-146.4,198.2,-15.2,-8.2,-180.3,33.9,3.3,-18.5,28.5,False
SGB,Private_3,2022-Q1,284159000000.0,212175000000.0,8820000000.0,-107360000000.0,-78040000000.0,98759000000.0,16662255000000.0,0.0373032349952605,220995000000.0,35595000000.0,63164000000.0,154233000000.0,38528250000.0,-143386000000.0,-38868000000.0,66549250000.0,147292750000.0,6940250000.0,15441784500000.0,0.0273330804196888,66762000000.0,60230750000.0,36026000000.0,-39172000000.0,-3385250000.0,64882250000.0,1879750000.0,7.603220772264499,False,156.3287977003887,173.2,-8.1,-8.8,168.4,4.8,93.5,-101.6,3.8,164.6,156.3,173.2,-8.1,-8.8,156.3,168.4,4.8,93.5,-101.6,3.8,164.6,156.3287977003887,142601000000.0,-40255000000.0,-213412000000.0,-112848000000.0,143404000000.0,135936000000.0,6665000000.0,16502139000000.0,0.0244737985235261,139014000000.0,0.9655897828255205,345.33349894423054,194.8,349.8,-199.3,189.2,5.5,263.5,86.3,0.5,188.7,345.3,151358000000.0,58650000000.0,-119716000000.0,3953000000.0,23055000000.0,143458000000.0,7900000000.0,14926666000000.0,0.0264234475910267,40109000000.0,10.988593120986943,68.38704177323103,118.7,-118.7,68.4,117.1,1.6,21.1,-139.8,5.5,111.6,68.4,False
SGB,Private_3,2022-Q2,285339000000.0,237180000000.0,12002000000.0,-105215000000.0,-102963000000.0,77161000000.0,18101472000000.0,0.0414312154678459,249182000000.0,41004000000.0,36157000000.0,171642250000.0,48555500000.0,-140297000000.0,-59366250000.0,76576500000.0,164472000000.0,7170250000.0,15875681750000.0,0.030053027270747247,77539750000.0,28605500000.0,35082000000.0,-43596750000.0,-40419500000.0,72708000000.0,4831750000.0,13.101687483166538,True,58.912996467959346,159.7,-17.6,-83.2,149.8,10.0,72.2,-89.8,6.6,143.2,58.9,159.7,-17.6,-83.2,58.9,149.8,10.0,72.2,-89.8,6.6,143.2,58.912996467959346,220995000000.0,98759000000.0,-107360000000.0,-78040000000.0,63164000000.0,212175000000.0,8820000000.0,16662255000000.0,0.0373032349952605,-21598000000.0,8.279992533596872,-21.869399244625807,28.5,-23.1,-27.3,25.3,3.2,2.2,-25.2,4.1,21.2,-21.9,173075000000.0,78155000000.0,-129658000000.0,-35307000000.0,70045000000.0,164672000000.0,8403000000.0,15282564000000.0,0.0311309064285122,-994000000.0,16.8877603654633,-1.271831616659203,97.4,-55.3,-43.4,92.8,4.6,31.3,-86.6,8.4,84.4,-1.3,False
SGB,Private_3,2022-Q3,236810000000.0,214248000000.0,9117000000.0,-155851000000.0,-20783000000.0,60176000000.0,18335801000000.0,0.0359419709993397,223365000000.0,46731000000.0,13445000000.0,190669000000.0,48307000000.0,-134186250000.0,-76280250000.0,68104500000.0,182599000000.0,8070000000.0,16580408750000.0,0.032628104530580675,32696000000.0,11869000000.0,-21664750000.0,55497250000.0,-54659500000.0,31649000000.0,1047000000.0,10.0548843220304,True,24.5699381042085,67.7,70.0,-113.1,65.5,2.2,-44.8,114.9,5.0,60.5,24.6,67.7,70.0,-113.1,24.6,65.5,2.2,-44.8,114.9,5.0,60.5,24.5699381042085,249182000000.0,77161000000.0,-105215000000.0,-102963000000.0,36157000000.0,237180000000.0,12002000000.0,18101472000000.0,0.0414312154678459,-16985000000.0,1.2862049253795695,-22.012415598553673,-33.5,40.9,-29.4,-29.7,-3.7,-65.6,106.5,0.6,-30.3,-22.0,149898000000.0,57563000000.0,-110758000000.0,-11270000000.0,29693000000.0,145105000000.0,4793000000.0,15055769000000.0,0.0273041691356902,2613000000.0,19.645868702789357,4.53937425082084,127.6,-94.9,-28.2,120.1,7.5,-78.3,-16.5,9.8,110.3,4.5,False
SGB,Private_3,2022-Q4,249147000000.0,211715000000.0,8266000000.0,-199575000000.0,-48662000000.0,910000000.0,18714226000000.0,0.0335672821936797,219981000000.0,-28256000000.0,29166000000.0,209035750000.0,48960250000.0,-145459500000.0,-78658500000.0,64042500000.0,199884750000.0,9151000000.0,17400416750000.0,0.03478755499649305,10945250000.0,-48050250000.0,-54115500000.0,29996500000.0,-34876500000.0,11830250000.0,-885000000.0,7.2757704352481785,True,-98.14134935993995,22.4,-49.3,-71.3,24.1,-1.8,-110.5,61.2,3.6,20.5,-98.2,22.4,-49.3,-71.3,-98.2,24.1,-1.8,-110.5,61.2,3.6,20.5,-98.14134935993995,223365000000.0,60176000000.0,-155851000000.0,-20783000000.0,13445000000.0,214248000000.0,9117000000.0,18335801000000.0,0.0359419709993397,-59266000000.0,2.042778538326031,-98.4877692103164,-5.6,-119.0,26.1,-4.2,-1.4,-72.7,-46.3,1.0,-5.2,-98.5,142601000000.0,-40255000000.0,-213412000000.0,-112848000000.0,143404000000.0,135936000000.0,6665000000.0,16502139000000.0,0.0244737985235261,41165000000.0,12.562835488557663,102.26058874673953,192.2,193.8,-283.8,188.3,4.0,34.4,159.4,6.3,182.0,102.2,False
SGB,Private_3,2023-Q1,267526000000.0,223384000000.0,9998000000.0,-130986000000.0,-31685000000.0,104855000000.0,18480850000000.0,0.0347755992001039,233382000000.0,70711000000.0,34144000000.0,228380750000.0,59251500000.0,-142000250000.0,-62612000000.0,35483000000.0,218829500000.0,9551250000.0,17953438500000.0,0.03706092591403145,5001250000.0,45603500000.0,11014250000.0,30927000000.0,-1339000000.0,4554500000.0,446750000.0,2.895138188303032,True,76.96598398352783,8.5,70.8,-2.2,7.7,0.8,18.6,52.2,1.4,6.3,77.1,8.5,70.8,-2.2,77.1,7.7,0.8,18.6,52.2,1.4,6.3,76.96598398352783,219981000000.0,910000000.0,-199575000000.0,-48662000000.0,29166000000.0,211715000000.0,8266000000.0,18714226000000.0,0.0335672821936797,103945000000.0,-1.2548757797940782,11422.527472527472,1473.5,9400.7,548.3,1279.3,194.2,7538.9,1861.9,-0.6,1279.9,11422.5,220995000000.0,98759000000.0,-107360000000.0,-78040000000.0,63164000000.0,212175000000.0,8820000000.0,16662255000000.0,0.0373032349952605,6096000000.0,10.34965464776092,6.172601990704645,12.5,23.0,-29.4,11.4,1.2,-23.9,46.9,5.2,6.2,6.1,False
SGB,Private_3,2023-Q2,265791000000.0,240574000000.0,9728000000.0,-133691000000.0,-53569000000.0,78531000000.0,19166603000000.0,0.0380933372188197,250302000000.0,63042000000.0,15489000000.0,231477500000.0,60775500000.0,-147906750000.0,-51023250000.0,28228000000.0,221631750000.0,9845750000.0,18408087250000.0,0.0364290169652423,18824500000.0,17755500000.0,14215750000.0,-2545750000.0,-12739000000.0,18942250000.0,-117750000.0,4.03737593019812,True,29.2148974504529,31.0,19.2,-20.9,31.2,-0.2,23.4,-4.2,2.0,29.2,29.3,31.0,19.2,-20.9,29.3,31.2,-0.2,23.4,-4.2,2.0,29.2,29.2148974504529,233382000000.0,104855000000.0,-130986000000.0,-31685000000.0,34144000000.0,223384000000.0,9998000000.0,18480850000000.0,0.0347755992001039,-26324000000.0,3.6430246688932715,-25.105145200514993,16.1,-23.4,-17.8,16.4,-0.3,-2.6,-20.9,1.8,14.6,-25.1,249182000000.0,77161000000.0,-105215000000.0,-102963000000.0,36157000000.0,237180000000.0,12002000000.0,18101472000000.0,0.0414312154678459,1370000000.0,5.716050533868465,1.7755083526652065,1.5,27.1,-26.8,4.4,-2.9,-36.9,64.0,2.9,1.5,1.8,False
SGB,Private_3,2023-Q3,229086000000.0,206395000000.0,8947000000.0,-148941000000.0,-15426000000.0,64719000000.0,19516140000000.0,0.0308166168298339,215342000000.0,50975000000.0,13744000000.0,231757500000.0,61118000000.0,-155025750000.0,-38674750000.0,23061000000.0,222480250000.0,9277250000.0,18674370000000.0,0.03559454740298575,-16415500000.0,3601000000.0,6084750000.0,23248750000.0,-9317000000.0,-16085250000.0,-330250000.0,4.408267917867554,True,5.891881278837658,-26.9,48.0,-15.2,-26.3,-0.5,10.0,38.0,2.2,-28.5,5.9,-26.9,48.0,-15.2,5.9,-26.3,-0.5,10.0,38.0,2.2,-28.5,5.891881278837658,250302000000.0,78531000000.0,-133691000000.0,-53569000000.0,15489000000.0,240574000000.0,9728000000.0,19166603000000.0,0.0380933372188197,-13812000000.0,1.8071986260126385,-17.587958895213355,-44.5,29.1,-2.2,-43.5,-1.0,-19.4,48.6,0.9,-44.4,-17.6,223365000000.0,60176000000.0,-155851000000.0,-20783000000.0,13445000000.0,214248000000.0,9117000000.0,18335801000000.0,0.0359419709993397,4543000000.0,6.236610164852577,7.549521403881947,-13.3,20.4,0.5,-13.1,-0.3,11.5,8.9,3.1,-16.2,7.6,False
SGB,Private_3,2023-Q4,409184000000.0,221591000000.0,10331000000.0,-156819000000.0,-168225000000.0,84140000000.0,19967377000000.0,0.0308924113267876,231922000000.0,-93122000000.0,177262000000.0,229751750000.0,62253750000.0,-153298250000.0,-37335500000.0,23135750000.0,220517000000.0,9234750000.0,18969454750000.0,0.034313208860609304,2170250000.0,21886250000.0,-3520750000.0,-130889500000.0,154126250000.0,1074000000.0,1096250000.0,5.125852336457755,True,35.156516675702264,3.5,-215.9,247.6,1.7,1.8,-5.7,-210.2,2.6,-0.9,35.2,3.5,-215.9,247.6,35.2,1.7,1.8,-5.7,-210.2,2.6,-0.9,35.156516675702264,215342000000.0,64719000000.0,-148941000000.0,-15426000000.0,13744000000.0,206395000000.0,8947000000.0,19516140000000.0,0.0308166168298339,19421000000.0,2.2856981053638155,30.008189248906813,25.6,-248.3,252.7,23.5,2.1,-12.2,-236.1,1.1,22.4,30.0,219981000000.0,910000000.0,-199575000000.0,-48662000000.0,29166000000.0,211715000000.0,8266000000.0,18714226000000.0,0.0335672821936797,83230000000.0,6.47931265930215,9146.153846153848,1307.9,-8441.9,16271.0,1088.4,228.7,4701.1,-13143.0,3.2,1085.2,9137.0,False
SGB,Private_3,2024-Q1,223863000000.0,183889000000.0,7579000000.0,-149091000000.0,-6799000000.0,67973000000.0,19739649000000.0,0.0249820244159554,191468000000.0,35578000000.0,32395000000.0,232737000000.0,83061250000.0,-142609250000.0,-67226250000.0,60159750000.0,222986000000.0,9751000000.0,19282742500000.0,0.033644491143886276,-41269000000.0,-15088250000.0,-6481750000.0,60427250000.0,-27764750000.0,-39097000000.0,-2172000000.0,2.3417657526192364,True,-18.16520940871947,-49.7,64.9,-33.4,-47.1,-2.6,-7.8,72.8,1.2,-48.3,-18.2,-49.7,64.9,-33.4,-18.2,-47.1,-2.6,-7.8,72.8,1.2,-48.3,-18.16520940871947,231922000000.0,84140000000.0,-156819000000.0,-168225000000.0,177262000000.0,221591000000.0,10331000000.0,19967377000000.0,0.0308924113267876,-16167000000.0,-1.1470413321813624,-19.214404563822203,-48.1,201.0,-172.2,-44.8,-3.3,9.2,191.9,-0.6,-44.2,-19.3,233382000000.0,104855000000.0,-130986000000.0,-31685000000.0,34144000000.0,223384000000.0,9998000000.0,18480850000000.0,0.0347755992001039,-36882000000.0,6.587035925407463,-35.174288302894475,-40.0,6.5,-1.7,-37.7,-2.3,-17.3,23.7,3.3,-41.0,-35.2,False
SGB,Private_3,2024-Q2,262401000000.0,225420000000.0,9841000000.0,-142329000000.0,-21880000000.0,98192000000.0,20319571000000.0,0.0302015943358947,235261000000.0,71052000000.0,27140000000.0,222258500000.0,73840750000.0,-147135500000.0,-61004750000.0,59722500000.0,213112250000.0,9146250000.0,19597442250000.0,0.031196097447849153,13002500000.0,24351250000.0,4806500000.0,39124750000.0,-32582500000.0,12307750000.0,694750000.0,3.618150213180091,True,32.97806428022467,17.6,59.5,-44.1,16.7,1.0,6.5,53.0,1.8,14.9,33.0,17.6,59.5,-44.1,33.0,16.7,1.0,6.5,53.0,1.8,14.9,32.97806428022467,191468000000.0,67973000000.0,-149091000000.0,-6799000000.0,32395000000.0,183889000000.0,7579000000.0,19739649000000.0,0.0249820244159554,30219000000.0,2.895323473597339,44.4573580686449,64.4,-12.2,-7.7,61.1,3.3,10.0,-22.2,1.4,59.7,44.5,250302000000.0,78531000000.0,-133691000000.0,-53569000000.0,15489000000.0,240574000000.0,9728000000.0,19166603000000.0,0.0380933372188197,19661000000.0,5.839856755936901,25.035973055226595,-19.2,29.3,14.8,-19.3,0.2,-11.0,40.4,2.9,-22.2,24.9,False
SGB,Private_3,2024-Q3,295778000000.0,242550000000.0,7802000000.0,-158901000000.0,-90057000000.0,46820000000.0,20407034000000.0,0.0325207726770671,250352000000.0,1394000000.0,45426000000.0,218498250000.0,78756000000.0,-149295000000.0,-53082500000.0,62635250000.0,209323750000.0,9174500000.0,19885684250000.0,0.029223161727117898,31853750000.0,-31936000000.0,-9606000000.0,-36974500000.0,-17209250000.0,33226250000.0,-1372500000.0,2.58781126041304,True,-40.55056122708111,40.4,-59.2,-21.9,42.2,-1.7,-12.2,-47.0,1.3,40.9,-40.7,40.4,-59.2,-21.9,-40.7,42.2,-1.7,-12.2,-47.0,1.3,40.9,-40.55056122708111,235261000000.0,98192000000.0,-142329000000.0,-21880000000.0,27140000000.0,225420000000.0,9841000000.0,20319571000000.0,0.0302015943358947,-51372000000.0,0.4295128454728795,-52.31790777252729,15.4,-86.3,18.6,17.4,-2.1,-16.9,-69.4,0.2,17.2,-52.3,215342000000.0,64719000000.0,-148941000000.0,-15426000000.0,13744000000.0,206395000000.0,8947000000.0,19516140000000.0,0.0308166168298339,-17899000000.0,4.463041941504951,-27.656484185478764,54.1,-130.7,49.0,55.9,-1.8,-15.4,-115.3,2.2,53.7,-27.6,False
SGB,Private_3,2024-Q4,118827000000.0,52419000000.0,8305000000.0,-180066000000.0,-52402000000.0,-113641000000.0,21834544000000.0,0.0068950192088712,60724000000.0,-171744000000.0,58103000000.0,227250750000.0,74281250000.0,-151785000000.0,-71740250000.0,70555750000.0,218362500000.0,8888250000.0,20108407750000.0,0.0296492006889262,-166526750000.0,-187922250000.0,-28281000000.0,19338250000.0,-12452750000.0,-165943500000.0,-583250000.0,8.230876359339684,False,-252.98746318889357,-224.1,-12.1,-16.7,-223.4,-0.8,-37.9,26.1,4.1,-227.5,-252.9,-224.1,-12.1,-16.7,-252.9,-223.4,-0.8,-37.9,26.1,4.1,-227.5,-252.98746318889357,250352000000.0,46820000000.0,-158901000000.0,-90057000000.0,45426000000.0,242550000000.0,7802000000.0,20407034000000.0,0.0325207726770671,-160461000000.0,6.758791065996634,-342.71892353695,-405.1,35.3,27.1,-406.1,1.0,-45.2,80.5,3.4,-409.5,-342.7,231922000000.0,84140000000.0,-156819000000.0,-168225000000.0,177262000000.0,221591000000.0,10331000000.0,19967377000000.0,0.0308924113267876,-197781000000.0,8.933402845290292,-235.06180175897313,-203.6,110.0,-141.5,-201.0,-2.4,-27.7,137.7,4.5,-205.5,-235.1,False
SGB,Private_3,2025-Q1,340635000000.0,217861000000.0,9159000000.0,-176290000000.0,-66181000000.0,98164000000.0,20900364000000.0,0.0277181345454098,227020000000.0,-15451000000.0,113615000000.0,184451250000.0,24836000000.0,-157596750000.0,-42784500000.0,40766000000.0,176069500000.0,8381750000.0,20575199500000.0,0.0236498526594471,42568750000.0,73328000000.0,-18693250000.0,-23396500000.0,72849000000.0,41791500000.0,777250000.0,1.5679811077190065,False,295.24883234015135,171.5,-169.5,293.2,168.3,3.2,-75.3,-94.2,0.8,167.5,295.2,171.5,-169.5,293.2,295.2,168.3,3.2,-75.3,-94.2,0.8,167.5,295.24883234015135,60724000000.0,-113641000000.0,-180066000000.0,-52402000000.0,58103000000.0,52419000000.0,8305000000.0,21834544000000.0,0.0068950192088712,211805000000.0,-4.371976183966512,186.38079566353693,146.3,-8.8,48.8,145.6,0.7,3.4,-12.1,-2.2,147.8,186.3,191468000000.0,67973000000.0,-149091000000.0,-6799000000.0,32395000000.0,183889000000.0,7579000000.0,19739649000000.0,0.0249820244159554,30191000000.0,5.71217829088785,44.41616524208141,52.3,-127.4,119.5,50.0,2.3,-40.0,-87.4,2.9,47.1,44.4,False
SGB,Private_3,2025-Q2,268557000000.0,233402000000.0,11105000000.0,-152914000000.0,-39258000000.0,76385000000.0,20260957000000.0,0.0288639214878383,244507000000.0,52335000000.0,24050000000.0,193339250000.0,32383750000.0,-164396500000.0,-57630000000.0,61071000000.0,184562500000.0,8776750000.0,20865378250000.0,0.0243338801918107,51167750000.0,44001250000.0,11482500000.0,18372000000.0,-37021000000.0,48839500000.0,2328250000.0,-2.9393392157401137,True,135.87447408036437,158.0,92.1,-114.3,150.8,7.2,35.5,56.8,-1.5,152.3,135.8,158.0,92.1,-114.3,135.8,150.8,7.2,35.5,56.8,-1.5,152.3,135.87447408036437,227020000000.0,98164000000.0,-176290000000.0,-66181000000.0,113615000000.0,217861000000.0,9159000000.0,20900364000000.0,0.0277181345454098,-21779000000.0,-3.10683420485946,-22.186341224888963,17.8,51.3,-91.2,15.8,2.0,23.8,27.4,-1.6,17.4,-22.1,235261000000.0,98192000000.0,-142329000000.0,-21880000000.0,27140000000.0,225420000000.0,9841000000.0,20319571000000.0,0.0302015943358947,-21807000000.0,-0.288877463595348,-22.20853022649503,9.4,-28.5,-3.2,8.1,1.3,-10.8,-17.7,-0.1,8.2,-22.3,False
SHB,Private_2,2018-Q1,1194525000000.0,1073024000000.0,58407000000.0,-625518000000.0,-66150000000.0,502857000000.0,202487737000000.0,0.0294243704179933,1131431000000.0,439763000000.0,63094000000.0,,,,,,,,,,,,,,,,,,False,0.0,,,,,,,,,,,,,,,,,,,,,0.0,,,,,,,,,,,,0.0,,,,,,,,,,,,,,,,,,,,,,0.0,,,,,,,,,,,False
SHB,Private_2,2018-Q2,1376854000000.0,1087560000000.0,46910000000.0,-675528000000.0,-183024000000.0,518302000000.0,208360280000000.0,0.0162185108048431,1134470000000.0,275918000000.0,242384000000.0,,,,,,,,,,,,,,,,,,False,0.0,,,,,,,,,,,,,,,,,,,,,0.0,1131431000000.0,502857000000.0,-625518000000.0,-66150000000.0,63094000000.0,1073024000000.0,58407000000.0,202487737000000.0,0.0294243704179933,15445000000.0,2.8587422876620576,3.0714497362073114,0.6,-33.2,35.7,2.9,-2.3,-9.9,-23.2,1.4,1.5,3.1,,,,,,,,,,,,0.0,,,,,,,,,,,False
SHB,Private_2,2018-Q3,1275512000000.0,1174231000000.0,61189000000.0,-696540000000.0,-230771000000.0,348201000000.0,197029864000000.0,0.0170346376582366,1235420000000.0,308109000000.0,40092000000.0,,,,,,,,,,,,,,,,,,False,0.0,,,,,,,,,,,,,,,,,,,,,0.0,1134470000000.0,518302000000.0,-675528000000.0,-183024000000.0,242384000000.0,1087560000000.0,46910000000.0,208360280000000.0,0.0162185108048431,-170101000000.0,-5.589882323335419,-32.81889709088524,19.5,-13.3,-39.0,16.7,2.8,-4.1,-9.2,-2.8,19.5,-32.8,,,,,,,,,,,,0.0,,,,,,,,,,,False
SHB,Private_2,2018-Q4,2795583000000.0,2192710000000.0,475468000000.0,-1170654000000.0,-1004092000000.0,620837000000.0,216988882000000.0,0.0305146899417758,2668178000000.0,493432000000.0,127405000000.0,,,,,,,,,,,,,,,,,,False,0.0,,,,,,,,,,,,,,,,,,,,,0.0,1235420000000.0,348201000000.0,-696540000000.0,-230771000000.0,40092000000.0,1174231000000.0,61189000000.0,197029864000000.0,0.0170346376582366,272636000000.0,9.641601107598156,78.29845405383672,391.5,-358.2,25.1,292.5,119.0,-136.2,-222.1,4.8,287.7,58.4,,,,,,,,,,,,0.0,,,,,,,,,,,False
SHB,Private_2,2019-Q1,1542759000000.0,1352782000000.0,125384000000.0,-799188000000.0,0.0,743571000000.0,226014390000000.0,0.0177663017603527,1478166000000.0,678978000000.0,64593000000.0,1542374750000.0,497549250000.0,-792060000000.0,-371009250000.0,118243750000.0,1381881250000.0,160493500000.0,206216690750000.0,0.0232980522057122,-64208750000.0,246021750000.0,-7128000000.0,371009250000.0,-53650750000.0,-29099250000.0,-35109500000.0,9.160701361710208,False,49.44671306408361,-12.9,73.1,-10.8,-5.8,-7.1,-1.4,74.6,4.6,-10.4,49.4,-12.9,73.1,-10.8,49.4,-5.8,-7.1,-1.4,74.6,4.6,-10.4,49.44671306408361,2668178000000.0,620837000000.0,-1170654000000.0,-1004092000000.0,127405000000.0,2192710000000.0,475468000000.0,216988882000000.0,0.0305146899417758,122734000000.0,4.07469134900656,19.76911814212104,-98.8,98.8,-10.1,-98.8,-56.4,59.8,98.8,2.0,-100.8,-10.1,1131431000000.0,502857000000.0,-625518000000.0,-66150000000.0,63094000000.0,1073024000000.0,58407000000.0,202487737000000.0,0.0294243704179933,240714000000.0,10.980880381954323,47.86927496286221,68.9,-21.4,0.3,55.6,13.3,-34.5,13.2,5.5,50.1,47.8,False
SHB,Private_2,2019-Q2,1957800000000.0,1717619000000.0,193052000000.0,-844993000000.0,-219154000000.0,893653000000.0,240006481000000.0,0.02201339042643,1910671000000.0,846524000000.0,47129000000.0,1629058500000.0,557727750000.0,-835477500000.0,-354471750000.0,118618500000.0,1451820750000.0,177237750000.0,212098354000000.0,0.02038353504130205,281612500000.0,335925250000.0,-9515500000.0,135317750000.0,-71489500000.0,265798250000.0,15814250000.0,12.345865312411446,False,60.23104462706043,50.5,22.5,-12.8,47.6,2.8,-1.7,24.3,6.2,41.4,60.2,50.5,22.5,-12.8,60.2,47.6,2.8,-1.7,24.3,6.2,41.4,60.23104462706043,1478166000000.0,743571000000.0,-799188000000.0,0.0,64593000000.0,1352782000000.0,125384000000.0,226014390000000.0,0.0177663017603527,150082000000.0,6.004920324695071,20.183950154053885,58.2,-35.6,-2.3,49.1,9.1,-6.2,-29.5,3.0,46.1,20.3,1134470000000.0,518302000000.0,-675528000000.0,-183024000000.0,242384000000.0,1087560000000.0,46910000000.0,208360280000000.0,0.0162185108048431,375351000000.0,14.116211883958096,72.41936168488643,149.8,-39.7,-37.7,121.6,28.2,-32.7,-7.0,7.1,114.5,72.4,False
SHB,Private_2,2019-Q3,2438134000000.0,2254814000000.0,32637000000.0,-1023122000000.0,-714181000000.0,700831000000.0,252778332000000.0,0.0281175975175961,2287451000000.0,550148000000.0,150683000000.0,1823108750000.0,651565500000.0,-877843750000.0,-363504250000.0,69804750000.0,1609335500000.0,213773250000.0,220009904250000.0,0.021832254946698777,464342250000.0,49265500000.0,-145278250000.0,-350676750000.0,80878250000.0,645478500000.0,-181136250000.0,13.861777953659903,True,7.561097080800011,23.4,-23.4,7.6,23.4,-16.9,-13.6,-23.4,6.9,16.5,7.6,23.4,-23.4,7.6,7.6,23.4,-16.9,-13.6,-23.4,6.9,16.5,7.561097080800011,1910671000000.0,893653000000.0,-844993000000.0,-219154000000.0,47129000000.0,1717619000000.0,193052000000.0,240006481000000.0,0.02201339042643,-192822000000.0,5.1835408328624775,-21.576831275674117,42.2,-75.3,11.6,60.1,-18.0,-19.9,-55.4,2.6,57.5,-21.5,1235420000000.0,348201000000.0,-696540000000.0,-230771000000.0,40092000000.0,1174231000000.0,61189000000.0,197029864000000.0,0.0170346376582366,352630000000.0,24.787662161673907,101.27196647913131,302.1,-232.6,31.8,310.3,-8.2,-93.8,-138.8,12.4,297.9,101.3,True
SHB,Private_2,2019-Q4,3382854000000.0,2481760000000.0,342633000000.0,-1285847000000.0,-1281866000000.0,815141000000.0,265204149000000.0,0.0302340104655883,2824393000000.0,256680000000.0,558461000000.0,2086116500000.0,739723000000.0,-959489250000.0,-484356750000.0,97452500000.0,1879481250000.0,206635250000.0,233947021250000.0,0.024602994911538653,738276500000.0,75418000000.0,-326357750000.0,-797509250000.0,461008500000.0,602278750000.0,135997750000.0,12.524112779038408,False,10.195438022070423,51.0,-51.0,51.0,51.0,18.4,-44.1,-51.0,6.3,44.7,51.0,51.0,-51.0,51.0,51.0,51.0,18.4,-44.1,-51.0,6.3,44.7,10.195438022070423,2287451000000.0,700831000000.0,-1023122000000.0,-714181000000.0,150683000000.0,2254814000000.0,32637000000.0,252778332000000.0,0.0281175975175961,114310000000.0,4.797775004286294,16.31063694385665,76.6,-81.6,58.2,32.4,44.2,-37.5,-81.0,2.4,30.0,53.2,2668178000000.0,620837000000.0,-1170654000000.0,-1004092000000.0,127405000000.0,2192710000000.0,475468000000.0,216988882000000.0,0.0305146899417758,194304000000.0,19.99832594013579,31.297103748649,25.2,-63.3,69.4,46.6,-21.4,-18.6,-44.8,10.0,36.6,31.3,True
SHB,Private_2,2020-Q1,1850205000000.0,1684058000000.0,111687000000.0,-1070706000000.0,0.0,779499000000.0,282159983000000.0,0.0202399014550254,1795745000000.0,725039000000.0,54460000000.0,2125170250000.0,788299000000.0,-988287500000.0,-553800250000.0,205216500000.0,1951743750000.0,173426500000.0,246000838000000.0,0.024532825042491775,-329425250000.0,-8800000000.0,-82418500000.0,553800250000.0,-150756500000.0,-267685750000.0,-61739500000.0,13.692475307629834,True,-1.1163276878443331,-1.9,1.9,-1.1,-1.9,-0.5,-0.6,1.9,6.8,-8.7,-1.1,-1.9,1.9,-1.1,-1.1,-1.9,-0.5,-0.6,1.9,6.8,-8.7,-1.1163276878443331,2824393000000.0,815141000000.0,-1285847000000.0,-1281866000000.0,558461000000.0,2481760000000.0,342633000000.0,265204149000000.0,0.0302340104655883,-35642000000.0,6.195449430727405,-4.3724950652709165,-4.4,4.4,-4.4,-4.4,-4.0,3.8,4.4,3.1,-7.5,-4.4,1478166000000.0,743571000000.0,-799188000000.0,0.0,64593000000.0,1352782000000.0,125384000000.0,226014390000000.0,0.0177663017603527,35928000000.0,22.096979298088296,4.831818346869364,-119.2,119.2,4.8,-119.2,6.5,119.2,-0.0,11.0,-130.2,4.8,True
SHB,Private_2,2020-Q2,2593437000000.0,2438038000000.0,94421000000.0,-847568000000.0,-865382000000.0,880487000000.0,287378706000000.0,0.0282918210541256,2532459000000.0,819509000000.0,60978000000.0,2204565000000.0,797281000000.0,-1056167000000.0,-553800250000.0,202683250000.0,2034562750000.0,170002250000.0,260037236250000.0,0.02515122496615995,327894000000.0,83206000000.0,208599000000.0,-311581750000.0,-141705250000.0,403475250000.0,-75581250000.0,9.98928516316881,False,10.436220103075328,41.1,-12.9,-17.8,50.6,-9.5,26.2,-39.1,5.0,45.6,10.4,41.1,-12.9,-17.8,10.4,50.6,-9.5,26.2,-39.1,5.0,45.6,10.436220103075328,1795745000000.0,779499000000.0,-1070706000000.0,0.0,54460000000.0,1684058000000.0,111687000000.0,282159983000000.0,0.0202399014550254,100988000000.0,1.832614043889826,12.955500905068511,64.8,-64.8,0.8,64.8,-2.2,28.6,-64.8,0.9,63.9,0.8,1910671000000.0,893653000000.0,-844993000000.0,-219154000000.0,47129000000.0,1717619000000.0,193052000000.0,240006481000000.0,0.02201339042643,-13166000000.0,17.96494333467125,-1.4732787782282386,-26.6,26.6,-1.5,-26.6,10.5,0.3,26.6,9.0,-35.6,-1.5,False
SHB,Private_2,2020-Q3,3161478000000.0,2530373000000.0,120247000000.0,-1157726000000.0,-1056622000000.0,947130000000.0,292207015000000.0,0.0281009534191964,2650620000000.0,436272000000.0,510858000000.0,2360012000000.0,793989500000.0,-1056810750000.0,-715357250000.0,206145500000.0,2214667500000.0,145344500000.0,271880292500000.0,0.026720832623083852,290608000000.0,153140500000.0,-100915250000.0,-341264750000.0,304712500000.0,315705500000.0,-25097500000.0,7.206941985660616,False,19.28747168570869,36.6,-55.7,38.4,39.8,-3.2,-12.7,-43.0,3.6,36.2,19.3,36.6,-55.7,38.4,19.3,39.8,-3.2,-12.7,-43.0,3.6,36.2,19.28747168570869,2532459000000.0,880487000000.0,-847568000000.0,-865382000000.0,60978000000.0,2438038000000.0,94421000000.0,287378706000000.0,0.0282918210541256,66643000000.0,1.6661242073629345,7.568879495097599,13.4,-37.8,37.8,10.5,2.9,-35.2,-21.7,0.8,9.7,13.4,2287451000000.0,700831000000.0,-1023122000000.0,-714181000000.0,150683000000.0,2254814000000.0,32637000000.0,252778332000000.0,0.0281175975175961,246299000000.0,14.469630501827051,35.14385065729113,51.8,-68.1,51.4,39.3,12.5,-19.2,-48.8,7.2,32.1,35.1,False
SHB,Private_2,2020-Q4,4629556000000.0,3312612000000.0,187672000000.0,-1212003000000.0,-2612241000000.0,805312000000.0,305637310000000.0,0.0355047083633538,3500284000000.0,-323960000000.0,1129272000000.0,2450804250000.0,855564250000.0,-1090461750000.0,-800967500000.0,296189250000.0,2283557250000.0,167247000000.0,281737463250000.0,0.026716671598483923,1049479750000.0,-50252250000.0,-121541250000.0,-1811273500000.0,833082750000.0,1029054750000.0,20425000000.0,8.137852641426834,False,-5.873579921087166,29.4,-29.4,29.4,29.4,2.4,-14.2,-29.4,4.1,25.3,29.4,29.4,-29.4,29.4,29.4,29.4,2.4,-14.2,-29.4,4.1,25.3,-5.873579921087166,2650620000000.0,947130000000.0,-1157726000000.0,-1056622000000.0,510858000000.0,2530373000000.0,120247000000.0,292207015000000.0,0.0281009534191964,-141818000000.0,4.492907079112944,-14.973446095045032,74.9,-74.9,65.3,74.9,7.1,-5.7,-74.9,2.2,72.7,65.3,2824393000000.0,815141000000.0,-1285847000000.0,-1281866000000.0,558461000000.0,2481760000000.0,342633000000.0,265204149000000.0,0.0302340104655883,-9829000000.0,14.1661613264148,-1.20580365850816,-1.2,1.2,-1.2,-1.2,0.7,-0.4,1.2,7.1,-8.3,-1.2,True
SHB,Private_2,2021-Q1,2554655000000.0,2225849000000.0,126549000000.0,-890605000000.0,0.0,1664050000000.0,310690643000000.0,0.0230845568427495,2352398000000.0,1461793000000.0,202257000000.0,2619777000000.0,853107000000.0,-1072000750000.0,-1133561250000.0,438892000000.0,2491270250000.0,128506750000.0,291845753500000.0,0.0280343460729253,-267379000000.0,810943000000.0,181395750000.0,1133561250000.0,-236635000000.0,-265421250000.0,-1957750000.0,6.2551871088504445,False,95.05759535439282,-31.4,154.2,-27.8,-31.1,-0.2,21.3,132.9,3.1,-34.2,95.0,-31.4,154.2,-27.8,95.0,-31.1,-0.2,21.3,132.9,3.1,-34.2,95.05759535439282,3500284000000.0,805312000000.0,-1212003000000.0,-2612241000000.0,1129272000000.0,3312612000000.0,187672000000.0,305637310000000.0,0.0355047083633538,858738000000.0,1.6398195069370802,106.63419891917667,-142.6,364.3,-115.2,-135.0,-7.6,39.9,324.4,0.8,-135.8,106.5,1795745000000.0,779499000000.0,-1070706000000.0,0.0,54460000000.0,1684058000000.0,111687000000.0,282159983000000.0,0.0202399014550254,884551000000.0,9.624906763613673,113.47686141996334,71.4,23.1,19.0,69.6,1.9,23.1,0.0,4.8,64.8,113.5,False
SHB,Private_2,2021-Q2,4987963000000.0,4666285000000.0,135130000000.0,-1251856000000.0,-2213951000000.0,1522156000000.0,331490641000000.0,0.0465801103322681,4801415000000.0,1335608000000.0,186548000000.0,2758940250000.0,1074244750000.0,-1026975500000.0,-1133561250000.0,475841250000.0,2626718000000.0,132222250000.0,298978418500000.0,0.028745509919856325,2042474750000.0,447911250000.0,-224880500000.0,-1080389750000.0,-289293250000.0,2039567000000.0,2907750000.0,10.313661554076628,False,41.69545627288381,190.1,-121.5,-26.9,189.9,0.3,-20.9,-100.6,5.2,184.7,41.7,190.1,-121.5,-26.9,41.7,189.9,0.3,-20.9,-100.6,5.2,184.7,41.69545627288381,2352398000000.0,1664050000000.0,-890605000000.0,0.0,202257000000.0,2225849000000.0,126549000000.0,310690643000000.0,0.0230845568427495,-141894000000.0,6.477920960399712,-8.52702743306992,42.6,-42.6,-0.9,42.6,0.5,-21.7,-42.6,3.2,39.4,-0.9,2532459000000.0,880487000000.0,-847568000000.0,-865382000000.0,60978000000.0,2438038000000.0,94421000000.0,287378706000000.0,0.0282918210541256,641669000000.0,14.255653544269014,72.87660124453853,257.7,-199.1,14.3,253.1,4.6,-45.9,-153.2,7.1,246.0,72.9,False
SHB,Private_2,2021-Q3,4660104000000.0,3965594000000.0,146616000000.0,-911760000000.0,-1879540000000.0,1868804000000.0,339406294000000.0,0.0380139066825718,4112210000000.0,1320910000000.0,547894000000.0,3326179250000.0,1234662000000.0,-1128047500000.0,-1470703500000.0,507233750000.0,3183779750000.0,142399500000.0,310006402250000.0,0.03331758223939195,786030750000.0,634142000000.0,216287500000.0,-408836500000.0,40660250000.0,781814250000.0,4216500000.0,9.05430150034582,False,51.361587219822106,63.7,-15.6,3.3,63.3,0.4,17.5,-33.1,4.5,58.8,51.4,63.7,-15.6,3.3,51.4,63.3,0.4,17.5,-33.1,4.5,58.8,51.361587219822106,4801415000000.0,1522156000000.0,-1251856000000.0,-2213951000000.0,186548000000.0,4666285000000.0,135130000000.0,331490641000000.0,0.0465801103322681,346648000000.0,2.3597225108801547,22.773487080167868,-45.3,44.3,23.7,-46.0,0.8,22.3,22.0,1.2,-47.2,22.7,2650620000000.0,947130000000.0,-1157726000000.0,-1056622000000.0,510858000000.0,2530373000000.0,120247000000.0,292207015000000.0,0.0281009534191964,921674000000.0,14.945625219559775,97.31230137362348,154.3,-60.9,3.9,151.5,2.8,26.0,-86.9,7.5,144.0,97.3,False
SHB,Private_2,2021-Q4,5980358000000.0,4774049000000.0,177334000000.0,-1349761000000.0,-3461374000000.0,1169223000000.0,362416125000000.0,0.0429425067093914,4951383000000.0,140248000000.0,1028975000000.0,3691576750000.0,1465080500000.0,-1066556000000.0,-1676433000000.0,516492750000.0,3542585000000.0,148991750000.0,321806222000000.0,0.0357958205552358,1259806250000.0,-295857500000.0,-283205000000.0,-1784941000000.0,512482250000.0,1231464000000.0,28342250000.0,11.87038195348507,False,-20.1939415615729,86.0,-101.0,35.0,84.0,1.9,-19.3,-101.0,5.9,78.1,20.0,86.0,-101.0,35.0,20.0,84.0,1.9,-19.3,-101.0,5.9,78.1,-20.1939415615729,4112210000000.0,1868804000000.0,-911760000000.0,-1879540000000.0,547894000000.0,3965594000000.0,146616000000.0,339406294000000.0,0.0380139066825718,-699581000000.0,6.557166136922736,-37.434690850404856,44.9,-108.1,25.8,43.3,1.6,-23.4,-84.6,3.3,40.0,-37.4,3500284000000.0,805312000000.0,-1212003000000.0,-2612241000000.0,1129272000000.0,3312612000000.0,187672000000.0,305637310000000.0,0.0355047083633538,363911000000.0,16.998285473975596,45.18882122705237,180.2,-122.6,-12.5,181.5,-1.3,-17.1,-105.4,8.5,173.0,45.1,True
SHB,Private_2,2022-Q1,4693669000000.0,4222746000000.0,157264000000.0,-995024000000.0,-472143000000.0,3226502000000.0,371787343000000.0,0.0358828102675872,4380010000000.0,2912843000000.0,313659000000.0,4054351500000.0,1556058250000.0,-1100995500000.0,-1888716250000.0,491418500000.0,3907944250000.0,146407250000.0,336000925750000.0,0.037655270141745203,325658500000.0,1670443750000.0,105971500000.0,1416573250000.0,-177759500000.0,314801750000.0,10856750000.0,10.11218151812579,False,107.3509780241196,20.9,97.8,-11.4,20.2,0.6,6.8,91.0,5.1,15.1,107.3,20.9,97.8,-11.4,107.3,20.2,0.6,6.8,91.0,5.1,15.1,107.3509780241196,4951383000000.0,1169223000000.0,-1349761000000.0,-3461374000000.0,1028975000000.0,4774049000000.0,177334000000.0,362416125000000.0,0.0429425067093914,2057279000000.0,2.552757759515241,175.95266258019217,-48.9,285.9,-61.2,-47.2,-1.8,30.3,255.7,1.3,-48.5,175.8,2352398000000.0,1664050000000.0,-890605000000.0,0.0,202257000000.0,2225849000000.0,126549000000.0,310690643000000.0,0.0230845568427495,1562452000000.0,17.904372376342113,93.8945344190379,121.9,-34.6,6.7,120.0,1.9,-6.3,-28.4,9.0,111.0,94.0,False
SHB,Private_2,2022-Q2,4655177000000.0,4193400000000.0,222843000000.0,-945575000000.0,-1159241000000.0,2550361000000.0,372674903000000.0,0.0354041065876198,4416243000000.0,2311427000000.0,238934000000.0,4561254500000.0,1946671250000.0,-1127100250000.0,-2006752000000.0,519269000000.0,4407168500000.0,154086000000.0,351275100750000.0,0.04085483349795462,-145011500000.0,603689750000.0,181525250000.0,847511000000.0,-280335000000.0,-213768500000.0,68757000000.0,5.911955836494462,False,31.011386745450725,-7.4,52.9,-14.4,-11.0,3.5,9.3,43.5,3.0,-14.0,31.1,-7.4,52.9,-14.4,31.1,-11.0,3.5,9.3,43.5,3.0,-14.0,31.011386745450725,4380010000000.0,3226502000000.0,-995024000000.0,-472143000000.0,313659000000.0,4222746000000.0,157264000000.0,371787343000000.0,0.0358828102675872,-676141000000.0,0.23844325344068557,-20.95585249908415,1.1,-19.8,-2.3,-0.9,2.0,1.5,-21.3,0.1,-1.0,-21.0,4801415000000.0,1522156000000.0,-1251856000000.0,-2213951000000.0,186548000000.0,4666285000000.0,135130000000.0,331490641000000.0,0.0465801103322681,1028205000000.0,11.697323832703749,67.54925250762734,-25.3,89.4,3.4,-31.1,5.7,20.1,69.3,5.8,-36.9,67.5,False
SHB,Private_2,2022-Q3,5317080000000.0,4820791000000.0,254526000000.0,-1179434000000.0,-879457000000.0,3258189000000.0,376104147000000.0,0.040849411450687,5075317000000.0,3016426000000.0,241763000000.0,4464961500000.0,2203722500000.0,-1050530000000.0,-1743074500000.0,532365500000.0,4288947250000.0,176014250000.0,361571166250000.0,0.038060832561792546,610355500000.0,1054466500000.0,-128904000000.0,863617500000.0,-290602500000.0,531843750000.0,78511750000.0,3.940210683199245,False,47.849332209477375,27.7,33.4,-13.2,24.1,3.5,-5.8,39.2,2.0,22.1,47.9,27.7,33.4,-13.2,47.9,24.1,3.5,-5.8,39.2,2.0,22.1,47.849332209477375,4416243000000.0,2550361000000.0,-945575000000.0,-1159241000000.0,238934000000.0,4193400000000.0,222843000000.0,372674903000000.0,0.0354041065876198,707828000000.0,0.915956182267653,27.75403168414197,25.8,1.8,0.1,24.6,1.2,-9.2,11.0,0.5,24.1,27.7,4112210000000.0,1868804000000.0,-911760000000.0,-1879540000000.0,547894000000.0,3965594000000.0,146616000000.0,339406294000000.0,0.0380139066825718,1389385000000.0,10.257810619426028,74.34621287197587,51.5,39.2,-16.4,45.8,5.8,-14.3,53.5,5.1,40.7,74.3,False
SHB,Private_2,2022-Q4,4705012000000.0,4292071000000.0,246893000000.0,-1262779000000.0,-2818636000000.0,623597000000.0,385633214000000.0,0.0354261834162182,4538964000000.0,457549000000.0,166048000000.0,4705738250000.0,2551068750000.0,-1117448500000.0,-1493053750000.0,455832750000.0,4502746500000.0,202991750000.0,370745629500000.0,0.038769708753821346,-166774250000.0,-1927471750000.0,-145330500000.0,-1325582250000.0,-289784750000.0,-210675500000.0,43901250000.0,3.9365417549519286,False,-75.55546082401739,-6.6,-57.6,-11.3,-8.2,1.7,-5.7,-52.0,2.0,-10.2,-75.5,-6.6,-57.6,-11.3,-75.5,-8.2,1.7,-5.7,-52.0,2.0,-10.2,-75.55546082401739,5075317000000.0,3258189000000.0,-1179434000000.0,-879457000000.0,241763000000.0,4820791000000.0,254526000000.0,376104147000000.0,0.040849411450687,-2634592000000.0,2.501929795721284,-80.86062533511715,-16.5,-62.1,-2.3,-16.3,-0.2,-2.6,-59.5,1.3,-17.6,-80.9,4951383000000.0,1169223000000.0,-1349761000000.0,-3461374000000.0,1028975000000.0,4774049000000.0,177334000000.0,362416125000000.0,0.0429425067093914,-545626000000.0,6.207368361834753,-46.66569166018801,-35.3,62.4,-73.8,-41.2,5.9,7.4,55.0,3.1,-44.3,-46.7,False
SHB,Private_2,2023-Q1,6203673000000.0,5843911000000.0,222324000000.0,-1209770000000.0,-1373956000000.0,3619947000000.0,408529502000000.0,0.045878293128594,6066235000000.0,3482509000000.0,137438000000.0,4602633500000.0,2414662250000.0,-1095703000000.0,-1332369250000.0,240101000000.0,4382252000000.0,220381500000.0,376549901750000.0,0.036890627930528046,1463601500000.0,1205284750000.0,-114067000000.0,-41586750000.0,-102663000000.0,1461659000000.0,1942500000.0,8.146844789774553,False,49.91525212273476,60.6,-6.4,-4.2,60.5,0.1,-4.7,-1.7,4.1,56.4,50.0,60.6,-6.4,-4.2,50.0,60.5,0.1,-4.7,-1.7,4.1,56.4,49.91525212273476,4538964000000.0,623597000000.0,-1262779000000.0,-2818636000000.0,166048000000.0,4292071000000.0,246893000000.0,385633214000000.0,0.0354261834162182,2996350000000.0,5.766145284513709,480.49461431020353,245.1,240.2,-4.8,248.9,-3.8,8.6,231.6,2.9,246.0,480.5,4380010000000.0,3226502000000.0,-995024000000.0,-472143000000.0,313659000000.0,4222746000000.0,157264000000.0,371787343000000.0,0.0358828102675872,393445000000.0,9.417241018294305,12.194165693993062,52.3,-34.6,-5.5,50.2,2.0,-6.7,-27.9,4.7,45.5,12.2,False
SHB,Private_2,2023-Q2,5088119000000.0,4107619000000.0,129295000000.0,-1086678000000.0,-1537138000000.0,2464303000000.0,407634077000000.0,0.0309335838914927,4236914000000.0,1613098000000.0,851205000000.0,5024189750000.0,2513023500000.0,-1149389500000.0,-1557822500000.0,196045750000.0,4787543250000.0,236646500000.0,385735441500000.0,0.03938949864577975,-787275750000.0,-48720500000.0,62711500000.0,20684500000.0,655159250000.0,-679924250000.0,-107351500000.0,5.520412617163083,True,-1.9387204297930363,5.8,-1.9,-5.8,5.8,2.5,-1.5,-0.5,2.8,3.0,-1.9,5.8,-1.9,-5.8,-1.9,5.8,2.5,-1.5,-0.5,2.8,3.0,-1.9387204297930363,6066235000000.0,3619947000000.0,-1209770000000.0,-1373956000000.0,137438000000.0,5843911000000.0,222324000000.0,408529502000000.0,0.045878293128594,-1155644000000.0,-0.21942292526630863,-31.92433480379685,-50.5,-1.1,19.7,-48.0,-2.6,3.4,-4.5,-0.1,-47.9,-31.9,4416243000000.0,2550361000000.0,-945575000000.0,-1159241000000.0,238934000000.0,4193400000000.0,222843000000.0,372674903000000.0,0.0354041065876198,-86058000000.0,8.96034132530424,-3.374345827904363,-7.0,-16.9,16.9,-3.4,-3.7,-5.5,-14.8,4.5,-7.9,-7.0,True
SHB,Private_2,2023-Q3,4591142000000.0,4421543000000.0,37894000000.0,-1546063000000.0,-619788000000.0,2425291000000.0,420528170000000.0,0.0323705853408894,4459437000000.0,2293586000000.0,131705000000.0,4979357500000.0,2491509000000.0,-1184665250000.0,-1652296750000.0,349113500000.0,4766098000000.0,213259500000.0,394475235000000.0,0.038271867971747975,-519920500000.0,-66218000000.0,-361397750000.0,1032508750000.0,-217408500000.0,-344555000000.0,-175365500000.0,6.393331571418404,False,-2.6577467711334775,-13.3,13.3,-8.7,-13.3,-7.0,-13.3,13.3,3.2,-16.5,-8.7,-13.3,13.3,-8.7,-8.7,-13.3,-7.0,-13.3,13.3,3.2,-16.5,-2.6577467711334775,4236914000000.0,2464303000000.0,-1086678000000.0,-1537138000000.0,851205000000.0,4107619000000.0,129295000000.0,407634077000000.0,0.0309335838914927,-39012000000.0,3.1139050461932007,-1.5830845476388251,-1.6,-1.8,1.8,-1.8,0.7,1.8,-1.8,1.6,-3.4,-1.6,5075317000000.0,3258189000000.0,-1179434000000.0,-879457000000.0,241763000000.0,4820791000000.0,254526000000.0,376104147000000.0,0.040849411450687,-832898000000.0,11.152955272338016,-25.56321932214491,-18.9,-3.3,-3.4,-12.2,-6.6,-11.2,8.0,5.6,-17.8,-25.6,True
SHB,Private_2,2023-Q4,5808241000000.0,5356054000000.0,134246000000.0,-1192502000000.0,-3880765000000.0,734974000000.0,438464147000000.0,0.0372892407869634,5490300000000.0,417033000000.0,317941000000.0,4825387500000.0,2283284500000.0,-1276322500000.0,-1587379500000.0,321599000000.0,4666286000000.0,159101500000.0,405581240750000.0,0.03615216144429857,664912500000.0,-1548310500000.0,83820500000.0,-2293385500000.0,-3658000000.0,689768000000.0,-24855500000.0,7.791738863156889,False,-67.81066923548073,29.1,-96.8,-0.1,30.2,-1.1,3.7,-100.4,3.9,26.3,-67.8,29.1,-96.8,-0.1,-67.8,30.2,-1.1,3.7,-100.4,3.9,26.3,-67.81066923548073,4459437000000.0,2425291000000.0,-1546063000000.0,-619788000000.0,131705000000.0,4421543000000.0,37894000000.0,420528170000000.0,0.0323705853408894,-1690317000000.0,4.176050622348,-69.69543036278945,42.5,-119.9,7.7,38.5,4.0,14.6,-134.4,2.1,36.4,-69.7,4538964000000.0,623597000000.0,-1262779000000.0,-2818636000000.0,166048000000.0,4292071000000.0,246893000000.0,385633214000000.0,0.0354261834162182,111377000000.0,12.821527042846578,17.860413055226374,89.3,-89.3,24.4,89.3,-18.1,11.3,-89.3,6.4,82.9,24.4,False
SHB,Private_2,2024-Q1,5839868000000.0,5170071000000.0,148542000000.0,-1114655000000.0,-708192000000.0,4017021000000.0,437666533000000.0,0.0349939930539197,5318613000000.0,3495766000000.0,521255000000.0,5063221500000.0,2311128750000.0,-1258753250000.0,-1852911750000.0,359572250000.0,4932281750000.0,130939750000.0,418788974000000.0,0.036617925786984876,255391500000.0,1705892250000.0,144098250000.0,1144719750000.0,161682750000.0,237789250000.0,17602250000.0,4.408298818960131,False,73.81208208326775,11.1,55.8,7.0,10.3,0.7,6.2,49.5,2.2,8.1,73.9,11.1,55.8,7.0,73.9,10.3,0.7,6.2,49.5,2.2,8.1,73.81208208326775,5490300000000.0,734974000000.0,-1192502000000.0,-3880765000000.0,317941000000.0,5356054000000.0,134246000000.0,438464147000000.0,0.0372892407869634,3282047000000.0,-0.18207649114627514,446.55280322841355,-23.2,442.1,27.7,-25.5,1.8,10.7,431.8,-0.1,-25.4,446.6,6066235000000.0,3619947000000.0,-1209770000000.0,-1373956000000.0,137438000000.0,5843911000000.0,222324000000.0,408529502000000.0,0.045878293128594,397074000000.0,6.8865912376911576,10.969055624295052,-20.7,21.0,10.6,-18.6,-2.0,2.6,18.4,3.4,-22.0,10.9,False
SHB,Private_2,2024-Q2,4382911000000.0,4412039000000.0,223367000000.0,-1197373000000.0,-327839000000.0,2857699000000.0,461255744000000.0,0.0292026229988388,4635406000000.0,3110194000000.0,-252495000000.0,4876316000000.0,2410397250000.0,-1234974500000.0,-1686470750000.0,455526500000.0,4763821750000.0,112494250000.0,426073231750000.0,0.0338968507683163,-240910000000.0,447301750000.0,37601500000.0,1358631750000.0,-708021500000.0,-351782750000.0,110872750000.0,7.929981599048441,False,18.557179734585244,-10.0,57.9,-29.4,-14.6,4.6,1.6,56.4,4.0,-18.6,18.5,-10.0,57.9,-29.4,18.5,-14.6,4.6,1.6,56.4,4.0,-18.6,18.557179734585244,5318613000000.0,4017021000000.0,-1114655000000.0,-708192000000.0,521255000000.0,5170071000000.0,148542000000.0,437666533000000.0,0.0349939930539197,-1159322000000.0,5.248331608540167,-28.860242453300593,-17.0,7.4,-19.2,-18.9,1.9,-2.0,9.5,2.6,-21.5,-28.8,4236914000000.0,2464303000000.0,-1086678000000.0,-1537138000000.0,851205000000.0,4107619000000.0,129295000000.0,407634077000000.0,0.0309335838914927,393396000000.0,12.342569956289084,15.96378367432901,16.2,44.6,-44.8,12.4,3.8,-4.5,49.1,6.2,6.2,16.0,False
SHB,Private_2,2024-Q3,3851703000000.0,3261808000000.0,144726000000.0,-1160910000000.0,-517380000000.0,2173413000000.0,480983938000000.0,0.0203893780474126,3406534000000.0,1728244000000.0,445169000000.0,4975939000000.0,2508746250000.0,-1262648250000.0,-1384146000000.0,179601500000.0,4839926750000.0,136012250000.0,439478648500000.0,0.033464110545152824,-1569405000000.0,-335333250000.0,101738250000.0,866766000000.0,265567500000.0,-1578118750000.0,8713750000.0,9.018354490174598,False,-13.366567065122666,-62.6,38.6,10.6,-62.9,0.3,4.1,34.6,4.5,-67.4,-13.4,-62.6,38.6,10.6,-13.4,-62.9,0.3,4.1,34.6,4.5,-67.4,-13.366567065122666,4635406000000.0,2857699000000.0,-1197373000000.0,-327839000000.0,-252495000000.0,4412039000000.0,223367000000.0,461255744000000.0,0.0292026229988388,-684286000000.0,4.18751075270464,-23.94534903780979,-43.0,-5.4,24.4,-40.3,-2.8,1.3,-6.6,2.1,-42.4,-24.0,4459437000000.0,2425291000000.0,-1546063000000.0,-619788000000.0,131705000000.0,4421543000000.0,37894000000.0,420528170000000.0,0.0323705853408894,-251878000000.0,13.41208120523657,-10.385475392437444,-43.4,20.1,12.9,-47.8,4.4,15.9,4.2,6.7,-54.5,-10.4,False
SHB,Private_2,2024-Q4,9497783000000.0,8388201000000.0,766785000000.0,-2287293000000.0,-4689381000000.0,2521109000000.0,519949991000000.0,0.0493942695858734,9154986000000.0,2178312000000.0,342797000000.0,4712713250000.0,2445776750000.0,-1166360000000.0,-1358544000000.0,257967500000.0,4549993000000.0,162720250000.0,454592590500000.0,0.030468808721783626,4442272750000.0,75332250000.0,-1120933000000.0,-3330837000000.0,84829500000.0,3838208000000.0,604064750000.0,13.412938898863292,False,3.0800951067999156,15.4,-15.4,3.5,15.4,15.4,-15.4,-15.4,6.7,8.7,3.5,15.4,-15.4,3.5,3.5,15.4,15.4,-15.4,-15.4,6.7,8.7,3.0800951067999156,3406534000000.0,2173413000000.0,-1160910000000.0,-517380000000.0,445169000000.0,3261808000000.0,144726000000.0,480983938000000.0,0.0203893780474126,347696000000.0,7.785939085695635,15.997695789985613,80.0,-80.0,-4.7,80.0,28.6,-51.8,-80.0,3.9,76.1,-4.7,5490300000000.0,734974000000.0,-1192502000000.0,-3880765000000.0,317941000000.0,5356054000000.0,134246000000.0,438464147000000.0,0.0372892407869634,1786135000000.0,17.004307588793104,243.02016125740505,498.7,-259.1,3.4,412.6,86.0,-149.0,-110.1,8.5,404.1,243.0,True
SHB,Private_2,2025-Q1,6051001000000.0,5543669000000.0,329251000000.0,-1059418000000.0,-621079000000.0,4370504000000.0,567948143000000.0,0.0303923946144662,5872920000000.0,4192423000000.0,178081000000.0,5628884750000.0,2892310500000.0,-1440057750000.0,-1560698000000.0,264181500000.0,5308029750000.0,320855000000.0,474964051500000.0,0.03349506592151113,244035250000.0,1478193500000.0,380639750000.0,939619000000.0,-86100500000.0,235639250000.0,8396000000.0,17.831624175145265,False,51.10770437682953,8.4,45.6,-3.0,8.1,0.3,13.2,32.5,8.9,-0.8,51.0,8.4,45.6,-3.0,51.0,8.1,0.3,13.2,32.5,8.9,-0.8,51.10770437682953,9154986000000.0,2521109000000.0,-2287293000000.0,-4689381000000.0,342797000000.0,8388201000000.0,766785000000.0,519949991000000.0,0.0493942695858734,1849395000000.0,8.824015870588854,73.35640783480603,-130.2,210.1,-6.5,-112.8,-17.4,48.7,161.4,4.4,-117.2,73.4,5318613000000.0,4017021000000.0,-1114655000000.0,-708192000000.0,521255000000.0,5170071000000.0,148542000000.0,437666533000000.0,0.0349939930539197,353483000000.0,25.910841022769638,8.799630372855905,13.8,3.5,-8.5,9.3,4.5,1.4,2.2,13.0,-3.7,8.8,False
SHB,Private_2,2025-Q2,10304043000000.0,9126756000000.0,684576000000.0,-1620706000000.0,-4140819000000.0,4542518000000.0,594564116000000.0,0.0476075657533313,9811332000000.0,4049807000000.0,492711000000.0,5767461500000.0,2980681250000.0,-1426248500000.0,-1538919750000.0,178388000000.0,5401429250000.0,366032250000.0,507534454000000.0,0.03234466631164775,4043870500000.0,1561836750000.0,-194457500000.0,-2601899250000.0,314323000000.0,3725326750000.0,318543750000.0,15.793444319594752,False,52.39865047629632,135.7,-93.8,10.5,125.0,10.7,-6.5,-87.3,7.9,117.1,52.4,135.7,-93.8,10.5,52.4,125.0,10.7,-6.5,-87.3,7.9,117.1,52.39865047629632,5872920000000.0,4370504000000.0,-1059418000000.0,-621079000000.0,178081000000.0,5543669000000.0,329251000000.0,567948143000000.0,0.0303923946144662,172014000000.0,4.579043841291655,3.9357932174412835,19.7,-19.7,7.2,19.7,8.1,-12.8,-19.7,2.3,17.4,7.2,4635406000000.0,2857699000000.0,-1197373000000.0,-327839000000.0,-252495000000.0,4412039000000.0,223367000000.0,461255744000000.0,0.0292026229988388,1684819000000.0,25.252105411239377,58.957188983164436,181.1,-148.2,26.1,165.0,16.2,-14.8,-133.4,12.6,152.4,59.0,False
SOCB,SOCB,2018-Q1,30037178000000.0,22596312000000.0,2219115000000.0,-10302476000000.0,-9861989000000.0,9872713000000.0,2282724770000000.0,,24815427000000.0,4650962000000.0,5221751000000.0,,,,,,,,,,,,,,,,,,False,0.0,,,,,,,,,,,,,,,,,,,,,0.0,,,,,,,,,,,,0.0,,,,,,,,,,,,,,,,,,,,,,0.0,,,,,,,,,,,False
SOCB,SOCB,2018-Q2,28483280000000.0,22306124000000.0,2434094000000.0,-11752045000000.0,-8351299000000.0,8379936000000.0,2402786803000000.0,0.027287741249458,24740218000000.0,4636874000000.0,3743062000000.0,,,,,,,,,,,,,,,,,,False,0.0,,,,,,,,,,,,,,,,,,,,,0.0,24815427000000.0,9872713000000.0,-10302476000000.0,-9861989000000.0,5221751000000.0,22596312000000.0,2219115000000.0,2282724770000000.0,,-1492777000000.0,5.124820678785675,-15.120230882838385,-0.8,0.6,-15.0,-2.9,2.2,-14.7,15.3,2.6,-5.5,-15.2,,,,,,,,,,,,0.0,,,,,,,,,,,False
SOCB,SOCB,2018-Q3,29569327000000.0,23089577000000.0,2501725000000.0,-11808587000000.0,-9480330000000.0,8280410000000.0,2488320489000000.0,0.0278114882819311,25591302000000.0,4302385000000.0,3978025000000.0,,,,,,,,,,,,,,,,,,False,0.0,,,,,,,,,,,,,,,,,,,,,0.0,24740218000000.0,8379936000000.0,-11752045000000.0,-8351299000000.0,3743062000000.0,22306124000000.0,2434094000000.0,2402786803000000.0,0.027287741249458,-99526000000.0,3.497518287521549,-1.1876701683640543,5.9,-5.9,2.8,5.9,0.8,-0.7,-5.9,1.7,4.2,2.8,,,,,,,,,,,,0.0,,,,,,,,,,,False
SOCB,SOCB,2018-Q4,24134690000000.0,17584909000000.0,2567969000000.0,-9955237000000.0,-6381553000000.0,7797900000000.0,2486297236000000.0,0.0206659480567539,20152878000000.0,3816088000000.0,3981812000000.0,,,,,,,,,,,,,,,,,,False,0.0,,,,,,,,,,,,,,,,,,,,,0.0,25591302000000.0,8280410000000.0,-11808587000000.0,-9480330000000.0,3978025000000.0,23089577000000.0,2501725000000.0,2488320489000000.0,0.0278114882819311,-482510000000.0,-0.08134305435499568,-5.827126917628475,-29.1,29.1,0.0,-29.1,0.8,22.4,29.1,-0.0,-29.1,0.0,,,,,,,,,,,,0.0,,,,,,,,,,,False
SOCB,SOCB,2019-Q1,32105212000000.0,24993445000000.0,2915197000000.0,-10619413000000.0,-9933969000000.0,11551830000000.0,2559046999000000.0,0.0288754973447212,27908642000000.0,7355260000000.0,4196570000000.0,23824956250000.0,8582739750000.0,-10954586250000.0,-8518792750000.0,4231162500000.0,21394230500000.0,2430725750000.0,2415032324500000.0,,4083685750000.0,2969090250000.0,335173250000.0,-1415176250000.0,-34592500000.0,3599214500000.0,484471250000.0,5.790606266353806,False,34.59373505994983,47.6,-12.6,-0.4,41.9,5.6,3.9,-16.5,2.9,39.0,34.6,47.6,-12.6,-0.4,34.6,41.9,5.6,3.9,-16.5,2.9,39.0,34.59373505994983,20152878000000.0,7797900000000.0,-9955237000000.0,-6381553000000.0,3981812000000.0,17584909000000.0,2567969000000.0,2486297236000000.0,0.0206659480567539,3753930000000.0,2.883837439488408,48.140268533836036,99.5,-54.1,2.7,95.0,4.4,-8.5,-45.5,1.4,93.6,48.1,24815427000000.0,9872713000000.0,-10302476000000.0,-9861989000000.0,5221751000000.0,22596312000000.0,2219115000000.0,2282724770000000.0,,1679117000000.0,11.41409559075811,17.007655342558827,31.3,-3.9,-10.4,24.3,7.1,-3.2,-0.7,5.7,18.6,17.0,False
SOCB,SOCB,2019-Q2,33208983000000.0,25907982000000.0,3153373000000.0,-11904797000000.0,-11508850000000.0,9795336000000.0,2646003402000000.0,0.029275987916705,29061355000000.0,5647708000000.0,4147628000000.0,24598260000000.0,9002519000000.0,-11033820500000.0,-8536787750000.0,3974867250000.0,21993513750000.0,2604746250000.0,2484112881750000.0,0.026160168733216048,4463095000000.0,792817000000.0,-870976500000.0,-2972062250000.0,172760750000.0,3914468250000.0,548626750000.0,6.3113781947906125,False,8.806612904677014,44.0,-42.7,1.9,43.5,6.1,-9.7,-33.0,3.2,40.3,3.2,44.0,-42.7,1.9,3.2,43.5,6.1,-9.7,-33.0,3.2,40.3,8.806612904677014,27908642000000.0,11551830000000.0,-10619413000000.0,-9933969000000.0,4196570000000.0,24993445000000.0,2915197000000.0,2559046999000000.0,0.0288754973447212,-1756494000000.0,3.3412319305608964,-15.205331103383621,10.0,-24.8,-0.4,7.9,2.1,-11.1,-13.6,1.7,6.2,-15.2,24740218000000.0,8379936000000.0,-11752045000000.0,-8351299000000.0,3743062000000.0,22306124000000.0,2434094000000.0,2402786803000000.0,0.027287741249458,1415400000000.0,9.634648663322702,16.890343792601758,51.6,-39.5,4.8,43.0,8.6,-1.8,-37.7,4.8,38.2,16.9,True
SOCB,SOCB,2019-Q3,33958469000000.0,25940821000000.0,3420403000000.0,-11448037000000.0,-10760543000000.0,11749889000000.0,2680662690000000.0,0.0283926205539856,29361224000000.0,7152644000000.0,4597245000000.0,25678544250000.0,9356369000000.0,-11072008500000.0,-9326175500000.0,4076008750000.0,22893978250000.0,2784566000000.0,2544917031500000.0,0.0266572304000278,3682679750000.0,2393520000000.0,-376028500000.0,-1434367500000.0,521236250000.0,3046842750000.0,635837000000.0,5.195429626362461,False,25.581718720157358,39.4,-19.3,5.6,32.6,6.8,-4.0,-15.3,2.6,30.0,25.7,39.4,-19.3,5.6,25.7,32.6,6.8,-4.0,-15.3,2.6,30.0,25.581718720157358,29061355000000.0,9795336000000.0,-11904797000000.0,-11508850000000.0,4147628000000.0,25907982000000.0,3153373000000.0,2646003402000000.0,0.029275987916705,1954553000000.0,1.3013501278803268,19.95391480190164,3.1,12.3,4.6,0.3,2.7,4.7,7.6,0.7,-0.4,20.0,25591302000000.0,8280410000000.0,-11808587000000.0,-9480330000000.0,3978025000000.0,23089577000000.0,2501725000000.0,2488320489000000.0,0.0278114882819311,3469479000000.0,7.4421678051276166,41.899845539049394,45.5,-11.1,7.5,34.4,11.1,4.4,-15.5,3.7,30.7,41.9,False
SOCB,SOCB,2019-Q4,35147518000000.0,26928806000000.0,3159671000000.0,-14867311000000.0,-7598004000000.0,12682203000000.0,2786902715000000.0,0.0285257824206091,30088477000000.0,7623162000000.0,5059041000000.0,26621024750000.0,10223738750000.0,-10981871000000.0,-9646228750000.0,4230813750000.0,23606789250000.0,3014235500000.0,2593002581750000.0,0.026802513468041425,3467452250000.0,2458464250000.0,-3885440000000.0,2048224750000.0,828227250000.0,3322016750000.0,145435500000.0,7.208310278886695,False,24.046626289232986,33.9,-18.0,8.1,32.5,1.4,-38.0,20.0,3.6,28.9,24.0,33.9,-18.0,8.1,24.0,32.5,1.4,-38.0,20.0,3.6,28.9,24.046626289232986,29361224000000.0,11749889000000.0,-11448037000000.0,-10760543000000.0,4597245000000.0,25940821000000.0,3420403000000.0,2680662690000000.0,0.0283926205539856,932314000000.0,3.886191280047431,7.934662191276871,6.2,-2.2,3.9,8.4,-2.2,-29.1,26.9,1.9,6.5,7.9,20152878000000.0,7797900000000.0,-9955237000000.0,-6381553000000.0,3981812000000.0,17584909000000.0,2567969000000.0,2486297236000000.0,0.0206659480567539,4884303000000.0,11.401254714151081,62.636132804985955,127.4,-78.6,13.8,119.8,7.6,-63.0,-15.6,5.7,114.1,62.6,False
SOCB,SOCB,2020-Q1,34309108000000.0,26601410000000.0,3272148000000.0,-11711811000000.0,-12585880000000.0,10011417000000.0,2783687025000000.0,0.0281015771104176,29873558000000.0,5575867000000.0,4435550000000.0,29104924500000.0,11444814500000.0,-12209889500000.0,-9950341500000.0,4500121000000.0,25942763500000.0,3162161000000.0,2668153951500000.0,0.028767472059005227,768633500000.0,-1433397500000.0,498078500000.0,-2635538500000.0,-64571000000.0,658646500000.0,109987000000.0,4.238314140049275,False,-12.524427547515076,6.7,-18.7,-0.6,5.8,1.0,4.3,-23.0,2.1,3.7,-12.6,6.7,-18.7,-0.6,-12.6,5.8,1.0,4.3,-23.0,2.1,3.7,-12.524427547515076,30088477000000.0,12682203000000.0,-14867311000000.0,-7598004000000.0,5059041000000.0,26928806000000.0,3159671000000.0,2786902715000000.0,0.0285257824206091,-2670786000000.0,-0.11545240809638227,-21.059322264436233,-1.7,-14.4,-4.9,-2.6,0.9,24.9,-39.3,-0.1,-2.5,-21.0,27908642000000.0,11551830000000.0,-10619413000000.0,-9933969000000.0,4196570000000.0,24993445000000.0,2915197000000.0,2559046999000000.0,0.0288754973447212,-1540413000000.0,8.40917870853756,-13.334796305001026,17.0,-32.4,2.1,13.9,3.1,-9.5,-23.0,4.2,9.7,-13.3,False
SOCB,SOCB,2020-Q2,31531720000000.0,22814261000000.0,3471335000000.0,-10358127000000.0,-8384097000000.0,12789496000000.0,2851458471000000.0,0.0243599131432269,26285596000000.0,7543372000000.0,5246124000000.0,29596153500000.0,11059711250000.0,-12482989000000.0,-10613319250000.0,4559866000000.0,26344754750000.0,3251398750000.0,2724313958000000.0,0.028573992000429326,-3310557500000.0,1729784750000.0,2124862000000.0,2229222250000.0,686258000000.0,-3530493750000.0,219936250000.0,4.560606252102833,False,15.64041511481595,-29.9,39.4,6.2,-31.9,2.0,19.2,20.2,2.3,-34.2,15.7,-29.9,39.4,6.2,15.7,-31.9,2.0,19.2,20.2,2.3,-34.2,15.64041511481595,29873558000000.0,10011417000000.0,-11711811000000.0,-12585880000000.0,4435550000000.0,26601410000000.0,3272148000000.0,2783687025000000.0,0.0281015771104176,2778079000000.0,2.4053130854600386,27.749108842434595,-35.9,55.5,8.1,-37.8,2.0,13.5,42.0,1.2,-39.0,27.7,29061355000000.0,9795336000000.0,-11904797000000.0,-11508850000000.0,4147628000000.0,25907982000000.0,3153373000000.0,2646003402000000.0,0.029275987916705,2994160000000.0,7.474542752504143,30.56720055340623,-28.3,47.7,11.2,-31.6,3.2,15.8,31.9,3.7,-35.3,30.6,False
SOCB,SOCB,2020-Q3,35489980000000.0,26945743000000.0,3681474000000.0,-12259014000000.0,-12640793000000.0,10590173000000.0,2887127350000000.0,0.0283808344871386,30627217000000.0,5727410000000.0,4862763000000.0,28902213750000.0,11808251250000.0,-12096321500000.0,-9832131000000.0,4834490000000.0,25571324500000.0,3330889250000.0,2775677725250000.0,0.0273449733070598,1725003250000.0,-1218078250000.0,-162692500000.0,-2808662000000.0,28273000000.0,1374418500000.0,350584750000.0,3.936198518896741,False,-10.315483844400754,14.6,-25.2,0.2,11.6,3.0,-1.4,-23.8,2.0,9.6,-10.4,14.6,-25.2,0.2,-10.4,11.6,3.0,-1.4,-23.8,2.0,9.6,-10.315483844400754,26285596000000.0,12789496000000.0,-10358127000000.0,-8384097000000.0,5246124000000.0,22814261000000.0,3471335000000.0,2851458471000000.0,0.0243599131432269,-2199323000000.0,1.243124355463046,-17.1963226697909,33.9,-48.1,-3.0,32.3,1.7,-14.9,-33.3,0.6,31.7,-17.2,29361224000000.0,11749889000000.0,-11448037000000.0,-10760543000000.0,4597245000000.0,25940821000000.0,3420403000000.0,2680662690000000.0,0.0283926205539856,-1159716000000.0,7.41639532082643,-9.870016644412557,10.8,-22.9,2.3,8.6,2.2,-6.9,-16.0,3.7,4.9,-9.8,False
SOCB,SOCB,2020-Q4,42982661000000.0,31242580000000.0,5783725000000.0,-15465892000000.0,-11578995000000.0,15937774000000.0,3069417448000000.0,0.0316229895072766,37026305000000.0,9981418000000.0,5956356000000.0,29218712000000.0,11518322250000.0,-12299065750000.0,-10302193500000.0,4900869500000.0,25822555000000.0,3396157000000.0,2827293890250000.0,0.02734202679034805,7807593000000.0,4419451750000.0,-3166826250000.0,-1276801500000.0,1055486500000.0,5420025000000.0,2387568000000.0,8.212155686829206,False,38.36888440935918,67.8,-38.6,9.2,47.0,20.7,-27.5,-11.1,4.1,42.9,38.4,67.8,-38.6,9.2,38.4,47.0,20.7,-27.5,-11.1,4.1,42.9,38.36888440935918,30627217000000.0,10590173000000.0,-12259014000000.0,-12640793000000.0,4862763000000.0,26945743000000.0,3681474000000.0,2887127350000000.0,0.0283808344871386,5347601000000.0,6.120665727594516,50.49587952906908,60.4,-20.2,10.4,40.6,19.8,-30.3,10.0,3.1,37.5,50.6,30088477000000.0,12682203000000.0,-14867311000000.0,-7598004000000.0,5059041000000.0,26928806000000.0,3159671000000.0,2786902715000000.0,0.0285257824206091,3255571000000.0,9.648199727361797,25.670390231097862,54.7,-36.1,7.1,34.0,20.7,-4.7,-31.4,4.8,29.2,25.7,False
SOCB,SOCB,2021-Q1,43213193000000.0,31553938000000.0,6155285000000.0,-12327951000000.0,-10797562000000.0,20087680000000.0,3122623747000000.0,0.0309190106513396,37709223000000.0,14583710000000.0,5503970000000.0,30953169000000.0,12332215000000.0,-12448711000000.0,-11297441250000.0,5125198250000.0,26900998500000.0,4052170500000.0,2897922573500000.0,0.028116328562014924,6756054000000.0,7755465000000.0,120760000000.0,499879250000.0,378771750000.0,4652939500000.0,2103114500000.0,7.4644778575954485,False,62.887851047034125,54.8,5.0,3.1,37.7,17.0,1.0,4.0,3.7,34.0,62.9,54.8,5.0,3.1,62.9,37.7,17.0,1.0,4.0,3.7,34.0,62.887851047034125,37026305000000.0,15937774000000.0,-15465892000000.0,-11578995000000.0,5956356000000.0,31242580000000.0,5783725000000.0,3069417448000000.0,0.0316229895072766,4149906000000.0,1.718538275971531,26.038178229908393,4.3,24.6,-2.8,2.0,2.3,19.7,4.9,0.9,1.1,26.1,29873558000000.0,10011417000000.0,-11711811000000.0,-12585880000000.0,4435550000000.0,26601410000000.0,3272148000000.0,2783687025000000.0,0.0281015771104176,10076263000000.0,11.477104239309405,100.64772049750799,78.3,11.7,10.7,49.5,28.8,-6.1,17.8,5.7,43.8,100.7,False
SOCB,SOCB,2021-Q2,44278362000000.0,34904303000000.0,3526939000000.0,-13031514000000.0,-18851293000000.0,12395555000000.0,3295974318000000.0,0.0331983647454873,38431242000000.0,6548435000000.0,5847120000000.0,32912085250000.0,14851280750000.0,-12602746000000.0,-10850361750000.0,5392303250000.0,28139130500000.0,4772954750000.0,2982656754000000.0,0.028820686947245426,5519156750000.0,-2455725750000.0,-428768000000.0,-8000931250000.0,454816750000.0,6765172500000.0,-1246015750000.0,9.980441927771864,False,-16.535447624609752,37.2,-56.8,3.1,45.6,-8.4,-2.9,-53.9,5.0,40.6,-16.5,37.2,-56.8,3.1,-16.5,45.6,-8.4,-2.9,-53.9,5.0,40.6,-16.535447624609752,37709223000000.0,20087680000000.0,-12327951000000.0,-10797562000000.0,5503970000000.0,31553938000000.0,6155285000000.0,3122623747000000.0,0.0309190106513396,-7692125000000.0,5.401508841790984,-38.292749585815784,3.6,-43.6,1.7,16.7,-13.1,-3.5,-40.1,2.7,14.0,-38.3,26285596000000.0,12789496000000.0,-10358127000000.0,-8384097000000.0,5246124000000.0,22814261000000.0,3471335000000.0,2851458471000000.0,0.0243599131432269,-393941000000.0,14.461836745751851,-3.080191744850618,15.4,-15.4,4.7,15.4,0.4,-15.4,-15.4,7.2,8.2,4.7,False
SOCB,SOCB,2021-Q3,40755019000000.0,32504313000000.0,3875890000000.0,-13720119000000.0,-15562582000000.0,11472318000000.0,3349628753000000.0,0.0296891161730537,36380203000000.0,7097502000000.0,4374816000000.0,35948496750000.0,14752795500000.0,-13271092750000.0,-13467160750000.0,5542552250000.0,31161641000000.0,4786855750000.0,3093785715750000.0,0.031030299847810524,431706250000.0,-3280477500000.0,-449026250000.0,-2095421250000.0,-1167736250000.0,1342672000000.0,-910965750000.0,7.941225525404782,False,-22.236311077449695,2.9,-17.3,-7.9,9.1,-6.2,-3.0,-14.2,4.0,5.1,-22.3,2.9,-17.3,-7.9,-22.3,9.1,-6.2,-3.0,-14.2,4.0,5.1,-22.236311077449695,38431242000000.0,12395555000000.0,-13031514000000.0,-18851293000000.0,5847120000000.0,34904303000000.0,3526939000000.0,3295974318000000.0,0.0331983647454873,-923237000000.0,1.6147348683563891,-7.448129591615704,-16.5,21.0,-11.9,-19.4,2.8,-5.6,26.5,0.8,-20.2,-7.4,30627217000000.0,10590173000000.0,-12259014000000.0,-12640793000000.0,4862763000000.0,26945743000000.0,3681474000000.0,2887127350000000.0,0.0283808344871386,882145000000.0,14.831473136412306,8.329845036525843,41.6,-41.4,-4.6,41.6,1.8,-13.8,-27.6,7.4,34.2,-4.4,False
SOCB,SOCB,2021-Q4,44008236000000.0,32030566000000.0,5415655000000.0,-15034359000000.0,-14363169000000.0,14610708000000.0,3446050365000000.0,0.0283401905655479,37446221000000.0,8048693000000.0,6562015000000.0,37386743250000.0,14973331750000.0,-13636369000000.0,-14197608000000.0,5420565500000.0,32551283500000.0,4835459750000.0,3209411066500000.0,0.0313573702692893,59477750000.0,-362623750000.0,-1397990000000.0,-165561000000.0,1141449500000.0,-520717500000.0,580195250000.0,7.11113123967624,False,-2.4217973397937973,0.4,-10.4,7.6,-3.5,3.9,-9.3,-1.1,3.6,-7.1,-2.4,0.4,-10.4,7.6,-2.4,-3.5,3.9,-9.3,-1.1,3.6,-7.1,-2.4217973397937973,36380203000000.0,11472318000000.0,-13720119000000.0,-15562582000000.0,4374816000000.0,32504313000000.0,3875890000000.0,3349628753000000.0,0.0296891161730537,3138390000000.0,2.8377329278130285,27.35619776230052,9.3,-1.0,19.1,-4.1,13.4,-11.5,10.5,1.4,-5.5,27.4,37026305000000.0,15937774000000.0,-15465892000000.0,-11578995000000.0,5956356000000.0,31242580000000.0,5783725000000.0,3069417448000000.0,0.0316229895072766,-1327066000000.0,11.561193388094788,-8.32654547617503,2.6,-14.8,3.8,4.9,-2.3,2.7,-17.5,5.8,-0.9,-8.4,False
SOCB,SOCB,2022-Q1,47030366000000.0,34947644000000.0,5264049000000.0,-12652219000000.0,-14091894000000.0,20286253000000.0,3676332989000000.0,0.029429152748017,40211693000000.0,13467580000000.0,6818673000000.0,37491722250000.0,14641565250000.0,-13528485750000.0,-14893651500000.0,5571980250000.0,32748280000000.0,4743442250000.0,3303569295750000.0,0.030536670533857124,2719970750000.0,5644687750000.0,876266750000.0,801757500000.0,1246692750000.0,2199364000000.0,520606750000.0,10.681057643584227,False,38.55248843698593,18.6,11.5,8.5,15.0,3.5,6.0,5.5,5.3,9.7,38.6,18.6,11.5,8.5,38.6,15.0,3.5,6.0,5.5,5.3,9.7,38.55248843698593,37446221000000.0,14610708000000.0,-15034359000000.0,-14363169000000.0,6562015000000.0,32030566000000.0,5415655000000.0,3446050365000000.0,0.0283401905655479,5675545000000.0,6.466448450031015,38.84510593189598,18.9,18.2,1.7,20.0,-1.0,16.3,1.9,3.2,16.8,38.8,37709223000000.0,20087680000000.0,-12327951000000.0,-10797562000000.0,5503970000000.0,31553938000000.0,6155285000000.0,3122623747000000.0,0.0309190106513396,198573000000.0,16.28806487525206,0.988531278873419,4.9,-4.9,4.9,4.9,-4.4,-1.6,-4.9,8.1,-3.2,4.9,False
SOCB,SOCB,2022-Q2,50044449000000.0,39417276000000.0,3756601000000.0,-15283722000000.0,-15062724000000.0,19698003000000.0,3822374207000000.0,0.0313304617407355,43173877000000.0,12827431000000.0,6870572000000.0,38117339750000.0,14691208500000.0,-13609552750000.0,-15717234500000.0,5900656000000.0,33596706500000.0,4520633250000.0,3441996606250000.0,0.03016420605802647,5056537250000.0,5006794500000.0,-1674169250000.0,654510500000.0,969916000000.0,5820569500000.0,-764032250000.0,10.472416965725438,False,34.0802085818876,34.4,-7.0,6.6,39.6,-5.2,-11.4,4.5,5.2,34.4,34.0,34.4,-7.0,6.6,34.0,39.6,-5.2,-11.4,4.5,5.2,34.4,34.0802085818876,40211693000000.0,20286253000000.0,-12652219000000.0,-14091894000000.0,6818673000000.0,34947644000000.0,5264049000000.0,3676332989000000.0,0.029429152748017,-588250000000.0,3.895103894119298,-2.8997469370021167,14.5,-14.5,0.3,14.5,-7.4,-13.0,-4.8,1.9,12.6,0.3,38431242000000.0,12395555000000.0,-13031514000000.0,-18851293000000.0,5847120000000.0,34904303000000.0,3526939000000.0,3295974318000000.0,0.0331983647454873,7302448000000.0,14.789944244827492,58.91182766725653,38.2,12.4,8.2,36.4,1.8,-18.1,30.6,7.4,29.0,58.8,False
SOCB,SOCB,2022-Q3,51593131000000.0,40686012000000.0,4008968000000.0,-16669193000000.0,-16527769000000.0,18396169000000.0,3870286405000000.0,0.0309354683301436,44694980000000.0,11498018000000.0,6898151000000.0,39302998500000.0,16516820500000.0,-14172604750000.0,-14770092250000.0,6156519000000.0,34724949750000.0,4578048750000.0,3573596578500000.0,0.029697230306838525,5391981500000.0,1879348500000.0,-2496588250000.0,-1757676750000.0,741632000000.0,5961062250000.0,-569080750000.0,7.971372660146277,False,11.378391500955042,32.6,-25.8,4.5,36.1,-3.4,-15.1,-10.6,4.0,32.1,11.3,32.6,-25.8,4.5,11.3,36.1,-3.4,-15.1,-10.6,4.0,32.1,11.378391500955042,43173877000000.0,19698003000000.0,-15283722000000.0,-15062724000000.0,6870572000000.0,39417276000000.0,3756601000000.0,3822374207000000.0,0.0313304617407355,-1301834000000.0,1.2456599976673974,-6.608964370652193,7.7,-14.5,0.1,6.4,1.3,-7.0,-7.4,0.6,5.8,-6.7,36380203000000.0,11472318000000.0,-13720119000000.0,-15562582000000.0,4374816000000.0,32504313000000.0,3875890000000.0,3349628753000000.0,0.0296891161730537,6923851000000.0,14.422819121997223,60.35267676506177,72.5,-34.1,22.0,71.3,1.1,-25.7,-8.4,7.2,64.1,60.4,False
SOCB,SOCB,2022-Q4,53588028000000.0,42189429000000.0,5557435000000.0,-18506084000000.0,-11932668000000.0,23149276000000.0,3942116503000000.0,0.0308907035844589,47746864000000.0,17308112000000.0,5841164000000.0,41381692750000.0,18247783250000.0,-14909873250000.0,-15011389000000.0,6787352750000.0,36770374500000.0,4611318250000.0,3703760991500000.0,0.030008818346111,6365171250000.0,4901492750000.0,-3596210750000.0,3078721000000.0,-946188750000.0,5419054500000.0,946116750000.0,6.234876550702234,False,26.86075718265669,34.9,-2.8,-5.2,29.7,5.2,-19.7,16.9,3.1,26.6,26.9,34.9,-2.8,-5.2,26.9,29.7,5.2,-19.7,16.9,3.1,26.6,26.86075718265669,44694980000000.0,18396169000000.0,-16669193000000.0,-16527769000000.0,6898151000000.0,40686012000000.0,4008968000000.0,3870286405000000.0,0.0309354683301436,4753107000000.0,1.838873361906234,25.83748279329245,16.6,15.0,-5.7,8.2,8.4,-10.0,25.0,0.9,7.3,25.9,37446221000000.0,14610708000000.0,-15034359000000.0,-14363169000000.0,6562015000000.0,32030566000000.0,5415655000000.0,3446050365000000.0,0.0283401905655479,8538568000000.0,13.428666321779673,58.44048077615403,70.5,-7.1,-4.9,69.5,1.0,-23.8,16.7,6.7,62.8,58.5,False
SOCB,SOCB,2023-Q1,52813615000000.0,40805310000000.0,4974416000000.0,-14419914000000.0,-14272443000000.0,24121258000000.0,4104342919000000.0,0.0289852378768684,45779726000000.0,17087369000000.0,7033889000000.0,43956853500000.0,20382425250000.0,-15777804500000.0,-14403763750000.0,6607140000000.0,39310090250000.0,4646763250000.0,3827777526000000.0,0.03064644660083875,1822872500000.0,3738832750000.0,1357890500000.0,131320750000.0,426749000000.0,1495219750000.0,327652750000.0,6.97330291232107,False,18.34341450608288,9.0,7.3,2.1,7.3,1.6,6.7,0.6,3.5,3.8,18.4,9.0,7.3,2.1,18.4,7.3,1.6,6.7,0.6,3.5,3.8,18.34341450608288,47746864000000.0,23149276000000.0,-18506084000000.0,-11932668000000.0,5841164000000.0,42189429000000.0,5557435000000.0,3942116503000000.0,0.0308907035844589,971982000000.0,4.032243437565924,4.19875766309063,-8.5,7.5,5.2,-6.0,-2.5,17.7,-10.1,2.0,-8.0,4.2,40211693000000.0,20286253000000.0,-12652219000000.0,-14091894000000.0,6818673000000.0,34947644000000.0,5264049000000.0,3676332989000000.0,0.029429152748017,3835005000000.0,11.001870147551712,18.904452192329455,27.4,-9.6,1.1,28.9,-1.4,-8.7,-0.9,5.5,23.4,18.9,False
SOCB,SOCB,2023-Q2,52499267000000.0,40325239000000.0,5080206000000.0,-16773128000000.0,-12947628000000.0,22778511000000.0,4166151755000000.0,0.0286296088709755,45405445000000.0,15684689000000.0,7093822000000.0,45348861750000.0,21341176500000.0,-16219728250000.0,-14448901000000.0,6660944000000.0,40774506750000.0,4574355000000.0,3934780008500000.0,0.030535467883051597,56583250000.0,1437334500000.0,-553399750000.0,1501273000000.0,432878000000.0,-449267750000.0,505851000000.0,5.712225537869141,False,6.735029345734524,0.3,4.4,2.0,-2.1,2.4,-2.6,7.0,2.9,-5.0,6.7,0.3,4.4,2.0,6.7,-2.1,2.4,-2.6,7.0,2.9,-5.0,6.735029345734524,45779726000000.0,24121258000000.0,-14419914000000.0,-14272443000000.0,7033889000000.0,40805310000000.0,4974416000000.0,4104342919000000.0,0.0289852378768684,-1342747000000.0,1.4946829285631191,-5.566654110660398,-1.6,-4.3,0.3,-2.0,0.4,-9.8,5.5,0.7,-2.7,-5.6,43173877000000.0,19698003000000.0,-15283722000000.0,-15062724000000.0,6870572000000.0,39417276000000.0,3756601000000.0,3822374207000000.0,0.0313304617407355,3080508000000.0,8.606783019427834,15.638681748601622,11.3,3.2,1.1,4.6,6.7,-7.6,10.7,4.3,0.3,15.6,False
SOCB,SOCB,2023-Q3,51057292000000.0,39466651000000.0,4470434000000.0,-16358841000000.0,-14883549000000.0,19814902000000.0,4229562762000000.0,0.0280516456757768,43937085000000.0,12694695000000.0,7120207000000.0,45906753750000.0,22111303500000.0,-16592079750000.0,-13920127000000.0,6716756500000.0,41001497500000.0,4905256250000.0,4020724395500000.0,0.0298602546656116,-1969668750000.0,-2296401500000.0,233238750000.0,-963422000000.0,403450500000.0,-1534846500000.0,-434822250000.0,5.062572065995389,False,-10.385645061585809,-8.9,-3.3,1.8,-6.9,-2.0,1.1,-4.4,2.5,-9.4,-10.4,-8.9,-3.3,1.8,-10.4,-6.9,-2.0,1.1,-4.4,2.5,-9.4,-10.385645061585809,45405445000000.0,22778511000000.0,-16773128000000.0,-12947628000000.0,7093822000000.0,40325239000000.0,5080206000000.0,4166151755000000.0,0.0286296088709755,-2963609000000.0,1.510556531468589,-13.010547528765159,-6.4,-6.7,0.1,-3.8,-2.7,1.8,-8.5,0.8,-4.6,-13.0,44694980000000.0,18396169000000.0,-16669193000000.0,-16527769000000.0,6898151000000.0,40686012000000.0,4008968000000.0,3870286405000000.0,0.0309354683301436,1418733000000.0,8.87118635403103,7.712111146619711,-4.1,10.6,1.2,-6.6,2.5,1.7,8.9,4.4,-11.0,7.7,False
SOCB,SOCB,2023-Q4,55035891000000.0,42242338000000.0,4980973000000.0,-19886080000000.0,-7870969000000.0,27278842000000.0,4521368464000000.0,0.0287969899070844,47223311000000.0,19466262000000.0,7812580000000.0,45717280000000.0,22465986750000.0,-16514491750000.0,-13509072000000.0,6772270500000.0,40696657250000.0,5020622750000.0,4110543484750000.0,0.0291392990020199,1506031000000.0,4812855250000.0,-3371588250000.0,5638103000000.0,1040309500000.0,1545680750000.0,-39649750000.0,9.518748145003778,False,21.422852704210733,6.7,10.1,4.6,6.9,-0.2,-15.0,25.1,4.8,2.1,21.4,6.7,10.1,4.6,21.4,6.9,-0.2,-15.0,25.1,4.8,2.1,21.422852704210733,43937085000000.0,19814902000000.0,-16358841000000.0,-14883549000000.0,7120207000000.0,39466651000000.0,4470434000000.0,4229562762000000.0,0.0280516456757768,7463940000000.0,6.669134848940704,37.66831650239804,16.6,17.6,3.5,14.0,2.6,-17.8,35.4,3.3,10.7,37.7,47746864000000.0,23149276000000.0,-18506084000000.0,-11932668000000.0,5841164000000.0,42189429000000.0,5557435000000.0,3942116503000000.0,0.0308907035844589,4129566000000.0,13.688261118406025,17.83885595385359,-2.3,11.6,8.5,0.2,-2.5,-6.0,17.6,6.8,-6.6,17.8,False
SOCB,SOCB,2024-Q1,53518521000000.0,42793652000000.0,4913330000000.0,-15254003000000.0,-13946083000000.0,24318435000000.0,4574805744000000.0,0.0281774145654146,47706982000000.0,18506896000000.0,5811539000000.0,45586391750000.0,23498378250000.0,-16859490750000.0,-12493647250000.0,7265124500000.0,40709884500000.0,4876507250000.0,4255356475000000.0,0.028615870582676273,2120590250000.0,820056750000.0,1605487750000.0,-1452435750000.0,-1453585500000.0,2083767500000.0,36822750000.0,7.235411107457028,False,3.489844027853284,9.0,0.7,-6.2,8.9,0.2,6.8,-6.2,3.6,5.3,3.5,9.0,0.7,-6.2,3.5,8.9,0.2,6.8,-6.2,3.6,5.3,3.489844027853284,47223311000000.0,27278842000000.0,-19886080000000.0,-7870969000000.0,7812580000000.0,42242338000000.0,4980973000000.0,4521368464000000.0,0.0287969899070844,-2960407000000.0,1.1749396785519437,-10.852392487921591,1.8,-5.3,-7.3,2.0,-0.2,17.0,-22.3,0.6,1.4,-10.8,45779726000000.0,24121258000000.0,-14419914000000.0,-14272443000000.0,7033889000000.0,40805310000000.0,4974416000000.0,4104342919000000.0,0.0289852378768684,197177000000.0,10.841220568225218,0.8174407819028345,4.1,-2.1,-4.1,4.1,-0.3,-3.5,1.4,5.4,-1.3,-2.1,False
SOCB,SOCB,2024-Q2,56616909000000.0,44084361000000.0,5324105000000.0,-16904137000000.0,-14688019000000.0,25024753000000.0,4823990115000000.0,0.0281058242755487,49408466000000.0,17816310000000.0,7208443000000.0,46068205750000.0,23547672500000.0,-17068013000000.0,-12412057250000.0,6959537000000.0,41206970000000.0,4861235750000.0,4372972181250000.0,0.028413914754812825,3340260250000.0,1477080500000.0,163876000000.0,-2275961750000.0,248906000000.0,2877391000000.0,462869250000.0,9.80797613868439,False,6.272723981531509,14.2,-9.0,1.1,12.2,2.0,0.7,-9.7,4.9,7.3,6.3,14.2,-9.0,1.1,6.3,12.2,2.0,0.7,-9.7,4.9,7.3,6.272723981531509,47706982000000.0,24318435000000.0,-15254003000000.0,-13946083000000.0,5811539000000.0,42793652000000.0,4913330000000.0,4574805744000000.0,0.0281774145654146,706318000000.0,5.30247437519113,2.9044549947395875,7.0,-9.8,5.7,5.3,1.7,-6.8,-3.0,2.7,2.6,2.9,45405445000000.0,22778511000000.0,-16773128000000.0,-12947628000000.0,7093822000000.0,40325239000000.0,5080206000000.0,4166151755000000.0,0.0286296088709755,2246242000000.0,14.634660264821827,9.861232808413158,17.6,-8.2,0.5,16.5,1.1,-0.6,-7.6,7.3,9.2,9.9,False
SOCB,SOCB,2024-Q3,56010839000000.0,43144874000000.0,4548687000000.0,-18213568000000.0,-14047369000000.0,23749902000000.0,4959598349000000.0,0.0263602010780583,47693561000000.0,15432624000000.0,8317278000000.0,47068961000000.0,24109233000000.0,-17100765250000.0,-12847155000000.0,6988192250000.0,42146750500000.0,4922210500000.0,4537431771250000.0,0.028282968605956124,624600000000.0,-359331000000.0,-1112802750000.0,-1200214000000.0,1329085750000.0,998123500000.0,-373523500000.0,8.890496763821718,False,-1.4904289987159691,2.6,-7.5,5.5,4.1,-1.5,-4.6,-5.0,4.4,-0.3,0.6,2.6,-7.5,5.5,0.6,4.1,-1.5,-4.6,-5.0,4.4,-0.3,-1.4904289987159691,49408466000000.0,25024753000000.0,-16904137000000.0,-14688019000000.0,7208443000000.0,44084361000000.0,5324105000000.0,4823990115000000.0,0.0281058242755487,-1274851000000.0,2.7721573633026027,-5.094359972304222,-6.9,-2.7,4.4,-3.8,-3.1,-5.2,2.6,1.4,-5.2,-5.2,43937085000000.0,19814902000000.0,-16358841000000.0,-14883549000000.0,7120207000000.0,39466651000000.0,4470434000000.0,4229562762000000.0,0.0280516456757768,3935000000000.0,15.889058384798624,19.858791125991942,19.0,-5.1,6.0,18.6,0.4,-9.4,4.2,7.9,10.7,19.9,True
SOCB,SOCB,2024-Q4,65401776000000.0,45793218000000.0,4120872000000.0,-23168401000000.0,-9341536000000.0,32891839000000.0,5227236033000000.0,0.0266175875459662,49914090000000.0,17404153000000.0,15487686000000.0,48008080000000.0,25092983000000.0,-17564447000000.0,-12638110000000.0,7287460000000.0,43066306250000.0,4941773750000.0,4719940668000000.0,0.0278601074565265,1906010000000.0,7798856000000.0,-5603954000000.0,3296574000000.0,8200226000000.0,2726911750000.0,-820901750000.0,10.199785934213898,False,31.079828173477818,7.6,-9.2,32.7,10.9,-3.3,-22.3,13.1,5.1,5.8,31.1,7.6,-9.2,32.7,31.1,10.9,-3.3,-22.3,13.1,5.1,5.8,31.079828173477818,47693561000000.0,23749902000000.0,-18213568000000.0,-14047369000000.0,8317278000000.0,43144874000000.0,4548687000000.0,4959598349000000.0,0.0263602010780583,9141937000000.0,5.254580058215381,38.492525148103766,9.4,-1.0,30.2,11.2,-1.8,-20.9,19.8,2.6,8.6,38.6,47223311000000.0,27278842000000.0,-19886080000000.0,-7870969000000.0,7812580000000.0,42242338000000.0,4980973000000.0,4521368464000000.0,0.0287969899070844,5612997000000.0,14.481407451029963,20.576375639405807,9.9,-17.4,28.1,13.0,-3.1,-12.0,-5.4,7.2,5.8,20.6,False
SOCB,SOCB,2025-Q1,55616519000000.0,43107952000000.0,3955391000000.0,-17078478000000.0,-13441785000000.0,25096256000000.0,5374179747000000.0,0.0238219994446124,47063343000000.0,16543080000000.0,8553176000000.0,48680774750000.0,26496232250000.0,-18385027250000.0,-13005751750000.0,9206236500000.0,43954026250000.0,4726748500000.0,4896407560250000.0,0.027315256866246952,-1617431750000.0,-1399976250000.0,1306549250000.0,-436033250000.0,-653060500000.0,-846074250000.0,-771357500000.0,9.303697489874624,False,-5.283680474985268,-6.1,3.3,-2.5,-3.2,-2.9,4.9,-1.6,4.7,-7.9,-5.3,-6.1,3.3,-2.5,-5.3,-3.2,-2.9,4.9,-1.6,4.7,-7.9,-5.283680474985268,49914090000000.0,32891839000000.0,-23168401000000.0,-9341536000000.0,15487686000000.0,45793218000000.0,4120872000000.0,5227236033000000.0,0.0266175875459662,-7795583000000.0,2.772152645446003,-23.70066021544128,-8.7,6.0,-21.1,-8.2,-0.5,18.5,-12.5,1.4,-9.6,-23.8,47706982000000.0,24318435000000.0,-15254003000000.0,-13946083000000.0,5811539000000.0,42793652000000.0,4913330000000.0,4574805744000000.0,0.0281774145654146,777821000000.0,16.069457608981853,3.1984829615886055,-2.6,-5.4,11.3,1.3,-3.9,-7.5,2.1,8.0,-6.7,3.3,False
SOCB,SOCB,2025-Q2,60875229000000.0,44994539000000.0,4182579000000.0,-19238988000000.0,-9880461000000.0,31755780000000.0,5635000585000000.0,0.023906031035998,49177118000000.0,20057669000000.0,11698111000000.0,48519865000000.0,26690687500000.0,-18841146000000.0,-12879677250000.0,9891645750000.0,44032601250000.0,4487263750000.0,5096251061000000.0,0.0262264030860464,657253000000.0,5065092500000.0,-397842000000.0,2999216250000.0,1806465250000.0,961937750000.0,-304684750000.0,10.040758371383737,False,18.977002746744535,2.5,9.8,6.8,3.6,-1.1,-1.5,11.2,5.0,-1.4,19.1,2.5,9.8,6.8,19.1,3.6,-1.1,-1.5,11.2,5.0,-1.4,18.977002746744535,47063343000000.0,25096256000000.0,-17078478000000.0,-13441785000000.0,8553176000000.0,43107952000000.0,3955391000000.0,5374179747000000.0,0.0238219994446124,6659524000000.0,4.738242632685036,26.535926315064685,8.4,5.6,12.5,7.5,0.9,-8.6,14.2,2.4,5.1,26.5,49408466000000.0,25024753000000.0,-16904137000000.0,-14688019000000.0,7208443000000.0,44084361000000.0,5324105000000.0,4823990115000000.0,0.0281058242755487,6731027000000.0,15.508388777896132,26.897476270794762,-0.9,9.9,17.9,3.6,-4.6,-9.3,19.2,7.8,-4.2,26.9,False
SSB,Private_3,2020-Q4,1399753000000.0,976644000000.0,67111000000.0,-590382000000.0,-211771000000.0,597600000000.0,108869236000000.0,0.0082260511865042,1043755000000.0,241602000000.0,355998000000.0,,,,,,,,,,,,,,,,,,False,0.0,,,,,,,,,,,,,,,,,,,,,0.0,,,,,,,,,,,,0.0,,,,,,,,,,,,,,,,,,,,,,0.0,,,,,,,,,,,False
SSB,Private_3,2021-Q1,1440035000000.0,1105391000000.0,123155000000.0,-586143000000.0,-155654000000.0,698238000000.0,111050028000000.0,0.02539375070937,1228546000000.0,486749000000.0,211489000000.0,,,,,,,,,,,,,,,,,,False,0.0,,,,,,,,,,,,,,,,,,,,,0.0,1043755000000.0,597600000000.0,-590382000000.0,-211771000000.0,355998000000.0,976644000000.0,67111000000.0,108869236000000.0,0.0082260511865042,100638000000.0,1.9832660043824082,16.840361445783135,30.9,10.1,-24.2,21.5,9.4,0.7,9.4,1.0,20.5,16.8,,,,,,,,,,,,0.0,,,,,,,,,,,False
SSB,Private_3,2021-Q2,1758990000000.0,1325011000000.0,346028000000.0,-638549000000.0,-262311000000.0,858130000000.0,111578130000000.0,0.0299132850695892,1671039000000.0,770179000000.0,87951000000.0,,,,,,,,,,,,,,,,,,False,0.0,,,,,,,,,,,,,,,,,,,,,0.0,1228546000000.0,698238000000.0,-586143000000.0,-155654000000.0,211489000000.0,1105391000000.0,123155000000.0,111050028000000.0,0.02539375070937,159892000000.0,0.47442516233728177,22.899355234175168,63.4,-22.8,-17.7,31.5,31.9,-7.5,-15.3,0.2,31.3,22.9,,,,,,,,,,,,0.0,,,,,,,,,,,False
SSB,Private_3,2021-Q3,1949404000000.0,1418343000000.0,343134000000.0,-595410000000.0,-380027000000.0,973967000000.0,112580576000000.0,0.0309233432705328,1761477000000.0,786040000000.0,187927000000.0,,,,,,,,,,,,,,,,,,False,0.0,,,,,,,,,,,,,,,,,,,,,0.0,1671039000000.0,858130000000.0,-638549000000.0,-262311000000.0,87951000000.0,1325011000000.0,346028000000.0,111578130000000.0,0.0299132850695892,115837000000.0,0.8944073758170249,13.498770582545768,10.5,-8.7,11.6,10.9,-0.3,5.0,-13.7,0.4,10.5,13.4,,,,,,,,,,,,0.0,,,,,,,,,,,False
SSB,Private_3,2021-Q4,1887361000000.0,1337348000000.0,333570000000.0,-709312000000.0,-439846000000.0,738203000000.0,127588159000000.0,0.0272348002963941,1670918000000.0,521760000000.0,216443000000.0,1426204250000.0,781983750000.0,-602621000000.0,-252440750000.0,210841250000.0,1206347250000.0,219857000000.0,111019492500000.0,0.02361410755899905,244713750000.0,-43780750000.0,-106691000000.0,-187405250000.0,5601750000.0,131000750000.0,113713000000.0,13.887791439915329,True,-5.598677721883607,-4342.5,4436.4,-99.4,-2324.7,-2017.9,1893.3,3325.6,6.9,-2331.6,-5.5,-4342.5,4436.4,-99.4,-5.5,-2324.7,-2017.9,1893.3,3325.6,6.9,-2331.6,-5.598677721883607,1761477000000.0,973967000000.0,-595410000000.0,-380027000000.0,187927000000.0,1418343000000.0,343134000000.0,112580576000000.0,0.0309233432705328,-235764000000.0,12.497532620138921,-24.206569627102358,-9.3,-17.8,2.9,-8.3,-1.0,-11.7,-6.1,6.2,-14.5,-24.2,1043755000000.0,597600000000.0,-590382000000.0,-211771000000.0,355998000000.0,976644000000.0,67111000000.0,108869236000000.0,0.0082260511865042,140603000000.0,15.832808273981028,23.527945113788487,105.0,-58.1,-23.4,60.3,44.6,-19.9,-38.2,7.9,52.4,23.5,True
SSB,Private_3,2022-Q1,2322424000000.0,1564572000000.0,274207000000.0,-657821000000.0,-358204000000.0,1306399000000.0,145836833000000.0,0.0291879714069824,1838779000000.0,822754000000.0,483645000000.0,1582995000000.0,817134500000.0,-632353500000.0,-309459500000.0,175952500000.0,1296523250000.0,286471750000.0,115699223250000.0,0.028366294836471524,255784000000.0,489264500000.0,-25467500000.0,-48744500000.0,307692500000.0,268048750000.0,-12264750000.0,23.046619408523714,False,59.87563858826178,31.3,-9.1,37.7,32.8,-1.5,-3.1,-6.0,11.5,21.3,59.9,31.3,-9.1,37.7,59.9,32.8,-1.5,-3.1,-6.0,11.5,21.3,59.87563858826178,1670918000000.0,738203000000.0,-709312000000.0,-439846000000.0,216443000000.0,1337348000000.0,333570000000.0,127588159000000.0,0.0272348002963941,568196000000.0,13.34821214880021,76.97015590562486,22.7,18.0,36.2,30.8,-8.0,7.0,11.1,6.7,24.1,76.9,1228546000000.0,698238000000.0,-586143000000.0,-155654000000.0,211489000000.0,1105391000000.0,123155000000.0,111050028000000.0,0.02539375070937,608161000000.0,27.08336647859931,87.09938445057416,87.4,-39.3,39.0,65.8,21.6,-10.3,-29.0,13.5,52.3,87.1,False
SSB,Private_3,2022-Q2,2706747000000.0,1727625000000.0,489652000000.0,-868356000000.0,-338504000000.0,1499887000000.0,146783660000000.0,0.0309806272316584,2217277000000.0,1010417000000.0,489470000000.0,1735553250000.0,969174750000.0,-650273000000.0,-360097000000.0,243991500000.0,1411318500000.0,324234750000.0,124395924500000.0,0.029314850010874624,481723750000.0,530712250000.0,-218083000000.0,21593000000.0,245478500000.0,316306500000.0,165417250000.0,16.51137237434627,False,54.7591907444968,49.7,-20.3,25.4,32.6,17.1,-22.5,2.2,8.3,24.3,54.8,49.7,-20.3,25.4,54.8,32.6,17.1,-22.5,2.2,8.3,24.3,54.7591907444968,1838779000000.0,1306399000000.0,-657821000000.0,-358204000000.0,483645000000.0,1564572000000.0,274207000000.0,145836833000000.0,0.0291879714069824,193488000000.0,0.6471364942987776,14.810789046837911,29.0,-14.6,0.4,12.5,16.5,-16.1,1.5,0.3,12.2,14.8,1671039000000.0,858130000000.0,-638549000000.0,-262311000000.0,87951000000.0,1325011000000.0,346028000000.0,111578130000000.0,0.0299132850695892,641757000000.0,27.252892155608617,74.7855220071551,63.6,-35.7,46.8,46.9,16.8,-26.8,-8.9,13.6,33.3,74.7,False
SSB,Private_3,2022-Q3,2252799000000.0,1784555000000.0,326097000000.0,-883525000000.0,-159221000000.0,1210053000000.0,149975841000000.0,0.0322566315266622,2110652000000.0,1067906000000.0,142147000000.0,1872112750000.0,1129614000000.0,-707724750000.0,-379145250000.0,344371250000.0,1511972000000.0,360140750000.0,133197307000000.0,0.02958168555139192,238539250000.0,80439000000.0,-175800250000.0,219924250000.0,-202224250000.0,272583000000.0,-34043750000.0,11.850370784450226,False,7.120928033823944,21.1,3.9,-17.9,24.1,-3.0,-15.6,19.5,5.9,18.2,7.1,21.1,3.9,-17.9,7.1,24.1,-3.0,-15.6,19.5,5.9,18.2,7.120928033823944,2217277000000.0,1499887000000.0,-868356000000.0,-338504000000.0,489470000000.0,1727625000000.0,489652000000.0,146783660000000.0,0.0309806272316584,-289834000000.0,2.1513589214452815,-19.323722387086494,-7.1,10.9,-23.1,3.8,-10.9,-1.0,12.0,1.1,2.7,-19.3,1761477000000.0,973967000000.0,-595410000000.0,-380027000000.0,187927000000.0,1418343000000.0,343134000000.0,112580576000000.0,0.0309233432705328,236086000000.0,28.485508316484985,24.23963029548229,35.9,-6.9,-4.7,37.6,-1.7,-29.6,22.7,14.2,23.4,24.3,False
SSB,Private_3,2022-Q4,2365277000000.0,1929175000000.0,277361000000.0,-993821000000.0,-318809000000.0,1052647000000.0,153955992000000.0,0.034927601731104,2206536000000.0,893906000000.0,158741000000.0,1959406500000.0,1188635500000.0,-779753500000.0,-323943750000.0,332926250000.0,1603525000000.0,355881500000.0,142546123250000.0,0.029915007615424274,247129500000.0,-135988500000.0,-214067500000.0,5134750000.0,-174185250000.0,325650000000.0,-78520500000.0,7.696315245764507,False,-11.440723417734032,20.8,-17.6,-14.7,27.4,-6.6,-18.0,0.4,3.8,23.6,-11.5,20.8,-17.6,-14.7,-11.5,27.4,-6.6,-18.0,0.4,3.8,23.6,-11.440723417734032,2110652000000.0,1210053000000.0,-883525000000.0,-159221000000.0,142147000000.0,1784555000000.0,326097000000.0,149975841000000.0,0.0322566315266622,-157406000000.0,2.6191076865581238,-13.008190550331268,7.9,-22.3,1.4,12.0,-4.0,-9.1,-13.2,1.3,10.7,-13.0,1670918000000.0,738203000000.0,-709312000000.0,-439846000000.0,216443000000.0,1337348000000.0,333570000000.0,127588159000000.0,0.0272348002963941,314444000000.0,18.730868964136285,42.59587132536714,72.5,-22.1,-7.8,80.2,-7.6,-38.5,16.4,9.4,70.8,42.6,False
SSB,Private_3,2023-Q1,2264105000000.0,1796093000000.0,118748000000.0,-830988000000.0,-363221000000.0,1069896000000.0,159281216000000.0,0.0316340421099511,1914841000000.0,720632000000.0,349264000000.0,2093311000000.0,1267246500000.0,-850880750000.0,-293684500000.0,318500750000.0,1751481750000.0,341829250000.0,149138081500000.0,0.03183820797410175,-178470000000.0,-197350500000.0,19892750000.0,-69536500000.0,30763250000.0,44611250000.0,-223081250000.0,6.577496662639924,False,-15.573173806358906,-14.1,-3.9,2.4,3.5,-17.6,1.6,-5.5,3.3,0.2,-15.6,-14.1,-3.9,2.4,-15.6,3.5,-17.6,1.6,-5.5,3.3,0.2,-15.573173806358906,2206536000000.0,1052647000000.0,-993821000000.0,-318809000000.0,158741000000.0,1929175000000.0,277361000000.0,153955992000000.0,0.034927601731104,17249000000.0,3.4001222485676093,1.6386309940559372,-6.9,3.3,5.3,-3.7,-4.4,4.5,-1.2,1.7,-5.4,1.7,1838779000000.0,1306399000000.0,-657821000000.0,-358204000000.0,483645000000.0,1564572000000.0,274207000000.0,145836833000000.0,0.0291879714069824,-236503000000.0,8.812577980268877,-18.103427819525276,5.8,-13.6,-10.3,17.7,-11.9,-13.3,-0.4,4.4,13.3,-18.1,False
SSB,Private_3,2023-Q2,1952397000000.0,1507548000000.0,246266000000.0,-852295000000.0,-153632000000.0,946470000000.0,161889255000000.0,0.0259641916456806,1753814000000.0,747887000000.0,198583000000.0,2112326500000.0,1208120750000.0,-894172500000.0,-294938750000.0,284905500000.0,1809362000000.0,302964500000.0,152499177250000.0,0.03244972564984393,-358512500000.0,-261650750000.0,41877500000.0,141306750000.0,-86322500000.0,-301814000000.0,-56698500000.0,5.973551687508057,False,-21.657665427897005,-29.7,15.2,-7.1,-25.0,-4.7,3.5,11.7,3.0,-28.0,-21.6,-29.7,15.2,-7.1,-21.6,-25.0,-4.7,3.5,11.7,3.0,-28.0,-21.657665427897005,1914841000000.0,1069896000000.0,-830988000000.0,-363221000000.0,349264000000.0,1796093000000.0,118748000000.0,159281216000000.0,0.0316340421099511,-123426000000.0,1.6240839276908492,-11.536261468404406,-15.1,17.6,-14.1,-27.0,11.9,-2.0,19.6,0.8,-27.8,-11.6,2217277000000.0,1499887000000.0,-868356000000.0,-338504000000.0,489470000000.0,1727625000000.0,489652000000.0,146783660000000.0,0.0309806272316584,-553417000000.0,9.787444421548939,-36.8972462592182,-30.9,13.4,-19.4,-14.7,-16.2,1.1,12.3,4.9,-19.6,-36.9,False
SSB,Private_3,2023-Q3,2368283000000.0,1638021000000.0,358018000000.0,-883491000000.0,-344920000000.0,1139872000000.0,168848063000000.0,0.0280591585599188,1996039000000.0,767628000000.0,372244000000.0,1996460750000.0,1069766500000.0,-890157250000.0,-248720750000.0,212183750000.0,1754342750000.0,242118000000.0,156275576000000.0,0.031195616753349475,-421750000.0,70105500000.0,6666250000.0,-96199250000.0,160060250000.0,-116321750000.0,115900000000.0,7.733972859475776,False,6.553345987185054,-0.0,-8.4,15.0,-10.9,10.8,0.6,-9.0,3.9,-14.8,6.6,-0.0,-8.4,15.0,6.6,-10.9,10.8,0.6,-9.0,3.9,-14.8,6.553345987185054,1753814000000.0,946470000000.0,-852295000000.0,-153632000000.0,198583000000.0,1507548000000.0,246266000000.0,161889255000000.0,0.0259641916456806,193402000000.0,4.208057344167011,20.434033830971927,25.6,-23.5,18.3,13.8,11.8,-3.3,-20.2,2.1,11.7,20.4,2110652000000.0,1210053000000.0,-883525000000.0,-159221000000.0,142147000000.0,1784555000000.0,326097000000.0,149975841000000.0,0.0322566315266622,-70181000000.0,11.838649337911626,-5.799828602548814,-9.5,-15.3,19.0,-12.1,2.6,0.0,-15.3,5.9,-18.0,-5.8,False
SSB,Private_3,2023-Q4,2839006000000.0,2215184000000.0,434625000000.0,-1040374000000.0,-338512000000.0,1460120000000.0,179751893000000.0,0.0362238657778995,2649809000000.0,1270923000000.0,189197000000.0,1967807500000.0,1052221250000.0,-890148750000.0,-295145500000.0,269708000000.0,1717709250000.0,250098250000.0,160993631500000.0,0.030146248511663625,682001500000.0,407898750000.0,-150225250000.0,-43366500000.0,-80511000000.0,497474750000.0,184526750000.0,11.010129349475871,False,38.76549252355434,64.8,-18.4,-7.6,47.3,17.5,-14.3,-4.1,5.5,41.8,38.8,64.8,-18.4,-7.6,38.8,47.3,17.5,-14.3,-4.1,5.5,41.8,38.76549252355434,1996039000000.0,1139872000000.0,-883491000000.0,-344920000000.0,372244000000.0,1638021000000.0,358018000000.0,168848063000000.0,0.0280591585599188,320248000000.0,6.255783922129927,28.095084360349233,57.3,-13.2,-16.1,50.6,6.7,-13.8,0.6,3.1,47.5,28.0,2206536000000.0,1052647000000.0,-993821000000.0,-318809000000.0,158741000000.0,1929175000000.0,277361000000.0,153955992000000.0,0.034927601731104,407473000000.0,15.460168704134755,38.709367907760154,42.1,-6.3,2.9,27.2,14.9,-4.4,-1.9,7.7,19.5,38.7,False
SSB,Private_3,2024-Q1,2706480000000.0,2001719000000.0,140632000000.0,-911323000000.0,-288901000000.0,1506256000000.0,181184610000000.0,0.0311942123200225,2142351000000.0,942127000000.0,564129000000.0,2078625750000.0,1154089500000.0,-901787000000.0,-300071250000.0,277322000000.0,1789211500000.0,289414250000.0,167442606750000.0,0.0304703145233625,63725250000.0,352166500000.0,-9536000000.0,11170250000.0,286807000000.0,212507500000.0,-148782250000.0,7.883494225210976,False,30.514661124635484,5.5,0.2,24.8,18.4,-12.9,-0.8,1.0,3.9,14.5,30.5,5.5,0.2,24.8,30.5,18.4,-12.9,-0.8,1.0,3.9,14.5,30.514661124635484,2649809000000.0,1460120000000.0,-1040374000000.0,-338512000000.0,189197000000.0,2215184000000.0,434625000000.0,179751893000000.0,0.0362238657778995,46136000000.0,0.7938886691103116,3.1597402953181932,-4.4,3.2,4.4,-3.8,-4.4,2.3,0.9,0.4,-4.2,3.2,1914841000000.0,1069896000000.0,-830988000000.0,-363221000000.0,349264000000.0,1796093000000.0,118748000000.0,159281216000000.0,0.0316340421099511,436360000000.0,12.866721020041524,40.78527258724212,21.2,-0.6,20.1,19.2,2.0,-7.5,6.9,6.4,12.8,40.7,False
SSB,Private_3,2024-Q2,3305016000000.0,2741576000000.0,191036000000.0,-949315000000.0,-623299000000.0,1732402000000.0,185958901000000.0,0.0416038831925851,2932612000000.0,1359998000000.0,372404000000.0,2135503250000.0,1263179500000.0,-921870750000.0,-281491250000.0,331038250000.0,1840618000000.0,294885250000.0,172918455250000.0,0.030360357075880355,797108750000.0,469222500000.0,-27444250000.0,-341807750000.0,41365750000.0,900958000000.0,-103849250000.0,7.267355001866324,False,37.14614589612957,63.1,-29.2,3.3,71.3,-8.2,-2.2,-27.0,3.6,67.7,37.2,63.1,-29.2,3.3,37.2,71.3,-8.2,-2.2,-27.0,3.6,67.7,37.14614589612957,2142351000000.0,1506256000000.0,-911323000000.0,-288901000000.0,564129000000.0,2001719000000.0,140632000000.0,181184610000000.0,0.0311942123200225,226146000000.0,2.6007764576833283,15.013782517712793,52.5,-24.7,-12.7,49.1,3.3,-2.5,-22.2,1.3,47.8,15.1,1753814000000.0,946470000000.0,-852295000000.0,-153632000000.0,198583000000.0,1507548000000.0,246266000000.0,161889255000000.0,0.0259641916456806,785932000000.0,13.839168375525327,83.03823681680349,124.6,-59.9,18.4,130.4,-5.8,-10.2,-49.7,6.9,123.5,83.1,False
SSB,Private_3,2024-Q3,3178544000000.0,2797217000000.0,247319000000.0,-1129795000000.0,-779182000000.0,1269567000000.0,196889847000000.0,0.0409119186677403,3044536000000.0,1135559000000.0,134008000000.0,2430202750000.0,1459662500000.0,-946125750000.0,-398908000000.0,374493500000.0,2149125000000.0,281077750000.0,178935866750000.0,0.03427027996260648,614333250000.0,-190095500000.0,-183669250000.0,-380274000000.0,-240485500000.0,648092000000.0,-33758750000.0,9.554418227989062,False,-13.023250237640552,42.1,-38.6,-16.5,44.4,-2.3,-12.6,-26.0,4.8,39.6,-13.0,42.1,-38.6,-16.5,-13.0,44.4,-2.3,-12.6,-26.0,4.8,39.6,-13.023250237640552,2932612000000.0,1732402000000.0,-949315000000.0,-623299000000.0,372404000000.0,2741576000000.0,191036000000.0,185958901000000.0,0.0416038831925851,-462835000000.0,5.710320881080692,-26.71637414410743,6.5,-19.4,-13.8,3.2,3.3,-10.4,-9.0,2.9,0.3,-26.7,1996039000000.0,1139872000000.0,-883491000000.0,-344920000000.0,372244000000.0,1638021000000.0,358018000000.0,168848063000000.0,0.0280591585599188,129695000000.0,15.334360061279947,11.378031919373404,56.9,-56.9,-20.9,56.9,-9.7,-21.6,-38.1,7.7,49.2,-20.9,False
SSB,Private_3,2024-Q4,3218959000000.0,2425898000000.0,532708000000.0,-1139785000000.0,-548000000000.0,1531174000000.0,209354643000000.0,0.0324039775785034,2958606000000.0,1270821000000.0,260353000000.0,2692327000000.0,1492086250000.0,-1007701750000.0,-507473500000.0,314934500000.0,2438924000000.0,253403000000.0,185946312750000.0,0.037483469989561854,266279000000.0,39087750000.0,-132083250000.0,-40526500000.0,-54581500000.0,-13026000000.0,279305000000.0,11.843295549633895,True,2.6196709473061626,28.7,-19.8,-6.3,-1.5,28.7,-15.2,-4.7,5.9,-7.4,2.6,28.7,-19.8,-6.3,2.6,-1.5,28.7,-15.2,-4.7,5.9,-7.4,2.6196709473061626,3044536000000.0,1269567000000.0,-1129795000000.0,-779182000000.0,134008000000.0,2797217000000.0,247319000000.0,196889847000000.0,0.0409119186677403,261607000000.0,6.136598184999383,20.606001888832964,-6.8,17.4,10.0,-29.2,22.5,-0.8,18.2,3.1,-32.3,20.6,2649809000000.0,1460120000000.0,-1040374000000.0,-338512000000.0,189197000000.0,2215184000000.0,434625000000.0,179751893000000.0,0.0362238657778995,71054000000.0,15.215755717863347,4.866312357888393,21.1,-21.2,4.9,14.4,6.7,-6.8,-14.3,7.6,6.8,4.8,True
SSB,Private_3,2025-Q1,5819847000000.0,2450482000000.0,175450000000.0,-1033934000000.0,-435557000000.0,4350356000000.0,213048049000000.0,0.0303253911611666,2625932000000.0,1156441000000.0,3193915000000.0,2769526250000.0,1509849750000.0,-1032554500000.0,-559845500000.0,332723500000.0,2491602500000.0,277923750000.0,193347000250000.0,0.03652849793971283,-143594250000.0,2840506250000.0,-1379500000.0,124288500000.0,2861191500000.0,-41120500000.0,-102473750000.0,9.69551611731402,False,188.13171641747797,-9.6,8.1,189.4,-2.6,-6.8,-0.0,8.3,4.8,-7.4,187.9,-9.6,8.1,189.4,187.9,-2.6,-6.8,-0.0,8.3,4.8,-7.4,188.13171641747797,2958606000000.0,1531174000000.0,-1139785000000.0,-548000000000.0,260353000000.0,2425898000000.0,532708000000.0,209354643000000.0,0.0324039775785034,2819182000000.0,1.7487606352660272,184.1189832115749,-21.7,14.2,191.7,1.7,-23.4,7.0,7.4,0.9,0.8,184.2,2142351000000.0,1506256000000.0,-911323000000.0,-288901000000.0,564129000000.0,2001719000000.0,140632000000.0,181184610000000.0,0.0311942123200225,2844100000000.0,16.164789127731805,188.8191648697167,32.1,-17.9,174.7,29.8,2.3,-8.1,-9.8,8.1,21.7,188.9,False
SSB,Private_3,2025-Q2,2692477000000.0,2464389000000.0,172008000000.0,-967924000000.0,-218673000000.0,1505880000000.0,220570565000000.0,0.0282659515324539,2636397000000.0,1449800000000.0,56080000000.0,2890421500000.0,2220874750000.0,-1063207250000.0,-596509500000.0,990170000000.0,2603793250000.0,286628250000.0,201312860000000.0,0.03631129264999885,-254024500000.0,-714994750000.0,95283250000.0,377836500000.0,-934090000000.0,-139404250000.0,-114620250000.0,9.129396349240313,False,-32.19428515723365,-11.4,21.3,-42.0,-6.3,-5.2,4.3,17.0,4.6,-10.9,-32.1,-11.4,21.3,-42.0,-32.1,-6.3,-5.2,4.3,17.0,4.6,-10.9,-32.19428515723365,2625932000000.0,4350356000000.0,-1033934000000.0,-435557000000.0,3193915000000.0,2450482000000.0,175450000000.0,213048049000000.0,0.0303253911611666,-2844476000000.0,3.469646254623193,-65.38490183332122,0.3,6.5,-72.1,0.3,-0.1,1.5,5.0,1.7,-1.4,-65.3,2932612000000.0,1732402000000.0,-949315000000.0,-623299000000.0,372404000000.0,2741576000000.0,191036000000.0,185958901000000.0,0.0416038831925851,-226522000000.0,17.02787467809283,-13.075602544905859,-17.1,22.3,-18.3,-16.0,-1.1,-1.1,23.4,8.5,-24.5,-13.1,False
STB,Private_1,2018-Q1,2343487000000.0,1671855000000.0,544312000000.0,-1758717000000.0,-81003000000.0,503767000000.0,229440983000000.0,0.0193000162419335,2216167000000.0,376447000000.0,127320000000.0,,,,,,,,,,,,,,,,,,False,0.0,,,,,,,,,,,,,,,,,,,,,0.0,,,,,,,,,,,,0.0,,,,,,,,,,,,,,,,,,,,,,0.0,,,,,,,,,,,False
STB,Private_1,2018-Q2,2669449000000.0,1781696000000.0,589468000000.0,-1743875000000.0,-433271000000.0,492303000000.0,246691059000000.0,0.0213950712634549,2371164000000.0,194018000000.0,298285000000.0,,,,,,,,,,,,,,,,,,False,0.0,,,,,,,,,,,,,,,,,,,,,0.0,2216167000000.0,503767000000.0,-1758717000000.0,-81003000000.0,127320000000.0,1671855000000.0,544312000000.0,229440983000000.0,0.0193000162419335,-11464000000.0,7.2459210800183875,-2.2756552136205825,-4.6,7.5,-5.1,-3.3,-1.4,-0.4,7.5,3.6,-6.9,-2.2,,,,,,,,,,,,0.0,,,,,,,,,,,False
STB,Private_1,2018-Q3,2946011000000.0,2070205000000.0,626483000000.0,-1963458000000.0,-664122000000.0,318431000000.0,253391900000000.0,0.0239937754603747,2696688000000.0,69108000000.0,249323000000.0,,,,,,,,,,,,,,,,,,False,0.0,,,,,,,,,,,,,,,,,,,,,0.0,2371164000000.0,492303000000.0,-1743875000000.0,-433271000000.0,298285000000.0,1781696000000.0,589468000000.0,246691059000000.0,0.0213950712634549,-173872000000.0,2.679891757719343,-35.31808662551315,66.1,-91.5,-10.0,58.6,7.5,-44.6,-46.9,1.3,57.3,-35.4,,,,,,,,,,,,0.0,,,,,,,,,,,False
STB,Private_1,2018-Q4,3717988000000.0,2110038000000.0,921881000000.0,-2371780000000.0,-413718000000.0,932490000000.0,256622753000000.0,0.0242506018383133,3031919000000.0,246421000000.0,686069000000.0,,,,,,,,,,,,,,,,,,False,0.0,,,,,,,,,,,,,,,,,,,,,0.0,2696688000000.0,318431000000.0,-1963458000000.0,-664122000000.0,249323000000.0,2070205000000.0,626483000000.0,253391900000000.0,0.0239937754603747,614059000000.0,1.2669647748336361,192.83895098153133,105.3,-49.6,137.1,12.5,92.8,-128.2,78.7,0.6,11.9,192.8,,,,,,,,,,,,0.0,,,,,,,,,,,False
STB,Private_1,2019-Q1,3541709000000.0,2457858000000.0,642123000000.0,-2050281000000.0,-429984000000.0,1061444000000.0,271020322000000.0,0.0273485070830327,3099981000000.0,619716000000.0,441728000000.0,2578984500000.0,561747750000.0,-1959457500000.0,-398028500000.0,340249250000.0,1908448500000.0,670536000000.0,246536673750000.0,0.0222348662010191,520996500000.0,499696250000.0,-90823500000.0,-31955500000.0,101478750000.0,549409500000.0,-28413000000.0,9.461237487291756,False,88.95384983740477,92.8,-21.9,18.1,97.8,-5.1,-16.2,-5.7,4.7,93.1,89.0,92.8,-21.9,18.1,89.0,97.8,-5.1,-16.2,-5.7,4.7,93.1,88.95384983740477,3031919000000.0,932490000000.0,-2371780000000.0,-413718000000.0,686069000000.0,2110038000000.0,921881000000.0,256622753000000.0,0.0242506018383133,128954000000.0,5.457313734289036,13.828995485206274,7.3,32.7,-26.2,37.3,-30.0,34.5,-1.7,2.7,34.6,13.8,2216167000000.0,503767000000.0,-1758717000000.0,-81003000000.0,127320000000.0,1671855000000.0,544312000000.0,229440983000000.0,0.0193000162419335,557677000000.0,16.61640513845521,110.70137583446315,175.5,-127.2,62.4,156.0,19.4,-57.9,-69.3,8.3,147.7,110.7,False
STB,Private_1,2019-Q2,3300792000000.0,2022480000000.0,741592000000.0,-2284831000000.0,-616179000000.0,399782000000.0,279420154000000.0,0.0214339118864364,2764072000000.0,-136938000000.0,536720000000.0,2799938000000.0,701167000000.0,-2032348500000.0,-485273750000.0,418851250000.0,2104949250000.0,694988750000.0,256931508500000.0,0.0242469889112939,-35866000000.0,-301385000000.0,-252482500000.0,-130905250000.0,117868750000.0,-82469250000.0,46603250000.0,8.385783832636111,False,-42.9833406306914,-5.1,-54.7,16.8,-11.8,6.7,-36.0,-18.7,4.2,-16.0,-43.0,-5.1,-54.7,16.8,-43.0,-11.8,6.7,-36.0,-18.7,4.2,-16.0,-42.9833406306914,3099981000000.0,1061444000000.0,-2050281000000.0,-429984000000.0,441728000000.0,2457858000000.0,642123000000.0,271020322000000.0,0.0273485070830327,-661662000000.0,3.0520400901622646,-62.33602526369738,-31.7,-39.6,9.0,-41.0,9.4,-22.1,-17.5,1.5,-42.5,-62.3,2371164000000.0,492303000000.0,-1743875000000.0,-433271000000.0,298285000000.0,1781696000000.0,589468000000.0,246691059000000.0,0.0213950712634549,-92521000000.0,12.4418922050232,-18.79350725061598,79.8,-94.0,48.4,48.9,30.9,-94.0,-37.2,6.2,42.7,34.2,False
STB,Private_1,2019-Q3,4018619000000.0,2924826000000.0,747254000000.0,-2351354000000.0,-637428000000.0,1029837000000.0,290476749000000.0,0.0299401755482334,3672080000000.0,683298000000.0,346539000000.0,2898165000000.0,678036750000.0,-2167587500000.0,-531000750000.0,478460000000.0,2165145250000.0,733019750000.0,265113782250000.0,0.024256699067039273,773915000000.0,351800250000.0,-183766500000.0,-106427250000.0,-131921000000.0,759680750000.0,14234250000.0,9.130093233567864,False,51.88513012015942,114.1,-42.8,-19.5,112.0,2.1,-27.1,-15.7,4.6,107.4,51.8,114.1,-42.8,-19.5,51.8,112.0,2.1,-27.1,-15.7,4.6,107.4,51.88513012015942,2764072000000.0,399782000000.0,-2284831000000.0,-616179000000.0,536720000000.0,2022480000000.0,741592000000.0,279420154000000.0,0.0214339118864364,630055000000.0,3.880208838404584,157.5996418047836,227.1,-21.9,-47.6,225.7,1.4,-16.7,-5.4,1.9,223.8,157.6,2696688000000.0,318431000000.0,-1963458000000.0,-664122000000.0,249323000000.0,2070205000000.0,626483000000.0,253391900000000.0,0.0239937754603747,711406000000.0,13.637428474021124,223.40978108287194,306.3,-113.5,30.6,268.3,38.0,-121.8,8.5,6.8,261.5,223.4,False
STB,Private_1,2019-Q4,3774218000000.0,1775524000000.0,1192021000000.0,-2579237000000.0,-469298000000.0,725683000000.0,296029774000000.0,0.0177988203225657,2967545000000.0,-80990000000.0,806673000000.0,3142013000000.0,855888250000.0,-2264561500000.0,-524327250000.0,502764000000.0,2378800500000.0,763212500000.0,274384994500000.0,0.02574329908900395,-174468000000.0,-130205250000.0,-314675500000.0,55029250000.0,303909000000.0,-603276500000.0,428808500000.0,7.589137131536243,False,-15.212879718818431,-20.4,-30.3,35.5,-70.5,50.1,-36.8,6.4,3.8,-74.3,-15.2,-20.4,-30.3,35.5,-15.2,-70.5,50.1,-36.8,6.4,3.8,-74.3,-15.212879718818431,3672080000000.0,1029837000000.0,-2351354000000.0,-637428000000.0,346539000000.0,2924826000000.0,747254000000.0,290476749000000.0,0.0299401755482334,-304154000000.0,1.8935936028796734,-29.534188420109203,-68.4,-5.8,44.7,-111.6,43.2,-22.1,16.3,0.9,-112.5,-29.5,3031919000000.0,932490000000.0,-2371780000000.0,-413718000000.0,686069000000.0,2110038000000.0,921881000000.0,256622753000000.0,0.0242506018383133,-206807000000.0,14.261047973096483,-22.17793220302631,-6.9,-28.2,12.9,-35.9,29.0,-22.2,-6.0,7.1,-43.0,-22.2,False
STB,Private_1,2020-Q1,3883112000000.0,2839877000000.0,721296000000.0,-2477566000000.0,-417663000000.0,987883000000.0,306298730000000.0,0.0280269363896823,3561173000000.0,665944000000.0,321939000000.0,3125919500000.0,804186500000.0,-2316425750000.0,-538222250000.0,532915000000.0,2295172000000.0,830747500000.0,284236749750000.0,0.02413035371006705,435253500000.0,183696500000.0,-161140250000.0,120559250000.0,-210976000000.0,544705000000.0,-109451500000.0,7.47185597022547,False,22.842524712862,54.1,-5.0,-26.2,67.7,-13.6,-20.0,15.0,3.7,64.0,22.9,54.1,-5.0,-26.2,22.9,67.7,-13.6,-20.0,15.0,3.7,64.0,22.842524712862,2967545000000.0,725683000000.0,-2579237000000.0,-469298000000.0,806673000000.0,1775524000000.0,1192021000000.0,296029774000000.0,0.0177988203225657,262200000000.0,3.4097526289408346,36.13147889643274,81.8,21.1,-66.8,146.7,-64.9,14.0,7.1,1.7,145.0,36.1,3099981000000.0,1061444000000.0,-2050281000000.0,-429984000000.0,441728000000.0,2457858000000.0,642123000000.0,271020322000000.0,0.0273485070830327,-73561000000.0,12.221459824610118,-6.930276114425254,34.7,-34.7,-11.3,34.7,7.5,-34.7,1.2,6.1,28.6,-11.3,False
STB,Private_1,2020-Q2,3561262000000.0,2637199000000.0,697504000000.0,-1973154000000.0,-1147557000000.0,440551000000.0,310694975000000.0,0.0250366880669062,3334703000000.0,213992000000.0,226559000000.0,3241217500000.0,785796250000.0,-2423247000000.0,-535142000000.0,502967750000.0,2390676750000.0,850540750000.0,293056351750000.0,0.024299961036729448,93485500000.0,-345245250000.0,450093000000.0,-612415000000.0,-276408750000.0,246522250000.0,-153036750000.0,5.843009354513191,False,-43.93572125089678,11.9,-20.6,-35.2,31.4,-19.5,57.3,-77.9,2.9,28.5,-43.9,11.9,-20.6,-35.2,-43.9,31.4,-19.5,57.3,-77.9,2.9,28.5,-43.93572125089678,3561173000000.0,987883000000.0,-2477566000000.0,-417663000000.0,321939000000.0,2839877000000.0,721296000000.0,306298730000000.0,0.0280269363896823,-547332000000.0,1.425053437133528,-55.40453677206714,-22.9,-22.8,-9.6,-20.5,-2.4,51.1,-73.9,0.7,-21.2,-55.3,2764072000000.0,399782000000.0,-2284831000000.0,-616179000000.0,536720000000.0,2022480000000.0,741592000000.0,279420154000000.0,0.0214339118864364,40769000000.0,10.599565902673206,10.197807805253865,-11.6,10.2,11.6,-11.6,2.0,-11.6,11.6,5.3,-16.9,10.2,False
STB,Private_1,2020-Q3,4810047000000.0,3035858000000.0,1248883000000.0,-2625228000000.0,-1287560000000.0,897259000000.0,320214546000000.0,0.0278753855011394,4284741000000.0,371953000000.0,525306000000.0,3383875250000.0,795988500000.0,-2345327750000.0,-667986500000.0,425427500000.0,2544356500000.0,839518750000.0,300875057000000.0,0.0252006550818469,900865750000.0,101270500000.0,-279900250000.0,-619573500000.0,99878500000.0,491501500000.0,409364250000.0,6.2276003032689635,False,12.722608429644398,63.6,-63.6,12.5,61.7,51.4,-35.2,-63.6,3.1,58.6,12.5,63.6,-63.6,12.5,12.5,61.7,51.4,-35.2,-63.6,3.1,58.6,12.722608429644398,3334703000000.0,440551000000.0,-1973154000000.0,-1147557000000.0,226559000000.0,2637199000000.0,697504000000.0,310694975000000.0,0.0250366880669062,456708000000.0,3.0177293837351997,103.66745280342118,215.6,-179.8,67.8,90.5,125.1,-148.0,-31.8,1.5,89.0,103.6,3672080000000.0,1029837000000.0,-2351354000000.0,-637428000000.0,346539000000.0,2924826000000.0,747254000000.0,290476749000000.0,0.0299401755482334,-132578000000.0,9.73906038729437,-12.873687777774542,59.5,-64.4,17.4,10.8,48.7,-26.6,-63.1,4.9,5.9,12.5,True
STB,Private_1,2020-Q4,5016448000000.0,3013620000000.0,1076332000000.0,-3939271000000.0,-63590000000.0,1013587000000.0,340268127000000.0,0.0272254757554759,4089952000000.0,87091000000.0,926496000000.0,3537040500000.0,762844000000.0,-2413796250000.0,-830519500000.0,470119250000.0,2572114500000.0,964926000000.0,308309506250000.0,0.024684457570073398,552911500000.0,250743000000.0,-1525474750000.0,766929500000.0,456376750000.0,441505500000.0,111406000000.0,9.854987008989644,False,32.86949887526152,72.5,-99.4,59.8,57.9,14.6,-164.3,100.5,4.9,53.0,32.9,72.5,-99.4,59.8,32.9,57.9,14.6,-164.3,100.5,4.9,53.0,32.86949887526152,4284741000000.0,897259000000.0,-2625228000000.0,-1287560000000.0,525306000000.0,3035858000000.0,1248883000000.0,320214546000000.0,0.0278753855011394,116328000000.0,6.0724018417966885,12.964818408062778,-21.7,-10.0,44.7,-2.5,-19.2,-64.8,64.8,3.0,-5.5,13.0,2967545000000.0,725683000000.0,-2579237000000.0,-469298000000.0,806673000000.0,1775524000000.0,1192021000000.0,296029774000000.0,0.0177988203225657,287904000000.0,13.904918727682555,39.67352135849951,154.7,-131.5,16.5,170.6,-15.9,-187.4,55.9,7.0,163.6,39.7,True
STB,Private_1,2021-Q1,4145339000000.0,3008364000000.0,837409000000.0,-2669373000000.0,-475722000000.0,1000244000000.0,356974593000000.0,0.0266426861614188,3845773000000.0,700678000000.0,299566000000.0,3817642250000.0,834820000000.0,-2753804750000.0,-729092500000.0,500075000000.0,2881638500000.0,936003750000.0,319369094500000.0,0.027041121428300948,28130750000.0,165424000000.0,84431750000.0,253370500000.0,-200509000000.0,126725500000.0,-98594750000.0,11.120233453794155,False,19.815529096092572,3.4,40.5,-24.0,15.2,-11.8,10.1,30.4,5.6,9.6,19.9,3.4,40.5,-24.0,19.9,15.2,-11.8,10.1,30.4,5.6,9.6,19.815529096092572,4089952000000.0,1013587000000.0,-3939271000000.0,-63590000000.0,926496000000.0,3013620000000.0,1076332000000.0,340268127000000.0,0.0272254757554759,-13343000000.0,4.792152150401799,-1.3164138845506108,-1.3,1.3,-1.3,-0.0,-1.3,1.3,-1.3,2.4,-2.4,-1.3,3561173000000.0,987883000000.0,-2477566000000.0,-417663000000.0,321939000000.0,2839877000000.0,721296000000.0,306298730000000.0,0.0280269363896823,12361000000.0,15.28053707053736,1.251261536032101,-14.1,14.1,1.3,-9.5,-6.5,10.8,3.3,7.6,-17.1,1.3,False
STB,Private_1,2021-Q2,4746113000000.0,3148209000000.0,936318000000.0,-2336056000000.0,-985809000000.0,1424248000000.0,361109293000000.0,0.0273889249005005,4084527000000.0,762662000000.0,661586000000.0,3888792250000.0,837910250000.0,-2801756500000.0,-743607250000.0,494481750000.0,2923760250000.0,965032000000.0,332038060250000.0,0.026695058871235074,195734750000.0,586337750000.0,465700500000.0,-242201750000.0,167104250000.0,224448750000.0,-28714000000.0,8.38818257436663,False,69.97619971828725,23.4,26.7,19.9,26.8,-3.4,55.6,-28.9,4.2,22.6,70.0,23.4,26.7,19.9,70.0,26.8,-3.4,55.6,-28.9,4.2,22.6,69.97619971828725,3845773000000.0,1000244000000.0,-2669373000000.0,-475722000000.0,299566000000.0,3008364000000.0,837409000000.0,356974593000000.0,0.0266426861614188,424004000000.0,1.151592475645666,42.390056826134426,23.9,-17.7,36.2,14.0,9.9,33.3,-51.0,0.6,13.4,42.4,3334703000000.0,440551000000.0,-1973154000000.0,-1147557000000.0,226559000000.0,2637199000000.0,697504000000.0,310694975000000.0,0.0250366880669062,983697000000.0,15.0086328418503,223.28788267419662,170.1,-45.6,98.7,115.9,54.3,-82.4,36.6,7.5,108.4,223.2,False
STB,Private_1,2021-Q3,4198460000000.0,3313028000000.0,589833000000.0,-2423811000000.0,-949878000000.0,824771000000.0,356440303000000.0,0.0287897835662997,3902861000000.0,529172000000.0,295599000000.0,4076248250000.0,1083834500000.0,-2892482000000.0,-703170250000.0,603238500000.0,3051512750000.0,1024735500000.0,344641639750000.0,0.02728311807963365,-173387250000.0,-259063500000.0,468671000000.0,-246707750000.0,-307639500000.0,261515250000.0,-434902500000.0,3.365844284541017,False,-23.902496183688562,-16.0,20.5,-28.4,24.1,-40.1,43.2,-22.8,1.7,22.4,-23.9,-16.0,20.5,-28.4,-23.9,24.1,-40.1,43.2,-22.8,1.7,22.4,-23.902496183688562,4084527000000.0,1424248000000.0,-2336056000000.0,-985809000000.0,661586000000.0,3148209000000.0,936318000000.0,361109293000000.0,0.0273889249005005,-599477000000.0,-1.301370672083829,-42.090773516971765,-12.8,-3.6,-25.7,11.6,-24.3,-6.1,2.5,-0.7,12.3,-42.1,4284741000000.0,897259000000.0,-2625228000000.0,-1287560000000.0,525306000000.0,3035858000000.0,1248883000000.0,320214546000000.0,0.0278753855011394,-72488000000.0,10.707307293677577,-8.078826737876131,-40.4,40.4,-25.6,30.9,-40.4,22.5,37.6,5.4,25.5,-25.6,False
STB,Private_1,2021-Q4,4614405000000.0,2494886000000.0,1978959000000.0,-2399883000000.0,-1063759000000.0,1150763000000.0,387929596000000.0,0.0212275961851734,4473845000000.0,1010203000000.0,140560000000.0,3980778250000.0,1065712500000.0,-2842127750000.0,-618749750000.0,545811750000.0,3120805250000.0,859973000000.0,353698079000000.0,0.027511717595923725,493066750000.0,85050500000.0,442244750000.0,-445009250000.0,-405251750000.0,-625919250000.0,1118986000000.0,9.231456202062578,False,7.980623291929108,39.9,-0.3,-38.0,-39.9,39.9,39.9,-39.9,4.6,-44.5,1.6,39.9,-0.3,-38.0,1.6,-39.9,39.9,39.9,-39.9,4.6,-44.5,7.980623291929108,3902861000000.0,824771000000.0,-2423811000000.0,-949878000000.0,295599000000.0,3313028000000.0,589833000000.0,356440303000000.0,0.0287897835662997,325992000000.0,8.460657273300086,39.52515304248088,69.2,-10.9,-18.8,-99.2,168.4,2.9,-13.8,4.2,-103.4,39.5,4089952000000.0,1013587000000.0,-3939271000000.0,-63590000000.0,926496000000.0,3013620000000.0,1076332000000.0,340268127000000.0,0.0272254757554759,137176000000.0,13.090254883974692,13.533717381931694,37.9,53.2,-67.7,-51.2,67.7,67.7,-67.7,6.5,-57.7,23.4,True
STB,Private_1,2022-Q1,5125261000000.0,2739459000000.0,1535617000000.0,-2831806000000.0,-704509000000.0,1588946000000.0,413027822000000.0,0.0218417975365982,4275076000000.0,738761000000.0,850185000000.0,4076751500000.0,1100006500000.0,-2457280750000.0,-868792000000.0,349327750000.0,2991121750000.0,1085629750000.0,365613446250000.0,0.0260122477033481,198324500000.0,488939500000.0,-374525250000.0,164283000000.0,500857250000.0,-251662750000.0,449987250000.0,12.178747180088216,False,44.448782802647074,18.0,-19.1,45.5,-22.9,40.9,-34.0,14.9,6.1,-29.0,44.4,18.0,-19.1,45.5,44.4,-22.9,40.9,-34.0,14.9,6.1,-29.0,44.448782802647074,4473845000000.0,1150763000000.0,-2399883000000.0,-1063759000000.0,140560000000.0,2494886000000.0,1978959000000.0,387929596000000.0,0.0212275961851734,438183000000.0,6.267056259412781,38.077605901475806,-17.3,-6.3,61.6,21.2,-38.5,-37.5,31.2,3.1,18.1,38.0,3845773000000.0,1000244000000.0,-2669373000000.0,-475722000000.0,299566000000.0,3008364000000.0,837409000000.0,356974593000000.0,0.0266426861614188,588702000000.0,14.559234596686297,58.85583917524124,42.9,-39.1,55.0,-26.9,69.8,-16.2,-22.9,7.3,-34.2,58.8,False
STB,Private_1,2022-Q2,6129190000000.0,2602299000000.0,1740578000000.0,-2389672000000.0,-2420457000000.0,1319061000000.0,414561633000000.0,0.0199407491785563,4342877000000.0,-467252000000.0,1786313000000.0,4184077250000.0,1247182000000.0,-2497889000000.0,-925988750000.0,486982500000.0,2923895500000.0,1260181750000.0,379626753500000.0,0.02481202554714295,158799750000.0,71879000000.0,108217000000.0,-1494468250000.0,1299330500000.0,-321596500000.0,480396250000.0,8.797630409570337,False,5.763312812404284,12.7,-28.8,28.8,-25.8,28.8,8.7,-28.8,4.4,-30.2,12.7,12.7,-28.8,28.8,12.7,-25.8,28.8,8.7,-28.8,4.4,-30.2,5.763312812404284,4275076000000.0,1588946000000.0,-2831806000000.0,-704509000000.0,850185000000.0,2739459000000.0,1535617000000.0,413027822000000.0,0.0218417975365982,-269885000000.0,0.37066953686595727,-16.985158715274153,4.3,-80.2,58.9,-8.6,12.9,27.8,-84.9,0.2,-8.8,-17.0,4084527000000.0,1424248000000.0,-2336056000000.0,-985809000000.0,661586000000.0,3148209000000.0,936318000000.0,361109293000000.0,0.0273889249005005,-105187000000.0,13.782220838324937,-7.385441299548955,18.1,-36.9,36.9,-36.9,36.9,-3.8,-36.9,6.9,-43.8,18.1,True
STB,Private_1,2022-Q3,7054205000000.0,5761978000000.0,1031459000000.0,-3097107000000.0,-2425071000000.0,1532027000000.0,420748053000000.0,0.0434168978940523,6793437000000.0,1271259000000.0,260768000000.0,4248664750000.0,1220885250000.0,-2511293000000.0,-1284650750000.0,768164250000.0,2787418000000.0,1461246750000.0,392989838500000.0,0.0229499816166569,2544772250000.0,311141750000.0,-585814000000.0,-1140420250000.0,-507396250000.0,2974560000000.0,-429787750000.0,6.822396938855095,False,25.484929890012186,127.4,-127.4,-41.6,127.4,-35.2,-48.0,-93.4,3.4,124.0,-41.6,127.4,-127.4,-41.6,-41.6,127.4,-35.2,-48.0,-93.4,3.4,124.0,25.484929890012186,4342877000000.0,1319061000000.0,-2389672000000.0,-2420457000000.0,1786313000000.0,2602299000000.0,1740578000000.0,414561633000000.0,0.0199407491785563,212966000000.0,1.4812278855820666,16.145273038926934,80.7,-54.0,-80.7,80.7,-53.8,-53.6,-0.4,0.7,80.0,-54.0,3902861000000.0,824771000000.0,-2423811000000.0,-949878000000.0,295599000000.0,3313028000000.0,589833000000.0,356440303000000.0,0.0287897835662997,707256000000.0,16.548819730387212,85.75180262157616,350.5,-260.5,-4.2,297.0,53.5,-81.6,-178.9,8.3,288.7,85.8,True
STB,Private_1,2022-Q4,7832634000000.0,6043398000000.0,886426000000.0,-2645824000000.0,-3287772000000.0,1899038000000.0,438627777000000.0,0.0440956964158635,6929824000000.0,996228000000.0,902810000000.0,4971308750000.0,1397699250000.0,-2679617000000.0,-1653449000000.0,759456500000.0,3399655500000.0,1571653250000.0,409066776000000.0,0.026606760198595047,1958515250000.0,501338750000.0,33793000000.0,-1634323000000.0,143353500000.0,2643742500000.0,-685227250000.0,6.974446372312598,False,35.86885733822924,140.1,-114.5,10.3,179.3,-49.0,2.4,-116.9,3.5,175.8,35.9,140.1,-114.5,10.3,35.9,179.3,-49.0,2.4,-116.9,3.5,175.8,35.86885733822924,6793437000000.0,1532027000000.0,-3097107000000.0,-2425071000000.0,260768000000.0,5761978000000.0,1031459000000.0,420748053000000.0,0.0434168978940523,367011000000.0,4.161095384774785,23.955909393241765,8.9,-26.9,41.9,18.4,-9.5,29.5,-56.3,2.1,16.3,23.9,4473845000000.0,1150763000000.0,-2399883000000.0,-1063759000000.0,140560000000.0,2494886000000.0,1978959000000.0,387929596000000.0,0.0212275961851734,748275000000.0,12.26731081376489,65.02424912862162,213.4,-214.6,66.3,308.3,-94.9,-21.4,-193.3,6.1,302.2,65.1,True
STB,Private_1,2023-Q1,6800360000000.0,5836702000000.0,658383000000.0,-3416137000000.0,-1001695000000.0,2382528000000.0,448469026000000.0,0.0411545479036359,6495085000000.0,2077253000000.0,305275000000.0,5585303500000.0,1584768000000.0,-2741102250000.0,-2209452250000.0,950019000000.0,4286783500000.0,1298520000000.0,421741321250000.0,0.03232378525626757,909781500000.0,797760000000.0,-675034750000.0,1207757250000.0,-644744000000.0,1549918500000.0,-640137000000.0,6.142814742312294,False,50.339229464502054,57.4,33.6,-40.7,97.8,-40.4,-42.6,76.2,3.1,94.7,50.3,57.4,33.6,-40.7,50.3,97.8,-40.4,-42.6,76.2,3.1,94.7,50.339229464502054,6929824000000.0,1899038000000.0,-2645824000000.0,-3287772000000.0,902810000000.0,6043398000000.0,886426000000.0,438627777000000.0,0.0440956964158635,483490000000.0,2.2187542479509985,25.459732769960368,-22.9,79.8,-31.5,-10.9,-12.0,-40.6,120.4,1.1,-12.0,25.4,4275076000000.0,1588946000000.0,-2831806000000.0,-704509000000.0,850185000000.0,2739459000000.0,1535617000000.0,413027822000000.0,0.0218417975365982,793582000000.0,8.227819772591902,49.94392509248269,139.7,-55.5,-34.3,194.9,-55.2,-36.8,-18.7,4.1,190.8,49.9,False
STB,Private_1,2023-Q2,6737408000000.0,5751436000000.0,653762000000.0,-3049214000000.0,-1315656000000.0,2372538000000.0,460470628000000.0,0.0391325977276784,6405198000000.0,2040328000000.0,332210000000.0,6140305750000.0,1783163500000.0,-2887185000000.0,-2283748750000.0,813791500000.0,5061094250000.0,1079211500000.0,430601622250000.0,0.037151972848027,264892250000.0,589374500000.0,-162029000000.0,968092750000.0,-481581500000.0,690341750000.0,-425449500000.0,6.704059236862089,False,33.05218506323172,14.8,45.2,-27.0,38.7,-23.9,-9.1,54.3,3.4,35.3,33.0,14.8,45.2,-27.0,33.0,38.7,-23.9,-9.1,54.3,3.4,35.3,33.05218506323172,6495085000000.0,2382528000000.0,-3416137000000.0,-1001695000000.0,305275000000.0,5836702000000.0,658383000000.0,448469026000000.0,0.0411545479036359,-9990000000.0,2.640791816526909,-0.41930252236280124,-3.8,2.2,1.1,-3.6,-0.2,10.5,-10.5,1.3,-4.9,-0.5,4342877000000.0,1319061000000.0,-2389672000000.0,-2420457000000.0,1786313000000.0,2602299000000.0,1740578000000.0,414561633000000.0,0.0199407491785563,1053477000000.0,10.493097693914624,79.86567717489942,156.4,33.8,-110.2,238.7,-82.4,-50.0,83.8,5.2,233.5,80.0,False
STB,Private_1,2023-Q3,5926849000000.0,4851108000000.0,719515000000.0,-3014859000000.0,-826697000000.0,2085293000000.0,472073361000000.0,0.0316846616210951,5570623000000.0,1729067000000.0,356226000000.0,6655886000000.0,2046532750000.0,-3052070500000.0,-2007548500000.0,450265750000.0,5848378500000.0,807507500000.0,442078871000000.0,0.041949934985307524,-1085263000000.0,38760250000.0,37211500000.0,1180851500000.0,-94039750000.0,-997270500000.0,-87992500000.0,6.562252751793314,True,1.8939472138913978,5.0,-5.0,1.9,5.0,1.8,-0.8,-5.0,3.3,1.7,1.9,5.0,-5.0,1.9,1.9,5.0,1.8,-0.8,-5.0,3.3,1.7,1.8939472138913978,6405198000000.0,2372538000000.0,-3049214000000.0,-1315656000000.0,332210000000.0,5751436000000.0,653762000000.0,460470628000000.0,0.0391325977276784,-287245000000.0,2.488404437080126,-12.107076894026566,-35.2,22.1,1.0,-37.9,2.8,1.5,20.6,1.2,-39.1,-12.1,6793437000000.0,1532027000000.0,-3097107000000.0,-2425071000000.0,260768000000.0,5761978000000.0,1031459000000.0,420748053000000.0,0.0434168978940523,553266000000.0,11.497329072799323,36.11333220628618,-79.8,109.7,6.2,-59.4,-20.4,5.4,104.3,5.7,-65.1,36.1,True
STB,Private_1,2023-Q4,6708395000000.0,5633088000000.0,586243000000.0,-3409696000000.0,-544058000000.0,2754641000000.0,482731122000000.0,0.0357929638073501,6219331000000.0,2265577000000.0,489064000000.0,6350182500000.0,2184849250000.0,-3031508500000.0,-1607955000000.0,474130250000.0,5620661000000.0,729521500000.0,454910198000000.0,0.039016875917068226,-130851500000.0,569791750000.0,-378187500000.0,1063897000000.0,14933750000.0,12427000000.0,-143278500000.0,5.934235918698634,False,26.079224916776294,-6.0,31.4,0.7,0.6,-6.5,-17.3,48.7,3.0,-2.4,26.1,-6.0,31.4,0.7,26.1,0.6,-6.5,-17.3,48.7,3.0,-2.4,26.079224916776294,5570623000000.0,2085293000000.0,-3014859000000.0,-826697000000.0,356226000000.0,4851108000000.0,719515000000.0,472073361000000.0,0.0316846616210951,669348000000.0,2.2324488813695695,32.09851085674771,31.1,-5.4,6.4,37.5,-6.4,-18.9,13.5,1.1,36.4,32.1,6929824000000.0,1899038000000.0,-2645824000000.0,-3287772000000.0,902810000000.0,6043398000000.0,886426000000.0,438627777000000.0,0.0440956964158635,855603000000.0,9.573542958746632,45.05454867148524,-37.4,104.3,-21.8,-21.6,-15.8,-40.2,144.5,4.8,-26.4,45.1,False
STB,Private_1,2024-Q1,6874794000000.0,5950840000000.0,578285000000.0,-3542916000000.0,-677655000000.0,2654223000000.0,500408346000000.0,0.0366589528585085,6529125000000.0,2308554000000.0,345669000000.0,6172559250000.0,2398750000000.0,-3222476500000.0,-922026500000.0,370693750000.0,5518083500000.0,654475750000.0,465936034250000.0,0.03694119276493987,356565750000.0,255473000000.0,-320439500000.0,244371500000.0,-25024750000.0,432756500000.0,-76190750000.0,7.1345810985275815,False,10.650255341323605,14.9,-3.2,-1.0,18.0,-3.2,-13.4,10.2,3.6,14.4,10.7,14.9,-3.2,-1.0,10.7,18.0,-3.2,-13.4,10.2,3.6,14.4,10.650255341323605,6219331000000.0,2754641000000.0,-3409696000000.0,-544058000000.0,489064000000.0,5633088000000.0,586243000000.0,482731122000000.0,0.0357929638073501,-100418000000.0,3.59607656398146,-3.6454115073434252,11.2,-9.7,-5.2,11.5,-0.3,-4.8,-4.8,1.8,9.7,-3.7,6495085000000.0,2382528000000.0,-3416137000000.0,-1001695000000.0,305275000000.0,5836702000000.0,658383000000.0,448469026000000.0,0.0411545479036359,271695000000.0,10.947530530847141,11.403643524860987,1.4,8.3,1.7,4.8,-3.4,-5.3,13.6,5.5,-0.7,11.4,False
STB,Private_1,2024-Q2,7154384000000.0,6116566000000.0,680521000000.0,-4001037000000.0,-465307000000.0,2688040000000.0,516634843000000.0,0.0357912761898513,6797087000000.0,2330743000000.0,357297000000.0,6181069250000.0,2466673750000.0,-3254171250000.0,-841016500000.0,380792250000.0,5546618000000.0,634451250000.0,478920864250000.0,0.035817294003658025,616017750000.0,221366250000.0,-746865750000.0,375709500000.0,-23495250000.0,569948000000.0,46069750000.0,7.576467790873588,False,8.974281661691174,25.0,-15.0,-1.0,23.1,1.9,-30.3,15.2,3.8,19.3,9.0,25.0,-15.0,-1.0,9.0,23.1,1.9,-30.3,15.2,3.8,19.3,8.974281661691174,6529125000000.0,2654223000000.0,-3542916000000.0,-677655000000.0,345669000000.0,5950840000000.0,578285000000.0,500408346000000.0,0.0366589528585085,33817000000.0,3.1909160152686495,1.2740828483514761,20.1,-19.7,0.9,13.3,8.2,-20.1,17.1,1.6,11.7,1.3,6405198000000.0,2372538000000.0,-3049214000000.0,-1315656000000.0,332210000000.0,5751436000000.0,653762000000.0,460470628000000.0,0.0391325977276784,315502000000.0,11.496039407602499,13.298079946453967,16.5,-4.3,1.1,15.4,1.1,-40.1,35.8,5.7,9.7,13.3,False
STB,Private_1,2024-Q3,7237897000000.0,6365108000000.0,755968000000.0,-3287498000000.0,-1198661000000.0,2751738000000.0,525493361000000.0,0.0363344488768889,7121076000000.0,2634917000000.0,116821000000.0,6279041500000.0,2545549250000.0,-3492127000000.0,-628429250000.0,387064000000.0,5637900500000.0,641141000000.0,492961918000000.0,0.03498196361920125,842034500000.0,206188750000.0,204629000000.0,-570231750000.0,-270243000000.0,727207500000.0,114827000000.0,6.3883890968569474,False,8.099970959116192,33.1,-14.4,-10.6,28.6,4.5,8.0,-22.4,3.2,25.4,8.1,33.1,-14.4,-10.6,8.1,28.6,4.5,8.0,-22.4,3.2,25.4,8.099970959116192,6797087000000.0,2688040000000.0,-4001037000000.0,-465307000000.0,357297000000.0,6116566000000.0,680521000000.0,516634843000000.0,0.0357912761898513,63698000000.0,1.7000821906553065,2.36968199877978,11.8,-0.7,-8.9,9.2,2.8,11.8,-11.8,0.9,8.3,2.2,5570623000000.0,2085293000000.0,-3014859000000.0,-826697000000.0,356226000000.0,4851108000000.0,719515000000.0,472073361000000.0,0.0316846616210951,666445000000.0,10.710060554726484,31.959297806111657,74.3,-30.9,-11.5,72.6,1.8,-13.1,-17.8,5.4,67.2,31.9,False
STB,Private_1,2024-Q4,7410043000000.0,6099184000000.0,963651000000.0,-3150938000000.0,367259000000.0,4626364000000.0,539314658000000.0,0.0338402247534561,7062835000000.0,4279156000000.0,347208000000.0,6666654750000.0,2712160500000.0,-3560286750000.0,-721420250000.0,327212750000.0,6016400500000.0,650254250000.0,506316918000000.0,0.0361444104331497,396180250000.0,1914203500000.0,409348750000.0,1088679250000.0,19995250000.0,82783500000.0,313396750000.0,6.311542374462495,False,70.57854798784953,14.6,55.3,0.7,3.0,11.6,15.1,40.2,3.2,-0.2,70.6,14.6,55.3,0.7,70.6,3.0,11.6,15.1,40.2,3.2,-0.2,70.57854798784953,7121076000000.0,2751738000000.0,-3287498000000.0,-1198661000000.0,116821000000.0,6365108000000.0,755968000000.0,525493361000000.0,0.0363344488768889,1874626000000.0,2.596016700358828,68.12516307875242,-2.1,61.9,8.4,-9.7,7.6,5.0,56.9,1.3,-11.0,68.2,6219331000000.0,2754641000000.0,-3409696000000.0,-544058000000.0,489064000000.0,5633088000000.0,586243000000.0,482731122000000.0,0.0357929638073501,1871723000000.0,11.07260302958249,67.94798305840942,30.6,42.5,-5.2,16.9,13.7,9.4,33.1,5.5,11.4,67.9,False
STB,Private_1,2025-Q1,7796440000000.0,6863173000000.0,727815000000.0,-3927147000000.0,-195263000000.0,3674030000000.0,564327201000000.0,0.0366903372026097,7590988000000.0,3468578000000.0,205452000000.0,6877530750000.0,3180091250000.0,-3495597250000.0,-493591000000.0,291748750000.0,6132924500000.0,744606250000.0,520462802000000.0,0.0356562256696762,713457250000.0,493938750000.0,-431549750000.0,298328000000.0,-86296750000.0,730248500000.0,-16791250000.0,8.08716873840881,False,15.532219397792439,22.4,-4.2,-2.7,23.0,-0.5,-13.6,9.4,4.0,19.0,15.5,22.4,-4.2,-2.7,15.5,23.0,-0.5,-13.6,9.4,4.0,19.0,15.532219397792439,7062835000000.0,4626364000000.0,-3150938000000.0,367259000000.0,347208000000.0,6099184000000.0,963651000000.0,539314658000000.0,0.0338402247534561,-952334000000.0,4.532728220849405,-20.58493451877111,11.4,-28.9,-3.1,16.5,-5.1,-16.8,-12.2,2.3,14.2,-20.6,6529125000000.0,2654223000000.0,-3542916000000.0,-677655000000.0,345669000000.0,5950840000000.0,578285000000.0,500408346000000.0,0.0366589528585085,1019807000000.0,12.00652221673219,38.42205421322926,40.0,3.7,-5.3,34.4,5.6,-14.5,18.2,6.0,28.4,38.4,False
STB,Private_1,2025-Q2,7769380000000.0,6585077000000.0,919149000000.0,-3199817000000.0,-912320000000.0,3657243000000.0,587960029000000.0,0.033906772515224,7504226000000.0,3392089000000.0,265154000000.0,7142996500000.0,3435043000000.0,-3591655000000.0,-372993000000.0,256694500000.0,6361007750000.0,781988750000.0,536442515750000.0,0.0356640717557015,361229500000.0,222200000000.0,391838000000.0,-539327000000.0,8459500000.0,224069250000.0,137160250000.0,9.163535513245288,False,6.468623536881489,10.5,-4.3,0.2,6.5,4.0,11.4,-15.7,4.6,1.9,6.4,10.5,-4.3,0.2,6.4,6.5,4.0,11.4,-15.7,4.6,1.9,6.468623536881489,7590988000000.0,3674030000000.0,-3927147000000.0,-195263000000.0,205452000000.0,6863173000000.0,727815000000.0,564327201000000.0,0.0366903372026097,-16787000000.0,4.101898794799626,-0.4569097149451692,-2.4,0.3,1.6,-6.8,5.2,6.8,-6.8,2.1,-8.9,-0.5,6797087000000.0,2688040000000.0,-4001037000000.0,-465307000000.0,357297000000.0,6116566000000.0,680521000000.0,516634843000000.0,0.0357912761898513,969203000000.0,12.914270708292769,36.056122676745886,26.3,13.2,-3.4,17.4,8.9,29.8,-16.6,6.5,10.9,36.1,False
Sector,Sector,2018-Q1,62767702000000.0,46784393000000.0,4772559000000.0,-24263409000000.0,-15177503000000.0,23326790000000.0,4116859348000000.0,0.0307563963275037,51556952000000.0,12116040000000.0,11210750000000.0,,,,,,,,,,,,,,,,,,False,0.0,,,,,,,,,,,,,,,,,,,,,0.0,,,,,,,,,,,,0.0,,,,,,,,,,,,,,,,,,,,,,0.0,,,,,,,,,,,False
Sector,Sector,2018-Q2,61996662000000.0,48438657000000.0,5831813000000.0,-26547053000000.0,-14906827000000.0,20542782000000.0,4404393497000000.0,0.0274930059912135,54270470000000.0,12816590000000.0,7726192000000.0,,,,,,,,,,,,,,,,,,False,0.0,,,,,,,,,,,,,,,,,,,,,0.0,51556952000000.0,23326790000000.0,-24263409000000.0,-15177503000000.0,11210750000000.0,46784393000000.0,4772559000000.0,4116859348000000.0,0.0307563963275037,-2784008000000.0,6.748635540575841,-11.934809718782567,11.6,-8.6,-14.9,7.1,4.5,-9.8,1.2,3.4,3.7,-11.9,,,,,,,,,,,,0.0,,,,,,,,,,,False
Sector,Sector,2018-Q3,63733639000000.0,49519766000000.0,6371099000000.0,-27769524000000.0,-15890709000000.0,20073406000000.0,4414231790000000.0,0.0310066370546983,55890865000000.0,12230632000000.0,7842774000000.0,,,,,,,,,,,,,,,,,,False,0.0,,,,,,,,,,,,,,,,,,,,,0.0,54270470000000.0,20542782000000.0,-26547053000000.0,-14906827000000.0,7726192000000.0,48438657000000.0,5831813000000.0,4404393497000000.0,0.0274930059912135,-469376000000.0,0.22312532123352938,-2.2848706664949274,7.9,-10.7,0.6,5.3,2.6,-5.9,-4.8,0.1,5.2,-2.2,,,,,,,,,,,,0.0,,,,,,,,,,,False
Sector,Sector,2018-Q4,67312715000000.0,48533524000000.0,8273309000000.0,-31225824000000.0,-13235594000000.0,22851297000000.0,4557460244000000.0,0.0275877671464389,56806833000000.0,12345415000000.0,10505882000000.0,,,,,,,,,,,,,,,,,,False,0.0,,,,,,,,,,,,,,,,,,,,,0.0,55890865000000.0,20073406000000.0,-27769524000000.0,-15890709000000.0,7842774000000.0,49519766000000.0,6371099000000.0,4414231790000000.0,0.0310066370546983,2777891000000.0,3.1928972474134754,13.83866295535496,4.6,-4.0,13.3,-4.9,9.5,-17.2,13.2,1.6,-6.5,13.9,,,,,,,,,,,,0.0,,,,,,,,,,,False
Sector,Sector,2019-Q1,70024939000000.0,55604470000000.0,7018797000000.0,-28106751000000.0,-15469664000000.0,26448524000000.0,4749196839000000.0,0.0343993943536216,62623267000000.0,19046852000000.0,7401672000000.0,54631280000000.0,21698568750000.0,-27451452500000.0,-14802658250000.0,9321399500000.0,48319085000000.0,6312195000000.0,4373236219750000.0,0.0292109516299636,7991987000000.0,4749955250000.0,-655298500000.0,-667005750000.0,-1919727500000.0,7285385000000.0,706602000000.0,8.242551451542598,False,21.890638524257504,36.8,-6.1,-8.8,33.6,3.3,-3.0,-3.1,4.1,29.5,21.9,36.8,-6.1,-8.8,21.9,33.6,3.3,-3.0,-3.1,4.1,29.5,21.890638524257504,56806833000000.0,22851297000000.0,-31225824000000.0,-13235594000000.0,10505882000000.0,48533524000000.0,8273309000000.0,4557460244000000.0,0.0275877671464389,3597227000000.0,4.120418175721453,15.74189421283177,25.5,3.9,-13.6,30.9,-5.5,13.6,-9.8,2.1,28.8,15.8,51556952000000.0,23326790000000.0,-24263409000000.0,-15177503000000.0,11210750000000.0,46784393000000.0,4772559000000.0,4116859348000000.0,0.0307563963275037,3121734000000.0,14.26423378473904,13.382612867008275,47.4,-17.7,-16.3,37.8,9.6,-16.5,-1.3,7.1,30.7,13.4,False
Sector,Sector,2019-Q2,74944940000000.0,58129204000000.0,8093091000000.0,-30351709000000.0,-18527857000000.0,26065374000000.0,4977393465000000.0,0.0339295189145645,66222295000000.0,17342729000000.0,8722645000000.0,57397858750000.0,22479002250000.0,-28412288000000.0,-14875698500000.0,8369130000000.0,50524104250000.0,6873754500000.0,4531320592500000.0,0.030121701136493075,8824436250000.0,3586371750000.0,-1939421000000.0,-3652158500000.0,353515000000.0,7605099750000.0,1219336500000.0,9.382401653947307,False,15.954319102396994,39.3,-24.9,1.6,33.8,5.4,-8.6,-16.2,4.7,29.1,16.0,39.3,-24.9,1.6,16.0,33.8,5.4,-8.6,-16.2,4.7,29.1,15.954319102396994,62623267000000.0,26448524000000.0,-28106751000000.0,-15469664000000.0,7401672000000.0,55604470000000.0,7018797000000.0,4749196839000000.0,0.0343993943536216,-383150000000.0,4.69222243083798,-1.448663070952466,7.2,-7.2,5.0,7.2,4.1,-7.2,-7.2,2.3,4.9,5.0,54270470000000.0,20542782000000.0,-26547053000000.0,-14906827000000.0,7726192000000.0,48438657000000.0,5831813000000.0,4404393497000000.0,0.0274930059912135,5522592000000.0,12.215156245198909,26.883369545565934,58.2,-36.2,4.8,47.2,11.0,-18.5,-17.6,6.1,41.1,26.8,False
Sector,Sector,2019-Q3,79473798000000.0,61349766000000.0,7972007000000.0,-30626625000000.0,-19291386000000.0,29555787000000.0,5101553177000000.0,0.0345569750674932,69321773000000.0,19403762000000.0,10152025000000.0,60385815000000.0,23859650250000.0,-29363452000000.0,-15780956000000.0,8618243250000.0,52946741000000.0,7439074000000.0,4674570584500000.0,0.03173082936733082,8935958000000.0,5696136750000.0,-1263173000000.0,-3510430000000.0,1533781750000.0,8403025000000.0,532933000000.0,8.735212501738744,False,23.87351319200498,37.5,-20.0,6.4,35.2,2.2,-5.3,-14.7,4.4,30.8,23.9,37.5,-20.0,6.4,23.9,35.2,2.2,-5.3,-14.7,4.4,30.8,23.87351319200498,66222295000000.0,26065374000000.0,-30351709000000.0,-18527857000000.0,8722645000000.0,58129204000000.0,8093091000000.0,4977393465000000.0,0.0339295189145645,3490413000000.0,2.46374380994565,13.39099527211848,11.9,-4.0,5.5,12.4,-0.5,-1.1,-2.9,1.2,11.2,13.4,55890865000000.0,20073406000000.0,-27769524000000.0,-15890709000000.0,7842774000000.0,49519766000000.0,6371099000000.0,4414231790000000.0,0.0310066370546983,9482381000000.0,14.445920948898635,47.23852544007728,66.9,-31.2,11.5,59.0,8.0,-14.2,-17.0,7.2,51.8,47.2,False
Sector,Sector,2019-Q4,86369402000000.0,63295989000000.0,10073210000000.0,-38275555000000.0,-16819327000000.0,31274520000000.0,5320912579000000.0,0.0344765340610586,73369199000000.0,18274317000000.0,13000203000000.0,63743542000000.0,26230245500000.0,-30077727250000.0,-16631125250000.0,9195556000000.0,55904241000000.0,7839301000000.0,4846400931250000.0,0.03261841387052955,9625657000000.0,5044274500000.0,-8197827750000.0,-188201750000.0,3804647000000.0,7391748000000.0,2233909000000.0,9.334061495627715,False,19.230755960709555,36.7,-32.0,14.5,28.2,8.5,-31.2,-0.7,4.7,23.5,19.2,36.7,-32.0,14.5,19.2,28.2,8.5,-31.2,-0.7,4.7,23.5,19.230755960709555,69321773000000.0,29555787000000.0,-30626625000000.0,-19291386000000.0,10152025000000.0,61349766000000.0,7972007000000.0,5101553177000000.0,0.0345569750674932,1718733000000.0,4.209357116356449,5.815216492120477,13.7,-17.5,9.6,6.6,7.1,-25.9,8.4,2.1,4.5,5.8,56806833000000.0,22851297000000.0,-31225824000000.0,-13235594000000.0,10505882000000.0,48533524000000.0,8273309000000.0,4557460244000000.0,0.0275877671464389,8423223000000.0,15.457046391738519,36.861028063308616,72.5,-46.5,10.9,64.6,7.9,-30.9,-15.7,7.7,56.9,36.9,False
Sector,Sector,2020-Q1,81347523000000.0,63426412000000.0,7914227000000.0,-33062114000000.0,-20857608000001.0,27427800999999.0,5414274827000000.0,0.0308228610193737,71340639000000.0,17420916999999.0,10006884000000.0,67884133500000.0,28336051250000.0,-31840160000000.0,-17527058500000.0,9819136250000.0,59594857250000.0,8289276250000.0,5037264015000000.0,0.034340605599184476,3456505500000.0,-908250250001.0,-1221954000000.0,-3330549500001.0,187747750000.0,3831554750000.0,-375049250000.0,7.214455549549591,False,-3.2052816462950178,12.2,-16.0,0.7,13.5,-1.3,-4.3,-11.8,3.6,9.9,-3.1,12.2,-16.0,0.7,-3.1,13.5,-1.3,-4.3,-11.8,3.6,9.9,-3.2052816462950178,73369199000000.0,31274520000000.0,-38275555000000.0,-16819327000000.0,13000203000000.0,63295989000000.0,10073210000000.0,5320912579000000.0,0.0344765340610586,-3846719000001.0,1.7393687593719869,-12.299849845820175,-6.5,3.8,-9.6,0.4,-6.9,16.7,-12.9,0.9,-0.5,-12.3,62623267000000.0,26448524000000.0,-28106751000000.0,-15469664000000.0,7401672000000.0,55604470000000.0,7018797000000.0,4749196839000000.0,0.0343993943536216,979276999999.0,13.087614347858997,3.702577126795431,18.5,-18.5,9.8,18.5,3.4,-18.5,-18.5,6.5,12.0,9.8,True
Sector,Sector,2020-Q2,78797116000000.0,58997653000000.0,9087498000000.0,-29036606000000.0,-17982639999999.0,31777870000001.0,5548276050000000.0,0.0312243277005263,68085151000000.0,21065905000001.0,10711965000000.0,70063476500000.0,28580870499999.75,-33079000750000.0,-18874044500000.25,10470439250000.0,61550342750000.0,8513133750000.0,5203533512000000.0,0.0334464722656225,-1978325500000.0,3196999500001.25,4042394750000.0,891404500001.25,241525750000.0,-2552689750000.0,574364250000.0,6.412735196099821,False,11.18580170607917,-6.9,17.3,0.9,-8.9,2.0,14.1,3.1,3.2,-12.1,11.3,-6.9,17.3,0.9,11.3,-8.9,2.0,14.1,3.1,3.2,-12.1,11.18580170607917,71340639000000.0,27427800999999.0,-33062114000000.0,-20857608000001.0,10006884000000.0,63426412000000.0,7914227000000.0,5414274827000000.0,0.0308228610193737,4350069000002.0,2.4447088000502055,15.860072048802449,-11.9,25.2,2.6,-16.1,4.3,14.7,10.5,1.2,-17.3,15.9,66222295000000.0,26065374000000.0,-30351709000000.0,-18527857000000.0,8722645000000.0,58129204000000.0,8093091000000.0,4977393465000000.0,0.0339295189145645,5712496000001.0,10.847435104939262,21.91603312502249,7.1,7.1,7.6,3.3,3.8,5.0,2.1,5.4,-2.1,21.8,False
Sector,Sector,2020-Q3,88277867000000.0,67787660000000.0,10416691000000.0,-33629844000000.0,-22985998000000.0,31662025000000.0,5670217027000000.0,0.0349939740444718,78204351000000.0,21588509000000.0,10073516000000.0,70529190500000.0,30008994500000.0,-32750225000000.0,-18737740250000.0,10967769250000.0,61767455000000.0,8761735500000.0,5346254158250000.0,0.03277017446211295,7675160500000.0,1653030500000.0,-879619000000.0,-4248257750000.0,-894253250000.0,6020205000000.0,1654955500000.0,5.881427242940648,False,5.50845014150674,25.6,-17.1,-3.0,20.1,5.5,-2.9,-14.2,2.9,17.2,5.5,25.6,-17.1,-3.0,5.5,20.1,5.5,-2.9,-14.2,2.9,17.2,5.50845014150674,68085151000000.0,31777870000001.0,-29036606000000.0,-17982639999999.0,10711965000000.0,58997653000000.0,9087498000000.0,5548276050000000.0,0.0312243277005263,-115845000001.0,2.173927927093911,-0.364546144851736,1.8,-1.8,-1.8,1.8,1.8,-1.8,-1.8,1.1,0.7,-1.8,69321773000000.0,29555787000000.0,-30626625000000.0,-19291386000000.0,10152025000000.0,61349766000000.0,7972007000000.0,5101553177000000.0,0.0345569750674932,2106238000000.0,10.55841034909623,7.126313368004716,30.1,-22.7,-0.3,21.8,8.3,-10.2,-12.5,5.3,16.5,7.1,False
Sector,Sector,2020-Q4,111479369040423.0,81208690548343.0,13650590876003.0,-43201789507343.0,-25527437476317.0,42750142056763.0,6360832456166154.0,0.0237356311195461,94859281424346.0,26130054440686.0,16620087616077.0,72749835000000.0,30535554000000.0,-33501029750000.0,-19661393250000.0,10948142000000.0,63376928500000.0,9372906500000.0,5488420120750000.0,0.0328794242063576,22109446424346.0,12214588056763.0,-9700759757343.0,-5866044226317.0,5671945616077.0,17831762048343.0,4277684376003.0,14.725187597329537,False,40.00120009862274,72.4,-51.0,18.6,58.4,14.0,-31.8,-19.2,7.4,51.0,40.0,72.4,-51.0,18.6,40.0,58.4,14.0,-31.8,-19.2,7.4,51.0,40.00120009862274,78204351000000.0,31662025000000.0,-33629844000000.0,-22985998000000.0,10073516000000.0,67787660000000.0,10416691000000.0,5670217027000000.0,0.0349939740444718,11088117056763.0,11.480551719656098,35.02023972491652,52.6,-38.2,20.7,42.4,10.2,-30.2,-8.0,5.7,36.7,35.1,73369199000000.0,31274520000000.0,-38275555000000.0,-16819327000000.0,13000203000000.0,63295989000000.0,10073210000000.0,5320912579000000.0,0.0344765340610586,11475622056763.0,17.804187200381964,36.69319962948432,68.7,-43.6,11.6,57.3,11.4,-15.7,-27.9,8.9,48.4,36.7,False
Sector,Sector,2021-Q1,109702927505752.0,82308052076608.0,13207807454281.0,-35871973868351.0,-21661413579621.0,52169540057780.0,6561067620931401.0,0.036778498612485,95515859530889.0,37982472082917.0,14187067974863.0,78122355606086.5,33404459514190.75,-34732588376835.75,-21838420869079.25,11853113154019.25,67855103887085.75,10267251719000.75,5748400090041538.0,0.030194198470979476,17393503924802.5,18765080543589.25,-1139385491515.25,177007289458.25,2333954820843.75,14452948189522.25,2940555735280.25,13.203942688203044,False,56.175375433383515,52.1,-2.9,7.0,43.3,8.8,-3.4,0.5,6.6,36.7,56.2,52.1,-2.9,7.0,56.2,43.3,8.8,-3.4,0.5,6.6,36.7,56.175375433383515,94859281424346.0,42750142056763.0,-43201789507343.0,-25527437476317.0,16620087616077.0,81208690548343.0,13650590876003.0,6360832456166154.0,0.0237356311195461,9419398001017.0,3.099159776357328,22.033606317635304,1.5,26.2,-5.7,2.6,-1.0,17.1,9.0,1.5,1.1,22.0,71340639000000.0,27427800999999.0,-33062114000000.0,-20857608000001.0,10006884000000.0,63426412000000.0,7914227000000.0,5414274827000000.0,0.0308228610193737,24741739057781.0,19.152567852111755,90.20679075869737,88.1,-13.2,15.2,68.8,19.3,-10.3,-2.9,9.6,59.2,90.1,False
Sector,Sector,2021-Q2,119263408753883.0,90945911880092.0,14161935162096.0,-38002205736440.0,-34280192030887.0,46981010986556.0,6905702238397389.0,,105107847042188.0,32825449274861.0,14155561711695.0,84166160738808.75,39589894278636.0,-35435053343923.5,-22039372263984.25,12898159147735.0,72575513906237.75,11590646832571.0,6035098288524389.0,0.0316831078692573,20941686303379.25,7391116707920.0,-2567152392516.5,-12240819766902.75,1257402563960.0,18370397973854.25,2571288329525.0,13.455179191763497,False,18.669200417411794,52.9,-37.4,3.2,46.4,6.5,-6.5,-30.9,6.7,39.7,18.7,52.9,-37.4,3.2,18.7,46.4,6.5,-6.5,-30.9,6.7,39.7,18.669200417411794,95515859530889.0,52169540057780.0,-35871973868351.0,-21661413579621.0,14187067974863.0,82308052076608.0,13207807454281.0,6561067620931401.0,0.036778498612485,-5188529071224.0,5.11829668236664,-9.94551430868948,18.4,-28.3,-0.1,16.6,1.8,-4.1,-24.2,2.6,14.0,-10.0,68085151000000.0,31777870000001.0,-29036606000000.0,-17982639999999.0,10711965000000.0,58997653000000.0,9087498000000.0,5548276050000000.0,0.0312243277005263,15203140986555.0,21.79907748292801,47.84191321367518,116.5,-79.5,10.9,100.5,16.0,-28.2,-51.3,10.9,89.6,47.9,False
Sector,Sector,2021-Q3,107997955856828.0,85021493929147.0,10744219052335.0,-37567976161948.0,-30873384357519.0,39556595337361.0,6995260399417883.0,0.0351738894434561,95765712981482.0,27324352462015.0,12232242875346.0,93421834749355.75,43390679525274.75,-37676453278033.5,-26113760271706.25,13759058325658.75,80562578626260.75,12859256123095.0,6374454835623736.0,,2343878232126.25,-3834084187913.75,108477116085.5,-4759624085812.75,-1526815450312.75,4458915302886.25,-2115037070760.0,9.286743253394574,False,-8.836193002417545,5.4,-10.7,-3.5,10.3,-4.9,0.2,-11.0,4.6,5.7,-8.8,5.4,-10.7,-3.5,-8.8,10.3,-4.9,0.2,-11.0,4.6,5.7,-8.836193002417545,105107847042188.0,46981010986556.0,-38002205736440.0,-34280192030887.0,14155561711695.0,90945911880092.0,14161935162096.0,6905702238397389.0,,-7424415649195.0,1.288517397735691,-15.80301379916996,-19.9,8.2,-4.1,-12.6,-7.3,0.9,7.3,0.6,-13.2,-15.8,78204351000000.0,31662025000000.0,-33629844000000.0,-22985998000000.0,10073516000000.0,67787660000000.0,10416691000000.0,5670217027000000.0,0.0349939740444718,7894570337361.0,20.923701930952614,24.933876899411835,55.5,-37.4,6.8,54.4,1.0,-12.4,-24.9,10.5,43.9,24.9,False
Sector,Sector,2021-Q4,124382785600907.0,90818129389237.0,17140724354198.0,-44016862414596.0,-34460899488137.0,45905023698174.0,7373738736548096.0,0.0358075785908205,107958853743435.0,29481091840702.0,16423931857472.0,97812175244726.25,45364322109615.0,-38660986318520.5,-28085606861086.0,14298740044495.25,84871037108547.5,12941138136178.75,6705715678728207.0,,10146678498708.75,540701588559.0,-5355876096075.5,-6375292627051.0,2125191812976.75,5947092280689.5,4199586218019.25,9.489331590790611,False,1.1919093318588307,6.0,-6.0,4.7,6.0,6.0,-6.0,-6.0,4.7,1.3,4.7,6.0,-6.0,4.7,4.7,6.0,6.0,-6.0,-6.0,4.7,1.3,1.1919093318588307,95765712981482.0,39556595337361.0,-37567976161948.0,-30873384357519.0,12232242875346.0,85021493929147.0,10744219052335.0,6995260399417883.0,0.0351738894434561,6348428360813.0,5.267984687713869,16.048975668077638,30.8,-25.4,10.6,14.7,16.2,-16.3,-9.1,2.6,12.1,16.0,94859281424346.0,42750142056763.0,-43201789507343.0,-25527437476317.0,16620087616077.0,81208690548343.0,13650590876003.0,6360832456166154.0,0.0237356311195461,3154881641411.0,14.749732862708612,7.379815573997381,30.6,-22.8,-0.5,22.5,8.2,-1.9,-20.9,7.4,15.1,7.3,True
Sector,Sector,2022-Q1,134306579610541.0,98354627403161.0,14938086415836.0,-40345375456742.0,-25617662260161.0,68343541893638.0,7842760258581862.0,0.0366542766610667,113292713818997.0,47329676102094.0,21013865791544.0,101087068324498.5,46153042519967.75,-38864754545333.75,-30318972364041.0,14249701104844.0,87273396818771.0,13813671505727.5,6958942248823692.0,,12205645494498.5,22190499373670.25,-1480620911408.25,4701310103880.0,6764164686700.0,11081230584390.0,1124414910108.5,11.942112865948767,False,48.08025248621411,26.4,7.0,14.7,24.0,2.5,-3.2,10.2,6.0,18.0,48.1,26.4,7.0,14.7,48.1,24.0,2.5,-3.2,10.2,6.0,18.0,48.08025248621411,107958853743435.0,45905023698174.0,-44016862414596.0,-34460899488137.0,16423931857472.0,90818129389237.0,17140724354198.0,7373738736548096.0,0.0358075785908205,22438518195464.0,6.164644340118924,48.88031066707968,11.6,27.3,10.0,16.4,-4.8,8.0,19.3,3.1,13.3,48.9,95515859530889.0,52169540057780.0,-35871973868351.0,-21661413579621.0,14187067974863.0,82308052076608.0,13207807454281.0,6561067620931401.0,0.036778498612485,16174001835858.0,17.796555865172863,31.00276869979034,34.1,-16.2,13.1,30.8,3.3,-8.6,-7.6,8.9,21.9,31.0,False
Sector,Sector,2022-Q2,138309086620922.0,105929462722163.0,15489019216466.0,-44880930114561.0,-29614142890640.0,63814013615721.0,8125315873067805.0,0.0378815493072308,121418481938629.0,46923408933428.0,16890604682293.0,105531281896525.5,50196542978932.25,-39983104942431.5,-31308034534176.0,15956400559014.25,91285040650409.25,14246241246116.25,7279365408236307.0,,15887200042103.5,13617470636788.75,-4897825172129.5,1693891643536.0,934204123278.75,14644422071753.75,1242777970349.75,10.983031058983164,False,27.128303721043245,31.7,-6.4,1.9,29.2,2.5,-9.8,3.4,5.5,23.7,27.2,31.7,-6.4,1.9,27.2,29.2,2.5,-9.8,3.4,5.5,23.7,27.128303721043245,113292713818997.0,68343541893638.0,-40345375456742.0,-25617662260161.0,21013865791544.0,98354627403161.0,14938086415836.0,7842760258581862.0,0.0366542766610667,-4529528277917.0,3.539006354383558,-6.6275878487044695,11.9,-12.5,-6.0,11.1,0.8,-6.6,-5.8,1.8,9.3,-6.6,105107847042188.0,46981010986556.0,-38002205736440.0,-34280192030887.0,14155561711695.0,90945911880092.0,14161935162096.0,6905702238397389.0,,16833002629165.0,16.227957755438172,35.829375051085854,34.7,-4.7,5.8,31.9,2.8,-14.7,9.9,8.1,23.8,35.8,False
Sector,Sector,2022-Q3,138254305590975.0,111278027818181.0,14448492336986.0,-46962954325996.0,-30617518618244.0,60673832646735.0,8277734821042238.0,0.0386755944139511,125726520155167.0,48146047210927.0,12527785435808.0,109608940620635.75,54404793636223.5,-41702786036961.75,-30141522249114.25,16640161301663.75,95030928360927.0,14578012259708.75,7584268816903912.0,0.036379323500643525,16117579534531.25,6269039010511.5,-5260168289034.25,-475996369129.75,-4112375865855.75,16247099457254.0,-129519922722.75,8.743737802195053,False,11.522953386110233,29.6,-10.5,-7.6,29.9,-0.2,-9.7,-0.9,4.4,25.5,11.5,29.6,-10.5,-7.6,11.5,29.9,-0.2,-9.7,-0.9,4.4,25.5,11.522953386110233,121418481938629.0,63814013615721.0,-44880930114561.0,-29614142890640.0,16890604682293.0,105929462722163.0,15489019216466.0,8125315873067805.0,0.0378815493072308,-3140180968986.0,1.8584219584124448,-4.920832887734859,6.8,-4.8,-6.8,8.4,-1.6,-3.3,-1.6,0.9,7.5,-4.8,95765712981482.0,39556595337361.0,-37567976161948.0,-30873384357519.0,12232242875346.0,85021493929147.0,10744219052335.0,6995260399417883.0,0.0351738894434561,21117237309374.0,16.794013264750028,53.38487078899047,75.8,-23.1,0.7,66.4,9.3,-23.8,0.6,8.4,58.0,53.4,False
Sector,Sector,2022-Q4,142955095191411.0,113753140466729.0,18282185316944.0,-54510658694637.0,-34657872941230.0,53786563555544.0,8553940477866474.0,0.0381808066325705,132035325783673.0,42866794147806.0,10919769407738.0,117099142414057.0,59684102963567.0,-44051530577973.75,-30077555814295.5,16714046941779.25,101595061833185.5,15504080580871.5,7904887422310000.0,0.03725474974326728,14936183369616.0,-5897539408023.0,-10459128116663.25,-4580317126934.5,-5794277534041.25,12158078633543.5,2778104736072.5,7.886990003091468,False,-9.881256675036296,25.0,-25.2,-9.7,20.4,4.7,-17.5,-7.7,3.9,16.5,-9.9,25.0,-25.2,-9.7,-9.9,20.4,4.7,-17.5,-7.7,3.9,16.5,-9.881256675036296,125726520155167.0,60673832646735.0,-46962954325996.0,-30617518618244.0,12527785435808.0,111278027818181.0,14448492336986.0,8277734821042238.0,0.0386755944139511,-6887269091191.0,3.28197463317444,-11.351300537236822,10.4,-19.1,-2.6,4.1,6.3,-12.4,-6.7,1.6,2.5,-11.3,107958853743435.0,45905023698174.0,-44016862414596.0,-34460899488137.0,16423931857472.0,90818129389237.0,17140724354198.0,7373738736548096.0,0.0358075785908205,7881539857370.0,14.819506664226308,17.169231649222542,52.5,-23.3,-12.0,50.0,2.5,-22.9,-0.4,7.4,42.6,17.2,False
Sector,Sector,2023-Q1,140557019499876.0,112230427389592.0,14155684376105.0,-44917442117636.0,-29707119029580.0,65932458352660.0,8910501776705970.0,0.0362303099767176,126386111765697.0,51761550618481.0,14170907734179.0,123118260424116.5,61654487927909.5,-46674979647984.0,-30126799177568.75,15338006329345.75,107328814602558.5,15789445821558.0,8199937857639594.0,0.03784805675370478,3267851341580.5,4277970424750.5,1757537530348.0,419680147988.75,-1167098595166.75,4901612787033.5,-1633761445453.0,8.305618490831414,False,6.9386196666698225,5.3,3.5,-1.9,8.0,-2.7,2.9,0.7,4.2,3.8,6.9,5.3,3.5,-1.9,6.9,8.0,-2.7,2.9,0.7,4.2,3.8,6.9386196666698225,132035325783673.0,53786563555544.0,-54510658694637.0,-34657872941230.0,10919769407738.0,113753140466729.0,18282185316944.0,8553940477866474.0,0.0381808066325705,12145894797116.0,4.083282977401045,22.58165235742054,-10.5,27.0,6.1,-2.8,-7.7,17.8,9.2,2.0,-4.8,22.6,113292713818997.0,68343541893638.0,-40345375456742.0,-25617662260161.0,21013865791544.0,98354627403161.0,14938086415836.0,7842760258581862.0,0.0366542766610667,-2411083540978.0,12.746670061926999,-3.5278878942656093,17.6,-12.7,-10.0,17.6,-1.1,-6.7,-6.0,6.4,11.2,-5.1,False
Sector,Sector,2023-Q2,141209507007319.0,107621798866056.0,15739012235863.0,-48519308852865.0,-30537947034108.0,62152251120346.0,9126824015568718.0,0.033934631488884,123360811101919.0,44303555214946.0,17848695905400.0,126391609910791.5,61051717042665.0,-47817996313207.5,-31149163369923.5,13627266815004.5,110797764599166.25,15593845311625.25,8466873237170622.0,0.0377420650826175,-3030798808872.5,1100534077681.0,-701312539657.5,611216335815.5,4221429090395.5,-3175965733110.25,145166924237.75,7.502127255206028,False,1.802625922726972,-5.0,-0.1,6.9,-5.2,0.2,-1.1,1.0,3.8,-9.0,1.8,-5.0,-0.1,6.9,1.8,-5.2,0.2,-1.1,1.0,3.8,-9.0,1.802625922726972,126386111765697.0,65932458352660.0,-44917442117636.0,-29707119029580.0,14170907734179.0,112230427389592.0,14155684376105.0,8910501776705970.0,0.0362303099767176,-3780207232314.0,2.3986065490417423,-5.733454093421484,-4.6,-6.7,5.6,-7.0,2.4,-5.5,-1.3,1.2,-8.2,-5.7,121418481938629.0,63814013615721.0,-44880930114561.0,-29614142890640.0,16890604682293.0,105929462722163.0,15489019216466.0,8125315873067805.0,0.0378815493072308,-1661762495375.0,11.61024833980829,-2.6040714276050707,3.0,-7.1,1.5,2.7,0.4,-5.7,-1.4,5.8,-3.1,-2.6,False
Sector,Sector,2023-Q3,137920293097457.0,107348380443473.0,14537751743149.0,-48165253534372.0,-30007069541698.0,59747970021387.0,9345476924900272.0,0.0331843434107219,121886132186622.0,43713809110552.0,16034160910835.0,126877192201614.0,60636276418821.25,-48727590997783.5,-31380114405790.5,13866789620781.25,111220848635139.5,15656343566474.5,8717250272795850.0,0.0367553356280308,-4991060014992.0,-888306397434.25,562337463411.5,1373044864092.5,2167371290053.75,-3872468191666.5,-1118591823325.5,6.956055364491709,False,-1.464975176408628,-7.3,3.2,3.6,-6.4,-1.8,0.9,2.3,3.5,-9.9,-0.5,-7.3,3.2,3.6,-0.5,-6.4,-1.8,0.9,2.3,3.5,-9.9,-1.464975176408628,123360811101919.0,62152251120346.0,-48519308852865.0,-30537947034108.0,17848695905400.0,107621798866056.0,15739012235863.0,9126824015568718.0,0.033934631488884,-2404281098959.0,2.367359757035256,-3.868373318133832,-2.4,1.4,-2.9,-0.4,-1.9,0.6,0.9,1.2,-1.6,-3.9,125726520155167.0,60673832646735.0,-46962954325996.0,-30617518618244.0,12527785435808.0,111278027818181.0,14448492336986.0,8277734821042238.0,0.0386755944139511,-925862625348.0,12.117451906618172,-1.525966936584849,-6.3,-1.0,5.8,-6.5,0.1,-2.0,1.0,6.1,-12.6,-1.5,True
Sector,Sector,2023-Q4,156513356035894.0,121308334773093.0,18523973664068.0,-55569456190535.0,-33059109282455.0,67884790562904.0,1.0073179230294704e+16,0.0356250317402066,139832308437161.0,51203742964171.0,16681047598733.0,125917095209477.75,60404810762484.25,-49028165799877.5,-31227502136654.0,14743383489538.0,110238436791462.5,15678658418015.25,8984185798760358.0,0.0353825228772235,13915213227683.25,7479979800419.75,-6541290390657.5,-1831607145801.0,1937664109195.0,11069897981630.5,2845315246052.75,11.4285834361052,False,12.383086224425949,23.0,-13.9,3.2,18.3,4.7,-10.8,-3.0,5.7,12.6,12.3,23.0,-13.9,3.2,12.3,18.3,4.7,-10.8,-3.0,5.7,12.6,12.383086224425949,121886132186622.0,59747970021387.0,-48165253534372.0,-30007069541698.0,16034160910835.0,107348380443473.0,14537751743149.0,9345476924900272.0,0.0331843434107219,8136820541517.0,7.4948781169880645,13.618572377612823,30.0,-17.5,1.1,23.4,6.7,-12.4,-5.1,3.7,19.7,13.6,132035325783673.0,53786563555544.0,-54510658694637.0,-34657872941230.0,10919769407738.0,113753140466729.0,18282185316944.0,8553940477866474.0,0.0381808066325705,14098227007360.0,16.312116701140862,26.211429166321665,14.5,1.0,10.7,14.0,0.4,-2.0,3.0,8.2,5.8,26.2,False
Sector,Sector,2024-Q1,151495284320623.0,121980768483905.0,14595455440538.0,-47815867821898.0,-31420771983783.0,72258644514942.0,1.0285732264166336e+16,0.0343749505216711,136576223924443.0,57339584118762.0,14919060396180.0,127866340872849.75,63929367514324.25,-49292865173852.0,-30827811221960.25,16183703037286.75,112127235368053.5,15739105504796.25,9363995486867416.0,0.03474357915413252,8709883051593.25,8329277000617.75,1476997351954.0,-592960761822.75,-1264642641106.75,9853533115851.5,-1143650064258.25,9.381674789366263,False,13.02887440385119,13.6,1.4,-2.0,15.4,-1.8,2.3,-0.9,4.7,10.7,13.0,13.6,1.4,-2.0,13.0,15.4,-1.8,2.3,-0.9,4.7,10.7,13.02887440385119,139832308437161.0,67884790562904.0,-55569456190535.0,-33059109282455.0,16681047598733.0,121308334773093.0,18523973664068.0,1.0073179230294704e+16,0.0356250317402066,4373853952038.0,2.0880589213176783,6.4430543510111615,-4.8,13.8,-2.6,1.0,-5.8,11.4,2.4,1.0,0.0,6.4,126386111765697.0,65932458352660.0,-44917442117636.0,-29707119029580.0,14170907734179.0,112230427389592.0,14155684376105.0,8910501776705970.0,0.0362303099767176,6326186162282.0,14.32812794980774,9.594949620177138,15.5,-7.0,1.1,14.8,0.7,-4.4,-2.6,7.2,7.6,9.6,False
Sector,Sector,2024-Q2,163550858535663.0,129674127558687.0,16538856790032.0,-51771444544367.0,-35664287930066.0,76115126061230.0,1.0882804474327484e+16,0.035409723787411,146212984348719.0,58777251874286.0,17337874186944.0,130413868912536.25,65510914054894.75,-50017471599917.5,-31256224460511.0,16370741202787.0,114564820641631.75,15849048270904.5,9707803108732508.0,0.0342797392903709,15799115436182.75,10604212006335.25,-1753972944449.5,-4408063469555.0,967132984157.0,15109306917055.25,689808519127.5,11.412983913710795,False,16.18693947309218,24.1,-9.4,1.5,23.1,1.1,-2.7,-6.7,5.7,17.4,16.2,24.1,-9.4,1.5,16.2,23.1,1.1,-2.7,-6.7,5.7,17.4,16.18693947309218,136576223924443.0,72258644514942.0,-47815867821898.0,-31420771983783.0,14919060396180.0,121980768483905.0,14595455440538.0,1.0285732264166336e+16,0.0343749505216711,3856481546288.0,5.641128789742042,5.337052157808659,13.3,-11.3,3.3,10.6,2.7,-5.5,-5.9,2.8,7.8,5.3,123360811101919.0,62152251120346.0,-48519308852865.0,-30537947034108.0,17848695905400.0,107621798866056.0,15739012235863.0,9126824015568718.0,0.033934631488884,13962874940884.0,17.55135493540465,22.465598090481954,36.8,-13.5,-0.8,35.5,1.3,-5.2,-8.2,8.8,26.7,22.5,False
Sector,Sector,2024-Q3,155983369817765.0,126247864058278.0,14180519579809.0,-52916154295705.0,-32697301596132.0,70369913925928.0,1.1239295664787884e+16,0.0330066125956134,140428383638087.0,54814927746250.0,15554986179678.0,136126912224236.25,69001632790115.75,-50830505522793.0,-32537809684500.5,16243035773173.0,120077902814789.5,16049009409446.75,1.0146798223422198e+16,0.034648512365002646,4301471413850.75,1368281135812.25,-2085648772912.0,-159491911631.5,-688049593495.0,6169961243488.5,-1868489829637.75,10.216895587164403,False,1.982969214618718,6.2,-3.3,-1.0,8.9,-2.7,-3.0,-0.2,5.1,3.8,1.9,6.2,-3.3,-1.0,1.9,8.9,-2.7,-3.0,-0.2,5.1,3.8,1.982969214618718,146212984348719.0,76115126061230.0,-51771444544367.0,-35664287930066.0,17337874186944.0,129674127558687.0,16538856790032.0,1.0882804474327484e+16,0.035409723787411,-5745212135302.0,3.22294165760571,-7.5480557316299075,-7.6,2.4,-2.3,-4.5,-3.1,-1.5,3.9,1.6,-6.1,-7.5,121886132186622.0,59747970021387.0,-48165253534372.0,-30007069541698.0,16034160910835.0,107348380443473.0,14537751743149.0,9345476924900272.0,0.0331843434107219,10621943904541.0,18.400191030881842,17.77791597059923,31.0,-12.5,-0.8,31.6,-0.6,-7.9,-4.5,9.2,22.4,17.7,False
Sector,Sector,2024-Q4,181350406828124.0,134868120859488.0,15921888905034.0,-66138407990807.0,-33399215816264.0,81812783021053.0,1.1898929435754836e+16,0.033331510889742,150790009764522.0,51252385957451.0,30560397063602.0,140762475087102.5,71657118766251.0,-52018230713126.25,-33210367698109.0,16123242090383.75,124802773718490.75,15959701368611.75,1.0620252908394102e+16,0.03460407966122552,10027534677419.5,10155664254802.0,-14120177277680.75,-188848118155.0,14437154973218.25,10065347140997.25,-37812463577.75,11.356331751476466,False,14.172582472831863,14.0,-20.0,20.2,14.0,-0.1,-19.7,-0.3,5.7,8.3,14.2,14.0,-20.0,20.2,14.2,14.0,-0.1,-19.7,-0.3,5.7,8.3,14.172582472831863,140428383638087.0,70369913925928.0,-52916154295705.0,-32697301596132.0,15554986179678.0,126247864058278.0,14180519579809.0,1.1239295664787884e+16,0.0330066125956134,11442869095125.0,5.701679952551589,16.26102471458167,14.7,-19.8,21.3,12.2,2.5,-18.8,-1.0,2.9,9.3,16.2,139832308437161.0,67884790562904.0,-55569456190535.0,-33059109282455.0,16681047598733.0,121308334773093.0,18523973664068.0,1.0073179230294704e+16,0.0356250317402066,13927992458149.0,16.618798251996736,20.51710308400071,16.1,-16.1,20.5,20.0,-3.8,-15.6,-0.5,8.3,11.7,20.5,False
Sector,Sector,2025-Q1,165547999263517.0,129606885835512.0,14453337482909.0,-51777653336996.0,-30932569088583.0,82837776837938.0,1.2349494860164136e+16,0.0303911863285746,144060223318421.0,61350000892842.0,21487775945096.0,143501900418942.75,75139116880788.25,-54660468663194.25,-33295394331561.25,19593079456601.0,128192720240089.5,15309180178853.25,1.1076690459759134e+16,0.03403069944860937,558322899478.25,7698659957149.75,2882815326198.25,2362825242978.25,1894696488495.0,1414165595422.5,-855842695944.25,10.866510129777893,False,10.245874954005698,0.7,7.0,2.5,1.9,-1.1,3.8,3.1,5.4,-3.5,10.2,0.7,7.0,2.5,10.2,1.9,-1.1,3.8,3.1,5.4,-3.5,10.245874954005698,150790009764522.0,81812783021053.0,-66138407990807.0,-33399215816264.0,30560397063602.0,134868120859488.0,15921888905034.0,1.1898929435754836e+16,0.033331510889742,1024993816885.0,3.7162449725455398,1.2528528905088547,-6.3,6.3,-6.3,-6.3,-1.8,6.3,3.0,1.9,-8.2,-6.3,136576223924443.0,72258644514942.0,-47815867821898.0,-31420771983783.0,14919060396180.0,121980768483905.0,14595455440538.0,1.0285732264166336e+16,0.0343749505216711,10579132322996.0,18.234962562222083,14.640645965630306,10.4,-4.8,9.1,10.6,-0.2,-5.5,0.7,9.1,1.5,14.7,False
Sector,Sector,2025-Q2,183520584436859.0,140301644357411.0,17402175897895.0,-56629211169472.0,-37257798587173.0,89633574680214.0,1.3138631179365826e+16,0.0313960680155464,157703820255306.0,63816810498661.0,25816764181553.0,145372900267437.25,77783899961537.25,-55650915041968.75,-33173343607761.25,21235258343830.0,130099249577991.25,15273650689446.0,1.1592631108758584e+16,0.03303475840033525,12330919987868.75,11849674718676.75,-978296127503.25,-4084454979411.75,4581505837723.0,10202394779419.75,2128525208449.0,12.50239516767091,False,15.234096933345079,15.9,-6.5,5.9,13.1,2.7,-1.3,-5.3,6.3,6.8,15.3,15.9,-6.5,5.9,15.3,13.1,2.7,-1.3,-5.3,6.3,6.8,15.234096933345079,144060223318421.0,82837776837938.0,-51777653336996.0,-30932569088583.0,21487775945096.0,129606885835512.0,14453337482909.0,1.2349494860164136e+16,0.0303911863285746,6795797842276.0,6.192187828778038,8.203742424873555,16.5,-13.5,5.2,12.9,3.6,-5.9,-7.6,3.1,9.8,8.2,146212984348719.0,76115126061230.0,-51771444544367.0,-35664287930066.0,17337874186944.0,129674127558687.0,16538856790032.0,1.0882804474327484e+16,0.035409723787411,13518448618984.0,18.78178088570245,17.760528450165385,15.1,-8.5,11.1,14.0,1.1,-6.4,-2.1,9.4,4.6,17.7,False
TCB,Private_1,2018-Q1,4659780000000.0,2546672000000.0,491695000000.0,-1267035000000.0,-823960000000.0,2568785000000.0,163948354000000.0,0.0192544182673279,3038367000000.0,947372000000.0,1621413000000.0,,,,,,,,,,,,,,,,,,False,0.0,,,,,,,,,,,,,,,,,,,,,0.0,,,,,,,,,,,,0.0,,,,,,,,,,,,,,,,,,,,,,0.0,,,,,,,,,,,False
TCB,Private_1,2018-Q2,3997946000000.0,2503946000000.0,687924000000.0,-1150302000000.0,-219961000000.0,2627683000000.0,166700421000000.0,0.0370851855159025,3191870000000.0,1821607000000.0,806076000000.0,,,,,,,,,,,,,,,,,,False,0.0,,,,,,,,,,,,,,,,,,,,,0.0,3038367000000.0,2568785000000.0,-1267035000000.0,-823960000000.0,1621413000000.0,2546672000000.0,491695000000.0,163948354000000.0,0.0192544182673279,58898000000.0,1.6646467237025147,2.292834939475277,6.0,11.5,-11.5,-1.7,7.6,4.5,11.5,0.8,-2.5,6.0,,,,,,,,,,,,0.0,,,,,,,,,,,False
TCB,Private_1,2018-Q3,4635143000000.0,3116905000000.0,932136000000.0,-1314671000000.0,-742614000000.0,2577858000000.0,166938850000000.0,0.0434033621927723,4049041000000.0,1991756000000.0,586102000000.0,,,,,,,,,,,,,,,,,,False,0.0,,,,,,,,,,,,,,,,,,,,,0.0,3191870000000.0,2627683000000.0,-1150302000000.0,-219961000000.0,806076000000.0,2503946000000.0,687924000000.0,166700421000000.0,0.0370851855159025,-49825000000.0,0.14292622045682385,-1.8961571848659067,2.2,-2.2,-1.9,2.2,2.1,-1.4,-2.2,0.1,2.1,-1.9,,,,,,,,,,,,0.0,,,,,,,,,,,False
TCB,Private_1,2018-Q4,5055365000000.0,2959012000000.0,1422599000000.0,-2108849000000.0,-59710000000.0,2886806000000.0,159942048000000.0,0.0400089773750742,4381611000000.0,2213052000000.0,673754000000.0,,,,,,,,,,,,,,,,,,False,0.0,,,,,,,,,,,,,,,,,,,,,0.0,4049041000000.0,2577858000000.0,-1314671000000.0,-742614000000.0,586102000000.0,3116905000000.0,932136000000.0,166938850000000.0,0.0434033621927723,308948000000.0,-4.280948836600419,11.984678752669852,12.9,-4.3,3.4,-6.1,19.0,-30.8,26.5,-2.1,-4.0,12.0,,,,,,,,,,,,0.0,,,,,,,,,,,False
TCB,Private_1,2019-Q1,4391813000000.0,3430416000000.0,497922000000.0,-1607495000000.0,-167329000000.0,2616989000000.0,163835435000000.0,0.0450567005275526,3928338000000.0,2153514000000.0,463475000000.0,3665222250000.0,2665283000000.0,-1460214250000.0,-461561250000.0,921836250000.0,2781633750000.0,883588500000.0,164382418250000.0,0.03493798583776923,263115750000.0,-48294000000.0,-147280750000.0,294232250000.0,-458361250000.0,648782250000.0,-385666500000.0,-0.3333049951937677,True,-1.8119651834345545,-3.1,-1.8,3.1,-3.1,3.1,1.8,-3.1,-0.2,-2.9,-1.8,-3.1,-1.8,3.1,-1.8,-3.1,3.1,1.8,-3.1,-0.2,-2.9,-1.8119651834345545,4381611000000.0,2886806000000.0,-2108849000000.0,-59710000000.0,673754000000.0,2959012000000.0,1422599000000.0,159942048000000.0,0.0400089773750742,-269817000000.0,2.404977000824977,-9.346558099158724,-15.7,13.6,-7.3,16.3,-32.0,17.4,-3.7,1.2,15.1,-9.4,3038367000000.0,2568785000000.0,-1267035000000.0,-823960000000.0,1621413000000.0,2546672000000.0,491695000000.0,163948354000000.0,0.0192544182673279,48204000000.0,-0.06889846526241723,1.8765291762448004,1.9,1.9,-1.9,1.9,0.0,-1.9,1.9,-0.0,1.9,1.9,True
TCB,Private_1,2019-Q2,4690564000000.0,3198514000000.0,756311000000.0,-1573878000000.0,-71981000000.0,3044705000000.0,185432165000000.0,0.0393694351884271,3954825000000.0,2308966000000.0,735739000000.0,3887715000000.0,2677334000000.0,-1545329250000.0,-297403500000.0,632351750000.0,3002569750000.0,885145250000.0,164354188500000.0,0.0413885564028254,67110000000.0,367371000000.0,-28548750000.0,225422500000.0,103387250000.0,195944250000.0,-128834250000.0,12.051914712561821,False,13.721522977708423,2.5,7.4,3.9,7.3,-4.8,-1.1,8.4,6.0,1.3,13.8,2.5,7.4,3.9,13.8,7.3,-4.8,-1.1,8.4,6.0,1.3,13.721522977708423,3928338000000.0,2616989000000.0,-1607495000000.0,-167329000000.0,463475000000.0,3430416000000.0,497922000000.0,163835435000000.0,0.0450567005275526,427716000000.0,12.366867124233682,16.343821085988516,1.0,4.9,10.4,-8.9,9.9,1.3,3.6,6.2,-15.1,16.3,3191870000000.0,2627683000000.0,-1150302000000.0,-219961000000.0,806076000000.0,2503946000000.0,687924000000.0,166700421000000.0,0.0370851855159025,417022000000.0,10.63902901618994,15.87033139081084,29.0,-10.5,-2.7,26.4,2.6,-16.1,5.6,5.3,21.1,15.8,False
TCB,Private_1,2019-Q3,5358591000000.0,3724705000000.0,635487000000.0,-1794313000000.0,-365730000000.0,3198548000000.0,205317032000000.0,0.0434003468341046,4360192000000.0,2200149000000.0,998399000000.0,4078453750000.0,2781589500000.0,-1651223250000.0,-260408500000.0,614767500000.0,3176211750000.0,902242000000.0,169037124500000.0,0.04195961882095656,281738250000.0,416958500000.0,-143089750000.0,-105321500000.0,383631500000.0,548493250000.0,-266755000000.0,19.38266578322338,False,14.989936509323176,10.1,-8.9,13.8,19.7,-9.6,-5.1,-3.8,9.7,10.0,15.0,10.1,-8.9,13.8,15.0,19.7,-9.6,-5.1,-3.8,9.7,10.0,14.989936509323176,3954825000000.0,3044705000000.0,-1573878000000.0,-71981000000.0,735739000000.0,3198514000000.0,756311000000.0,185432165000000.0,0.0393694351884271,153843000000.0,10.177815925236565,5.052804787327507,13.3,-16.9,8.6,17.3,-4.0,-7.2,-9.6,5.1,12.2,5.0,4049041000000.0,2577858000000.0,-1314671000000.0,-742614000000.0,586102000000.0,3116905000000.0,932136000000.0,166938850000000.0,0.0434033621927723,620690000000.0,20.619248133196724,24.077742063371993,12.1,-4.0,16.0,23.6,-11.5,-18.6,14.6,10.3,13.3,24.1,False
TCB,Private_1,2019-Q4,6627177000000.0,3904209000000.0,1363633000000.0,-2336823000000.0,-312328000000.0,3978026000000.0,230802027000000.0,0.0443942859203828,5267842000000.0,2618691000000.0,1359335000000.0,4156241500000.0,2936762000000.0,-1771133750000.0,-166187500000.0,717841750000.0,3328161750000.0,828079750000.0,178631670000000.0,0.041958864981289624,1111600500000.0,1041264000000.0,-565689250000.0,-146140500000.0,641493250000.0,576047250000.0,535553250000.0,25.48415403141574,False,35.456192909061066,37.9,-24.3,21.8,19.6,18.2,-19.3,-5.0,12.7,6.9,35.4,37.9,-24.3,21.8,35.4,19.6,18.2,-19.3,-5.0,12.7,6.9,35.456192909061066,4360192000000.0,3198548000000.0,-1794313000000.0,-365730000000.0,998399000000.0,3724705000000.0,635487000000.0,205317032000000.0,0.0434003468341046,779478000000.0,11.687173249633192,24.369745271917132,28.4,-15.3,11.3,5.6,22.8,-17.0,1.7,5.8,-0.2,24.4,4381611000000.0,2886806000000.0,-2108849000000.0,-59710000000.0,673754000000.0,2959012000000.0,1422599000000.0,159942048000000.0,0.0400089773750742,1091220000000.0,36.26925321900274,37.80025398312183,30.7,-16.6,23.7,32.7,-2.0,-7.9,-8.8,18.1,14.6,37.8,False
TCB,Private_1,2020-Q1,6030464000000.0,4212412000000.0,862001000000.0,-2137714000000.0,-772020000000.0,3120730000000.0,232021072000000.0,0.0466090362339398,5074413000000.0,2164679000000.0,956051000000.0,4377799250000.0,3209567000000.0,-1828127250000.0,-229342000000.0,889237000000.0,3564461000000.0,813338250000.0,196346664750000.0,0.043055192117616777,696613750000.0,-88837000000.0,-309586750000.0,-542678000000.0,66814000000.0,647951000000.0,48662750000.0,16.655972982773896,False,-2.7678811503233924,13.8,-13.8,2.1,13.8,1.5,-9.6,-13.8,8.3,5.5,2.1,13.8,-13.8,2.1,2.1,13.8,1.5,-9.6,-13.8,8.3,5.5,-2.7678811503233924,5267842000000.0,3978026000000.0,-2336823000000.0,-312328000000.0,1359335000000.0,3904209000000.0,1363633000000.0,230802027000000.0,0.0443942859203828,-857296000000.0,0.5267865854724766,-21.55078926080423,-4.9,-6.6,-10.1,7.8,-12.6,5.0,-11.6,0.3,7.5,-21.6,3928338000000.0,2616989000000.0,-1607495000000.0,-167329000000.0,463475000000.0,3430416000000.0,497922000000.0,163835435000000.0,0.0450567005275526,503741000000.0,34.44967345200164,19.24887724021767,43.8,-43.4,18.8,29.9,13.9,-20.3,-23.1,17.2,12.7,19.2,True
TCB,Private_1,2020-Q2,5895131000000.0,3935378000000.0,1254389000000.0,-1839257000000.0,-439031000000.0,3616843000000.0,231665787000000.0,0.0431474487209038,5189767000000.0,2911479000000.0,705364000000.0,4664318000000.0,3335502250000.0,-1960682000000.0,-380514750000.0,1012381000000.0,3759960000000.0,904358000000.0,213393074000000.0,0.04344327604421358,525449000000.0,281340750000.0,121425000000.0,-58516250000.0,-307017000000.0,175418000000.0,350031000000.0,8.211369147417109,False,8.434734229305347,15.8,1.9,-9.2,5.3,10.5,3.6,-1.8,4.1,1.2,8.5,15.8,1.9,-9.2,8.5,5.3,10.5,3.6,-1.8,4.1,1.2,8.434734229305347,5074413000000.0,3120730000000.0,-2137714000000.0,-772020000000.0,956051000000.0,4212412000000.0,862001000000.0,232021072000000.0,0.0466090362339398,496113000000.0,-0.15324350608780138,15.897338122811009,3.7,20.2,-8.0,-8.9,12.6,9.6,10.7,-0.1,-8.8,15.9,3954825000000.0,3044705000000.0,-1573878000000.0,-71981000000.0,735739000000.0,3198514000000.0,756311000000.0,185432165000000.0,0.0393694351884271,572138000000.0,22.16919156678094,18.791245785716516,40.6,-20.8,-1.0,24.2,16.4,-8.7,-12.1,11.1,13.1,18.8,False
TCB,Private_1,2020-Q3,7496764000000.0,5147680000000.0,1145018000000.0,-2489180000000.0,-1033718000000.0,3973866000000.0,230715706000000.0,0.0558357301058043,6292698000000.0,2769800000000.0,1204066000000.0,4973053500000.0,3478536750000.0,-2027026750000.0,-472277250000.0,1004787250000.0,3944176000000.0,1028877500000.0,224951479500000.0,0.044387779427332755,1319644500000.0,495329250000.0,-462153250000.0,-561440750000.0,199278750000.0,1203504000000.0,116140500000.0,2.5300160658595416,False,14.239586515795757,37.9,-29.4,5.7,34.6,3.3,-13.3,-16.1,1.3,33.3,14.2,37.9,-29.4,5.7,14.2,34.6,3.3,-13.3,-16.1,1.3,33.3,14.239586515795757,5189767000000.0,3616843000000.0,-1839257000000.0,-439031000000.0,705364000000.0,3935378000000.0,1254389000000.0,231665787000000.0,0.0431474487209038,357023000000.0,-0.4109511364028577,9.871122412557028,30.5,-34.4,13.8,33.5,-3.0,-18.0,-16.4,-0.2,33.7,9.9,4360192000000.0,3198548000000.0,-1794313000000.0,-365730000000.0,998399000000.0,3724705000000.0,635487000000.0,205317032000000.0,0.0434003468341046,775318000000.0,11.649893132565655,24.239686257639402,60.4,-42.6,6.4,44.5,15.9,-21.7,-20.9,5.8,38.7,24.2,False
TCB,Private_1,2020-Q4,7761890000000.0,5455739000000.0,1069134000000.0,-2306767000000.0,-366266000000.0,5088857000000.0,277524615000000.0,0.0557796032425091,6524873000000.0,3851840000000.0,1237017000000.0,5456180000000.0,3672366250000.0,-2200743500000.0,-639274250000.0,1056204000000.0,4299919750000.0,1156260250000.0,231301148000000.0,0.047496625245257676,1068693000000.0,1416490750000.0,-106023500000.0,273008250000.0,180813000000.0,1155819250000.0,-87126250000.0,18.16868184011351,False,38.57160897282508,29.1,4.6,4.9,31.5,-2.4,-2.9,7.4,9.1,22.4,38.6,29.1,4.6,4.9,38.6,31.5,-2.4,-2.9,7.4,9.1,22.4,38.57160897282508,6292698000000.0,3973866000000.0,-2489180000000.0,-1033718000000.0,1204066000000.0,5147680000000.0,1145018000000.0,230715706000000.0,0.0558357301058043,1114991000000.0,18.419990333667368,28.058092547660134,5.8,21.4,0.8,7.7,-1.9,4.6,16.8,9.2,-1.5,28.0,5267842000000.0,3978026000000.0,-2336823000000.0,-312328000000.0,1359335000000.0,3904209000000.0,1363633000000.0,230802027000000.0,0.0443942859203828,1110831000000.0,18.382899553000414,27.924176463401697,31.6,-0.6,-3.1,39.0,-7.4,0.8,-1.4,9.2,29.8,27.9,False
TCB,Private_1,2021-Q1,8932202000000.0,6123721000000.0,1325072000000.0,-2563083000000.0,-850817000000.0,5518302000000.0,296290213000000.0,0.0584339703605778,7448793000000.0,4034893000000.0,1483409000000.0,5770437750000.0,3950074000000.0,-2193229500000.0,-652758750000.0,1025624500000.0,4687802250000.0,1082635500000.0,242981795000000.0,0.05034295457578925,1678355250000.0,1568228000000.0,-369853500000.0,-198058250000.0,457784500000.0,1435918750000.0,242436500000.0,19.770511804499225,False,39.70123091364871,42.5,-14.4,11.6,36.4,6.2,-9.4,-5.0,9.9,26.5,39.7,42.5,-14.4,11.6,39.7,36.4,6.2,-9.4,-5.0,9.9,26.5,39.70123091364871,6524873000000.0,5088857000000.0,-2306767000000.0,-366266000000.0,1237017000000.0,5455739000000.0,1069134000000.0,277524615000000.0,0.0557796032425091,429445000000.0,6.54064589630995,8.438928427346259,18.2,-14.6,4.8,13.1,5.0,-5.0,-9.5,3.3,9.8,8.4,5074413000000.0,3120730000000.0,-2137714000000.0,-772020000000.0,956051000000.0,4212412000000.0,862001000000.0,232021072000000.0,0.0466090362339398,2397572000000.0,24.330027703269675,76.82728079648031,76.1,-16.1,16.9,61.2,14.8,-13.6,-2.5,12.2,49.0,76.9,False
TCB,Private_1,2021-Q2,9205963000000.0,6587800000000.0,1457082000000.0,-2590526000000.0,-597671000000.0,6017766000000.0,313513991000000.0,0.0589116192143874,8044882000000.0,4856685000000.0,1161081000000.0,6364032750000.0,4549467000000.0,-2299571750000.0,-672458000000.0,1157464000000.0,5165629500000.0,1198403250000.0,259049080250000.0,0.05329918810744875,1680849250000.0,1468299000000.0,-290954250000.0,74787000000.0,3617000000.0,1422170500000.0,258678750000.0,19.024947114068702,False,32.27408837123118,37.0,-4.7,0.1,31.3,5.7,-6.4,1.6,9.5,21.8,32.4,37.0,-4.7,0.1,32.4,31.3,5.7,-6.4,1.6,9.5,21.8,32.27408837123118,7448793000000.0,5518302000000.0,-2563083000000.0,-850817000000.0,1483409000000.0,6123721000000.0,1325072000000.0,296290213000000.0,0.0584339703605778,499464000000.0,5.648953512298187,9.051045049727254,10.8,4.1,-5.8,8.4,2.4,-0.5,4.6,2.8,5.6,9.1,5189767000000.0,3616843000000.0,-1839257000000.0,-439031000000.0,705364000000.0,3935378000000.0,1254389000000.0,231665787000000.0,0.0431474487209038,2400923000000.0,30.02613350783528,66.38173125015379,78.9,-25.2,12.6,73.4,5.6,-20.8,-4.4,15.0,58.4,66.3,False
TCB,Private_1,2021-Q3,8779149000000.0,6742489000000.0,1497039000000.0,-2627889000000.0,-588931000000.0,5562329000000.0,321042016000000.0,0.0557013646082101,8239528000000.0,5022708000000.0,539621000000.0,7077811500000.0,5149697750000.0,-2487389000000.0,-712118000000.0,1271393250000.0,5828735000000.0,1249076500000.0,279511131250000.0,0.05724023073081966,1161716500000.0,412631250000.0,-140500000000.0,123187000000.0,-731772250000.0,913754000000.0,247962500000.0,13.830877397004599,False,8.012727543087358,22.6,-0.3,-14.2,17.7,4.8,-2.7,2.4,6.9,10.8,8.1,22.6,-0.3,-14.2,8.1,17.7,4.8,-2.7,2.4,6.9,10.8,8.012727543087358,8044882000000.0,6017766000000.0,-2590526000000.0,-597671000000.0,1161081000000.0,6587800000000.0,1457082000000.0,313513991000000.0,0.0589116192143874,-455437000000.0,2.3726904849866153,-7.5682072051322695,3.2,-0.5,-10.3,2.6,0.7,-0.6,0.1,1.2,1.4,-7.6,6292698000000.0,3973866000000.0,-2489180000000.0,-1033718000000.0,1204066000000.0,5147680000000.0,1145018000000.0,230715706000000.0,0.0558357301058043,1588463000000.0,32.741294375577404,39.972736876381845,49.0,7.7,-16.7,40.1,8.9,-3.5,11.2,16.4,23.7,40.0,False
TCB,Private_1,2021-Q4,10159011000000.0,7244603000000.0,2103047000000.0,-3391848000000.0,-627184000000.0,6139979000000.0,347341244000000.0,0.056349425093529,9347650000000.0,5328618000000.0,811361000000.0,7564519000000.0,5546813500000.0,-2522066250000.0,-600921250000.0,1105282000000.0,6227437250000.0,1337081750000.0,302092708750000.0,0.057206639356421105,1783131000000.0,593165500000.0,-869781750000.0,-26262750000.0,-293921000000.0,1017165750000.0,765965250000.0,13.934761205014624,False,10.69380645302028,32.1,-16.2,-5.3,18.3,13.8,-15.7,-0.5,7.0,11.3,10.6,32.1,-16.2,-5.3,10.6,18.3,13.8,-15.7,-0.5,7.0,11.3,10.69380645302028,8239528000000.0,5562329000000.0,-2627889000000.0,-588931000000.0,539621000000.0,6742489000000.0,1497039000000.0,321042016000000.0,0.0557013646082101,577650000000.0,7.869505289525054,10.385038353538599,19.9,-14.4,4.9,9.0,10.9,-13.7,-0.7,3.9,5.1,10.4,6524873000000.0,5088857000000.0,-2306767000000.0,-366266000000.0,1237017000000.0,5455739000000.0,1069134000000.0,277524615000000.0,0.0557796032425091,1051122000000.0,22.346117328839373,20.655365242135908,55.5,-26.5,-8.4,35.2,20.3,-21.3,-5.1,11.2,24.0,20.6,False
TCB,Private_1,2022-Q1,10006380000000.0,8111063000000.0,1687071000000.0,-3002664000000.0,-218386000000.0,6785330000000.0,365742636000000.0,0.0590426962128795,9798134000000.0,6577084000000.0,208246000000.0,8270213250000.0,5809594000000.0,-2793336500000.0,-666150750000.0,998868000000.0,6674653250000.0,1595560000000.0,319546866000000.0,0.05734909481917608,1527920750000.0,975736000000.0,-209327500000.0,447764750000.0,-790622000000.0,1436409750000.0,91511000000.0,13.482118101963861,False,16.795252818011036,26.3,4.1,-13.6,24.7,1.6,-3.6,7.7,6.7,18.0,16.8,26.3,4.1,-13.6,16.8,24.7,1.6,-3.6,7.7,6.7,18.0,16.795252818011036,9347650000000.0,6139979000000.0,-3391848000000.0,-627184000000.0,811361000000.0,7244603000000.0,2103047000000.0,347341244000000.0,0.056349425093529,645351000000.0,5.161073617314138,10.510638554301243,7.3,13.0,-9.8,14.1,-6.8,6.3,6.7,2.6,11.5,10.5,7448793000000.0,5518302000000.0,-2563083000000.0,-850817000000.0,1483409000000.0,6123721000000.0,1325072000000.0,296290213000000.0,0.0584339703605778,1267028000000.0,20.981564012996582,22.96046863691041,42.6,3.5,-23.1,36.0,6.6,-8.0,11.5,10.5,25.5,23.0,False
TCB,Private_1,2022-Q2,10934380000000.0,7793840000000.0,1987162000000.0,-3195863000000.0,-417381000000.0,7321136000000.0,391823802000000.0,0.0546652078831864,9781002000000.0,6167758000000.0,1153378000000.0,8857548500000.0,6126351000000.0,-2903231750000.0,-508043000000.0,680077250000.0,7171488750000.0,1686059750000.0,336909971750000.0,0.057501276282251504,923453500000.0,1194785000000.0,-292631250000.0,90662000000.0,473300750000.0,622351250000.0,301102250000.0,15.071026547162278,False,19.502392207041353,15.1,-3.3,7.7,10.2,4.9,-4.8,1.5,7.5,2.7,19.5,15.1,-3.3,7.7,19.5,10.2,4.9,-4.8,1.5,7.5,2.7,19.502392207041353,9798134000000.0,6785330000000.0,-3002664000000.0,-218386000000.0,208246000000.0,8111063000000.0,1687071000000.0,365742636000000.0,0.0590426962128795,535806000000.0,6.885512528473443,7.896535614332685,-0.3,-5.8,13.9,-4.7,4.4,-2.9,-2.9,3.4,-8.1,7.8,8044882000000.0,6017766000000.0,-2590526000000.0,-597671000000.0,1161081000000.0,6587800000000.0,1457082000000.0,313513991000000.0,0.0589116192143874,1303370000000.0,22.204909981337124,21.658701916957224,28.8,-7.1,-0.1,20.0,8.8,-10.0,3.0,11.1,8.9,21.6,False
TCB,Private_1,2022-Q3,10338368000000.0,7565461000000.0,2123059000000.0,-3014021000000.0,-609268000000.0,6715079000000.0,410545854000000.0,0.0521275389272503,9688520000000.0,6065231000000.0,649848000000.0,9291578500000.0,6452193500000.0,-3054566000000.0,-462970500000.0,678151500000.0,7472998750000.0,1818579750000.0,356487424500000.0,0.05643967344945125,396941500000.0,262885500000.0,40545000000.0,-146297500000.0,-28303500000.0,92462250000.0,304479250000.0,14.09545870179608,False,4.074358588284744,6.2,-1.6,-0.4,1.4,4.7,0.6,-2.3,7.0,-5.6,4.2,6.2,-1.6,-0.4,4.2,1.4,4.7,0.6,-2.3,7.0,-5.6,4.074358588284744,9781002000000.0,7321136000000.0,-3195863000000.0,-417381000000.0,1153378000000.0,7793840000000.0,1987162000000.0,391823802000000.0,0.0546652078831864,-606057000000.0,4.66668993773613,-8.278182511566511,-1.3,-0.1,-6.9,-3.1,1.9,2.5,-2.6,2.3,-5.4,-8.3,8239528000000.0,5562329000000.0,-2627889000000.0,-588931000000.0,539621000000.0,6742489000000.0,1497039000000.0,321042016000000.0,0.0557013646082101,1152750000000.0,24.468376710510523,20.724232601128055,26.1,-7.3,2.0,14.8,11.3,-6.9,-0.4,12.2,2.6,20.8,False
TCB,Private_1,2022-Q4,9427322000000.0,6819411000000.0,2534572000000.0,-3989840000000.0,-691259000000.0,4746223000000.0,420523705000000.0,0.0449670697142772,9353983000000.0,4672884000000.0,73339000000.0,9653826500000.0,6740381000000.0,-3151099000000.0,-468054750000.0,705708250000.0,7678741750000.0,1975084750000.0,378863384000000.0,0.0555462170292113,-299843500000.0,-1994158000000.0,-838741000000.0,-223204250000.0,-632369250000.0,-859330750000.0,559487250000.0,10.42306576457604,False,-29.585241546434837,-4.4,-15.8,-9.4,-12.8,8.3,-12.5,-3.3,5.2,-18.0,-29.6,-4.4,-15.8,-9.4,-29.6,-12.8,8.3,-12.5,-3.3,5.2,-18.0,-29.585241546434837,9688520000000.0,6715079000000.0,-3014021000000.0,-609268000000.0,649848000000.0,7565461000000.0,2123059000000.0,410545854000000.0,0.0521275389272503,-1968856000000.0,2.401207189445378,-29.31992311631777,-5.0,-15.7,-8.6,-11.1,6.1,-14.5,-1.2,1.2,-12.3,-29.3,9347650000000.0,6139979000000.0,-3391848000000.0,-627184000000.0,811361000000.0,7244603000000.0,2103047000000.0,347341244000000.0,0.056349425093529,-1393756000000.0,19.061284434276217,-22.699686757886305,0.1,-10.8,-12.0,-6.9,7.0,-9.7,-1.0,9.5,-16.4,-22.7,False
TCB,Private_1,2023-Q1,9299974000000.0,6526880000000.0,1944138000000.0,-3142086000000.0,-534530000000.0,5623358000000.0,465425345000000.0,0.0411822711063638,8471018000000.0,4794402000000.0,828956000000.0,9655409750000.0,6391942000000.0,-3300597000000.0,-484073500000.0,521202750000.0,7572443750000.0,2082966000000.0,397158999250000.0,0.05270062818439835,-1184391750000.0,-768584000000.0,158511000000.0,-50456500000.0,307753250000.0,-1045563750000.0,-138828000000.0,15.82832941614683,False,-12.02426430027056,-18.5,1.7,4.8,-16.4,-2.2,2.5,-0.8,7.9,-24.3,-12.0,-18.5,1.7,4.8,-12.0,-16.4,-2.2,2.5,-0.8,7.9,-24.3,-12.02426430027056,9353983000000.0,4746223000000.0,-3989840000000.0,-691259000000.0,73339000000.0,6819411000000.0,2534572000000.0,420523705000000.0,0.0449670697142772,877135000000.0,10.136393283564106,18.4806950705856,-18.6,21.2,15.9,-6.2,-12.4,17.9,3.3,5.1,-11.3,18.5,9798134000000.0,6785330000000.0,-3002664000000.0,-218386000000.0,208246000000.0,8111063000000.0,1687071000000.0,365742636000000.0,0.0590426962128795,-1161972000000.0,23.98617638761039,-17.12476769737065,-19.6,-6.7,9.1,-23.3,3.8,-2.1,-4.7,12.0,-35.3,-17.2,False
TCB,Private_1,2023-Q2,9325171000000.0,6294877000000.0,2019348000000.0,-2868890000000.0,-807271000000.0,5649010000000.0,466546217000000.0,0.0386320660628111,8314225000000.0,4638064000000.0,1010946000000.0,9323630750000.0,6101449000000.0,-3335452500000.0,-563109500000.0,676380250000.0,7176398000000.0,2147232750000.0,422079676500000.0,0.048235521907769426,-1009405750000.0,-452439000000.0,466562500000.0,-244161500000.0,334565750000.0,-881521000000.0,-127884750000.0,10.007932657658934,False,-7.4152713560336245,-16.5,3.6,5.5,-14.4,-2.1,7.6,-4.0,5.0,-19.4,-7.4,-16.5,3.6,5.5,-7.4,-14.4,-2.1,7.6,-4.0,5.0,-19.4,-7.4152713560336245,8471018000000.0,5623358000000.0,-3142086000000.0,-534530000000.0,828956000000.0,6526880000000.0,1944138000000.0,465425345000000.0,0.0411822711063638,25652000000.0,0.24053781160331156,0.45616871627237676,-2.8,0.0,3.2,-4.1,1.3,4.4,-4.4,0.1,-4.2,0.4,9781002000000.0,7321136000000.0,-3195863000000.0,-417381000000.0,1153378000000.0,7793840000000.0,1987162000000.0,391823802000000.0,0.0546652078831864,-1672126000000.0,17.41030402880369,-22.839706843309564,-20.0,-0.9,-1.9,-20.5,0.4,4.5,-5.3,8.7,-29.2,-22.8,False
TCB,Private_1,2023-Q3,10418493000000.0,7272160000000.0,2255660000000.0,-3630731000000.0,-944972000000.0,5842790000000.0,475605589000000.0,0.0429329704809659,9527820000000.0,4952117000000.0,890673000000.0,8956936500000.0,5683417500000.0,-3253709250000.0,-660582000000.0,640772250000.0,6801657250000.0,2155279250000.0,440760280250000.0,0.0442272364526756,570883500000.0,159372500000.0,-377021750000.0,-284390000000.0,249900750000.0,470502750000.0,100380750000.0,7.605108378494968,False,2.8041666831620233,10.0,-11.6,4.4,8.3,1.8,-6.6,-5.0,3.8,4.5,2.8,10.0,-11.6,4.4,2.8,8.3,1.8,-6.6,-5.0,3.8,4.5,2.8041666831620233,8314225000000.0,5649010000000.0,-2868890000000.0,-807271000000.0,1010946000000.0,6294877000000.0,2019348000000.0,466546217000000.0,0.0386320660628111,193780000000.0,1.9231236287626456,3.430335580924799,17.2,-15.9,-2.1,17.2,4.2,-13.5,-2.4,1.0,16.2,-0.8,9688520000000.0,6715079000000.0,-3014021000000.0,-609268000000.0,649848000000.0,7565461000000.0,2123059000000.0,410545854000000.0,0.0521275389272503,-872289000000.0,14.683660567034703,-12.990003542772916,-2.4,-14.2,3.6,-4.4,2.0,-9.2,-5.0,7.3,-11.7,-13.0,False
TCB,Private_1,2023-Q4,11017454000000.0,7597203000000.0,2495751000000.0,-3610089000000.0,-1634295000000.0,5773070000000.0,518641568000000.0,0.0416521871456997,10092954000000.0,4848570000000.0,924500000000.0,8916761500000.0,5465345250000.0,-3407886750000.0,-744508000000.0,700978500000.0,6728332000000.0,2188429500000.0,457025214000000.0,0.0419285943411045,1176192500000.0,307724750000.0,-202202250000.0,-889787000000.0,223521500000.0,868871000000.0,307321500000.0,12.630614291017238,False,5.630472292669891,21.5,-20.0,4.1,15.9,5.6,-3.7,-16.3,6.3,9.6,5.6,21.5,-20.0,4.1,5.6,15.9,5.6,-3.7,-16.3,6.3,9.6,5.630472292669891,9527820000000.0,5842790000000.0,-3630731000000.0,-944972000000.0,890673000000.0,7272160000000.0,2255660000000.0,475605589000000.0,0.0429329704809659,-69720000000.0,8.65699815121523,-1.1932655460832924,6.0,-6.0,0.6,5.6,4.1,0.4,-6.0,4.3,1.3,0.6,9353983000000.0,4746223000000.0,-3989840000000.0,-691259000000.0,73339000000.0,6819411000000.0,2534572000000.0,420523705000000.0,0.0449670697142772,1026847000000.0,20.89469570921837,21.63503484770943,15.6,-11.9,17.9,16.4,-0.8,8.0,-19.9,10.4,6.0,21.6,False
TCB,Private_1,2024-Q1,12261767000000.0,8499544000000.0,2171151000000.0,-3249136000000.0,-1210972000000.0,7801659000000.0,559276885000000.0,0.0435179605615474,10670695000000.0,6210587000000.0,1591072000000.0,9101504250000.0,5722057000000.0,-3312949000000.0,-980267000000.0,913768750000.0,6922780000000.0,2178724250000.0,481554679750000.0,0.04109987369896013,1569190750000.0,2079602000000.0,63813000000.0,-230705000000.0,677303250000.0,1576764000000.0,-7573250000.0,14.934636473802232,False,36.343608600893,27.4,-2.9,11.8,27.5,-0.1,1.1,-4.0,7.5,20.0,36.3,27.4,-2.9,11.8,36.3,27.5,-0.1,1.1,-4.0,7.5,20.0,36.343608600893,10092954000000.0,5773070000000.0,-3610089000000.0,-1634295000000.0,924500000000.0,7597203000000.0,2495751000000.0,518641568000000.0,0.0416521871456997,2028589000000.0,7.539590195697299,35.13882561617995,10.0,13.6,11.6,15.6,-5.6,6.3,7.3,3.8,11.8,35.2,8471018000000.0,5623358000000.0,-3142086000000.0,-534530000000.0,828956000000.0,6526880000000.0,1944138000000.0,465425345000000.0,0.0411822711063638,2178301000000.0,18.31781706964764,38.73665877221404,39.1,-13.9,13.6,35.1,4.0,-1.9,-12.0,9.2,25.9,38.8,False
TCB,Private_1,2024-Q2,13419696000000.0,9477926000000.0,2461472000000.0,-3948974000000.0,-1644213000000.0,7826509000000.0,592083271000000.0,0.0465074030508186,11939398000000.0,6346211000000.0,1480298000000.0,9651423500000.0,6266632250000.0,-3339711500000.0,-1149377500000.0,1104297750000.0,7415946000000.0,2235477500000.0,505017564750000.0,0.04168379606275603,2287974500000.0,1559876750000.0,-609262500000.0,-494835500000.0,376000250000.0,2061980000000.0,225994500000.0,15.871960609797576,False,24.89178697218111,36.5,-17.6,6.0,32.9,3.6,-9.7,-7.9,7.9,25.0,24.9,36.5,-17.6,6.0,24.9,32.9,3.6,-9.7,-7.9,7.9,25.0,24.89178697218111,10670695000000.0,7801659000000.0,-3249136000000.0,-1210972000000.0,1591072000000.0,8499544000000.0,2171151000000.0,559276885000000.0,0.0435179605615474,24850000000.0,5.698718307914071,0.3185219964112761,-0.7,0.7,0.3,-0.7,-0.7,0.7,0.7,2.8,-3.5,0.3,8314225000000.0,5649010000000.0,-2868890000000.0,-807271000000.0,1010946000000.0,6294877000000.0,2019348000000.0,466546217000000.0,0.0386320660628111,2177499000000.0,23.71690103535072,38.54655948564439,64.2,-33.9,8.3,56.4,7.8,-19.1,-14.8,11.9,44.5,38.6,False
TCB,Private_1,2024-Q3,11754335000000.0,8928676000000.0,1946783000000.0,-3430902000000.0,-1109265000000.0,7214168000000.0,626290777000000.0,0.0422135413331308,10875459000000.0,6335292000000.0,878876000000.0,10557716750000.0,6811007000000.0,-3609732500000.0,-1358613000000.0,1221635750000.0,8211708250000.0,2346008500000.0,536401828250000.0,0.0436526303097579,317742250000.0,403161000000.0,178830500000.0,249348000000.0,-342759750000.0,716967750000.0,-399225500000.0,15.462203568530006,False,5.9192568734696644,4.7,6.3,-5.0,10.5,-5.9,2.6,3.7,7.7,2.8,6.0,4.7,6.3,-5.0,6.0,10.5,-5.9,2.6,3.7,7.7,2.8,5.9192568734696644,11939398000000.0,7826509000000.0,-3948974000000.0,-1644213000000.0,1480298000000.0,9477926000000.0,2461472000000.0,592083271000000.0,0.0465074030508186,-612341000000.0,5.6152716082803495,-7.823935294778297,-13.6,13.5,-7.7,-7.0,-6.6,6.6,6.8,2.8,-9.8,-7.8,9527820000000.0,5842790000000.0,-3630731000000.0,-944972000000.0,890673000000.0,7272160000000.0,2255660000000.0,475605589000000.0,0.0429329704809659,1371378000000.0,27.350156085368194,23.471286833858482,23.1,0.6,-0.2,28.4,-5.3,3.4,-2.8,13.7,14.7,23.5,False
TCB,Private_1,2024-Q4,9554599000000.0,8601817000000.0,1462842000000.0,-4740723000000.0,-117844000000.0,4696032000000.0,631724964000000.0,0.0383687678258355,10064659000000.0,5206092000000.0,-510060000000.0,10894626500000.0,7153851500000.0,-3559775250000.0,-1399686250000.0,1218686500000.0,8625837250000.0,2268789250000.0,574073125250000.0,0.04347277302279913,-829967500000.0,-2457819500000.0,-1180947750000.0,1281842250000.0,-1728746500000.0,-24020250000.0,-805947250000.0,9.562436574411747,False,-34.35659099157985,-11.6,1.4,-24.2,-0.3,-11.3,-16.5,17.9,4.8,-5.1,-34.4,-11.6,1.4,-24.2,-34.4,-0.3,-11.3,-16.5,17.9,4.8,-5.1,-34.35659099157985,10875459000000.0,7214168000000.0,-3430902000000.0,-1109265000000.0,878876000000.0,8928676000000.0,1946783000000.0,626290777000000.0,0.0422135413331308,-2518136000000.0,0.8639298894114553,-34.90542499148897,-11.2,-4.4,-19.3,-4.5,-6.7,-18.2,13.8,0.4,-4.9,-34.9,10092954000000.0,5773070000000.0,-3610089000000.0,-1634295000000.0,924500000000.0,7597203000000.0,2495751000000.0,518641568000000.0,0.0416521871456997,-1077038000000.0,19.66041133053408,-18.6562435584533,-0.5,6.7,-24.9,17.4,-17.9,-19.6,26.3,9.8,7.6,-18.7,False
TCB,Private_1,2025-Q1,11611198000000.0,8305393000000.0,1828132000000.0,-3284915000000.0,-1090055000000.0,7236228000000.0,663692866000000.0,0.0356317149532819,10133525000000.0,5758555000000.0,1477673000000.0,10887552750000.0,6884592000000.0,-3842433750000.0,-1020573500000.0,860046500000.0,8876990750000.0,2010562000000.0,602343974250000.0,0.04265191819283308,-754027750000.0,351636000000.0,557518750000.0,-69481500000.0,617626500000.0,-571597750000.0,-182430000000.0,9.69148602940901,False,5.107579359822631,-11.0,7.1,9.0,-8.3,-2.7,8.1,-1.0,4.8,-13.1,5.1,-11.0,7.1,9.0,5.1,-8.3,-2.7,8.1,-1.0,4.8,-13.1,5.107579359822631,10064659000000.0,4696032000000.0,-4740723000000.0,-117844000000.0,-510060000000.0,8601817000000.0,1462842000000.0,631724964000000.0,0.0383687678258355,2540196000000.0,4.935535278219846,54.0923911932457,1.5,10.3,42.4,-6.3,7.8,31.0,-20.7,2.5,-8.8,54.2,10670695000000.0,7801659000000.0,-3249136000000.0,-1210972000000.0,1591072000000.0,8499544000000.0,2171151000000.0,559276885000000.0,0.0435179605615474,-565431000000.0,17.075807625596784,-7.247573881401379,-6.9,1.1,-1.5,-2.5,-4.4,-0.5,1.6,8.5,-11.0,-7.3,False
TCB,Private_1,2025-Q2,12743031000000.0,9137076000000.0,2106991000000.0,-3830693000000.0,-1013750000000.0,7898588000000.0,710313010000000.0,0.0379307963928467,11244067000000.0,6399624000000.0,1498964000000.0,10753260250000.0,6743234250000.0,-3851378500000.0,-990344250000.0,831696750000.0,8828453000000.0,1924807250000.0,628447969500000.0,0.0406803567907667,490806750000.0,1155353750000.0,20685500000.0,-23405750000.0,667267250000.0,308623000000.0,182183750000.0,12.229971108147316,False,17.133525355433115,7.3,-0.0,9.9,4.6,2.7,0.3,-0.3,6.1,-1.5,17.2,7.3,-0.0,9.9,17.2,4.6,2.7,0.3,-0.3,6.1,-1.5,17.133525355433115,10133525000000.0,7236228000000.0,-3284915000000.0,-1090055000000.0,1477673000000.0,8305393000000.0,1828132000000.0,663692866000000.0,0.0356317149532819,662360000000.0,6.786018140725913,9.153387648924275,15.4,-6.5,0.3,11.5,3.9,-7.5,1.1,3.4,8.1,9.2,11939398000000.0,7826509000000.0,-3948974000000.0,-1644213000000.0,1480298000000.0,9477926000000.0,2461472000000.0,592083271000000.0,0.0465074030508186,72079000000.0,18.155724294486063,0.9209597791301332,-4.6,4.6,0.2,-4.4,-4.5,1.5,4.6,9.1,-13.5,0.2,False
TPB,Private_2,2018-Q1,1188144000000.0,933011000000.0,74711000000.0,-608191000000.0,-67160000000.0,512793000000.0,69794568000000.0,0.0067435631052588,1007722000000.0,332371000000.0,180422000000.0,,,,,,,,,,,,,,,,,,False,0.0,,,,,,,,,,,,,,,,,,,,,0.0,,,,,,,,,,,,0.0,,,,,,,,,,,,,,,,,,,,,,0.0,,,,,,,,,,,False
TPB,Private_2,2018-Q2,1461155000000.0,1064786000000.0,169858000000.0,-642101000000.0,-307533000000.0,511521000000.0,73770428000000.0,0.0363021064162528,1234644000000.0,285010000000.0,226511000000.0,,,,,,,,,,,,,,,,,,False,0.0,,,,,,,,,,,,,,,,,,,,,0.0,1007722000000.0,512793000000.0,-608191000000.0,-67160000000.0,180422000000.0,933011000000.0,74711000000.0,69794568000000.0,0.0067435631052588,-1272000000.0,5.53875960126102,-0.24805330805997744,-2.4,2.7,-0.5,-1.4,-1.0,0.4,2.6,2.8,-4.2,-0.2,,,,,,,,,,,,0.0,,,,,,,,,,,False
TPB,Private_2,2018-Q3,1387978000000.0,1119505000000.0,195179000000.0,-728559000000.0,-70227000000.0,589192000000.0,73805929000000.0,0.0377362082369726,1314684000000.0,515898000000.0,73294000000.0,,,,,,,,,,,,,,,,,,False,0.0,,,,,,,,,,,,,,,,,,,,,0.0,1234644000000.0,511521000000.0,-642101000000.0,-307533000000.0,226511000000.0,1064786000000.0,169858000000.0,73770428000000.0,0.0363021064162528,77671000000.0,0.048112042771187254,15.184322833275662,15.7,29.5,-30.0,10.7,5.0,-16.9,46.4,0.0,10.7,15.2,,,,,,,,,,,,0.0,,,,,,,,,,,False
TPB,Private_2,2018-Q4,1592262000000.0,1263213000000.0,236437000000.0,-867837000000.0,-80202000000.0,644223000000.0,77185148000000.0,0.0415905053725304,1499650000000.0,551611000000.0,92612000000.0,,,,,,,,,,,,,,,,,,False,0.0,,,,,,,,,,,,,,,,,,,,,0.0,1314684000000.0,589192000000.0,-728559000000.0,-70227000000.0,73294000000.0,1119505000000.0,195179000000.0,73805929000000.0,0.0377362082369726,55031000000.0,4.476051256989179,9.340079295034556,31.4,-25.3,3.3,24.4,7.0,-23.6,-1.7,2.2,22.2,9.4,,,,,,,,,,,,0.0,,,,,,,,,,,False
TPB,Private_2,2019-Q1,1905964000000.0,1283678000000.0,216753000000.0,-898212000000.0,-154886000000.0,852866000000.0,84723658000000.0,0.0400479524499706,1500431000000.0,447333000000.0,405533000000.0,1264175000000.0,564432250000.0,-711672000000.0,-131280500000.0,143209750000.0,1095128750000.0,169046250000.0,73639018250000.0,0.03059309578275365,236256000000.0,288433750000.0,-186540000000.0,-23605500000.0,262323250000.0,188549250000.0,47706750000.0,13.999055853919998,False,51.101571534936205,41.9,-37.3,46.5,33.4,8.4,-33.1,-4.2,7.0,26.4,51.1,41.9,-37.3,46.5,51.1,33.4,8.4,-33.1,-4.2,7.0,26.4,51.101571534936205,1499650000000.0,644223000000.0,-867837000000.0,-80202000000.0,92612000000.0,1263213000000.0,236437000000.0,77185148000000.0,0.0415905053725304,208643000000.0,9.312044460385929,32.38676669414162,0.1,-16.3,48.6,3.2,-3.0,-4.7,-11.6,4.7,-1.5,32.4,1007722000000.0,512793000000.0,-608191000000.0,-67160000000.0,180422000000.0,933011000000.0,74711000000.0,69794568000000.0,0.0067435631052588,340073000000.0,19.32340331165852,66.31779294959175,96.1,-73.7,43.9,68.4,27.7,-56.6,-17.1,9.7,58.7,66.3,False
TPB,Private_2,2019-Q2,1920858000000.0,1407961000000.0,268621000000.0,-795325000000.0,-358709000000.0,766824000000.0,88957315000000.0,0.0419419488953506,1676582000000.0,522548000000.0,244276000000.0,1387352250000.0,649450500000.0,-784177250000.0,-153212000000.0,199487500000.0,1182795500000.0,204556750000.0,77371290750000.0,0.038919193118931605,289229750000.0,117373500000.0,-11147750000.0,-205497000000.0,44788500000.0,225165500000.0,64064250000.0,13.931487248097731,False,18.072739954777152,44.5,-33.4,6.9,34.7,9.9,-1.7,-31.6,7.0,27.7,18.0,44.5,-33.4,6.9,18.0,34.7,9.9,-1.7,-31.6,7.0,27.7,18.072739954777152,1500431000000.0,852866000000.0,-898212000000.0,-154886000000.0,405533000000.0,1283678000000.0,216753000000.0,84723658000000.0,0.0400479524499706,-86042000000.0,4.875211057229626,-10.08857194447897,20.7,-11.8,-18.9,14.6,6.1,12.1,-23.9,2.4,12.2,-10.0,1234644000000.0,511521000000.0,-642101000000.0,-307533000000.0,226511000000.0,1064786000000.0,169858000000.0,73770428000000.0,0.0363021064162528,255303000000.0,18.665393767551976,49.91056085673902,86.4,-40.0,3.5,67.1,19.3,-29.9,-10.0,9.3,57.8,49.9,False
TPB,Private_2,2019-Q3,1961332000000.0,1442154000000.0,272100000000.0,-728320000000.0,-448536000000.0,784476000000.0,92954005000000.0,0.0414444952135588,1714254000000.0,537398000000.0,247078000000.0,1497836750000.0,713276250000.0,-822483250000.0,-166006000000.0,203928750000.0,1268589250000.0,229247500000.0,81168012500000.0,0.04032915373870605,216417250000.0,71199750000.0,94163250000.0,-282530000000.0,43149250000.0,173564750000.0,42852500000.0,13.537624556871448,False,9.982072163485045,30.3,-26.4,6.0,24.3,6.0,13.2,-39.6,6.8,17.5,9.9,30.3,-26.4,6.0,9.9,24.3,6.0,13.2,-39.6,6.8,17.5,9.982072163485045,1676582000000.0,766824000000.0,-795325000000.0,-358709000000.0,244276000000.0,1407961000000.0,268621000000.0,88957315000000.0,0.0419419488953506,17652000000.0,4.394108074197911,2.301962379894213,4.9,-3.0,0.4,4.5,0.5,8.7,-11.7,2.2,2.3,2.3,1314684000000.0,589192000000.0,-728559000000.0,-70227000000.0,73294000000.0,1119505000000.0,195179000000.0,73805929000000.0,0.0377362082369726,195284000000.0,22.96483998368577,33.144373990142434,67.8,-64.2,29.5,54.8,13.1,0.0,-64.2,11.5,43.3,33.1,False
TPB,Private_2,2019-Q4,2803865000000.0,1503061000000.0,314894000000.0,-1000467000000.0,-339224000000.0,1464174000000.0,95643700000000.0,0.0410420333678191,1817955000000.0,478264000000.0,985910000000.0,1597729250000.0,762097250000.0,-822423500000.0,-260583250000.0,247374750000.0,1349251500000.0,248477750000.0,85955031500000.0,0.0412562254828526,220225750000.0,702076750000.0,-178043500000.0,-78640750000.0,738535250000.0,153809500000.0,66416250000.0,10.670414291963267,False,92.12429909699846,28.9,-33.7,96.9,20.2,8.8,-23.4,-10.3,5.3,14.9,92.1,28.9,-33.7,96.9,92.1,20.2,8.8,-23.4,-10.3,5.3,14.9,92.12429909699846,1714254000000.0,784476000000.0,-728320000000.0,-448536000000.0,247078000000.0,1442154000000.0,272100000000.0,92954005000000.0,0.0414444952135588,679698000000.0,2.8523093639978283,86.64356844568859,13.3,-20.8,94.2,7.8,5.5,-34.7,13.9,1.4,6.4,86.7,1499650000000.0,644223000000.0,-867837000000.0,-80202000000.0,92612000000.0,1263213000000.0,236437000000.0,77185148000000.0,0.0415905053725304,819951000000.0,21.360498798209893,127.27751104819293,49.4,-60.8,138.6,37.3,12.2,-20.6,-40.2,10.7,26.6,127.2,False
TPB,Private_2,2020-Q1,2429510000000.0,1727524000000.0,157000000000.0,-1095980000000.0,-324075000000.0,1009455000000.0,100508623000000.0,0.0434254800944559,1884524000000.0,464469000000.0,544986000000.0,1677305500000.0,967085000000.0,-855581000000.0,-325338750000.0,470699250000.0,1409213500000.0,268092000000.0,90569669500000.0,0.04111910748167477,207218500000.0,42370000000.0,-240399000000.0,1263750000.0,74286750000.0,318310500000.0,-111092000000.0,10.403016868072546,True,4.38120744298588,21.4,-24.7,7.7,25.8,-11.5,-24.9,0.1,5.2,20.6,4.4,21.4,-24.7,7.7,4.4,25.8,-11.5,-24.9,0.1,5.2,20.6,4.38120744298588,1817955000000.0,1464174000000.0,-1000467000000.0,-339224000000.0,985910000000.0,1503061000000.0,314894000000.0,95643700000000.0,0.0410420333678191,-454719000000.0,4.9603521646796915,-31.056349860057615,4.5,-5.5,-30.1,15.3,-10.8,-6.5,1.0,2.5,12.8,-31.1,1500431000000.0,852866000000.0,-898212000000.0,-154886000000.0,405533000000.0,1283678000000.0,216753000000.0,84723658000000.0,0.0400479524499706,156589000000.0,17.04342775976505,18.360328586202286,45.0,-43.0,16.4,52.0,-7.0,-23.2,-19.8,8.5,43.5,18.4,True
TPB,Private_2,2020-Q2,2449736000000.0,1764509000000.0,159076000000.0,-983182000000.0,-441670000000.0,1024884000000.0,100419332000000.0,0.0418192004793268,1923585000000.0,498733000000.0,526151000000.0,1773328750000.0,1006232250000.0,-905023000000.0,-367636000000.0,505562500000.0,1520175000000.0,253153750000.0,94515910750000.0,0.0419634893927961,150256250000.0,18651750000.0,-78159000000.0,-74034000000.0,20588500000.0,244334000000.0,-94077750000.0,6.056802419838473,True,1.8536227595567525,14.9,-15.1,2.0,24.3,-9.3,-7.8,-7.4,3.0,21.3,1.8,14.9,-15.1,2.0,1.8,24.3,-9.3,-7.8,-7.4,3.0,21.3,1.8536227595567525,1884524000000.0,1009455000000.0,-1095980000000.0,-324075000000.0,544986000000.0,1727524000000.0,157000000000.0,100508623000000.0,0.0434254800944559,15429000000.0,-0.08887862318610669,1.5284485192504866,3.9,-0.5,-1.9,3.7,0.2,11.2,-11.6,-0.0,3.7,1.5,1676582000000.0,766824000000.0,-795325000000.0,-358709000000.0,244276000000.0,1407961000000.0,268621000000.0,88957315000000.0,0.0419419488953506,258060000000.0,12.104995184543531,33.65309379988107,32.2,-35.3,36.7,46.5,-14.3,-24.5,-10.8,6.1,40.4,33.6,False
TPB,Private_2,2020-Q3,2215083000000.0,1708234000000.0,493487000000.0,-809689000000.0,-415991000000.0,989403000000.0,110340232000000.0,0.0387049446653028,2201721000000.0,976041000000.0,13362000000.0,1835079500000.0,1070747250000.0,-951987250000.0,-388376250000.0,576031250000.0,1609312000000.0,225767500000.0,97381415000000.0,0.04193280228879015,366641500000.0,-81344250000.0,142298250000.0,-27614750000.0,-562669250000.0,98922000000.0,267719500000.0,12.477098258324517,False,-7.596960907441042,34.2,10.7,-38.0,9.2,25.0,13.3,-2.6,6.2,3.0,6.9,34.2,10.7,-38.0,6.9,9.2,25.0,13.3,-2.6,6.2,3.0,-7.596960907441042,1923585000000.0,1024884000000.0,-983182000000.0,-441670000000.0,526151000000.0,1764509000000.0,159076000000.0,100419332000000.0,0.0418192004793268,-35481000000.0,9.414424486093546,-3.461952767337572,-4.3,-3.5,4.3,1.0,-4.3,-3.0,-0.4,4.7,-3.7,-3.5,1714254000000.0,784476000000.0,-728320000000.0,-448536000000.0,247078000000.0,1442154000000.0,272100000000.0,92954005000000.0,0.0414444952135588,204927000000.0,17.104495687204356,26.122787695225856,62.1,-6.2,-29.8,33.9,28.2,-10.4,4.2,8.6,25.3,26.1,True
TPB,Private_2,2020-Q4,3274860000000.0,2088466000000.0,457794000000.0,-1308442000000.0,-601637000000.0,1364781000000.0,119990991000000.0,0.0447679680349146,2546260000000.0,636181000000.0,728600000000.0,1956946250000.0,1121979000000.0,-972329500000.0,-380240000000.0,517602250000.0,1675832000000.0,281114250000.0,101727971750000.0,0.04124791465172614,589313750000.0,242802000000.0,-336112500000.0,-221397000000.0,210997750000.0,412634000000.0,176679750000.0,16.47402551724232,False,21.640511988192294,52.5,-49.7,18.8,36.8,15.8,-30.0,-19.7,8.2,28.6,21.6,52.5,-49.7,18.8,21.6,36.8,15.8,-30.0,-19.7,8.2,28.6,21.640511988192294,2201721000000.0,989403000000.0,-809689000000.0,-415991000000.0,13362000000.0,1708234000000.0,493487000000.0,110340232000000.0,0.0387049446653028,375378000000.0,8.379896458935573,37.93984857535301,34.8,-69.2,72.3,38.4,-3.6,-50.4,-18.8,4.2,34.2,37.9,1817955000000.0,1464174000000.0,-1000467000000.0,-339224000000.0,985910000000.0,1503061000000.0,314894000000.0,95643700000000.0,0.0410420333678191,-99393000000.0,22.58197963146848,-6.788332534247979,33.9,-33.9,-17.6,33.9,9.8,-21.0,-17.9,11.3,22.6,-17.6,False
TPB,Private_2,2021-Q1,2797996000000.0,2263489000000.0,282256000000.0,-984895000000.0,-391066000000.0,1422035000000.0,124386976000000.0,0.0463093613716482,2545745000000.0,1169784000000.0,252251000000.0,2139022500000.0,1097130750000.0,-1049323250000.0,-445843250000.0,453274750000.0,1822183250000.0,316839250000.0,107814794500000.0,0.042179398318500025,406722500000.0,324904250000.0,64428250000.0,54777250000.0,-201023750000.0,441305750000.0,-34583250000.0,14.273949302208273,False,29.61399541485826,37.1,10.9,-18.3,40.2,-3.1,5.9,5.0,7.1,33.1,29.7,37.1,10.9,-18.3,29.7,40.2,-3.1,5.9,5.0,7.1,33.1,29.61399541485826,2546260000000.0,1364781000000.0,-1308442000000.0,-601637000000.0,728600000000.0,2088466000000.0,457794000000.0,119990991000000.0,0.0447679680349146,57254000000.0,3.59769340416847,4.195105295281807,-0.0,21.0,-21.0,12.8,-12.9,21.0,15.4,1.8,11.0,0.0,1884524000000.0,1009455000000.0,-1095980000000.0,-324075000000.0,544986000000.0,1727524000000.0,157000000000.0,100508623000000.0,0.0434254800944559,412580000000.0,21.235055826948397,40.87155940581799,65.5,4.4,-29.0,53.1,12.4,11.0,-6.6,10.6,42.5,40.9,False
TPB,Private_2,2021-Q2,3434709000000.0,2526602000000.0,412564000000.0,-1237841000000.0,-612239000000.0,1584629000000.0,132203531000000.0,0.0476835104147568,2939166000000.0,1089086000000.0,495543000000.0,2304327750000.0,1200275750000.0,-1021552000000.0,-462591000000.0,380091000000.0,1956174500000.0,348153250000.0,113784382750000.0,0.0429003686377981,634838250000.0,384353250000.0,-216289000000.0,-149648000000.0,115452000000.0,570427500000.0,64410750000.0,14.97565304669364,False,32.02207909307507,52.9,-30.5,9.6,47.5,5.4,-18.0,-12.5,7.5,40.0,32.0,52.9,-30.5,9.6,32.0,47.5,5.4,-18.0,-12.5,7.5,40.0,32.02207909307507,2545745000000.0,1422035000000.0,-984895000000.0,-391066000000.0,252251000000.0,2263489000000.0,282256000000.0,124386976000000.0,0.0463093613716482,162594000000.0,6.092629919469312,11.433895790188005,27.7,-33.3,17.1,18.5,9.2,-17.8,-15.6,3.0,15.5,11.5,1923585000000.0,1024884000000.0,-983182000000.0,-441670000000.0,526151000000.0,1764509000000.0,159076000000.0,100419332000000.0,0.0418192004793268,559745000000.0,27.326805792085878,54.61544916302723,99.1,-41.5,-3.0,74.4,24.7,-24.9,-16.7,13.7,60.7,54.6,False
TPB,Private_2,2021-Q3,3673552000000.0,2345634000000.0,357770000000.0,-940970000000.0,-1345615000000.0,1386967000000.0,133002039000000.0,0.0406505873100232,2703404000000.0,416819000000.0,970148000000.0,2558223000000.0,1340212000000.0,-1085216750000.0,-505233250000.0,372439000000.0,2146697750000.0,411525250000.0,121730432500000.0,0.04436644612165559,145181000000.0,46755000000.0,144246750000.0,-840381750000.0,597709000000.0,198936250000.0,-53755250000.0,8.849760247389584,True,3.488627172417498,3.5,-6.0,6.0,4.8,-1.3,3.5,-6.0,4.4,0.4,3.5,3.5,-6.0,6.0,3.5,4.8,-1.3,3.5,-6.0,4.4,0.4,3.488627172417498,2939166000000.0,1584629000000.0,-1237841000000.0,-612239000000.0,495543000000.0,2526602000000.0,412564000000.0,132203531000000.0,0.0476835104147568,-197662000000.0,0.6021804142348895,-12.473708356971883,-14.9,-27.5,29.9,-11.4,-3.5,18.7,-46.3,0.3,-11.7,-12.5,2201721000000.0,989403000000.0,-809689000000.0,-415991000000.0,13362000000.0,1708234000000.0,493487000000.0,110340232000000.0,0.0387049446653028,397564000000.0,18.625458624079332,40.1822108887885,50.7,-107.2,96.7,64.4,-13.7,-13.3,-93.9,9.3,55.1,40.2,True
TPB,Private_2,2021-Q4,3611151000000.0,2810324000000.0,489876000000.0,-1406990000000.0,-559570000000.0,1644591000000.0,141227857000000.0,0.0441336224346468,3300200000000.0,1333640000000.0,310951000000.0,2683643750000.0,1439603000000.0,-1118037000000.0,-737639250000.0,611635500000.0,2306047750000.0,377596000000.0,127395884250000.0,0.0448528567828357,616556250000.0,204988000000.0,-288953000000.0,178069250000.0,-300684500000.0,504276250000.0,112280000000.0,10.298399304272216,False,14.239203447061447,42.8,-7.7,-20.9,35.0,7.8,-20.1,12.4,5.1,29.9,14.2,42.8,-7.7,-20.9,14.2,35.0,7.8,-20.1,12.4,5.1,29.9,14.239203447061447,2703404000000.0,1386967000000.0,-940970000000.0,-1345615000000.0,970148000000.0,2345634000000.0,357770000000.0,133002039000000.0,0.0406505873100232,257624000000.0,5.999213156540744,18.574630831158924,43.0,23.1,-47.5,33.5,9.5,-33.6,56.7,3.0,30.5,18.6,2546260000000.0,1364781000000.0,-1308442000000.0,-601637000000.0,728600000000.0,2088466000000.0,457794000000.0,119990991000000.0,0.0447679680349146,279810000000.0,16.259826702857218,20.502190461326762,55.2,-4.1,-30.6,52.9,2.4,-7.2,3.1,8.1,44.8,20.5,False
TPB,Private_2,2022-Q1,3615995000000.0,2831379000000.0,511384000000.0,-1237583000000.0,-755265000000.0,1623147000000.0,149875029000000.0,0.0410677155087605,3342763000000.0,1349915000000.0,273232000000.0,2872128750000.0,1509555500000.0,-1142674000000.0,-727122500000.0,507223250000.0,2486512250000.0,385616500000.0,132705100750000.0,0.04469427038276875,470634250000.0,113591500000.0,-94909000000.0,-28142500000.0,-233991250000.0,344866750000.0,125767500000.0,12.152254488091797,False,7.524830985015125,31.2,-8.1,-15.5,22.8,8.3,-6.3,-1.9,6.1,16.7,7.6,31.2,-8.1,-15.5,7.6,22.8,8.3,-6.3,-1.9,6.1,16.7,7.524830985015125,3300200000000.0,1644591000000.0,-1406990000000.0,-559570000000.0,310951000000.0,2810324000000.0,489876000000.0,141227857000000.0,0.0441336224346468,-21444000000.0,5.940973048271325,-1.3039108203802647,2.6,-1.6,-2.3,1.3,1.3,10.3,-11.9,3.0,-1.7,-1.3,2545745000000.0,1422035000000.0,-984895000000.0,-391066000000.0,252251000000.0,2263489000000.0,282256000000.0,124386976000000.0,0.0463093613716482,201112000000.0,18.58664527738722,14.14254923402026,56.0,-43.4,1.5,39.9,16.1,-17.8,-25.6,9.3,30.6,14.1,False
TPB,Private_2,2022-Q2,4572835000000.0,3034868000000.0,680625000000.0,-1762811000000.0,-645341000000.0,2164683000000.0,151083664000000.0,0.0431043582959984,3715493000000.0,1307341000000.0,857342000000.0,3071383250000.0,1559833500000.0,-1205846000000.0,-818172250000.0,512468500000.0,2628484750000.0,442898500000.0,139077114000000.0,0.043383858917046825,644109750000.0,604849500000.0,-556965000000.0,172831250000.0,344873500000.0,406383250000.0,237726500000.0,8.275791154654266,False,38.776542496362595,41.3,-24.6,22.1,26.1,15.2,-35.7,11.1,4.1,22.0,38.8,41.3,-24.6,22.1,38.8,26.1,15.2,-35.7,11.1,4.1,22.0,38.776542496362595,3342763000000.0,1623147000000.0,-1237583000000.0,-755265000000.0,273232000000.0,2831379000000.0,511384000000.0,149875029000000.0,0.0410677155087605,541536000000.0,0.8031899580318818,33.36333677726047,23.0,-25.6,36.0,12.5,10.4,-32.4,6.8,0.4,12.1,33.4,2939166000000.0,1584629000000.0,-1237841000000.0,-612239000000.0,495543000000.0,2526602000000.0,412564000000.0,132203531000000.0,0.0476835104147568,580054000000.0,13.329323268564963,36.60503499557309,49.0,-35.2,22.8,32.1,16.9,-33.1,-2.1,6.7,25.4,36.6,False
TPB,Private_2,2022-Q3,3764987000000.0,2740672000000.0,683797000000.0,-1298798000000.0,-328474000000.0,2137715000000.0,156191002000000.0,0.0383075381463679,3424469000000.0,1797197000000.0,340518000000.0,3265465000000.0,1704847000000.0,-1337088500000.0,-826447750000.0,602918250000.0,2755551250000.0,509913750000.0,143797147250000.0,0.04223907088735722,159004000000.0,432868000000.0,38290500000.0,497973750000.0,-262400250000.0,-14879250000.0,173883250000.0,8.26289623839199,False,25.390430930165582,9.3,31.5,-15.4,-0.9,10.2,2.2,29.2,4.1,-5.0,25.4,9.3,31.5,-15.4,25.4,-0.9,10.2,2.2,29.2,4.1,-5.0,25.390430930165582,3715493000000.0,2164683000000.0,-1762811000000.0,-645341000000.0,857342000000.0,3034868000000.0,680625000000.0,151083664000000.0,0.0431043582959984,-26968000000.0,3.3242818657884405,-1.2458175169297305,-1.2,1.2,-1.2,-1.2,0.0,1.2,1.2,1.7,-2.9,-1.2,2703404000000.0,1386967000000.0,-940970000000.0,-1345615000000.0,970148000000.0,2345634000000.0,357770000000.0,133002039000000.0,0.0406505873100232,750748000000.0,16.037013145139962,54.12875720907563,52.0,47.5,-45.4,28.5,23.5,-25.8,73.3,8.0,20.5,54.1,False
TPB,Private_2,2022-Q4,3663372000000.0,2779678000000.0,816174000000.0,-1646065000000.0,-114564000000.0,1902743000000.0,160992963000000.0,0.037692420357614,3595852000000.0,1835223000000.0,67520000000.0,3445731250000.0,1892534000000.0,-1426545500000.0,-572162500000.0,445510750000.0,2854310750000.0,591420500000.0,149594388000000.0,0.0416533085964434,150120750000.0,10209000000.0,-219519500000.0,457598500000.0,-377990750000.0,-74632750000.0,224753500000.0,7.34001237545569,True,0.5394354870242755,0.6,0.9,-1.0,-0.3,0.9,-0.9,1.0,3.7,-4.0,0.5,0.6,0.9,-1.0,0.5,-0.3,0.9,-0.9,1.0,3.7,-4.0,0.5394354870242755,3424469000000.0,2137715000000.0,-1298798000000.0,-328474000000.0,340518000000.0,2740672000000.0,683797000000.0,156191002000000.0,0.0383075381463679,-234972000000.0,3.027871222935245,-10.991736503696705,8.0,-6.2,-12.8,1.8,6.2,-16.2,10.0,1.5,0.3,-11.0,3300200000000.0,1644591000000.0,-1406990000000.0,-559570000000.0,310951000000.0,2810324000000.0,489876000000.0,141227857000000.0,0.0441336224346468,258152000000.0,13.079910245760038,15.69703348735339,18.0,12.5,-14.8,-1.9,19.8,-14.5,27.1,6.5,-8.4,15.7,True
TPB,Private_2,2023-Q1,3659066000000.0,2736874000000.0,695739000000.0,-1579089000000.0,-314976000000.0,1765001000000.0,172753147000000.0,0.0354235883950897,3432613000000.0,1538548000000.0,226453000000.0,3519644250000.0,1957072000000.0,-1486314250000.0,-460911000000.0,384653000000.0,2846649250000.0,672995000000.0,154535664500000.0,0.0400430080771852,-87031250000.0,-192071000000.0,-92774750000.0,145935000000.0,-158200000000.0,-109775250000.0,22744000000.0,11.13235885853067,False,-9.814202032423948,-4.4,2.7,-8.1,-5.6,1.2,-4.7,7.5,5.6,-11.2,-9.8,-4.4,2.7,-8.1,-9.8,-5.6,1.2,-4.7,7.5,5.6,-11.2,-9.814202032423948,3595852000000.0,1902743000000.0,-1646065000000.0,-114564000000.0,67520000000.0,2779678000000.0,816174000000.0,160992963000000.0,0.037692420357614,-137742000000.0,7.047383413697316,-7.23912793267404,-8.6,-7.0,8.4,-2.3,-6.3,3.5,-10.5,3.5,-5.8,-7.2,3342763000000.0,1623147000000.0,-1237583000000.0,-755265000000.0,273232000000.0,2831379000000.0,511384000000.0,149875029000000.0,0.0410677155087605,141854000000.0,14.182343454094351,8.739442576673586,5.5,6.1,-2.9,-5.8,11.4,-21.0,27.1,7.1,-12.9,8.7,False
TPB,Private_2,2023-Q2,3917179000000.0,2729027000000.0,803609000000.0,-1930622000000.0,-368120000000.0,1618437000000.0,177113201000000.0,0.0344335269979783,3532636000000.0,1233894000000.0,384543000000.0,3542106750000.0,1992535500000.0,-1571690750000.0,-350838750000.0,372958250000.0,2823023000000.0,719083750000.0,160255194000000.0,0.0386319762987675,-9470750000.0,-374098500000.0,-358931250000.0,-17281250000.0,11584750000.0,-93996000000.0,84525250000.0,9.993827074406303,False,-18.77499798623412,-0.5,-18.9,0.6,-4.7,4.2,-18.0,-0.9,5.0,-9.7,-18.8,-0.5,-18.9,0.6,-18.8,-4.7,4.2,-18.0,-0.9,5.0,-9.7,-18.77499798623412,3432613000000.0,1765001000000.0,-1579089000000.0,-314976000000.0,226453000000.0,2736874000000.0,695739000000.0,172753147000000.0,0.0354235883950897,-146564000000.0,2.4924111878287873,-8.30390464368009,5.7,-22.9,9.0,-0.4,6.1,-19.9,-3.0,1.2,-1.6,-8.2,3715493000000.0,2164683000000.0,-1762811000000.0,-645341000000.0,857342000000.0,3034868000000.0,680625000000.0,151083664000000.0,0.0431043582959984,-546246000000.0,15.86214846994349,-25.234456962058648,-8.5,5.0,-21.9,-14.1,5.7,-7.7,12.8,7.9,-22.0,-25.4,False
TPB,Private_2,2023-Q3,4214189000000.0,2962701000000.0,665872000000.0,-1345558000000.0,-1292974000000.0,1575657000000.0,179946188000000.0,0.0373517919396207,3628573000000.0,990041000000.0,585616000000.0,3496392500000.0,1855974000000.0,-1613643500000.0,-281533500000.0,254758500000.0,2746562750000.0,749829750000.0,166762578250000.0,0.03646426847426248,132180500000.0,-280317000000.0,268085500000.0,-1011440500000.0,330857500000.0,216138250000.0,-83957750000.0,7.605005141689289,False,-15.103498217108644,7.1,-40.1,17.8,11.6,-4.5,14.4,-54.5,3.8,7.8,-15.2,7.1,-40.1,17.8,-15.2,11.6,-4.5,14.4,-54.5,3.8,7.8,-15.103498217108644,3532636000000.0,1618437000000.0,-1930622000000.0,-368120000000.0,384543000000.0,2729027000000.0,803609000000.0,177113201000000.0,0.0344335269979783,-42780000000.0,1.586843582483137,-2.6432910270835377,-5.4,14.1,-11.3,-13.1,7.7,-14.1,14.1,0.8,-13.9,-2.6,3424469000000.0,2137715000000.0,-1298798000000.0,-328474000000.0,340518000000.0,2740672000000.0,683797000000.0,156191002000000.0,0.0383075381463679,-562058000000.0,14.134220613910648,-26.292466488750836,9.5,-47.3,11.5,10.4,-0.8,-2.2,-45.1,7.1,3.3,-26.3,False
TPB,Private_2,2023-Q4,4443231000000.0,3996093000000.0,114080000000.0,-1843428000000.0,-1970195000000.0,629608000000.0,205262092000000.0,0.0491930401796024,4110173000000.0,296550000000.0,333058000000.0,3547418500000.0,1715459500000.0,-1625333500000.0,-522658500000.0,316033000000.0,2802070000000.0,745348500000.0,172701374750000.0,0.03622533192257568,562754500000.0,-1085851500000.0,-218094500000.0,-1447536500000.0,17025000000.0,1194023000000.0,-631268500000.0,17.229557941131358,False,-63.297996834084394,32.8,-97.1,1.0,69.6,-36.8,-12.7,-84.4,8.6,61.0,-63.3,32.8,-97.1,1.0,-63.3,69.6,-36.8,-12.7,-84.4,8.6,61.0,-63.297996834084394,3628573000000.0,1575657000000.0,-1345558000000.0,-1292974000000.0,585616000000.0,2962701000000.0,665872000000.0,179946188000000.0,0.0373517919396207,-946049000000.0,13.144008223291564,-60.04155726785716,30.6,-74.6,-16.0,65.6,-35.0,-31.6,-43.0,6.6,59.0,-60.0,3595852000000.0,1902743000000.0,-1646065000000.0,-114564000000.0,67520000000.0,2779678000000.0,816174000000.0,160992963000000.0,0.037692420357614,-1273135000000.0,24.173934746102002,-66.9105076197889,27.0,-107.9,14.0,63.9,-36.9,-10.4,-97.6,12.1,51.8,-66.9,False
TPB,Private_2,2024-Q1,4685167000000.0,3427386000000.0,715126000000.0,-1675773000000.0,-1180800000000.0,1828594000000.0,200829487000000.0,0.0412895230677992,4142512000000.0,1285939000000.0,542655000000.0,3675998750000.0,1397175750000.0,-1674674250000.0,-986566250000.0,382417500000.0,3106173750000.0,569825000000.0,183768657000000.0,0.03910048687807278,466513250000.0,431418250000.0,-1098750000.0,-194233750000.0,160237500000.0,321212250000.0,145301000000.0,8.872029294036322,False,30.877879894494303,33.4,-14.0,11.5,23.0,10.4,-0.1,-13.9,4.4,18.6,30.9,33.4,-14.0,11.5,30.9,23.0,10.4,-0.1,-13.9,4.4,18.6,30.877879894494303,4110173000000.0,629608000000.0,-1843428000000.0,-1970195000000.0,333058000000.0,3996093000000.0,114080000000.0,205262092000000.0,0.0491930401796024,1198986000000.0,-2.183056841964211,190.4337301940255,5.1,152.0,33.3,-90.3,95.4,26.7,125.3,-1.1,-89.2,190.4,3432613000000.0,1765001000000.0,-1579089000000.0,-314976000000.0,226453000000.0,2736874000000.0,695739000000.0,172753147000000.0,0.0354235883950897,63593000000.0,15.030859277040163,3.603000791500968,18.0,-18.0,17.9,18.0,1.1,-5.5,-18.0,7.5,10.5,17.9,False
TPB,Private_2,2024-Q2,4236158000000.0,3236772000000.0,945180000000.0,-1383027000000.0,-949110000000.0,1904021000000.0,213432272000000.0,0.0385907097648273,4181952000000.0,1849815000000.0,54206000000.0,3853473500000.0,1413074000000.0,-1698845250000.0,-1203022250000.0,461468000000.0,3278801750000.0,574671750000.0,190787742000000.0,0.04056697054625015,328478500000.0,490947000000.0,315818250000.0,253912250000.0,-407262000000.0,-42029750000.0,370508250000.0,11.204061756328572,False,34.74319108553409,23.2,40.3,-28.8,-3.0,26.2,22.3,18.0,5.6,-8.6,34.7,23.2,40.3,-28.8,34.7,-3.0,26.2,22.3,18.0,5.6,-8.6,34.74319108553409,4142512000000.0,1828594000000.0,-1675773000000.0,-1180800000000.0,542655000000.0,3427386000000.0,715126000000.0,200829487000000.0,0.0412895230677992,75427000000.0,6.08445492551486,4.124863146220538,2.2,20.6,-20.6,-10.4,12.6,16.0,12.7,3.0,-13.4,2.2,3532636000000.0,1618437000000.0,-1930622000000.0,-368120000000.0,384543000000.0,2729027000000.0,803609000000.0,177113201000000.0,0.0344335269979783,285584000000.0,18.599150936771967,17.645666776031444,40.1,-2.1,-20.4,31.4,8.8,33.8,-35.9,9.3,22.1,17.6,False
TPB,Private_2,2024-Q3,3995304000000.0,3173833000000.0,794465000000.0,-1426370000000.0,-838348000000.0,1730586000000.0,234722105000000.0,0.0359374423365272,3968298000000.0,1703580000000.0,27006000000.0,4015802500000.0,1484470000000.0,-1561946500000.0,-1348269750000.0,378883750000.0,3405738000000.0,610064500000.0,199867509750000.0,0.0416062662379624,-47504500000.0,246116000000.0,135576500000.0,509921750000.0,-351877750000.0,-231905000000.0,184400500000.0,16.040233851446402,False,16.579385235134424,-3.2,43.5,-23.7,-15.6,12.4,9.1,34.4,8.0,-23.6,16.6,-3.2,43.5,-23.7,16.6,-15.6,12.4,9.1,34.4,8.0,-23.6,16.579385235134424,4181952000000.0,1904021000000.0,-1383027000000.0,-949110000000.0,54206000000.0,3236772000000.0,945180000000.0,213432272000000.0,0.0385907097648273,-173435000000.0,9.501115728252723,-9.108880626841826,-11.2,3.5,-1.4,-3.3,-7.9,-2.3,5.8,4.8,-8.1,-9.1,3628573000000.0,1575657000000.0,-1345558000000.0,-1292974000000.0,585616000000.0,2962701000000.0,665872000000.0,179946188000000.0,0.0373517919396207,154929000000.0,26.419148955765472,9.832660280759074,21.6,23.7,-35.5,13.4,8.2,-5.1,28.8,13.2,0.2,9.8,False
TPB,Private_2,2024-Q4,5121638000000.0,3068665000000.0,908839000000.0,-1793687000000.0,-1190954000000.0,2136997000000.0,250331368000000.0,0.0318338658865179,3977504000000.0,992863000000.0,1144134000000.0,4100733750000.0,1523202250000.0,-1582149500000.0,-1234613250000.0,239231250000.0,3458521000000.0,642212750000.0,213561489000000.0,0.04125267883718903,-123229750000.0,613794750000.0,-211537500000.0,43659250000.0,904902750000.0,-389856000000.0,266626250000.0,15.852746359489645,False,40.296339504487996,-8.1,-11.0,59.4,-25.6,17.5,-13.9,2.9,7.9,-33.5,40.3,-8.1,-11.0,59.4,40.3,-25.6,17.5,-13.9,2.9,7.9,-33.5,40.296339504487996,3968298000000.0,1730586000000.0,-1426370000000.0,-838348000000.0,27006000000.0,3173833000000.0,794465000000.0,234722105000000.0,0.0359374423365272,406411000000.0,6.4360998813011285,23.484010618368576,0.5,-41.6,64.6,-6.1,6.6,-21.2,-20.4,3.2,-9.3,23.5,4110173000000.0,629608000000.0,-1843428000000.0,-1970195000000.0,333058000000.0,3996093000000.0,114080000000.0,205262092000000.0,0.0491930401796024,1507389000000.0,19.784865217336524,239.41706585685063,-21.1,131.7,128.8,-147.2,126.2,7.9,123.8,9.9,-157.1,239.4,False
TPB,Private_2,2025-Q1,4482468000000.0,3383618000000.0,909938000000.0,-1883976000000.0,-489617000000.0,2108875000000.0,262477215000000.0,0.0347511303480378,4293556000000.0,1919963000000.0,188912000000.0,4067566500000.0,1900049500000.0,-1569714250000.0,-1039803000000.0,442000250000.0,3226664000000.0,840902500000.0,224828808000000.0,0.0369128852639179,225989500000.0,208825500000.0,-314261750000.0,550186000000.0,-253088250000.0,156954000000.0,69035500000.0,15.451648542419102,False,10.990529457258877,11.9,12.4,-13.3,8.3,3.6,-16.5,29.0,7.7,0.6,11.0,11.9,12.4,-13.3,11.0,8.3,3.6,-16.5,29.0,7.7,0.6,10.990529457258877,3977504000000.0,2136997000000.0,-1793687000000.0,-1190954000000.0,1144134000000.0,3068665000000.0,908839000000.0,250331368000000.0,0.0318338658865179,-28122000000.0,4.736990527321186,-1.3159587963857693,-1.3,-1.3,1.3,-1.3,-0.0,0.5,-1.3,2.4,-3.7,-1.3,4142512000000.0,1828594000000.0,-1675773000000.0,-1180800000000.0,542655000000.0,3427386000000.0,715126000000.0,200829487000000.0,0.0412895230677992,280281000000.0,26.61205967186721,15.327677986474855,8.3,26.4,-19.3,-2.4,10.7,-11.4,37.8,13.3,-15.7,15.4,False
TPB,Private_2,2025-Q2,4615730000000.0,3151325000000.0,988763000000.0,-1753628000000.0,-824744000000.0,2037358000000.0,284849379000000.0,0.0318804355062283,4140088000000.0,1561716000000.0,475642000000.0,4105327500000.0,1970119750000.0,-1621765000000.0,-867007250000.0,353564500000.0,3215722000000.0,889605500000.0,240240740000000.0,0.03527828708397755,34760500000.0,67238250000.0,-131863000000.0,42263250000.0,122077500000.0,-64397000000.0,99157500000.0,16.990850669578112,False,3.412901677677207,1.8,-4.5,6.2,-3.3,5.0,-6.7,2.1,8.5,-11.8,3.5,1.8,-4.5,6.2,3.5,-3.3,5.0,-6.7,2.1,8.5,-11.8,3.412901677677207,4293556000000.0,2108875000000.0,-1883976000000.0,-489617000000.0,188912000000.0,3383618000000.0,909938000000.0,262477215000000.0,0.0347511303480378,-71517000000.0,8.175069234804988,-3.391239404895975,-7.3,-9.7,13.6,-11.0,3.7,6.2,-15.9,4.1,-15.1,-3.4,4181952000000.0,1904021000000.0,-1383027000000.0,-949110000000.0,54206000000.0,3236772000000.0,945180000000.0,213432272000000.0,0.0385907097648273,133337000000.0,28.66535697498522,7.002916459429807,-2.2,-12.9,22.1,-4.5,2.3,-19.5,6.5,14.3,-18.8,7.0,False
VAB,Private_3,2018-Q1,272107000000.0,272095000000.0,-2108000000.0,-127698000000.0,-71480000000.0,72929000000.0,33339321000000.0,0.0046137146940138,269987000000.0,70809000000.0,2120000000.0,,,,,,,,,,,,,,,,,,False,0.0,,,,,,,,,,,,,,,,,,,,,0.0,,,,,,,,,,,,0.0,,,,,,,,,,,,,,,,,,,,,,0.0,,,,,,,,,,,False
VAB,Private_3,2021-Q2,520622280616.0,396505984952.0,13346174793.0,-165156640670.0,-84909769336.0,270555870610.0,51369171889328.0,0.0246252815925316,409852159745.0,159785749739.0,110770120871.0,,,,,,,,,,,,,,,,,,False,0.0,,,,,,,,,,,,,,,,,,,,,0.0,269987000000.0,72929000000.0,-127698000000.0,-71480000000.0,2120000000.0,272095000000.0,-2108000000.0,33339321000000.0,0.0046137146940138,197626870610.0,42.56916933437613,270.98530160841364,191.9,-69.6,149.0,170.7,21.1,-51.5,-18.4,21.3,149.4,271.3,,,,,,,,,,,,0.0,,,,,,,,,,,False
VAB,Private_3,2021-Q3,422496048598.0,351384832027.0,4313151782.0,-155713102540.0,-140408397455.0,126374548603.0,52173249874972.0,0.0192824750964071,355697983809.0,59576483814.0,66798064789.0,,,,,,,,,,,,,,,,,,False,0.0,,,,,,,,,,,,,,,,,,,,,0.0,409852159745.0,270555870610.0,-165156640670.0,-84909769336.0,110770120871.0,396505984952.0,13346174793.0,51369171889328.0,0.0246252815925316,-144181322007.0,1.5531372976273865,-53.290775647161624,-20.0,-17.0,-16.3,-16.7,-3.4,3.5,-20.5,0.8,-17.5,-53.3,,,,,,,,,,,,0.0,,,,,,,,,,,False
VAB,Private_3,2021-Q4,750931345065.0,560498931119.0,19402970053.0,-185992872954.0,-242986773722.0,321951698389.0,54458731509641.0,0.0277749800732816,579901901172.0,150922254496.0,171029443893.0,,,,,,,,,,,,,,,,,,False,0.0,,,,,,,,,,,,,,,,,,,,,0.0,355697983809.0,126374548603.0,-155713102540.0,-140408397455.0,66798064789.0,351384832027.0,4313151782.0,52173249874972.0,0.0192824750964071,195577149786.0,4.286671981505156,154.7599195787412,177.4,-105.1,82.5,165.4,11.9,-24.0,-81.1,2.1,163.3,154.8,,,,,,,,,,,,0.0,,,,,,,,,,,False
VAB,Private_3,2022-Q1,516220078867.0,251511733599.0,8453896847.0,-178332138376.0,1467950632.0,339355891123.0,56821630842396.0,0.0118514452025532,259965630446.0,83101442702.0,256254448421.0,403859761181.5,197952779400.5,-158640154041.0,-134946235128.25,87679407388.25,395121187024.5,8738574157.0,47835118568485.25,0.019074112864058523,-143894130735.5,141403111722.5,-19691984335.0,136414185760.25,168575041032.75,-143609453425.5,-284677310.0,17.173306689719173,False,71.43274883572705,-72.7,58.9,85.1,-72.6,-0.1,-9.9,68.9,8.6,-81.2,71.3,-72.7,58.9,85.1,71.3,-72.6,-0.1,-9.9,68.9,8.6,-81.2,71.43274883572705,579901901172.0,321951698389.0,-185992872954.0,-242986773722.0,171029443893.0,560498931119.0,19402970053.0,54458731509641.0,0.0277749800732816,17404192734.0,4.246749889760306,5.405839702380226,-15.9,15.9,5.4,-15.9,-0.7,0.5,15.5,2.1,-18.0,5.4,269987000000.0,72929000000.0,-127698000000.0,-71480000000.0,2120000000.0,272095000000.0,-2108000000.0,33339321000000.0,0.0046137146940138,266426891123.0,52.08975584783925,365.32365879554084,-13.9,30.7,348.5,-28.1,14.6,-69.4,100.1,26.0,-54.1,365.3,False
VAB,Private_3,2022-Q2,480979807694.0,411567901484.0,22958369894.0,-185534570865.0,-15576912673.0,279868324156.0,58005353660295.0,0.0198852015350469,434526271378.0,233414787840.0,46453536316.0,401354418793.0,264559502181.25,-171298688635.0,-116709247470.25,151213019493.5,389975370424.25,11379048368.75,53705696029084.25,0.020883545491193378,33171852585.0,15308821974.75,-14235882230.0,101132334797.25,-104759483177.5,21592531059.75,11579321525.25,7.697819764770383,True,5.786532650889972,12.5,32.8,-39.6,8.2,4.4,-5.4,38.2,3.8,4.4,5.7,12.5,32.8,-39.6,5.7,8.2,4.4,-5.4,38.2,3.8,4.4,5.786532650889972,259965630446.0,339355891123.0,-178332138376.0,1467950632.0,256254448421.0,251511733599.0,8453896847.0,56821630842396.0,0.0118514452025532,-59487566967.0,2.061750246295563,-17.529551872561612,51.4,-7.2,-61.8,47.2,4.3,-2.1,-5.0,1.0,46.2,-17.6,409852159745.0,270555870610.0,-165156640670.0,-84909769336.0,110770120871.0,396505984952.0,13346174793.0,51369171889328.0,0.0246252815925316,9312453546.0,12.134785019855794,3.4419706085120163,9.1,18.1,-23.8,5.6,3.6,-7.5,25.6,6.1,-0.5,3.4,False
VAB,Private_3,2022-Q3,396239852474.0,321409012161.0,25519020967.0,-186764127729.0,-18799028510.0,190676696235.0,61492997578303.0,0.0155976714990324,346928033128.0,141364876889.0,49311819346.0,407522946701.25,266887615567.75,-176393171183.75,-99376033304.5,135133873354.75,393740849557.25,13782097144.0,55364741471826.0,0.0196985254768222,-60594913573.25,-76210919332.75,-10370956545.25,80577004794.5,-85822054008.75,-72331837396.25,11736923823.0,10.488404373197968,False,-28.555434904923004,-22.7,26.3,-32.2,-27.1,4.4,-3.9,30.2,5.2,-32.3,-28.6,-22.7,26.3,-32.2,-28.6,-27.1,4.4,-3.9,30.2,5.2,-32.3,-28.555434904923004,434526271378.0,279868324156.0,-185534570865.0,-15576912673.0,46453536316.0,411567901484.0,22958369894.0,58005353660295.0,0.0198852015350469,-89191627921.0,5.837141486654236,-31.869139957147897,-31.3,-1.6,1.0,-32.2,0.9,-0.4,-1.1,2.9,-35.1,-31.9,355697983809.0,126374548603.0,-155713102540.0,-140408397455.0,66798064789.0,351384832027.0,4313151782.0,52173249874972.0,0.0192824750964071,64302147632.0,16.398443534721398,50.88219767573796,-6.9,71.6,-13.8,-23.7,16.8,-24.6,96.2,8.2,-31.9,50.9,False
VAB,Private_3,2022-Q4,592217776549.0,505068721813.0,15867692059.0,-209787397161.0,-28455227339.0,353975152049.0,62508119103848.0,0.0231182009304175,520936413872.0,282693789372.0,71281362677.0,405330459031.0,282963152475.75,-184155927481.0,-68973691068.25,130762311994.0,386246894590.75,19083564440.25,57694678397658.75,0.018777324577478525,115605954841.0,71011999573.25,-25631469680.0,40518463729.25,-59480949317.0,118821827222.25,-3215872381.25,8.008866359585205,False,25.09584691573428,40.9,5.3,-21.0,42.0,-1.1,-9.1,14.3,4.0,38.0,25.2,40.9,5.3,-21.0,25.2,42.0,-1.1,-9.1,14.3,4.0,38.0,25.09584691573428,346928033128.0,190676696235.0,-186764127729.0,-18799028510.0,49311819346.0,321409012161.0,25519020967.0,61492997578303.0,0.0155976714990324,163298455814.0,1.637278038627726,85.64153828884385,91.3,-17.1,11.6,96.3,-5.1,-12.1,-5.1,0.8,95.5,85.8,579901901172.0,321951698389.0,-185992872954.0,-242986773722.0,171029443893.0,560498931119.0,19402970053.0,54458731509641.0,0.0277749800732816,32023453660.0,13.763536509683059,9.946663993462607,-18.3,59.2,-31.0,-17.2,-1.1,-7.4,66.6,6.9,-24.1,9.9,False
VAB,Private_3,2023-Q1,499956556302.0,445933414419.0,12334309490.0,-225185792189.0,-30096374313.0,244674389800.0,66620226728631.0,0.0199642855366425,458267723909.0,202985557407.0,41688832393.0,390589087206.0,290969015890.75,-190104558532.75,-15340804472.5,105825291690.0,372389342264.25,18199744941.75,59707025296210.5,0.0176131297917625,67678636703.0,-46294626090.75,-35081233656.25,-14755569840.5,-64136459297.0,73544072154.75,-5865435451.75,10.944909070073114,True,-15.910500280941328,23.3,-17.1,-22.0,25.3,-2.0,-12.1,-5.1,5.5,19.8,-15.8,23.3,-17.1,-22.0,-15.8,25.3,-2.0,-12.1,-5.1,5.5,19.8,-15.910500280941328,520936413872.0,353975152049.0,-209787397161.0,-28455227339.0,71281362677.0,505068721813.0,15867692059.0,62508119103848.0,0.0231182009304175,-109300762249.0,6.369023932386971,-30.87808893260105,-17.7,-4.8,-8.4,-16.7,-1.0,-4.4,-0.5,3.2,-19.9,-30.9,259965630446.0,339355891123.0,-178332138376.0,1467950632.0,256254448421.0,251511733599.0,8453896847.0,56821630842396.0,0.0118514452025532,-94681501323.0,15.875645553368317,-27.900355879981632,58.4,-23.1,-63.2,57.3,1.1,-13.8,-9.3,7.9,49.4,-27.9,False
VAB,Private_3,2023-Q2,496442683469.0,432240468968.0,24193114982.0,-218951171531.0,7214607158.0,284706119096.0,66669784493744.0,0.0195495132504495,456433583950.0,244697019577.0,40009099519.0,440164610571.75,267298640560.0,-201817971986.0,-23231885708.75,52183887683.0,420994762469.25,19169848102.5,62156674267769.25,0.019641339875284825,16268973378.25,17407478536.0,-17133199545.0,30446492866.75,-12174788164.0,11245706498.75,5023266879.5,7.006495822926456,True,6.512370769836585,6.1,5.0,-4.6,4.2,1.9,-6.4,11.4,3.5,0.7,6.5,6.1,5.0,-4.6,6.5,4.2,1.9,-6.4,11.4,3.5,0.7,6.512370769836585,458267723909.0,244674389800.0,-225185792189.0,-30096374313.0,41688832393.0,445933414419.0,12334309490.0,66620226728631.0,0.0199642855366425,40031729296.0,0.0743608086735323,16.36122576160196,-0.8,17.8,-0.7,-5.6,4.8,2.6,15.2,0.0,-5.6,16.3,434526271378.0,279868324156.0,-185534570865.0,-15576912673.0,46453536316.0,411567901484.0,22958369894.0,58005353660295.0,0.0198852015350469,4837794940.0,13.899211922659186,1.7285968158738068,7.8,-3.8,-2.3,7.4,0.4,-11.9,8.1,6.9,0.5,1.7,False
VAB,Private_3,2023-Q3,331652824299.0,141875187828.0,14049798377.0,-225732615217.0,-42903523814.0,63016685268.0,66735608404330.0,0.0062218784153189,155924986205.0,-112711152826.0,175727838094.0,445641438714.75,268508089295.0,-210172122152.5,-17534005751.0,50572778483.75,426162904340.25,19478534374.5,64322781976131.5,0.019557417804135474,-289716452509.75,-205491404027.0,-15560493064.5,-25369518063.0,125155059610.25,-284287716512.25,-5428735997.5,3.682063271483929,False,-76.530805670154,-107.9,-15.2,46.6,-105.8,-2.0,-5.8,-9.4,1.8,-107.6,-76.5,-107.9,-15.2,46.6,-76.5,-105.8,-2.0,-5.8,-9.4,1.8,-107.6,-76.530805670154,456433583950.0,284706119096.0,-218951171531.0,7214607158.0,40009099519.0,432240468968.0,24193114982.0,66669784493744.0,0.0195495132504495,-221689433828.0,0.09868253322606169,-77.86605870358852,-105.6,-20.0,47.7,-102.0,-3.6,-2.4,-17.6,0.0,-102.0,-77.9,346928033128.0,190676696235.0,-186764127729.0,-18799028510.0,49311819346.0,321409012161.0,25519020967.0,61492997578303.0,0.0155976714990324,-127660010967.0,8.17697546635896,-66.95102940616565,-100.2,-33.1,66.3,-94.1,-6.0,-20.4,-12.7,4.1,-98.2,-67.0,False
VAB,Private_3,2023-Q4,1184957577093.0,789494557513.0,26008852391.0,-239395077911.0,-609538751058.0,336023748124.0,69059040694653.0,0.0331226820058548,815503409904.0,-33430419065.0,369454167189.0,397890676984.0,236593086553.25,-219914244024.5,-23560129577.0,82176783170.75,381279448257.0,16611228727.0,65633434682638.25,0.0172134695332071,417612732920.0,99430661570.75,-19480833886.5,-585978621481.0,287277384018.25,408215109256.0,9397623664.0,5.086558848100726,False,42.02602156271001,176.5,-210.1,121.4,172.6,4.0,-8.2,-210.1,2.5,170.1,87.8,176.5,-210.1,121.4,87.8,172.6,4.0,-8.2,-210.1,2.5,170.1,42.02602156271001,155924986205.0,63016685268.0,-225732615217.0,-42903523814.0,175727838094.0,141875187828.0,14049798377.0,66735608404330.0,0.0062218784153189,273007062856.0,3.421979151224745,433.22980524117406,1046.7,-921.0,307.6,1027.6,19.1,-21.7,-899.4,1.7,1025.9,433.3,520936413872.0,353975152049.0,-209787397161.0,-28455227339.0,71281362677.0,505068721813.0,15867692059.0,62508119103848.0,0.0231182009304175,-17951403925.0,9.958292936988121,-5.071374027551806,-5.1,5.1,-5.1,-5.1,-0.2,0.6,5.1,5.0,-10.1,-5.1,True
VAB,Private_3,2024-Q1,642980102414.0,539485731250.0,14739347815.0,-228343494554.0,-166907066944.0,247729540916.0,71392362528339.0,0.0220579357187026,554225079065.0,158974517567.0,88755023349.0,471532425992.0,232105235572.0,-227316164212.0,-168831010506.75,156719984298.75,452385907182.0,19146518810.0,67271165080339.5,0.019714589802066425,82692653073.0,15624305344.0,-1027330342.0,1923943562.75,-67964960949.75,87099824068.0,-4407170995.0,5.94416934152996,True,6.731560925584239,35.6,0.4,-29.3,37.5,-1.9,-0.4,0.8,3.0,34.5,6.7,35.6,0.4,-29.3,6.7,37.5,-1.9,-0.4,0.8,3.0,34.5,6.731560925584239,815503409904.0,336023748124.0,-239395077911.0,-609538751058.0,369454167189.0,789494557513.0,26008852391.0,69059040694653.0,0.0331226820058548,-88294207208.0,3.3226038047927933,-26.276180686913097,-77.8,131.4,-83.5,-74.4,-3.4,3.3,131.4,1.7,-76.1,-29.9,458267723909.0,244674389800.0,-225185792189.0,-30096374313.0,41688832393.0,445933414419.0,12334309490.0,66620226728631.0,0.0199642855366425,3055151116.0,6.915507962570877,1.2486599510873695,39.2,-57.2,19.2,38.2,1.0,-1.3,-55.9,3.5,34.7,1.2,False
VAB,Private_3,2024-Q2,585429382208.0,512085968898.0,33275413470.0,-265853422458.0,-4118818191.0,315457141559.0,73796426492066.0,0.0212081423440969,545361382368.0,275389141719.0,40067999840.0,495521764781.0,232869023351.0,-228105589803.25,-203033683664.5,168486532037.75,475773986389.75,19747778391.25,68464199030266.5,0.02023800234758145,49839617587.0,82588118208.0,-37747832654.75,198914865473.5,-128418532197.75,36311982508.25,13527635078.75,7.496420660630979,False,35.465480560510684,21.4,69.2,-55.1,15.6,5.8,-16.2,85.4,3.7,11.9,35.5,21.4,69.2,-55.1,35.5,15.6,5.8,-16.2,85.4,3.7,11.9,35.465480560510684,554225079065.0,247729540916.0,-228343494554.0,-166907066944.0,88755023349.0,539485731250.0,14739347815.0,71392362528339.0,0.0220579357187026,67727600643.0,3.311638563758707,27.33933159225651,-3.6,50.6,-19.7,-11.1,7.5,-15.1,65.7,1.7,-12.8,27.3,456433583950.0,284706119096.0,-218951171531.0,7214607158.0,40009099519.0,432240468968.0,24193114982.0,66669784493744.0,0.0195495132504495,30751022463.0,10.147126413258116,10.800969982886482,31.2,-20.5,0.0,28.1,3.2,-16.5,-4.0,5.1,23.0,10.7,False
VAB,Private_3,2024-Q3,530119950553.0,462486283832.0,40809635215.0,-293765390614.0,-6122132644.0,230232427295.0,77267337557750.0,0.0179865207019634,503295919047.0,203408395789.0,26824031506.0,517753714385.5,240556778966.75,-239831152535.0,-205867040001.75,168501257118.0,495735361372.25,22018353013.25,70245859529847.0,0.020652659620993302,-14457795338.5,-10324351671.75,-53934238079.0,199744907357.75,-141677225612.0,-33249077540.25,18791282201.75,9.519796420293803,True,-4.291856465694131,-6.0,60.6,-58.9,-13.8,7.8,-22.4,83.0,4.8,-18.6,-4.3,-6.0,60.6,-58.9,-4.3,-13.8,7.8,-22.4,83.0,4.8,-18.6,-4.291856465694131,545361382368.0,315457141559.0,-265853422458.0,-4118818191.0,40067999840.0,512085968898.0,33275413470.0,73796426492066.0,0.0212081423440969,-85224714264.0,4.595292706382457,-27.016257689655255,-13.3,-9.5,-4.2,-15.7,2.4,-8.9,-0.6,2.3,-18.0,-27.0,155924986205.0,63016685268.0,-225732615217.0,-42903523814.0,175727838094.0,141875187828.0,14049798377.0,66735608404330.0,0.0062218784153189,167215742027.0,14.627102359688251,265.3515355748369,551.1,-49.6,-236.2,508.7,42.5,-108.0,58.4,7.3,501.4,265.3,False
VAB,Private_3,2024-Q4,903419154882.0,813643304885.0,39804859124.0,-233160692995.0,-378015987685.0,292242474202.0,79915536116174.0,0.0295017672436486,853448164009.0,242271483329.0,49970990873.0,604596447596.0,282360714473.5,-256839346384.25,-196671692209.25,131275305471.0,575888135373.25,28708312222.75,72878791818202.0,0.023593820192654425,248851716413.0,9881759728.5,23678653389.25,-181344295475.75,-81304314598.0,237755169511.75,11096546901.25,9.210740206265024,True,3.499693555785863,88.1,-55.8,-28.8,84.2,3.9,8.4,-64.2,4.6,79.6,3.5,88.1,-55.8,-28.8,3.5,84.2,3.9,8.4,-64.2,4.6,79.6,3.499693555785863,503295919047.0,230232427295.0,-293765390614.0,-6122132644.0,26824031506.0,462486283832.0,40809635215.0,77267337557750.0,0.0179865207019634,62010046907.0,3.369576464058915,26.933672044184142,134.7,-134.7,10.0,134.7,-0.4,26.3,-134.7,1.7,133.0,10.0,815503409904.0,336023748124.0,-239395077911.0,-609538751058.0,369454167189.0,789494557513.0,26008852391.0,69059040694653.0,0.0331226820058548,-43781273922.0,14.574963935365895,-13.029220156738377,-19.2,-120.5,126.7,-12.2,-7.0,-3.2,-117.4,7.3,-19.5,-13.0,False
VAB,Private_3,2025-Q1,665721024863.0,612534952132.0,40031679624.0,-225316493955.0,-87470551957.0,352933978951.0,84910468292933.0,0.0208838641395729,652566631756.0,339779585844.0,13154393107.0,614082636122.25,271415395993.0,-255280750155.25,-138791001366.0,51404511392.0,581925322216.25,32157313906.0,75592915673582.25,0.022688591502102874,38483995633.75,81518582958.0,29964256200.25,51320449409.0,-38250118285.0,30609629915.75,7874365718.0,11.610412676775224,False,30.0346200552685,14.2,29.9,-14.1,11.3,2.9,11.1,18.9,5.8,5.5,30.0,14.2,29.9,-14.1,30.0,11.3,2.9,11.1,18.9,5.8,5.5,30.0346200552685,853448164009.0,292242474202.0,-233160692995.0,-378015987685.0,49970990873.0,813643304885.0,39804859124.0,79915536116174.0,0.0295017672436486,60691504749.0,6.060854529193476,20.767516739216223,-68.7,102.1,-12.6,-68.8,0.1,2.7,99.4,3.0,-71.8,20.8,554225079065.0,247729540916.0,-228343494554.0,-166907066944.0,88755023349.0,539485731250.0,14739347815.0,71392362528339.0,0.0220579357187026,105204438035.0,17.29732685398588,42.467457714569726,39.7,33.3,-30.5,29.5,10.2,1.2,32.1,8.6,20.9,42.5,False
VAB,Private_3,2025-Q2,605574767148.0,542378510292.0,23638105905.0,-239541943571.0,-4690590859.0,361342232718.0,87421681236290.0,0.0175354816356083,566016616197.0,321784081767.0,39558150951.0,638668024295.0,297716505501.75,-254524000005.5,-118931872619.25,32504353831.5,600187627436.75,38480396858.25,78972442114730.75,0.022395073607320452,-72651408098.0,63625727216.25,14982056434.5,114241281760.25,7053797119.5,-57809117144.75,-14842290953.25,10.155694145201213,False,21.37124614875476,-24.4,43.4,2.4,-19.4,-5.0,5.0,38.4,5.1,-24.5,21.4,-24.4,43.4,2.4,21.4,-19.4,-5.0,5.0,38.4,5.1,-24.5,21.37124614875476,652566631756.0,352933978951.0,-225316493955.0,-87470551957.0,13154393107.0,612534952132.0,40031679624.0,84910468292933.0,0.0208838641395729,8408253767.0,2.9143870719620595,2.3823871512715327,-24.5,19.4,7.5,-19.9,-4.6,-4.0,23.5,1.5,-21.4,2.4,545361382368.0,315457141559.0,-265853422458.0,-4118818191.0,40067999840.0,512085968898.0,33275413470.0,73796426492066.0,0.0212081423440969,45885091159.0,16.90288384625111,14.545586424905238,6.5,8.2,-0.2,9.6,-3.1,8.3,-0.2,8.5,1.1,14.5,False
VBB,Private_3,2018-Q2,376895000000.0,296377000000.0,1187000000.0,-251715000000.0,-1548000000.0,123632000000.0,31648148000000.0,0.0141553208056488,297564000000.0,44301000000.0,79331000000.0,,,,,,,,,,,,,,,,,,False,0.0,,,,,,,,,,,,,,,,,,,,,0.0,,,,,,,,,,,,0.0,,,,,,,,,,,,,,,,,,,,,,0.0,,,,,,,,,,,False
VBB,Private_3,2018-Q3,304619000000.0,250061000000.0,4788000000.0,-262152000000.0,58095000000.0,100562000000.0,32330019000000.0,0.0237828142985824,254849000000.0,50792000000.0,49770000000.0,,,,,,,,,,,,,,,,,,False,0.0,,,,,,,,,,,,,,,,,,,,,0.0,297564000000.0,123632000000.0,-251715000000.0,-1548000000.0,79331000000.0,296377000000.0,1187000000.0,31648148000000.0,0.0141553208056488,-23070000000.0,2.1315740415007514,-18.660217419438332,-34.6,39.8,-23.9,-37.5,2.9,-8.4,48.2,1.1,-38.6,-18.7,,,,,,,,,,,,0.0,,,,,,,,,,,False
VBB,Private_3,2018-Q4,324589000000.0,253052000000.0,4170000000.0,-231675000000.0,6704000000.0,99618000000.0,35495274000000.0,0.0224268324005787,257222000000.0,32251000000.0,67367000000.0,,,,,,,,,,,,,,,,,,False,0.0,,,,,,,,,,,,,,,,,,,,,0.0,254849000000.0,100562000000.0,-262152000000.0,58095000000.0,49770000000.0,250061000000.0,4788000000.0,32330019000000.0,0.0237828142985824,-944000000.0,9.333553487192454,-0.9387243690459617,2.4,-20.8,17.5,3.0,-0.6,30.3,-51.1,4.7,-1.7,-0.9,,,,,,,,,,,,0.0,,,,,,,,,,,False
VBB,Private_3,2019-Q1,334533000000.0,286133000000.0,5260000000.0,-212048000000.0,-23767000000.0,98718000000.0,35802590000000.0,0.0239571387477778,291393000000.0,55578000000.0,43140000000.0,,,,,,,,,,,,,,,,,,False,0.0,,,,,,,,,,,,,,,,,,,,,0.0,257222000000.0,99618000000.0,-231675000000.0,6704000000.0,67367000000.0,253052000000.0,4170000000.0,35495274000000.0,0.0224268324005787,-900000000.0,0.8620622912349801,-0.9034511835210504,34.3,-10.9,-24.3,33.2,1.1,19.7,-30.6,0.4,32.8,-0.9,,,,,,,,,,,,0.0,,,,,,,,,,,False
VBB,Private_3,2019-Q2,387063000000.0,304572000000.0,7436000000.0,-237979000000.0,2259000000.0,151343000000.0,37569077000000.0,0.0245767890910662,312008000000.0,76288000000.0,75055000000.0,275257000000.0,105632500000.0,-239397500000.0,9871000000.0,59902000000.0,271405750000.0,3851250000.0,33819007750000.0,0.021080526563146927,36751000000.0,45710500000.0,1418500000.0,-7612000000.0,15153000000.0,33166250000.0,3584750000.0,10.50614892704486,True,43.27314036873122,34.8,-5.8,14.3,31.4,3.4,1.3,-7.2,5.3,26.1,43.3,34.8,-5.8,14.3,43.3,31.4,3.4,1.3,-7.2,5.3,26.1,43.27314036873122,291393000000.0,98718000000.0,-212048000000.0,-23767000000.0,43140000000.0,286133000000.0,5260000000.0,35802590000000.0,0.0239571387477778,52625000000.0,4.815174773117803,53.30841386575903,20.9,0.1,32.3,18.7,2.2,-26.3,26.4,2.4,16.3,53.3,297564000000.0,123632000000.0,-251715000000.0,-1548000000.0,79331000000.0,296377000000.0,1187000000.0,31648148000000.0,0.0141553208056488,27711000000.0,17.1082530396155,22.414099909408566,11.7,14.2,-3.5,6.6,5.1,11.1,3.1,8.6,-2.0,22.4,False
VBB,Private_3,2019-Q3,458061000000.0,319110000000.0,9415000000.0,-262902000000.0,-15145000000.0,180014000000.0,39142703000000.0,0.0238386588720579,328525000000.0,50478000000.0,129536000000.0,278868000000.0,112560250000.0,-235963500000.0,10822750000.0,58833000000.0,273454500000.0,5413500000.0,35299240000000.0,0.023685893634501277,49657000000.0,67453750000.0,-26938500000.0,-25967750000.0,70703000000.0,45655500000.0,4001500000.0,10.326068463849742,False,59.92679476102798,44.1,-47.0,62.8,40.6,3.5,-23.9,-23.1,5.2,35.4,59.9,44.1,-47.0,62.8,59.9,40.6,3.5,-23.9,-23.1,5.2,35.4,59.92679476102798,312008000000.0,151343000000.0,-237979000000.0,2259000000.0,75055000000.0,304572000000.0,7436000000.0,37569077000000.0,0.0245767890910662,28671000000.0,4.102697134651288,18.944384609793648,10.9,-28.0,36.0,9.6,1.3,-16.5,-11.5,2.1,7.5,18.9,254849000000.0,100562000000.0,-262152000000.0,58095000000.0,49770000000.0,250061000000.0,4788000000.0,32330019000000.0,0.0237828142985824,79452000000.0,19.063731754892448,79.00797517949127,73.2,-73.6,79.3,68.7,4.6,-0.7,-72.8,9.5,59.2,78.9,False
VBB,Private_3,2019-Q4,564925000000.0,306335000000.0,26179000000.0,-337999000000.0,-43599000000.0,183327000000.0,40918793000000.0,0.020794652576703,332514000000.0,-49084000000.0,232411000000.0,297287000000.0,132423250000.0,-236151000000.0,-7487250000.0,78774500000.0,290716750000.0,6570250000.0,37002411000000.0,0.02369985477787015,35227000000.0,50903750000.0,-101848000000.0,-36111750000.0,153636500000.0,15618250000.0,19608750000.0,10.052159871657015,False,38.44019082751707,26.6,-104.2,116.0,11.8,14.8,-76.9,-27.3,5.0,6.8,38.4,26.6,-104.2,116.0,38.4,11.8,14.8,-76.9,-27.3,5.0,6.8,38.44019082751707,328525000000.0,180014000000.0,-262902000000.0,-15145000000.0,129536000000.0,319110000000.0,9415000000.0,39142703000000.0,0.0238386588720579,3313000000.0,4.436814420754766,1.8404124123679269,2.2,-57.5,57.1,-7.1,9.3,-41.7,-15.8,2.2,-9.3,1.8,257222000000.0,99618000000.0,-231675000000.0,6704000000.0,67367000000.0,253052000000.0,4170000000.0,35495274000000.0,0.0224268324005787,83709000000.0,14.195080076028411,84.0299945792929,75.5,-157.2,165.7,53.5,22.1,-106.7,-50.5,7.1,46.4,84.0,False
VBB,Private_3,2020-Q1,521268000000.0,275219000000.0,10352000000.0,-261473000000.0,-29762000000.0,230033000000.0,42083469000000.0,0.01746049633205,285571000000.0,-5664000000.0,235697000000.0,316110000000.0,153350500000.0,-262732000000.0,-20063000000.0,120035500000.0,304037500000.0,12072500000.0,38358290750000.0,0.023291809821901228,-30539000000.0,76682500000.0,1259000000.0,-9699000000.0,115661500000.0,-28818500000.0,-1720500000.0,9.261801983390846,False,50.00472773156919,-19.9,-5.5,75.4,-18.8,-1.1,0.8,-6.3,4.6,-23.4,50.0,-19.9,-5.5,75.4,50.0,-18.8,-1.1,0.8,-6.3,4.6,-23.4,50.00472773156919,332514000000.0,183327000000.0,-337999000000.0,-43599000000.0,232411000000.0,306335000000.0,26179000000.0,40918793000000.0,0.020794652576703,46706000000.0,2.8063717106890413,25.476880110403815,-25.6,49.3,1.8,-17.0,-8.6,41.7,7.5,1.4,-18.4,25.5,291393000000.0,98718000000.0,-212048000000.0,-23767000000.0,43140000000.0,286133000000.0,5260000000.0,35802590000000.0,0.0239571387477778,131315000000.0,16.128377993807597,133.0203205089244,-5.9,-56.1,195.0,-11.0,5.2,-50.0,-6.1,8.1,-19.1,133.0,False
VBB,Private_3,2020-Q2,337119000000.0,-75395000000.0,10895000000.0,-281965000000.0,-11150000000.0,44004000000.0,42993455000000.0,-0.0044487900059742,-64500000000.0,-357615000000.0,401619000000.0,314654500000.0,186179250000.0,-275088250000.0,-21561750000.0,168174750000.0,301309000000.0,13345500000.0,39928510500000.0,0.021667649217969275,-379154500000.0,-142175250000.0,-6876750000.0,10411750000.0,233444250000.0,-376704000000.0,-2450500000.0,7.392358542200739,False,-76.36471303864421,-203.7,1.9,125.4,-202.4,-1.3,-3.7,5.6,3.7,-206.1,-76.4,-203.7,1.9,125.4,-76.4,-202.4,-1.3,-3.7,5.6,3.7,-206.1,-76.36471303864421,285571000000.0,230033000000.0,-261473000000.0,-29762000000.0,235697000000.0,275219000000.0,10352000000.0,42083469000000.0,0.01746049633205,-186029000000.0,2.1392075717265002,-80.87057074419756,-152.2,-0.8,72.1,-152.4,0.2,-8.9,8.1,1.1,-153.5,-80.9,312008000000.0,151343000000.0,-237979000000.0,2259000000.0,75055000000.0,304572000000.0,7436000000.0,37569077000000.0,0.0245767890910662,-107339000000.0,13.466255007973185,-70.92432421717555,-248.8,-37.9,215.8,-251.1,2.3,-29.1,-8.9,6.7,-257.8,-70.9,False
VBB,Private_3,2020-Q3,405182000000.0,168992000000.0,17934000000.0,-294267000000.0,-25008000000.0,85907000000.0,42664128000000.0,0.0091467429683672,186926000000.0,-132349000000.0,218256000000.0,220527500000.0,159344500000.0,-286084750000.0,-24914000000.0,249815750000.0,206317250000.0,14210250000.0,41284605000000.0,0.014411254443709175,-33601500000.0,-73437500000.0,-8182250000.0,-94000000.0,-31559750000.0,-37325250000.0,3723750000.0,3.286584444341763,False,-46.08725120728987,-21.1,-5.2,-19.8,-23.4,2.4,-5.1,-0.0,1.6,-25.0,-46.1,-21.1,-5.2,-19.8,-46.1,-23.4,2.4,-5.1,-0.0,1.6,-25.0,-46.08725120728987,-64500000000.0,44004000000.0,-281965000000.0,-11150000000.0,401619000000.0,-75395000000.0,10895000000.0,42993455000000.0,-0.0044487900059742,41903000000.0,-0.7689383437307588,95.22543405144987,588.1,-61.5,-431.4,575.0,16.6,-28.9,-32.6,-0.4,575.4,95.2,328525000000.0,180014000000.0,-262902000000.0,-15145000000.0,129536000000.0,319110000000.0,9415000000.0,39142703000000.0,0.0238386588720579,-94107000000.0,8.609122140423702,-52.27760063106203,-78.7,-22.9,49.3,-83.4,4.8,-17.4,-5.5,4.3,-87.7,-52.3,False
VBB,Private_3,2020-Q4,410775000000.0,85706000000.0,23298000000.0,-399973000000.0,18253000000.0,29055000000.0,44801916000000.0,0.0041976877245373,109004000000.0,-272716000000.0,301771000000.0,185127750000.0,135817750000.0,-293926000000.0,-27379750000.0,271995750000.0,168787750000.0,16340000000.0,42164961250000.0,0.0107382754677865,-76123750000.0,-106762750000.0,-106047000000.0,45632750000.0,29775250000.0,-83081750000.0,6958000000.0,6.064273740494689,False,-78.60736170345923,-56.0,-44.5,21.9,-61.2,5.1,-78.1,33.6,3.0,-64.2,-78.6,-56.0,-44.5,21.9,-78.6,-61.2,5.1,-78.1,33.6,3.0,-64.2,-78.60736170345923,186926000000.0,85907000000.0,-294267000000.0,-25008000000.0,218256000000.0,168992000000.0,17934000000.0,42664128000000.0,0.0091467429683672,-56852000000.0,4.88826955521162,-66.17854191160208,-90.7,-72.7,97.2,-97.0,6.2,-123.0,50.4,2.4,-99.4,-66.2,332514000000.0,183327000000.0,-337999000000.0,-43599000000.0,232411000000.0,306335000000.0,26179000000.0,40918793000000.0,0.020794652576703,-154272000000.0,9.059941396424987,-84.15127068025986,-121.9,-0.1,37.9,-120.3,-1.6,-33.8,33.7,4.5,-124.8,-84.1,False
VBB,Private_3,2021-Q1,415172000000.0,237467000000.0,20271000000.0,-294369000000.0,3338000000.0,124141000000.0,44093182000000.0,0.0107065977717454,257738000000.0,-33293000000.0,157434000000.0,129250250000.0,97249750000.0,-309419500000.0,-11916750000.0,289335750000.0,113630500000.0,15619750000.0,43135742000000.0,0.006589034254745075,128487750000.0,26891250000.0,15050500000.0,15254750000.0,-131901750000.0,123836500000.0,4651250000.0,2.195235149295204,True,27.65174203532657,132.1,31.2,-135.6,127.3,4.8,15.5,15.7,1.1,126.2,27.7,132.1,31.2,-135.6,27.7,127.3,4.8,15.5,15.7,1.1,126.2,27.65174203532657,109004000000.0,29055000000.0,-399973000000.0,18253000000.0,301771000000.0,85706000000.0,23298000000.0,44801916000000.0,0.0041976877245373,95086000000.0,-1.5945401173864504,327.26208914128375,511.8,312.2,-496.8,522.3,-10.5,363.6,-51.4,-0.8,523.1,327.2,285571000000.0,230033000000.0,-261473000000.0,-29762000000.0,235697000000.0,275219000000.0,10352000000.0,42083469000000.0,0.01746049633205,-105892000000.0,4.664170576784192,-46.03339520851356,-12.1,0.1,-34.0,-16.4,4.3,-14.3,14.4,2.3,-18.7,-46.0,False
VBB,Private_3,2021-Q2,559587000000.0,244959000000.0,20950000000.0,-326430000000.0,-31041000000.0,202116000000.0,46476514000000.0,0.0108970473934526,265909000000.0,-91562000000.0,293678000000.0,122292000000.0,70776750000.0,-317643500000.0,-3641750000.0,269770000000.0,104192500000.0,18099500000.0,43638170250000.0,0.004900559614668926,143617000000.0,131339250000.0,-8786500000.0,-27399250000.0,23908000000.0,140766500000.0,2850500000.0,6.299403418261436,False,185.56835401455987,202.8,-51.2,33.8,198.9,4.1,-12.4,-38.8,3.1,195.8,185.4,202.8,-51.2,33.8,185.4,198.9,4.1,-12.4,-38.8,3.1,195.8,185.56835401455987,257738000000.0,124141000000.0,-294369000000.0,3338000000.0,157434000000.0,237467000000.0,20271000000.0,44093182000000.0,0.0107065977717454,77975000000.0,5.262978910738532,62.811641601082634,6.6,-53.5,109.7,6.0,0.6,-25.8,-27.7,2.6,3.4,62.8,-64500000000.0,44004000000.0,-281965000000.0,-11150000000.0,401619000000.0,-75395000000.0,10895000000.0,42993455000000.0,-0.0044487900059742,158112000000.0,7.785984591097825,359.31278974638667,751.0,-146.2,-245.4,728.0,23.0,-101.0,-45.3,3.9,724.1,359.4,False
VBB,Private_3,2021-Q3,410731000000.0,308568000000.0,24178000000.0,-291393000000.0,-51062000000.0,68276000000.0,46957440000000.0,0.0138107300292822,332746000000.0,-9709000000.0,77985000000.0,204894250000.0,110304750000.0,-328759750000.0,-8614500000.0,242784750000.0,184281000000.0,20613250000.0,44508935000000.0,0.008737018964525625,127851750000.0,-42028750000.0,37366750000.0,-42447500000.0,-164799750000.0,124287000000.0,3564750000.0,5.353890979061977,True,-38.10239359592402,115.9,-4.6,-149.4,112.7,3.2,33.9,-38.5,2.7,110.0,-38.1,115.9,-4.6,-149.4,-38.1,112.7,3.2,33.9,-38.5,2.7,110.0,-38.10239359592402,265909000000.0,202116000000.0,-326430000000.0,-31041000000.0,293678000000.0,244959000000.0,20950000000.0,46476514000000.0,0.0108970473934526,-133840000000.0,1.0294458907304727,-66.21939876110748,33.0,7.4,-106.7,31.5,1.6,17.3,-9.9,0.5,31.0,-66.3,186926000000.0,85907000000.0,-294267000000.0,-25008000000.0,218256000000.0,168992000000.0,17934000000.0,42664128000000.0,0.0091467429683672,-17631000000.0,9.580979435664414,-20.523356653124893,169.7,-27.0,-163.3,162.5,7.3,3.3,-30.3,4.8,157.7,-20.6,False
VBB,Private_3,2021-Q4,968483000000.0,698793000000.0,32988000000.0,-323422000000.0,-403963000000.0,241098000000.0,50530156000000.0,0.0297081061646686,731781000000.0,4396000000.0,236702000000.0,241349250000.0,105897000000.0,-328041250000.0,-15128000000.0,207717000000.0,219175000000.0,22174250000.0,45582263000000.0,0.009903015729754376,490431750000.0,135201000000.0,4619250000.0,-388835000000.0,28985000000.0,479618000000.0,10813750000.0,10.296053416364433,False,127.67217201620443,463.1,-362.8,27.3,452.9,10.2,4.3,-367.2,5.1,447.8,127.6,463.1,-362.8,27.3,127.6,452.9,10.2,4.3,-367.2,5.1,447.8,127.67217201620443,332746000000.0,68276000000.0,-291393000000.0,-51062000000.0,77985000000.0,308568000000.0,24178000000.0,46957440000000.0,0.0138107300292822,172822000000.0,7.329580678140838,253.1226199543031,584.5,-563.7,232.4,571.6,12.9,-46.8,-516.9,3.7,567.9,253.2,109004000000.0,29055000000.0,-399973000000.0,18253000000.0,301771000000.0,85706000000.0,23298000000.0,44801916000000.0,0.0041976877245373,212043000000.0,12.01744571333769,729.7986577181208,2143.4,-1189.6,-224.0,2109.8,33.6,263.5,-1453.0,6.0,2103.8,729.8,False
VBB,Private_3,2022-Q1,493394000000.0,364290000000.0,24939000000.0,-306369000000.0,-73834000000.0,113191000000.0,51680631000000.0,0.0146397998737066,389229000000.0,9026000000.0,104165000000.0,397043500000.0,158907750000.0,-308903500000.0,-120682000000.0,191449750000.0,372446750000.0,24596750000.0,47014323000000.0,0.0162806203397872,-7814500000.0,-45716750000.0,2534500000.0,46848000000.0,-87284750000.0,-8156750000.0,342250000.0,9.456021429423838,True,-28.769364615633915,-4.9,31.1,-54.9,-5.1,0.2,1.6,29.5,4.7,-9.8,-28.7,-4.9,31.1,-54.9,-28.7,-5.1,0.2,1.6,29.5,4.7,-9.8,-28.769364615633915,731781000000.0,241098000000.0,-323422000000.0,-403963000000.0,236702000000.0,698793000000.0,32988000000.0,50530156000000.0,0.0297081061646686,-127907000000.0,2.251181179145015,-53.051871023401276,-142.1,144.0,-55.0,-138.7,-3.3,7.1,136.9,1.1,-139.8,-53.1,257738000000.0,124141000000.0,-294369000000.0,3338000000.0,157434000000.0,237467000000.0,20271000000.0,44093182000000.0,0.0107065977717454,-10950000000.0,15.844516914033694,-8.820615268122538,105.9,-71.8,-42.9,102.2,3.8,-9.7,-62.2,7.9,94.3,-8.8,False
VBB,Private_3,2022-Q2,688249000000.0,568424000000.0,25152000000.0,-319214000000.0,-94626000000.0,274409000000.0,56222256000000.0,0.0222102273563686,593576000000.0,179736000000.0,94673000000.0,429916250000.0,156170250000.0,-311903500000.0,-139975000000.0,178132500000.0,404152500000.0,25763750000.0,48911185250000.0,0.0172639208652775,163659750000.0,118238750000.0,-7310500000.0,45349000000.0,-83459500000.0,164271500000.0,-611750000.0,13.908173580306924,False,75.71144312056873,104.8,24.4,-53.5,105.2,-0.4,-4.7,29.1,7.0,98.2,75.7,104.8,24.4,-53.5,75.7,105.2,-0.4,-4.7,29.1,7.0,98.2,75.71144312056873,389229000000.0,113191000000.0,-306369000000.0,-73834000000.0,104165000000.0,364290000000.0,24939000000.0,51680631000000.0,0.0146397998737066,161218000000.0,8.417986072976898,142.43005185924676,180.6,-29.8,-8.4,180.3,0.1,-11.4,-18.4,4.2,176.1,142.4,265909000000.0,202116000000.0,-326430000000.0,-31041000000.0,293678000000.0,244959000000.0,20950000000.0,46476514000000.0,0.0108970473934526,72293000000.0,18.979276966997755,35.7680737794138,162.1,-27.9,-98.5,160.0,2.1,3.6,-31.5,9.5,150.5,35.7,False
VBB,Private_3,2022-Q3,558297000000.0,402966000000.0,31630000000.0,-369518000000.0,-40534000000.0,148245000000.0,57414974000000.0,0.0154545988511508,434596000000.0,24544000000.0,123701000000.0,511833000000.0,174243500000.0,-310099500000.0,-155871250000.0,128381250000.0,485018750000.0,26814250000.0,51347620750000.0,0.0200922158560065,-77237000000.0,-25998500000.0,-59418500000.0,115337250000.0,-4680250000.0,-82052750000.0,4815750000.0,11.157058663314025,True,-14.920786141233389,-44.3,32.1,-2.7,-47.1,2.8,-34.1,66.2,5.6,-52.7,-14.9,-44.3,32.1,-2.7,-14.9,-47.1,2.8,-34.1,66.2,5.6,-52.7,-14.920786141233389,593576000000.0,274409000000.0,-319214000000.0,-94626000000.0,94673000000.0,568424000000.0,25152000000.0,56222256000000.0,0.0222102273563686,-126164000000.0,2.0991676759456386,-45.97662613106713,-57.9,1.4,10.6,-60.3,2.3,-18.3,19.7,1.0,-61.3,-45.9,332746000000.0,68276000000.0,-291393000000.0,-51062000000.0,77985000000.0,308568000000.0,24178000000.0,46957440000000.0,0.0138107300292822,79969000000.0,20.038884987368405,117.12607651297675,149.2,-99.0,67.0,138.2,10.9,-114.4,15.5,10.0,128.2,117.2,False
VBB,Private_3,2022-Q4,577779000000.0,466537000000.0,37209000000.0,-372710000000.0,-91927000000.0,113142000000.0,63632966000000.0,0.0177443141946669,503746000000.0,39109000000.0,74033000000.0,537295500000.0,194235750000.0,-329630750000.0,-153239250000.0,139810250000.0,508618250000.0,28677250000.0,53962004250000.0,0.02050318306147365,-33549500000.0,-81093750000.0,-43079250000.0,61312250000.0,-65777250000.0,-42081250000.0,8531750000.0,16.447917337689024,False,-41.750167000668,-17.3,9.4,-33.9,-21.7,4.4,-22.2,31.6,8.2,-29.9,-41.8,-17.3,9.4,-33.9,-41.8,-21.7,4.4,-22.2,31.6,8.2,-29.9,-41.750167000668,434596000000.0,148245000000.0,-369518000000.0,-40534000000.0,123701000000.0,402966000000.0,31630000000.0,57414974000000.0,0.0154545988511508,-35103000000.0,10.273602343005589,-23.67904482444602,46.6,-36.8,-33.5,42.9,3.8,-2.2,-34.7,5.1,37.8,-23.7,731781000000.0,241098000000.0,-323422000000.0,-403963000000.0,236702000000.0,698793000000.0,32988000000.0,50530156000000.0,0.0297081061646686,-127956000000.0,22.954540433818902,-53.07219470920539,-94.6,109.0,-67.5,-96.3,1.8,-20.4,129.4,11.5,-107.8,-53.1,False
VBB,Private_3,2023-Q1,544913000000.0,479360000000.0,21636000000.0,-326784000000.0,-20789000000.0,197340000000.0,61515887000000.0,0.0182368917299827,500996000000.0,153423000000.0,43917000000.0,480286750000.0,162246750000.0,-341952750000.0,-75230250000.0,99143000000.0,450554250000.0,29732500000.0,57237706750000.0,0.017512235068973224,20709250000.0,35093250000.0,15168750000.0,54441250000.0,-55226000000.0,28805750000.0,-8096500000.0,7.205138160292518,True,21.629554983381794,12.8,42.9,-34.0,17.8,-5.0,9.3,33.5,3.6,14.2,21.7,12.8,42.9,-34.0,21.7,17.8,-5.0,9.3,33.5,3.6,14.2,21.629554983381794,503746000000.0,113142000000.0,-372710000000.0,-91927000000.0,74033000000.0,466537000000.0,37209000000.0,63632966000000.0,0.0177443141946669,84198000000.0,-3.3832974881519693,74.41798801506071,-2.5,103.4,-26.6,11.3,-13.8,40.6,62.9,-1.7,13.0,74.3,389229000000.0,113191000000.0,-306369000000.0,-73834000000.0,104165000000.0,364290000000.0,24939000000.0,51680631000000.0,0.0146397998737066,84149000000.0,17.377311906360937,74.34248305960722,98.7,28.8,-53.2,101.6,-2.9,-18.1,46.8,8.7,92.9,74.3,False
VBB,Private_3,2023-Q2,586155000000.0,448057000000.0,23714000000.0,-367075000000.0,-47511000000.0,171569000000.0,68532041000000.0,0.0165854840941635,471771000000.0,57185000000.0,114384000000.0,508228500000.0,183284000000.0,-347056500000.0,-61969000000.0,84081000000.0,479321750000.0,28906750000.0,59696520750000.0,0.01841150803304225,-36457500000.0,-11715000000.0,-20018500000.0,14458000000.0,30303000000.0,-31264750000.0,-5192750000.0,13.780892695694607,True,-6.391719953733005,-19.9,-3.0,16.5,-17.1,-2.8,-10.9,7.9,6.9,-24.0,-6.4,-19.9,-3.0,16.5,-6.4,-17.1,-2.8,-10.9,7.9,6.9,-24.0,-6.391719953733005,500996000000.0,197340000000.0,-326784000000.0,-20789000000.0,43917000000.0,479360000000.0,21636000000.0,61515887000000.0,0.0182368917299827,-25771000000.0,10.790105014206762,-13.059187189621973,-14.8,-34.0,35.7,-15.9,1.1,-20.4,-13.5,5.4,-21.3,-13.1,593576000000.0,274409000000.0,-319214000000.0,-94626000000.0,94673000000.0,568424000000.0,25152000000.0,56222256000000.0,0.0222102273563686,-102840000000.0,19.734446501670398,-37.47690491201091,-44.4,-0.3,7.2,-43.8,-0.5,-17.4,17.2,9.9,-53.7,-37.5,False
VBB,Private_3,2023-Q3,417746000000.0,348666000000.0,32458000000.0,-347823000000.0,-20280000000.0,49643000000.0,71241473000000.0,0.0119338172787865,381124000000.0,13021000000.0,36622000000.0,477777250000.0,157574000000.0,-359021750000.0,-50190250000.0,89008750000.0,449230000000.0,28547250000.0,62773967000000.0,0.017005322217490976,-96653250000.0,-107931000000.0,11198750000.0,29910250000.0,-52386750000.0,-100564000000.0,3910750000.0,12.636612617173066,False,-68.49543706449033,-61.4,26.1,-33.2,-63.8,2.5,7.1,19.0,6.3,-70.1,-68.5,-61.4,26.1,-33.2,-68.5,-63.8,2.5,7.1,19.0,6.3,-70.1,-68.49543706449033,471771000000.0,171569000000.0,-367075000000.0,-47511000000.0,114384000000.0,448057000000.0,23714000000.0,68532041000000.0,0.0165854840941635,-121926000000.0,3.876889007741481,-71.06528568680822,-52.8,27.1,-45.3,-57.9,5.1,11.2,15.8,1.9,-59.8,-71.0,434596000000.0,148245000000.0,-369518000000.0,-40534000000.0,123701000000.0,402966000000.0,31630000000.0,57414974000000.0,0.0154545988511508,-98602000000.0,21.49367454551267,-66.51286721305947,-36.0,28.3,-58.7,-36.6,0.5,14.6,13.6,10.7,-47.3,-66.4,False
VBB,Private_3,2023-Q4,848022000000.0,723815000000.0,25540000000.0,-431719000000.0,-22690000000.0,393613000000.0,80754430000000.0,0.0226452416709989,749355000000.0,294946000000.0,98667000000.0,464409250000.0,132923500000.0,-353598000000.0,-45126750000.0,67239000000.0,435655000000.0,28754250000.0,66230591750000.0,0.0161251268243999,284945750000.0,260689500000.0,-78121000000.0,22436750000.0,31428000000.0,288160000000.0,-3214250000.0,19.762337790721183,False,196.11994869229295,214.4,-42.0,23.7,216.7,-2.4,-58.8,16.9,9.9,206.8,196.1,214.4,-42.0,23.7,196.1,216.7,-2.4,-58.8,16.9,9.9,206.8,196.11994869229295,381124000000.0,49643000000.0,-347823000000.0,-20280000000.0,36622000000.0,348666000000.0,32458000000.0,71241473000000.0,0.0119338172787865,343970000000.0,12.51738607717604,692.8872147130511,742.1,-173.9,124.7,755.9,-13.9,-169.1,-4.9,6.3,749.6,692.9,503746000000.0,113142000000.0,-372710000000.0,-91927000000.0,74033000000.0,466537000000.0,37209000000.0,63632966000000.0,0.0177443141946669,280471000000.0,23.716009117582534,247.89291333015152,217.2,8.9,21.8,227.3,-10.4,-52.1,61.2,11.9,215.4,247.9,False
VBB,Private_3,2024-Q1,513582000000.0,449994000000.0,33814000000.0,-349746000000.0,-90441000000.0,73395000000.0,81488467000000.0,0.0133769813705548,483808000000.0,43621000000.0,29774000000.0,525811500000.0,203041250000.0,-368350250000.0,-27817500000.0,73397500000.0,499974500000.0,25837000000.0,70510957750000.0,0.0173503586934829,-42003500000.0,-129646250000.0,18604250000.0,-62623500000.0,-43623500000.0,-49980500000.0,7977000000.0,14.444145782860932,False,-63.852172895901695,-20.7,-21.7,-21.5,-24.6,4.0,9.2,-30.8,7.2,-31.8,-63.9,-20.7,-21.7,-21.5,-63.9,-24.6,4.0,9.2,-30.8,7.2,-31.8,-63.852172895901695,749355000000.0,393613000000.0,-431719000000.0,-22690000000.0,98667000000.0,723815000000.0,25540000000.0,80754430000000.0,0.0226452416709989,-320218000000.0,0.9048618011301907,-81.35351220615172,-67.4,3.6,-17.5,-69.6,2.1,20.8,-17.2,0.5,-70.1,-81.3,500996000000.0,197340000000.0,-326784000000.0,-20789000000.0,43917000000.0,479360000000.0,21636000000.0,61515887000000.0,0.0182368917299827,-123945000000.0,27.932827835437795,-62.80784432958346,-8.7,-46.9,-7.2,-14.9,6.2,-11.6,-35.3,14.0,-28.9,-62.8,False
VBB,Private_3,2024-Q2,857490000000.0,810891000000.0,29771000000.0,-378444000000.0,-141900000000.0,337146000000.0,88999429000000.0,0.023597358422608,840662000000.0,320318000000.0,16828000000.0,521514500000.0,172055000000.0,-374090750000.0,-45230500000.0,69861750000.0,492633000000.0,28881500000.0,75504102750000.0,0.016135381103625925,319147500000.0,165091000000.0,-4353250000.0,-96669500000.0,-53033750000.0,318258000000.0,889500000.0,16.40733923027157,False,95.95245706314842,185.5,-58.7,-30.8,185.0,0.5,-2.5,-56.2,8.2,176.8,96.0,185.5,-58.7,-30.8,96.0,185.0,0.5,-2.5,-56.2,8.2,176.8,95.95245706314842,483808000000.0,73395000000.0,-349746000000.0,-90441000000.0,29774000000.0,449994000000.0,33814000000.0,81488467000000.0,0.0133769813705548,263751000000.0,8.811138123260081,359.358266911915,486.2,-109.2,-17.6,491.6,-5.4,-39.2,-70.1,4.4,487.2,359.4,471771000000.0,171569000000.0,-367075000000.0,-47511000000.0,114384000000.0,448057000000.0,23714000000.0,68532041000000.0,0.0165854840941635,165577000000.0,25.98514188942692,96.50752758365438,215.0,-61.7,-56.8,211.4,3.6,-6.7,-55.0,13.0,198.4,96.5,False
VBB,Private_3,2024-Q3,916308000000.0,852093000000.0,46269000000.0,-374311000000.0,-132169000000.0,409828000000.0,91953295000000.0,0.0236469243475503,898362000000.0,391882000000.0,17946000000.0,613737250000.0,213449250000.0,-376933000000.0,-68827750000.0,45472750000.0,583341500000.0,30395750000.0,80620949750000.0,0.01788834968573705,284624750000.0,196378750000.0,2622000000.0,-63341250000.0,-27526750000.0,268751500000.0,15873250000.0,13.133298385766224,False,92.00254861518604,133.3,-28.4,-12.9,126.0,7.5,1.2,-29.7,6.6,119.4,92.0,133.3,-28.4,-12.9,92.0,126.0,7.5,1.2,-29.7,6.6,119.4,92.00254861518604,840662000000.0,337146000000.0,-378444000000.0,-141900000000.0,16828000000.0,810891000000.0,29771000000.0,88999429000000.0,0.023597358422608,72682000000.0,3.264793073797552,21.558019374395663,17.1,4.1,0.3,12.2,4.9,1.2,2.9,1.6,10.6,21.5,381124000000.0,49643000000.0,-347823000000.0,-20280000000.0,36622000000.0,348666000000.0,32458000000.0,71241473000000.0,0.0119338172787865,360185000000.0,25.382948551389834,725.5504300707048,1041.9,-278.6,-37.7,1014.3,27.6,-53.7,-225.6,12.7,1001.6,725.6,False
VBB,Private_3,2024-Q4,1213983000000.0,698595000000.0,26872000000.0,-462725000000.0,-440329000000.0,310929000000.0,93637036000000.0,0.0181694309678612,725467000000.0,-177587000000.0,488516000000.0,743046750000.0,303495500000.0,-383555000000.0,-96800000000.0,40803750000.0,709198250000.0,33848500000.0,85798905250000.0,0.020816626452928,-17579750000.0,7433500000.0,-79170000000.0,-343529000000.0,447712250000.0,-10603250000.0,-6976500000.0,8.736411106267152,True,2.449294964834734,2.4,34.8,-34.8,1.5,1.0,11.0,34.8,4.4,-2.9,2.4,2.4,34.8,-34.8,2.4,1.5,1.0,11.0,34.8,4.4,-2.9,2.449294964834734,898362000000.0,409828000000.0,-374311000000.0,-132169000000.0,17946000000.0,852093000000.0,46269000000.0,91953295000000.0,0.0236469243475503,-98899000000.0,1.814470604074735,-24.131830914432395,-42.2,-96.8,114.8,-37.5,-4.7,-21.6,-75.2,0.9,-38.4,-24.2,749355000000.0,393613000000.0,-431719000000.0,-22690000000.0,98667000000.0,723815000000.0,25540000000.0,80754430000000.0,0.0226452416709989,-82684000000.0,14.774353694578151,-21.00642001153417,-6.1,-105.0,99.0,-6.4,0.3,-7.9,-105.0,7.4,-13.8,-12.1,True
VBB,Private_3,2025-Q1,764922000000.0,702512000000.0,30535000000.0,-398178000000.0,-118399000000.0,248345000000.0,97298822000000.0,0.0170663343084187,733047000000.0,216470000000.0,31875000000.0,737074750000.0,282824500000.0,-391306500000.0,-201209750000.0,138266000000.0,702893250000.0,34181500000.0,89019556750000.0,0.019697673777143578,-4027750000.0,-34479500000.0,-6871500000.0,82810750000.0,-106391000000.0,-381250000.0,-3646500000.0,8.887223370603744,True,-12.191129127780655,-1.4,26.8,-37.6,-0.1,-1.3,-2.4,29.3,4.4,-4.5,-12.2,-1.4,26.8,-37.6,-12.2,-0.1,-1.3,-2.4,29.3,4.4,-4.5,-12.191129127780655,725467000000.0,310929000000.0,-462725000000.0,-440329000000.0,488516000000.0,698595000000.0,26872000000.0,93637036000000.0,0.0181694309678612,-62584000000.0,3.8356189752476983,-20.12806782255756,2.4,100.6,-100.6,1.3,1.2,20.8,100.6,1.9,-0.6,2.4,483808000000.0,73395000000.0,-349746000000.0,-90441000000.0,29774000000.0,449994000000.0,33814000000.0,81488467000000.0,0.0133769813705548,174950000000.0,17.6862181740448,238.36773622181346,339.7,-104.2,2.9,344.0,-4.5,-66.0,-38.1,8.8,335.2,238.4,False
VBB,Private_3,2025-Q2,763043000000.0,687406000000.0,34181000000.0,-403039000000.0,-94007000000.0,265997000000.0,102447458000000.0,0.0159700963601275,721587000000.0,224541000000.0,41456000000.0,799384500000.0,326562000000.0,-403414500000.0,-208199250000.0,138791250000.0,766022750000.0,33361750000.0,92972145500000.0,0.02062001201160955,-77797500000.0,-60565000000.0,375500000.0,114192250000.0,-97335250000.0,-78616750000.0,819250000.0,9.697402236311465,False,-18.54624849186372,-23.8,35.1,-29.8,-24.1,0.3,0.1,35.0,4.8,-28.9,-18.5,-23.8,35.1,-29.8,-18.5,-24.1,0.3,0.1,35.0,4.8,-28.9,-18.54624849186372,733047000000.0,248345000000.0,-398178000000.0,-118399000000.0,31875000000.0,702512000000.0,30535000000.0,97298822000000.0,0.0170663343084187,17652000000.0,5.155175856091037,7.1078539934365494,-4.6,7.9,3.9,-6.1,1.5,-2.0,9.8,2.6,-8.7,7.2,840662000000.0,337146000000.0,-378444000000.0,-141900000000.0,16828000000.0,810891000000.0,29771000000.0,88999429000000.0,0.023597358422608,-71149000000.0,14.048835382734637,-21.103320223286055,-35.3,6.9,7.3,-36.6,1.3,-7.3,14.2,7.0,-43.6,-21.1,False
VCB,SOCB,2018-Q1,9924314000000.0,6197099000000.0,881368000000.0,-4067409000000.0,-1497550000000.0,4359355000000.0,577614527000000.0,0.0429315890281756,7078467000000.0,1513508000000.0,2845847000000.0,,,,,,,,,,,,,,,,,,False,0.0,,,,,,,,,,,,,,,,,,,,,0.0,,,,,,,,,,,,0.0,,,,,,,,,,,,,,,,,,,,,,0.0,,,,,,,,,,,False
VCB,SOCB,2018-Q2,9259259000000.0,6799964000000.0,851271000000.0,-3864021000000.0,-1737816000000.0,3657422000000.0,606052672000000.0,0.028130604680984,7651235000000.0,2049398000000.0,1608024000000.0,,,,,,,,,,,,,,,,,,False,0.0,,,,,,,,,,,,,,,,,,,,,0.0,7078467000000.0,4359355000000.0,-4067409000000.0,-1497550000000.0,2845847000000.0,6197099000000.0,881368000000.0,577614527000000.0,0.0429315890281756,-701933000000.0,4.805091333784607,-16.10176276077539,13.1,-0.9,-28.4,13.8,-0.7,4.7,-5.5,2.4,11.4,-16.2,,,,,,,,,,,,0.0,,,,,,,,,,,False
VCB,SOCB,2018-Q3,9414497000000.0,7431525000000.0,894914000000.0,-3985542000000.0,-1762456000000.0,3666499000000.0,627950675000000.0,0.0308442531896428,8326439000000.0,2578441000000.0,1088058000000.0,,,,,,,,,,,,,,,,,,False,0.0,,,,,,,,,,,,,,,,,,,,,0.0,7651235000000.0,3657422000000.0,-3864021000000.0,-1737816000000.0,1608024000000.0,6799964000000.0,851271000000.0,606052672000000.0,0.028130604680984,9077000000.0,3.549099449889904,0.24818027561490033,-0.4,0.2,0.4,-0.4,-0.1,0.2,0.0,1.8,-2.2,0.2,,,,,,,,,,,,0.0,,,,,,,,,,,False
VCB,SOCB,2018-Q4,10690267000000.0,7980640000000.0,773774000000.0,-1692860000000.0,-2380860000000.0,6616547000000.0,632632508000000.0,0.0316204400549112,8754414000000.0,4680694000000.0,1935853000000.0,,,,,,,,,,,,,,,,,,False,0.0,,,,,,,,,,,,,,,,,,,,,0.0,8326439000000.0,3666499000000.0,-3985542000000.0,-1762456000000.0,1088058000000.0,7431525000000.0,894914000000.0,627950675000000.0,0.0308442531896428,2950048000000.0,0.7428042929873038,80.4595337404974,11.7,45.7,23.1,15.0,-3.3,62.5,-16.9,0.4,14.6,80.5,,,,,,,,,,,,0.0,,,,,,,,,,,False
VCB,SOCB,2019-Q1,11767686000000.0,8498757000000.0,1069406000000.0,-4383646000000.0,-1505886000000.0,5878154000000.0,673021770000000.0,0.0325546901861435,9568163000000.0,3678631000000.0,2199523000000.0,7952638750000.0,4574955750000.0,-3402458000000.0,-1844670500000.0,1869445500000.0,7102307000000.0,850331750000.0,611062595500000.0,0.0333817217384284,1615524250000.0,1303198250000.0,-981188000000.0,338784500000.0,330077500000.0,1396450000000.0,219074250000.0,9.650327683239752,False,28.485483165602204,35.3,-14.0,7.2,30.5,4.8,-21.4,7.4,4.8,25.7,28.5,35.3,-14.0,7.2,28.5,30.5,4.8,-21.4,7.4,4.8,25.7,28.485483165602204,8754414000000.0,6616547000000.0,-1692860000000.0,-2380860000000.0,1935853000000.0,7980640000000.0,773774000000.0,632632508000000.0,0.0316204400549112,-738393000000.0,6.186823369792536,-11.159793771585088,12.3,-27.4,4.0,7.8,4.5,-40.7,13.2,3.1,4.7,-11.1,7078467000000.0,4359355000000.0,-4067409000000.0,-1497550000000.0,2845847000000.0,6197099000000.0,881368000000.0,577614527000000.0,0.0429315890281756,1518799000000.0,15.257392293644584,34.83999353115312,57.1,-7.5,-14.8,52.8,4.3,-7.2,-0.2,7.6,45.2,34.8,False
VCB,SOCB,2019-Q2,11303317000000.0,8579589000000.0,1075384000000.0,-4067395000000.0,-1810652000000.0,5425270000000.0,695437925000000.0,0.0321234395931738,9654973000000.0,3776926000000.0,1648344000000.0,8575062750000.0,4954655500000.0,-3481517250000.0,-1846754500000.0,1707864500000.0,7677721500000.0,897341250000.0,634914406250000.0,0.03078749702792038,1079910250000.0,470614500000.0,-585877750000.0,36102500000.0,-59520500000.0,901867500000.0,178042750000.0,9.098870626720675,False,9.498430314680808,21.8,-11.1,-1.2,18.2,3.6,-11.8,0.7,4.5,13.7,9.5,21.8,-11.1,-1.2,9.5,18.2,3.6,-11.8,0.7,4.5,13.7,9.498430314680808,9568163000000.0,5878154000000.0,-4383646000000.0,-1505886000000.0,2199523000000.0,8498757000000.0,1069406000000.0,673021770000000.0,0.0325546901861435,-452884000000.0,3.2761147561602098,-7.704527645924214,1.5,0.2,-9.4,1.4,0.1,5.4,-5.2,1.6,-0.2,-7.7,7651235000000.0,3657422000000.0,-3864021000000.0,-1737816000000.0,1608024000000.0,6799964000000.0,851271000000.0,606052672000000.0,0.028130604680984,1767848000000.0,13.73582770494653,48.33590436104994,54.8,-7.5,1.1,48.7,6.1,-5.6,-2.0,6.9,41.8,48.4,False
VCB,SOCB,2019-Q3,11994525000000.0,8859286000000.0,1278485000000.0,-4182440000000.0,-1502813000000.0,6309272000000.0,708095934000000.0,0.0318528207875663,10137771000000.0,4452518000000.0,1856754000000.0,9075997250000.0,5396617500000.0,-3532360750000.0,-1864963500000.0,1717944500000.0,8122627750000.0,953369500000.0,657260719500000.0,0.03178570575596783,1061773750000.0,912654500000.0,-650079250000.0,362150500000.0,138809500000.0,736658250000.0,325115500000.0,7.446437437381265,False,16.911602499158036,19.7,-5.3,2.6,13.6,6.0,-12.0,6.7,3.7,9.9,17.0,19.7,-5.3,2.6,17.0,13.6,6.0,-12.0,6.7,3.7,9.9,16.911602499158036,9654973000000.0,5425270000000.0,-4067395000000.0,-1810652000000.0,1648344000000.0,8579589000000.0,1075384000000.0,695437925000000.0,0.0321234395931738,884002000000.0,1.8037340415882335,16.294156788510065,8.9,3.6,3.8,5.1,3.7,-2.1,5.7,0.9,4.2,16.3,8326439000000.0,3666499000000.0,-3985542000000.0,-1762456000000.0,1088058000000.0,7431525000000.0,894914000000.0,627950675000000.0,0.0308442531896428,2642773000000.0,11.997374711348861,72.0789232453084,49.4,1.7,21.0,38.9,10.5,-5.4,7.1,6.0,32.9,72.1,False
VCB,SOCB,2019-Q4,10667464000000.0,8639718000000.0,885854000000.0,-3186384000000.0,-1971078000000.0,5510002000000.0,734706891000000.0,0.0297557505508444,9525572000000.0,4368110000000.0,1141892000000.0,9528830250000.0,6057310750000.0,-3581585250000.0,-1800052750000.0,1910118500000.0,8479568000000.0,1049262250000.0,677297034250000.0,0.032037847655448703,-3258250000.0,-547308750000.0,395201250000.0,-171025250000.0,-768226500000.0,160150000000.0,-163408250000.0,8.131685149506279,False,-9.035507217456196,-0.1,3.7,-12.7,2.6,-2.7,6.5,-2.8,4.1,-1.5,-9.1,-0.1,3.7,-12.7,-9.1,2.6,-2.7,6.5,-2.8,4.1,-1.5,-9.035507217456196,10137771000000.0,6309272000000.0,-4182440000000.0,-1502813000000.0,1856754000000.0,8859286000000.0,1278485000000.0,708095934000000.0,0.0318528207875663,-799270000000.0,3.6887863731483894,-12.668181051633216,-9.7,8.4,-11.3,-3.5,-6.2,15.8,-7.4,1.8,-5.3,-12.6,8754414000000.0,6616547000000.0,-1692860000000.0,-2380860000000.0,1935853000000.0,7980640000000.0,773774000000.0,632632508000000.0,0.0316204400549112,-1106545000000.0,14.930365215052213,-16.723904477667883,11.7,-16.4,-12.0,10.0,1.7,-22.6,6.2,7.5,2.5,-16.7,False
VCB,SOCB,2020-Q1,12285485000000.0,9034321000000.0,1127210000000.0,-4910290000000.0,-2152448000000.0,5222747000000.0,754505321000000.0,0.0313007874823694,10161531000000.0,3098793000000.0,2123954000000.0,9721619750000.0,5780674500000.0,-3954966250000.0,-1697607250000.0,1711628250000.0,8644337500000.0,1077282250000.0,702815630000000.0,0.031571675279432,439911250000.0,-557927500000.0,-955323750000.0,-454840750000.0,412325750000.0,389983500000.0,49927750000.0,7.093796457744057,False,-9.651598615351894,7.6,-24.4,7.1,6.7,0.9,-16.5,-7.9,3.5,3.2,-9.7,7.6,-24.4,7.1,-9.7,6.7,0.9,-16.5,-7.9,3.5,3.2,-9.651598615351894,9525572000000.0,5510002000000.0,-3186384000000.0,-1971078000000.0,1141892000000.0,8639718000000.0,885854000000.0,734706891000000.0,0.0297557505508444,-287255000000.0,2.658913194568942,-5.213337490621601,11.5,-26.1,17.8,7.2,4.4,-26.1,-3.3,1.3,5.9,3.2,9568163000000.0,5878154000000.0,-4383646000000.0,-1505886000000.0,2199523000000.0,8498757000000.0,1069406000000.0,673021770000000.0,0.0325546901861435,-655407000000.0,11.416042681602601,-11.149878005918184,10.1,-20.0,-1.3,9.1,1.0,-9.0,-11.0,5.7,3.4,-11.2,False
VCB,SOCB,2020-Q2,10733556000000.0,8077319000000.0,1155790000000.0,-3118019000000.0,-1856218000000.0,5759319000000.0,770744422000000.0,0.0283449347345424,9233109000000.0,4258872000000.0,1500447000000.0,9869961750000.0,5616822750000.0,-4086627250000.0,-1859247750000.0,1692736000000.0,8778228500000.0,1091733250000.0,723186517750000.0,0.031258199603488475,-636852750000.0,142496250000.0,968608250000.0,3029750000.0,-192289000000.0,-700909500000.0,64056750000.0,6.366814286336224,False,2.5369547223116484,-11.3,12.7,-3.4,-12.5,1.1,12.7,0.1,3.2,-15.7,-2.0,-11.3,12.7,-3.4,-2.0,-12.5,1.1,12.7,0.1,3.2,-15.7,2.5369547223116484,10161531000000.0,5222747000000.0,-4910290000000.0,-2152448000000.0,2123954000000.0,9034321000000.0,1127210000000.0,754505321000000.0,0.0313007874823694,536572000000.0,2.129369445827207,10.273750576085726,-17.8,40.0,-11.9,-18.3,0.5,34.3,5.7,1.1,-19.4,10.3,9654973000000.0,5425270000000.0,-4067395000000.0,-1810652000000.0,1648344000000.0,8579589000000.0,1075384000000.0,695437925000000.0,0.0321234395931738,334049000000.0,10.272459923431338,6.157278808243645,-7.8,16.7,-2.7,-9.3,1.5,17.5,-0.8,5.1,-14.4,6.2,True
VCB,SOCB,2020-Q3,11586450000000.0,8723174000000.0,1257047000000.0,-4578828000000.0,-2024552000000.0,4983070000000.0,783757352000000.0,0.0300316893156432,9980221000000.0,3376841000000.0,1606229000000.0,9764495750000.0,5700335000000.0,-3849283250000.0,-1870639250000.0,1655761750000.0,8652661000000.0,1111834750000.0,742013142000000.0,0.030313573388830624,215725250000.0,-717265000000.0,-729544750000.0,-153912750000.0,-49532750000.0,70513000000.0,145212250000.0,5.471885865424266,False,-12.582856972441093,3.8,-15.5,-0.9,1.2,2.5,-12.8,-2.7,2.7,-1.5,-12.6,3.8,-15.5,-0.9,-12.6,1.2,2.5,-12.8,-2.7,2.7,-1.5,-12.582856972441093,9233109000000.0,5759319000000.0,-3118019000000.0,-1856218000000.0,1500447000000.0,8077319000000.0,1155790000000.0,770744422000000.0,0.0283449347345424,-776249000000.0,1.674225172032515,-13.478138647989457,13.0,-28.3,1.8,11.2,1.8,-25.4,-2.9,0.8,10.4,-13.5,10137771000000.0,6309272000000.0,-4182440000000.0,-1502813000000.0,1856754000000.0,8859286000000.0,1278485000000.0,708095934000000.0,0.0318528207875663,-1326202000000.0,10.143278660177849,-21.019889457927952,-2.5,-14.5,-4.0,-2.2,-0.3,-6.3,-8.3,5.1,-7.3,-21.0,False
VCB,SOCB,2020-Q4,14393363000000.0,10390415000000.0,3068538000000.0,-3430347000000.0,-3883562000000.0,7079454000000.0,839788261000000.0,0.0337449448370985,13458953000000.0,6145044000000.0,934410000000.0,9725108250000.0,5368784500000.0,-3948380250000.0,-2001074000000.0,1593130500000.0,8618633000000.0,1106475250000.0,760928496500000.0,0.029858290520849852,3733844750000.0,1710669500000.0,518033250000.0,-1882488000000.0,-658720500000.0,1771782000000.0,1962062750000.0,9.853056654840449,False,31.863255081294472,69.6,-25.4,-12.3,33.0,36.5,9.7,-35.0,4.9,28.1,31.9,69.6,-25.4,-12.3,31.9,33.0,36.5,9.7,-35.0,4.9,28.1,31.863255081294472,9980221000000.0,4983070000000.0,-4578828000000.0,-2024552000000.0,1606229000000.0,8723174000000.0,1257047000000.0,783757352000000.0,0.0300316893156432,2096384000000.0,6.9022894769757235,42.07012945834596,69.8,-14.3,-13.5,33.4,36.3,23.1,-37.3,3.5,29.9,42.0,9525572000000.0,5510002000000.0,-3186384000000.0,-1971078000000.0,1141892000000.0,8639718000000.0,885854000000.0,734706891000000.0,0.0297557505508444,1569452000000.0,13.347944560708308,28.48369202043847,71.4,-39.1,-3.8,31.8,39.6,-4.4,-34.7,6.7,25.1,28.5,False
VCB,SOCB,2021-Q1,15685596000000.0,10081733000000.0,3437781000000.0,-4779221000000.0,-2274909000000.0,8631466000000.0,871937942000000.0,0.0315521367226031,13519514000000.0,6465384000000.0,2166082000000.0,10708453500000.0,5761147500000.0,-4009371000000.0,-2479195000000.0,1541260000000.0,9056307250000.0,1652146250000.0,787198839000000.0,0.03085558909241337,2811060500000.0,2870318500000.0,-769850000000.0,204286000000.0,624822000000.0,1025425750000.0,1785634750000.0,10.214842316849342,False,49.82199292762422,48.8,-9.8,10.9,17.8,31.0,-13.4,3.5,5.1,12.7,49.9,48.8,-9.8,10.9,49.9,17.8,31.0,-13.4,3.5,5.1,12.7,49.82199292762422,13458953000000.0,7079454000000.0,-3430347000000.0,-3883562000000.0,934410000000.0,10390415000000.0,3068538000000.0,839788261000000.0,0.0337449448370985,1552012000000.0,3.7564046099959127,21.922764100169307,0.9,3.7,17.4,-4.4,5.2,-19.1,22.7,1.9,-6.3,22.0,10161531000000.0,5222747000000.0,-4910290000000.0,-2152448000000.0,2123954000000.0,9034321000000.0,1127210000000.0,754505321000000.0,0.0313007874823694,3408719000000.0,14.44042023124664,65.26678393573344,64.3,0.2,0.8,20.0,44.3,2.5,-2.3,7.2,12.8,65.3,False
VCB,SOCB,2021-Q2,12903301000000.0,11096258000000.0,428469000000.0,-4736182000000.0,-3225157000000.0,4941962000000.0,921948437000000.0,0.0349614023540927,11524727000000.0,3563388000000.0,1378574000000.0,11547949250000.0,6613327250000.0,-3976603750000.0,-2509810250000.0,1551792000000.0,9318160250000.0,2229789000000.0,816556994250000.0,0.030918426402471798,-23222250000.0,-1671365250000.0,-759578250000.0,-715346750000.0,-173218000000.0,1778097750000.0,-1801320000000.0,12.124373137473912,False,-25.27268327754384,-0.4,-22.3,-2.6,26.9,-27.2,-11.5,-10.8,6.1,20.8,-25.3,-0.4,-22.3,-2.6,-25.3,26.9,-27.2,-11.5,-10.8,6.1,20.8,-25.27268327754384,13519514000000.0,8631466000000.0,-4779221000000.0,-2274909000000.0,2166082000000.0,10081733000000.0,3437781000000.0,871937942000000.0,0.0315521367226031,-3689504000000.0,5.5756591482542275,-42.74481299005291,-23.1,-10.5,-9.1,11.8,-34.9,0.5,-11.0,2.8,9.0,-42.7,9233109000000.0,5759319000000.0,-3118019000000.0,-1856218000000.0,1500447000000.0,8077319000000.0,1155790000000.0,770744422000000.0,0.0283449347345424,-817357000000.0,17.865499248260253,-14.191903591379468,39.8,-51.9,-2.1,52.4,-12.6,-28.1,-23.8,8.9,43.5,-14.2,False
VCB,SOCB,2021-Q3,13252785000000.0,10427846000000.0,1127266000000.0,-5002394000000.0,-2512537000000.0,5737854000000.0,936342968000000.0,0.0314946018973185,11555112000000.0,4040181000000.0,1697673000000.0,12120853750000.0,6408988000000.0,-4381144500000.0,-2852045000000.0,1521323750000.0,10072895000000.0,2047958750000.0,854357998000000.0,0.032572543307359376,-565741750000.0,-671134000000.0,-621249500000.0,339508000000.0,176349250000.0,354951000000.0,-920692750000.0,9.156746051590616,False,-10.471762468583183,-8.8,-4.4,2.8,5.5,-14.4,-9.7,5.3,4.6,0.9,-10.4,-8.8,-4.4,2.8,-10.4,5.5,-14.4,-9.7,5.3,4.6,0.9,-10.471762468583183,11524727000000.0,4941962000000.0,-4736182000000.0,-3225157000000.0,1378574000000.0,11096258000000.0,428469000000.0,921948437000000.0,0.0349614023540927,795892000000.0,1.549222146889282,16.104777819011964,0.6,9.0,6.5,-13.5,14.1,-5.4,14.4,0.8,-14.3,16.1,9980221000000.0,4983070000000.0,-4578828000000.0,-2024552000000.0,1606229000000.0,8723174000000.0,1257047000000.0,783757352000000.0,0.0300316893156432,754784000000.0,17.741478706311735,15.14696763240332,31.6,-18.3,1.8,34.2,-2.6,-8.5,-9.8,8.9,25.3,15.1,False
VCB,SOCB,2021-Q4,14869393000000.0,10781286000000.0,2413557000000.0,-3056781000000.0,-3748198000000.0,8064414000000.0,960749955000000.0,0.0313529544090731,13194843000000.0,6389864000000.0,1674550000000.0,12514576500000.0,6597684000000.0,-4487036000000.0,-2974041250000.0,1544184750000.0,10499063000000.0,2015513500000.0,892504402000000.0,0.032938271452778195,680266500000.0,1466730000000.0,1430255000000.0,-774156750000.0,130365250000.0,282223000000.0,398043500000.0,7.364941864804152,False,22.230982872171506,10.3,9.9,2.0,4.3,6.0,21.7,-11.7,3.7,0.6,22.2,10.3,9.9,2.0,22.2,4.3,6.0,21.7,-11.7,3.7,0.6,22.230982872171506,11555112000000.0,5737854000000.0,-5002394000000.0,-2512537000000.0,1697673000000.0,10427846000000.0,1127266000000.0,936342968000000.0,0.0314946018973185,2326560000000.0,2.573093463593085,40.547563601304596,28.6,12.4,-0.4,6.2,22.4,33.9,-21.5,1.3,4.9,40.6,13458953000000.0,7079454000000.0,-3430347000000.0,-3883562000000.0,934410000000.0,10390415000000.0,3068538000000.0,839788261000000.0,0.0337449448370985,984960000000.0,13.436170687753958,13.912937353643374,-3.7,7.2,10.4,5.5,-9.3,5.3,1.9,6.7,-1.2,13.9,False
VCB,SOCB,2022-Q1,16733361000000.0,11975852000000.0,2710828000000.0,-4509166000000.0,-2273939000000.0,9950256000000.0,1028899744000000.0,0.0339074238424639,14686680000000.0,7903575000000.0,2046681000000.0,12448549000000.0,6843924000000.0,-4393644500000.0,-2940200250000.0,1729219750000.0,10596780750000.0,1851768250000.0,922744825500000.0,0.032340273845771844,2238131000000.0,3106332000000.0,-115521500000.0,666261250000.0,317461250000.0,1379071250000.0,859059750000.0,10.878509351443668,False,45.38817204866682,32.7,8.0,4.6,20.2,12.6,-1.7,9.7,5.4,14.8,45.3,32.7,8.0,4.6,45.3,20.2,12.6,-1.7,9.7,5.4,14.8,45.38817204866682,13194843000000.0,8064414000000.0,-3056781000000.0,-3748198000000.0,1674550000000.0,10781286000000.0,2413557000000.0,960749955000000.0,0.0313529544090731,1885842000000.0,6.850430910954039,23.384736944308663,18.5,0.3,4.6,14.8,3.7,-18.0,18.3,3.4,11.4,23.4,13519514000000.0,8631466000000.0,-4779221000000.0,-2274909000000.0,2166082000000.0,10081733000000.0,3437781000000.0,871937942000000.0,0.0315521367226031,1318790000000.0,16.515013686444764,15.278864563678985,13.5,3.1,-1.4,21.9,-8.4,3.1,0.0,8.3,13.6,15.2,False
VCB,SOCB,2022-Q2,15972341000000.0,12797206000000.0,694629000000.0,-5815802000000.0,-2733452000000.0,7423087000000.0,1100852163000000.0,0.0338979321575092,13491835000000.0,4942581000000.0,2480506000000.0,12740340500000.0,7173621500000.0,-4326130750000.0,-2939957750000.0,1699369500000.0,11070310500000.0,1670030000000.0,961985276000000.0,0.03292909562573705,751494500000.0,249465500000.0,-1489671250000.0,206505750000.0,781136500000.0,1726895500000.0,-975401000000.0,13.463677202535006,False,3.4775392038735244,10.5,-17.4,10.9,17.4,-13.6,-17.4,2.9,6.7,10.7,4.0,10.5,-17.4,10.9,4.0,17.4,-13.6,-17.4,2.9,6.7,10.7,3.4775392038735244,14686680000000.0,9950256000000.0,-4509166000000.0,-2273939000000.0,2046681000000.0,11975852000000.0,2710828000000.0,1028899744000000.0,0.0339074238424639,-2527169000000.0,6.756882692628103,-25.398029960234187,-12.0,-17.8,4.4,8.3,-20.3,-13.1,-4.6,3.4,4.9,-25.4,11524727000000.0,4941962000000.0,-4736182000000.0,-3225157000000.0,1378574000000.0,11096258000000.0,428469000000.0,921948437000000.0,0.0349614023540927,2481125000000.0,17.68871593176312,50.205262606228054,39.8,-11.9,22.3,34.4,5.4,-21.8,9.9,8.8,25.6,50.2,True
VCB,SOCB,2022-Q3,16714424000000.0,13663951000000.0,1102269000000.0,-6370005000000.0,-2778197000000.0,7566222000000.0,1130144001000000.0,0.0341060341440247,14766220000000.0,5618018000000.0,1948204000000.0,13232117500000.0,7793902750000.0,-4596035750000.0,-2817031500000.0,1974852500000.0,11495547500000.0,1736570000000.0,1006711207500000.0,0.03266322807659117,1534102500000.0,-227680750000.0,-1773969250000.0,38834500000.0,-26648500000.0,2168403500000.0,-634301000000.0,11.552752194814888,False,-2.921267525438395,14.6,-14.6,-0.3,14.6,-8.1,-14.6,0.5,5.8,8.8,-0.3,14.6,-14.6,-0.3,-0.3,14.6,-8.1,-14.6,0.5,5.8,8.8,-2.921267525438395,13491835000000.0,7423087000000.0,-5815802000000.0,-2733452000000.0,2480506000000.0,12797206000000.0,694629000000.0,1100852163000000.0,0.0338979321575092,143135000000.0,2.6258976570790735,1.9282409057040553,9.6,-8.1,-7.2,9.6,5.5,-7.5,-0.6,1.3,8.3,-5.7,11555112000000.0,5737854000000.0,-5002394000000.0,-2512537000000.0,1697673000000.0,10427846000000.0,1127266000000.0,936342968000000.0,0.0314946018973185,1828368000000.0,18.756569570219245,31.86501434159879,56.0,-28.5,4.4,56.4,-0.4,-23.8,-4.6,9.4,47.0,31.9,True
VCB,SOCB,2022-Q4,18662641000000.0,14809469000000.0,2331342000000.0,-4564916000000.0,-1678630000000.0,12419095000000.0,1145066250000000.0,0.0350103837627325,17140811000000.0,10897265000000.0,1521830000000.0,14034894500000.0,8250994750000.0,-4937938500000.0,-2883446500000.0,2037485250000.0,12304573750000.0,1730320750000.0,1055161465750000.0,0.033316086138267725,3105916500000.0,4168100250000.0,373022500000.0,1204816500000.0,-515655250000.0,2504895250000.0,601021250000.0,8.17231631130088,False,50.516336227216726,37.6,19.1,-6.3,30.4,7.3,4.5,14.6,4.1,26.3,50.4,37.6,19.1,-6.3,50.4,30.4,7.3,4.5,14.6,4.1,26.3,50.516336227216726,14766220000000.0,7566222000000.0,-6370005000000.0,-2778197000000.0,1948204000000.0,13663951000000.0,1102269000000.0,1130144001000000.0,0.0341060341440247,4852873000000.0,1.3117248389190737,64.13865466807609,31.4,38.4,-5.6,15.1,16.2,23.9,14.6,0.7,14.4,64.2,13194843000000.0,8064414000000.0,-3056781000000.0,-3748198000000.0,1674550000000.0,10781286000000.0,2413557000000.0,960749955000000.0,0.0313529544090731,4354681000000.0,17.50544938939721,53.99872823989443,48.9,7.0,-1.9,49.9,-1.0,-18.7,25.6,8.8,41.1,54.0,False
VCB,SOCB,2023-Q1,18517174000000.0,14202946000000.0,1456346000000.0,-5274254000000.0,-2021576000000.0,11221344000000.0,1174080964000000.0,0.031651063673466,15659292000000.0,8363462000000.0,2857882000000.0,15021386500000.0,9339665000000.0,-5314972250000.0,-2366054500000.0,1999305250000.0,13311619500000.0,1709767000000.0,1101240539500000.0,0.034230443476682575,637905500000.0,1881679000000.0,40718250000.0,344478500000.0,858576750000.0,891326500000.0,-253421000000.0,6.402648978436994,False,20.147178726431836,6.8,4.1,9.2,9.5,-2.7,0.4,3.7,3.2,6.3,20.1,6.8,4.1,9.2,20.1,9.5,-2.7,0.4,3.7,3.2,6.3,20.147178726431836,17140811000000.0,12419095000000.0,-4564916000000.0,-1678630000000.0,1521830000000.0,14809469000000.0,2331342000000.0,1145066250000000.0,0.0350103837627325,-1197751000000.0,2.5021882030469498,-9.644430612697624,-11.9,-8.5,10.8,-4.9,-7.1,-5.7,-2.8,1.3,-6.2,-9.6,14686680000000.0,9950256000000.0,-4509166000000.0,-2273939000000.0,2046681000000.0,11975852000000.0,2710828000000.0,1028899744000000.0,0.0339074238424639,1271088000000.0,13.18043498726817,12.774425100218528,9.8,-5.1,8.2,22.4,-12.6,-7.7,2.5,6.6,15.8,12.9,False
VCB,SOCB,2023-Q2,17470176000000.0,14020581000000.0,1622113000000.0,-5656105000000.0,-2536389000000.0,9277682000000.0,1177728457000000.0,0.0319562944988452,15642694000000.0,7450200000000.0,1827482000000.0,15264539500000.0,9657437000000.0,-5506244250000.0,-2302963750000.0,2202105500000.0,13868393000000.0,1396146500000.0,1137535844500000.0,0.033666353434433104,378154500000.0,-379755000000.0,-149860750000.0,-233425250000.0,-374623500000.0,152188000000.0,225966500000.0,3.471967539426082,False,-3.9322544894675473,3.9,-4.0,-3.9,1.6,2.3,-1.6,-2.4,1.7,-0.1,-4.0,3.9,-4.0,-3.9,-4.0,1.6,2.3,-1.6,-2.4,1.7,-0.1,-3.9322544894675473,15659292000000.0,11221344000000.0,-5274254000000.0,-2021576000000.0,2857882000000.0,14202946000000.0,1456346000000.0,1174080964000000.0,0.031651063673466,-1943662000000.0,0.310186103298206,-17.32111590198108,-0.2,-8.0,-9.2,-1.6,1.5,-3.4,-4.6,0.2,-1.8,-17.4,13491835000000.0,7423087000000.0,-5815802000000.0,-2733452000000.0,2480506000000.0,12797206000000.0,694629000000.0,1100852163000000.0,0.0338979321575092,1854595000000.0,6.747735263367597,24.98414743084649,29.0,4.8,-8.8,16.5,12.5,2.1,2.6,3.4,13.1,25.0,False
VCB,SOCB,2023-Q3,15777277000000.0,12596118000000.0,891012000000.0,-5232506000000.0,-1493607000000.0,9051164000000.0,1189830550000000.0,0.02962139338086,13487130000000.0,6761017000000.0,2290147000000.0,15802254250000.0,10121085750000.0,-5466320000000.0,-2253698000000.0,2038849500000.0,14174236750000.0,1628017500000.0,1156754918000000.0,0.0331809440197671,-2315124250000.0,-1069921750000.0,233814000000.0,760091000000.0,251297500000.0,-1578118750000.0,-737005500000.0,2.819043452799564,False,-10.571215148532854,-22.9,9.8,2.5,-15.6,-7.3,2.3,7.5,1.4,-17.0,-10.6,-22.9,9.8,2.5,-10.6,-15.6,-7.3,2.3,7.5,1.4,-17.0,-10.571215148532854,15642694000000.0,9277682000000.0,-5656105000000.0,-2536389000000.0,1827482000000.0,14020581000000.0,1622113000000.0,1177728457000000.0,0.0319562944988452,-226518000000.0,1.022326621150186,-2.4415365820902246,-12.2,12.2,5.0,-12.2,-7.9,4.6,11.2,0.5,-12.7,5.0,14766220000000.0,7566222000000.0,-6370005000000.0,-2778197000000.0,1948204000000.0,13663951000000.0,1102269000000.0,1130144001000000.0,0.0341060341440247,1484942000000.0,5.145448597638517,19.625937489013673,-16.9,32.0,4.5,-14.1,-2.8,15.0,17.0,2.6,-16.7,19.6,False
VCB,SOCB,2023-Q4,15958835000000.0,12801224000000.0,1810252000000.0,-5752034000000.0,1486696000000.0,11693497000000.0,1270359018000000.0,0.0289278497816266,14611476000000.0,10346138000000.0,1347359000000.0,15482481750000.0,10492321250000.0,-5181945250000.0,-1932550500000.0,2124335250000.0,13907278500000.0,1575203250000.0,1171676555250000.0,0.032059783828975924,-871005750000.0,1201175750000.0,-570088750000.0,3419246500000.0,-776976250000.0,-1106054500000.0,235048750000.0,8.08198404896025,False,11.448141182295576,-8.3,27.2,-7.4,-10.5,2.2,-5.4,32.6,4.0,-14.5,11.5,-8.3,27.2,-7.4,11.5,-10.5,2.2,-5.4,32.6,4.0,-14.5,11.448141182295576,13487130000000.0,9051164000000.0,-5232506000000.0,-1493607000000.0,2290147000000.0,12596118000000.0,891012000000.0,1189830550000000.0,0.02962139338086,2642333000000.0,6.546525442384121,29.19329491764816,12.4,27.2,-10.4,2.3,10.2,-5.8,32.9,3.3,-1.0,29.2,17140811000000.0,12419095000000.0,-4564916000000.0,-1678630000000.0,1521830000000.0,14809469000000.0,2331342000000.0,1145066250000000.0,0.0350103837627325,-725598000000.0,10.37438579946163,-5.842599641922378,-20.4,15.9,-1.4,-16.2,-4.2,-9.6,25.5,5.2,-21.4,-5.9,False
VCB,SOCB,2024-Q1,17280398000000.0,14078056000000.0,1441564000000.0,-5053949000000.0,-1508210000000.0,10718239000000.0,1266477925000000.0,0.0314747308896061,15519620000000.0,8957461000000.0,1760778000000.0,14850148000000.0,10310921750000.0,-5478724750000.0,-1141219000000.0,2080717500000.0,13405217250000.0,1444930750000.0,1202999747250000.0,0.03053915033369945,669472000000.0,407317250000.0,424775750000.0,-366991000000.0,-319939500000.0,672838750000.0,-3366750000.0,5.141020586119616,False,3.9503476010764995,6.5,0.6,-3.1,6.5,-0.0,4.1,-3.6,2.6,3.9,4.0,6.5,0.6,-3.1,4.0,6.5,-0.0,4.1,-3.6,2.6,3.9,3.9503476010764995,14611476000000.0,11693497000000.0,-5752034000000.0,1486696000000.0,1347359000000.0,12801224000000.0,1810252000000.0,1270359018000000.0,0.0289278497816266,-975258000000.0,-0.3059789089487412,-8.340174030061325,7.8,-19.6,3.5,10.9,-3.2,6.0,-25.6,-0.2,11.1,-8.3,15659292000000.0,11221344000000.0,-5274254000000.0,-2021576000000.0,2857882000000.0,14202946000000.0,1456346000000.0,1174080964000000.0,0.031651063673466,-503105000000.0,7.571787053895589,-4.483464725793987,-1.2,6.5,-9.8,-1.1,-0.1,2.0,4.6,3.8,-4.9,-4.5,False
VCB,SOCB,2024-Q2,16751609000000.0,13907711000000.0,1498954000000.0,-5121793000000.0,-1513541000000.0,10116275000000.0,1369645310000000.0,0.0304619395351441,15406665000000.0,8771331000000.0,1344944000000.0,14815230000000.0,10185145500000.0,-5423648500000.0,-1012877500000.0,1806441500000.0,13373994750000.0,1441235250000.0,1226098987500000.0,0.030495067137734474,591435000000.0,-68870500000.0,301855500000.0,-500663500000.0,-461497500000.0,533716250000.0,57718750000.0,11.060128121113594,False,-0.6761857255745635,3.4,-2.0,-3.4,3.4,0.6,3.0,-3.4,5.5,-2.1,-2.0,3.4,-2.0,-3.4,-2.0,3.4,0.6,3.0,-3.4,5.5,-2.1,-0.6761857255745635,15519620000000.0,10718239000000.0,-5053949000000.0,-1508210000000.0,1760778000000.0,14078056000000.0,1441564000000.0,1266477925000000.0,0.0314747308896061,-601964000000.0,7.827205013046365,-5.616258417077656,-1.1,-0.7,-3.9,-1.6,0.5,-0.6,-0.1,3.9,-5.5,-5.7,15642694000000.0,9277682000000.0,-5656105000000.0,-2536389000000.0,1827482000000.0,14020581000000.0,1622113000000.0,1177728457000000.0,0.0319562944988452,838593000000.0,15.067820473476676,9.038820257042653,-2.5,16.8,-5.2,-1.2,-1.3,5.8,11.0,7.5,-8.7,9.1,True
VCB,SOCB,2024-Q3,16835953000000.0,13577636000000.0,1272260000000.0,-5811433000000.0,-325576000000.0,10698944000000.0,1401151675000000.0,0.0285865270723034,14849896000000.0,8712887000000.0,1986057000000.0,14756222750000.0,10394793750000.0,-5290070500000.0,-757165500000.0,1685807000000.0,13345777250000.0,1410445500000.0,1274078200750000.0,0.0301214783968092,93673250000.0,304150250000.0,-521362500000.0,431589500000.0,300250000000.0,231858750000.0,-138185500000.0,9.500004123150351,False,2.9259863862137716,0.9,-0.9,2.9,2.2,-1.3,-5.0,4.2,4.8,-2.6,2.9,0.9,-0.9,2.9,2.9,2.2,-1.3,-5.0,4.2,4.8,-2.6,2.9259863862137716,15406665000000.0,10116275000000.0,-5121793000000.0,-1513541000000.0,1344944000000.0,13907711000000.0,1498954000000.0,1369645310000000.0,0.0304619395351441,582669000000.0,2.2741734721499274,5.759718868852418,-5.5,4.9,6.3,-3.3,-2.2,-6.8,11.7,1.1,-4.4,5.7,13487130000000.0,9051164000000.0,-5232506000000.0,-1493607000000.0,2290147000000.0,12596118000000.0,891012000000.0,1189830550000000.0,0.02962139338086,1647780000000.0,16.31204745142549,18.20517228502323,15.1,6.5,-3.4,10.9,4.2,-6.4,12.9,8.2,2.7,18.2,False
VCB,SOCB,2024-Q4,17710536000000.0,13842332000000.0,923783000000.0,-7040188000000.0,32329000000.0,10702677000000.0,1449198899000000.0,0.0278985442417856,14766115000000.0,7758256000000.0,2944421000000.0,15096914250000.0,10806738750000.0,-5434802250000.0,-465157750000.0,1609784500000.0,13591156750000.0,1505757500000.0,1326908482000000.0,0.029862761819670052,-330799250000.0,-104061750000.0,-1605385750000.0,497486750000.0,1334636500000.0,251175250000.0,-581974500000.0,8.810207979487375,False,-0.9629338915961118,-3.1,-4.8,4.8,2.3,-4.8,-4.8,4.6,4.4,-2.1,-3.1,-3.1,-4.8,4.8,-3.1,2.3,-4.8,-4.8,4.6,4.4,-2.1,-0.9629338915961118,14849896000000.0,10698944000000.0,-5811433000000.0,-325576000000.0,1986057000000.0,13577636000000.0,1272260000000.0,1401151675000000.0,0.0285865270723034,3733000000.0,3.3713203167548325,0.03489129394452387,0.0,0.1,-0.1,-0.1,0.1,0.1,-0.1,1.7,-1.8,0.0,14611476000000.0,11693497000000.0,-5752034000000.0,1486696000000.0,1347359000000.0,12801224000000.0,1810252000000.0,1270359018000000.0,0.0289278497816266,-990820000000.0,13.15212887227509,-8.473256545924627,1.3,-23.5,13.7,8.9,-7.6,-11.0,-12.4,6.6,2.3,-8.5,True
VCB,SOCB,2025-Q1,17264726000000.0,13687153000000.0,805964000000.0,-5652437000000.0,-752356000000.0,10859933000000.0,1466390536000000.0,0.0263677105038914,14493117000000.0,8088324000000.0,2771609000000.0,15135574000000.0,10559033750000.0,-5756840750000.0,-828749500000.0,2009050000000.0,13851433750000.0,1284140250000.0,1371618452250000.0,0.029605435434709802,-642457000000.0,300899250000.0,104403750000.0,76393500000.0,762559000000.0,-164280750000.0,-478176250000.0,6.678772628443243,False,2.8496854648276884,-6.1,1.7,7.2,-1.6,-4.5,1.0,0.7,3.3,-4.9,2.8,-6.1,1.7,7.2,2.8,-1.6,-4.5,1.0,0.7,3.3,-4.9,2.8496854648276884,14766115000000.0,10702677000000.0,-7040188000000.0,32329000000.0,2944421000000.0,13842332000000.0,923783000000.0,1449198899000000.0,0.0278985442417856,157256000000.0,1.1792906637418927,1.4693146396924806,-2.6,5.6,-1.6,-1.5,-1.1,7.3,-7.3,0.6,-2.1,1.4,15519620000000.0,10718239000000.0,-5053949000000.0,-1508210000000.0,1760778000000.0,14078056000000.0,1441564000000.0,1266477925000000.0,0.0314747308896061,141694000000.0,14.630240266071848,1.3219895544407996,-6.6,1.5,6.6,-3.6,-5.9,-5.6,6.6,7.3,-10.9,1.5,False
VCB,SOCB,2025-Q2,17868237000000.0,14160192000000.0,860944000000.0,-6024732000000.0,-809590000000.0,11033915000000.0,1555769476000000.0,0.0264221242780894,15021136000000.0,8186814000000.0,2847101000000.0,14878948250000.0,10594457250000.0,-5906462750000.0,-639786000000.0,2261757750000.0,13753708000000.0,1125240250000.0,1421596605000000.0,0.028328680338281124,142187750000.0,439457750000.0,-118269250000.0,-169804000000.0,585343250000.0,406484000000.0,-264296250000.0,9.012856823769264,False,4.14799682163992,1.3,-2.7,5.5,3.8,-2.5,-1.1,-1.6,4.5,-0.7,4.1,1.3,-2.7,5.5,4.1,3.8,-2.5,-1.1,-1.6,4.5,-0.7,4.14799682163992,14493117000000.0,10859933000000.0,-5652437000000.0,-752356000000.0,2771609000000.0,13687153000000.0,805964000000.0,1466390536000000.0,0.0263677105038914,173982000000.0,5.9149045480785745,1.6020540826541012,4.9,-4.0,0.7,4.4,0.5,-3.4,-0.5,3.0,1.4,1.6,15406665000000.0,10116275000000.0,-5121793000000.0,-1513541000000.0,1344944000000.0,13907711000000.0,1498954000000.0,1369645310000000.0,0.0304619395351441,917640000000.0,12.724634256360801,9.070927787154858,-3.8,-2.0,14.8,2.5,-6.3,-8.9,7.0,6.4,-3.9,9.0,False
VIB,Private_2,2018-Q1,1250967000000.0,1052535000000.0,130042000000.0,-637393000000.0,-95464000000.0,518110000000.0,84266991000000.0,0.0036131440944386,1182577000000.0,449720000000.0,68390000000.0,,,,,,,,,,,,,,,,,,False,0.0,,,,,,,,,,,,,,,,,,,,,0.0,,,,,,,,,,,,0.0,,,,,,,,,,,,,,,,,,,,,,0.0,,,,,,,,,,,False
VIB,Private_2,2018-Q2,1448625000000.0,1203862000000.0,185049000000.0,-676801000000.0,-139425000000.0,632399000000.0,87282734000000.0,0.0372254388416811,1388911000000.0,572685000000.0,59714000000.0,,,,,,,,,,,,,,,,,,False,0.0,,,,,,,,,,,,,,,,,,,,,0.0,1182577000000.0,518110000000.0,-637393000000.0,-95464000000.0,68390000000.0,1052535000000.0,130042000000.0,84266991000000.0,0.0036131440944386,114289000000.0,3.5158820569371354,22.05882920615313,39.8,-16.1,-1.7,29.2,10.6,-7.6,-8.5,1.8,27.4,22.0,,,,,,,,,,,,0.0,,,,,,,,,,,False
VIB,Private_2,2018-Q3,1486832000000.0,1273502000000.0,205943000000.0,-682333000000.0,-234522000000.0,569977000000.0,90747929000000.0,0.0400487853819584,1479445000000.0,562590000000.0,7387000000.0,,,,,,,,,,,,,,,,,,False,0.0,,,,,,,,,,,,,,,,,,,,,0.0,1388911000000.0,632399000000.0,-676801000000.0,-139425000000.0,59714000000.0,1203862000000.0,185049000000.0,87282734000000.0,0.0372254388416811,-62422000000.0,3.892806937420662,-9.870667094666501,14.3,-15.9,-8.3,11.0,3.3,-0.9,-15.0,1.9,9.1,-9.9,,,,,,,,,,,,0.0,,,,,,,,,,,False
VIB,Private_2,2018-Q4,1866164000000.0,1298918000000.0,213897000000.0,-694027000000.0,-151069000000.0,1021068000000.0,96138734000000.0,0.0391304810349882,1512815000000.0,667719000000.0,353349000000.0,,,,,,,,,,,,,,,,,,False,0.0,,,,,,,,,,,,,,,,,,,,,0.0,1479445000000.0,569977000000.0,-682333000000.0,-234522000000.0,7387000000.0,1273502000000.0,205943000000.0,90747929000000.0,0.0400487853819584,451091000000.0,5.769063360075085,79.14196537755032,5.9,12.6,60.7,4.4,1.4,-2.1,14.6,2.9,1.5,79.2,,,,,,,,,,,,0.0,,,,,,,,,,,False
VIB,Private_2,2019-Q1,1713933000000.0,1385178000000.0,347597000000.0,-747759000000.0,-156312000000.0,809862000000.0,101904151000000.0,0.039976387092292,1732775000000.0,828704000000.0,-18842000000.0,1390937000000.0,685388500000.0,-672638500000.0,-155120000000.0,122210000000.0,1207204250000.0,183732750000.0,89609097000000.0,0.030004462338266577,341838000000.0,124473500000.0,-75120500000.0,-1192000000.0,-141052000000.0,177973750000.0,163864250000.0,12.83989920112472,False,18.16101378998918,49.9,-11.1,-20.6,26.0,23.9,-11.0,-0.2,6.4,19.6,18.2,49.9,-11.1,-20.6,18.2,26.0,23.9,-11.0,-0.2,6.4,19.6,18.16101378998918,1512815000000.0,1021068000000.0,-694027000000.0,-151069000000.0,353349000000.0,1298918000000.0,213897000000.0,96138734000000.0,0.0391304810349882,-211206000000.0,5.822392458077956,-20.68481237292717,21.5,-5.8,-36.4,8.4,13.1,-5.3,-0.5,2.9,5.5,-20.7,1182577000000.0,518110000000.0,-637393000000.0,-95464000000.0,68390000000.0,1052535000000.0,130042000000.0,84266991000000.0,0.0036131440944386,291752000000.0,18.947254456869583,56.31082202621065,106.2,-33.1,-16.8,64.2,42.0,-21.3,-11.8,9.5,54.7,56.3,False
VIB,Private_2,2019-Q2,1948430000000.0,1532088000000.0,416733000000.0,-774584000000.0,-163460000000.0,1010386000000.0,114484252000000.0,0.0406986233342427,1948821000000.0,1010777000000.0,-391000000.0,1528486500000.0,758326500000.0,-700230000000.0,-170332000000.0,100402000000.0,1290365000000.0,238121500000.0,94018387000000.0,0.03909527308772993,420334500000.0,252059500000.0,-74354000000.0,6872000000.0,-100793000000.0,241723000000.0,178611500000.0,19.631276705327455,False,33.238914900112285,55.4,-8.9,-13.3,31.9,23.6,-9.8,0.9,9.8,22.1,33.2,55.4,-8.9,-13.3,33.2,31.9,23.6,-9.8,0.9,9.8,22.1,33.238914900112285,1732775000000.0,809862000000.0,-747759000000.0,-156312000000.0,-18842000000.0,1385178000000.0,347597000000.0,101904151000000.0,0.039976387092292,200524000000.0,11.62733383637015,24.760267798711386,26.7,-4.2,2.3,18.1,8.5,-3.3,-0.9,5.8,12.3,24.8,1388911000000.0,632399000000.0,-676801000000.0,-139425000000.0,59714000000.0,1203862000000.0,185049000000.0,87282734000000.0,0.0372254388416811,377987000000.0,26.963299139533163,59.77033486770219,88.5,-19.2,-9.5,51.9,36.6,-15.5,-3.8,13.5,38.4,59.8,False
VIB,Private_2,2019-Q3,2207349000000.0,1618523000000.0,511647000000.0,-913166000000.0,-199164000000.0,1095019000000.0,123223074000000.0,0.0390246976924136,2130170000000.0,1017840000000.0,77179000000.0,1668464000000.0,852823250000.0,-724675750000.0,-176340750000.0,85375750000.0,1372421500000.0,296042500000.0,100818766500000.0,0.039963569210870326,461706000000.0,242195750000.0,-188490250000.0,-22823250000.0,-8196750000.0,246101500000.0,215604500000.0,20.000110202629763,False,28.399290239800568,54.1,-24.8,-1.0,28.9,25.3,-22.1,-2.7,10.0,18.9,28.3,54.1,-24.8,-1.0,28.3,28.9,25.3,-22.1,-2.7,10.0,18.9,28.399290239800568,1948821000000.0,1010386000000.0,-774584000000.0,-163460000000.0,-391000000.0,1532088000000.0,416733000000.0,114484252000000.0,0.0406986233342427,84633000000.0,7.352589545347038,8.376303709671355,18.0,-17.2,7.7,8.6,9.4,-13.7,-3.5,3.7,4.9,8.5,1479445000000.0,569977000000.0,-682333000000.0,-234522000000.0,7387000000.0,1273502000000.0,205943000000.0,90747929000000.0,0.0400487853819584,525042000000.0,30.354715867738395,92.11634855441535,114.1,-34.3,12.3,60.5,53.6,-40.5,6.2,15.2,45.3,92.1,False
VIB,Private_2,2019-Q4,2244696000000.0,1674522000000.0,521534000000.0,-992598000000.0,-85838000000.0,1166260000000.0,129199806000000.0,0.0380345547169255,2196056000000.0,1117620000000.0,48640000000.0,1831145250000.0,984083750000.0,-782384000000.0,-167501250000.0,102823750000.0,1458676750000.0,372468500000.0,108937552750000.0,0.03970754728848413,364910750000.0,182176250000.0,-210214000000.0,81663250000.0,-54183750000.0,215845250000.0,149065500000.0,17.017282257901922,False,18.51227093222503,37.1,-13.1,-5.5,21.9,15.1,-21.4,8.3,8.5,13.4,18.5,37.1,-13.1,-5.5,18.5,21.9,15.1,-21.4,8.3,8.5,13.4,18.51227093222503,2130170000000.0,1095019000000.0,-913166000000.0,-199164000000.0,77179000000.0,1618523000000.0,511647000000.0,123223074000000.0,0.0390246976924136,71241000000.0,4.735491489519492,6.505914509245958,6.0,3.1,-2.6,5.1,0.9,-7.3,10.4,2.4,2.7,6.5,1512815000000.0,1021068000000.0,-694027000000.0,-151069000000.0,353349000000.0,1298918000000.0,213897000000.0,96138734000000.0,0.0391304810349882,145192000000.0,29.343468720441695,14.219621024260872,66.9,-22.9,-29.8,36.8,30.1,-29.2,6.4,14.7,22.1,14.2,False
VIB,Private_2,2020-Q1,2260362000000.0,1799491000000.0,410897000000.0,-1029168000000.0,-155883000000.0,1075311000000.0,134863315000000.0,0.0390343945522137,2210388000000.0,1025337000000.0,49974000000.0,2001955500000.0,1020381750000.0,-857026750000.0,-151193500000.0,26646500000.0,1552577750000.0,449377750000.0,117202820750000.0,0.03943356570896846,208432500000.0,54929250000.0,-172141250000.0,-4689500000.0,23327500000.0,246913250000.0,-38480750000.0,14.012587765867712,False,5.383205844283279,20.4,-17.3,2.3,24.2,-3.8,-16.9,-0.5,7.0,17.2,5.4,20.4,-17.3,2.3,5.4,24.2,-3.8,-16.9,-0.5,7.0,17.2,5.383205844283279,2196056000000.0,1166260000000.0,-992598000000.0,-85838000000.0,48640000000.0,1674522000000.0,521534000000.0,129199806000000.0,0.0380345547169255,-90949000000.0,4.289511521754679,-7.798346852331384,1.2,-9.1,0.1,10.7,-9.5,-3.1,-6.0,2.1,8.6,-7.8,1732775000000.0,809862000000.0,-747759000000.0,-156312000000.0,-18842000000.0,1385178000000.0,347597000000.0,101904151000000.0,0.039976387092292,265449000000.0,27.84095683145927,32.777065722308244,59.0,-34.7,8.5,51.2,7.8,-34.7,0.1,13.9,37.3,32.8,False
VIB,Private_2,2020-Q2,2554285000000.0,1901936000000.0,610998000000.0,-1007740000000.0,-265389000000.0,1281156000000.0,137902967000000.0,0.0395093142616439,2512934000000.0,1239805000000.0,41351000000.0,2121358750000.0,1086744000000.0,-927379000000.0,-151086250000.0,43850500000.0,1656156000000.0,465202750000.0,125442611750000.0,0.03919806757394888,391575250000.0,194412000000.0,-80361000000.0,-114302750000.0,-2499500000.0,245780000000.0,145795250000.0,9.46312089927198,False,17.88940173582739,36.0,-17.9,-0.2,22.6,13.4,-7.4,-10.5,4.7,17.9,17.9,36.0,-17.9,-0.2,17.9,22.6,13.4,-7.4,-10.5,4.7,17.9,17.88940173582739,2210388000000.0,1075311000000.0,-1029168000000.0,-155883000000.0,49974000000.0,1799491000000.0,410897000000.0,134863315000000.0,0.0390343945522137,205845000000.0,2.228759344969185,19.142834026621138,28.1,-8.2,-0.8,9.5,18.6,2.0,-10.2,1.1,8.4,19.1,1948821000000.0,1010386000000.0,-774584000000.0,-163460000000.0,-391000000.0,1532088000000.0,416733000000.0,114484252000000.0,0.0406986233342427,270770000000.0,18.557766191797533,26.798669023521704,55.8,-33.2,4.1,36.6,19.2,-23.1,-10.1,9.3,27.3,26.7,False
VIB,Private_2,2020-Q3,3031242000000.0,2233417000000.0,615585000000.0,-1124746000000.0,-238378000000.0,1668118000000.0,148995728000000.0,0.0442075914618617,2849002000000.0,1485878000000.0,182240000000.0,2262387000000.0,1154436500000.0,-985668000000.0,-176568500000.0,54286000000.0,1748618000000.0,513769000000.0,131297290500000.0,0.038900740305799174,586615000000.0,513681500000.0,-139078000000.0,-61809500000.0,127954000000.0,484799000000.0,101816000000.0,12.628525387263615,False,44.49629754429975,50.8,-17.4,11.1,42.0,8.8,-12.1,-5.3,6.3,35.7,44.5,50.8,-17.4,11.1,44.5,42.0,8.8,-12.1,-5.3,6.3,35.7,44.49629754429975,2512934000000.0,1281156000000.0,-1007740000000.0,-265389000000.0,41351000000.0,1901936000000.0,610998000000.0,137902967000000.0,0.0395093142616439,386962000000.0,7.732876582098082,30.204128146767452,26.2,-7.0,11.0,25.9,0.4,-9.1,2.1,3.9,22.0,30.2,2130170000000.0,1095019000000.0,-913166000000.0,-199164000000.0,77179000000.0,1618523000000.0,511647000000.0,123223074000000.0,0.0390246976924136,573099000000.0,18.935249006055063,52.336900090318075,65.6,-22.9,9.6,56.2,9.5,-19.3,-3.6,9.5,46.7,52.3,False
VIB,Private_2,2020-Q4,3369625000000.0,2561263000000.0,751195000000.0,-1303218000000.0,-290137000000.0,1776270000000.0,169520235000000.0,0.0457825163387564,3312458000000.0,1719103000000.0,57167000000.0,2442095000000.0,1297711250000.0,-1038563000000.0,-186372000000.0,80551250000.0,1902341500000.0,539753500000.0,137740454000000.0,0.0401964637481612,870363000000.0,478558750000.0,-264655000000.0,-103765000000.0,-23384250000.0,658921500000.0,211441500000.0,20.68587498350627,False,36.87713657410306,67.1,-28.4,-1.8,50.8,16.3,-20.4,-8.0,10.3,40.5,36.9,67.1,-28.4,-1.8,36.9,50.8,16.3,-20.4,-8.0,10.3,40.5,36.87713657410306,2849002000000.0,1668118000000.0,-1124746000000.0,-238378000000.0,182240000000.0,2233417000000.0,615585000000.0,148995728000000.0,0.0442075914618617,108152000000.0,12.887584538423901,6.483474190674761,27.8,-13.8,-7.5,19.7,8.1,-10.7,-3.1,6.4,13.3,6.5,2196056000000.0,1166260000000.0,-992598000000.0,-85838000000.0,48640000000.0,1674522000000.0,521534000000.0,129199806000000.0,0.0380345547169255,610010000000.0,26.995462952550948,52.30480338860974,95.7,-44.1,0.7,76.1,19.7,-26.6,-17.5,13.5,62.6,52.3,False
VIB,Private_2,2021-Q1,3501600000000.0,2778385000000.0,608599000000.0,-1360655000000.0,-334043000000.0,1806902000000.0,177506741000000.0,0.0451086597684794,3386984000000.0,1692286000000.0,114616000000.0,2721195500000.0,1450213750000.0,-1116218000000.0,-237446750000.0,82683000000.0,2124026750000.0,597168750000.0,147820561250000.0,0.042133454153618924,665788500000.0,356688250000.0,-244437000000.0,-96596250000.0,31933000000.0,654358250000.0,11430250000.0,18.250038988235577,False,24.595563929800004,45.9,-23.5,2.2,45.1,0.8,-16.8,-6.7,9.1,36.0,24.6,45.9,-23.5,2.2,24.6,45.1,0.8,-16.8,-6.7,9.1,36.0,24.595563929800004,3312458000000.0,1776270000000.0,-1303218000000.0,-290137000000.0,57167000000.0,2561263000000.0,751195000000.0,169520235000000.0,0.0457825163387564,30632000000.0,4.6028156612239846,1.724512602250784,4.2,-5.7,3.2,12.2,-8.0,-3.2,-2.5,2.3,9.9,1.7,2210388000000.0,1075311000000.0,-1029168000000.0,-155883000000.0,49974000000.0,1799491000000.0,410897000000.0,134863315000000.0,0.0390343945522137,731591000000.0,27.303145855952337,68.03529397541735,109.4,-47.4,6.0,91.0,18.4,-30.8,-16.6,13.7,77.3,68.0,False
VIB,Private_2,2021-Q2,3806874000000.0,2959605000000.0,764894000000.0,-1345835000000.0,-313854000000.0,2147185000000.0,182945434000000.0,0.0456374386641458,3724499000000.0,2064810000000.0,82375000000.0,3015344500000.0,1633111500000.0,-1199089750000.0,-281986750000.0,98843500000.0,2368750250000.0,646594250000.0,158481417750000.0,0.04365202045768535,709154500000.0,514073500000.0,-146745250000.0,-31867250000.0,-16468500000.0,590854750000.0,118299750000.0,14.330458266307112,False,31.47816300356712,43.4,-10.9,-1.0,36.2,7.2,-9.0,-2.0,7.2,29.0,31.5,43.4,-10.9,-1.0,31.5,36.2,7.2,-9.0,-2.0,7.2,29.0,31.47816300356712,3386984000000.0,1806902000000.0,-1360655000000.0,-334043000000.0,114616000000.0,2778385000000.0,608599000000.0,177506741000000.0,0.0451086597684794,340283000000.0,3.017705746955196,18.832399322154718,18.7,1.9,-1.8,10.0,8.6,0.8,1.1,1.5,8.5,18.8,2512934000000.0,1281156000000.0,-1007740000000.0,-265389000000.0,41351000000.0,1901936000000.0,610998000000.0,137902967000000.0,0.0395093142616439,866029000000.0,28.077102369601647,67.59746666292004,94.6,-30.1,3.2,82.5,12.0,-26.4,-3.8,14.0,68.5,67.7,False
VIB,Private_2,2021-Q3,3080219000000.0,2678429000000.0,414190000000.0,-1428619000000.0,-266931000000.0,1384669000000.0,187859178000000.0,0.0396668400640521,3092619000000.0,1397069000000.0,-12400000000.0,3318235750000.0,1849618750000.0,-1283613500000.0,-294103000000.0,109099500000.0,2633167500000.0,685068250000.0,169742034500000.0,0.04518405155831083,-225616750000.0,-464949750000.0,-145005500000.0,27172000000.0,-121499500000.0,45261500000.0,-270878250000.0,10.13259623665286,False,-25.13759930255897,-12.2,-6.4,-6.6,2.4,-14.7,-7.8,1.5,5.1,-2.7,-25.2,-12.2,-6.4,-6.6,-25.2,2.4,-14.7,-7.8,1.5,5.1,-2.7,-25.13759930255897,3724499000000.0,2147185000000.0,-1345835000000.0,-313854000000.0,82375000000.0,2959605000000.0,764894000000.0,182945434000000.0,0.0456374386641458,-762516000000.0,2.650314392529724,-35.51235687656164,-29.4,-1.7,-4.4,-13.1,-16.3,-3.9,2.2,1.3,-14.4,-35.5,2849002000000.0,1668118000000.0,-1124746000000.0,-238378000000.0,182240000000.0,2233417000000.0,615585000000.0,148995728000000.0,0.0442075914618617,-283449000000.0,23.074296563755553,-16.992143241665158,14.6,-19.9,-11.7,26.7,-12.1,-18.2,-1.7,11.5,15.2,-17.0,False
VIB,Private_2,2021-Q4,4502211000000.0,3399728000000.0,954269000000.0,-1146733000000.0,-683220000000.0,2672258000000.0,201516754000000.0,0.0474458572983811,4353997000000.0,2524044000000.0,148214000000.0,3379140000000.0,1778756500000.0,-1359581750000.0,-301241250000.0,60439500000.0,2744420500000.0,634719500000.0,179457897000000.0,0.044048863708858424,974857000000.0,893501500000.0,212848750000.0,-381978750000.0,87774500000.0,655307500000.0,319549500000.0,11.580222958193614,False,50.231805196495415,54.8,-9.5,4.9,36.8,18.0,12.0,-21.5,5.8,31.0,50.2,54.8,-9.5,4.9,50.2,36.8,18.0,12.0,-21.5,5.8,31.0,50.231805196495415,3092619000000.0,1384669000000.0,-1428619000000.0,-266931000000.0,-12400000000.0,2678429000000.0,414190000000.0,187859178000000.0,0.0396668400640521,1287589000000.0,7.015110528197721,92.98893815056162,91.1,-9.7,11.6,52.1,39.0,20.4,-30.0,3.5,48.6,93.0,3312458000000.0,1776270000000.0,-1303218000000.0,-290137000000.0,57167000000.0,2561263000000.0,751195000000.0,169520235000000.0,0.0457825163387564,895988000000.0,17.247077756983415,50.44210621133048,58.6,-13.3,5.1,47.2,11.5,8.8,-22.1,8.6,38.6,50.4,False
VIB,Private_2,2022-Q1,4136116000000.0,3515891000000.0,647729000000.0,-1459919000000.0,-397282000000.0,2278915000000.0,214119196000000.0,0.0453581261751411,4163620000000.0,2306419000000.0,-27504000000.0,3639524750000.0,2002753500000.0,-1320460500000.0,-399512000000.0,83201250000.0,2954036750000.0,685488000000.0,187457026750000.0,0.0444646989487646,524095250000.0,276161500000.0,-139458500000.0,2230000000.0,-110705250000.0,561854250000.0,-37759000000.0,13.278758920245359,False,13.789090869145904,26.2,-6.9,-5.5,28.1,-1.9,-7.0,0.1,6.6,21.5,13.8,26.2,-6.9,-5.5,13.8,28.1,-1.9,-7.0,0.1,6.6,21.5,13.789090869145904,4353997000000.0,2672258000000.0,-1146733000000.0,-683220000000.0,148214000000.0,3399728000000.0,954269000000.0,201516754000000.0,0.0474458572983811,-393343000000.0,6.06417322659409,-14.719499389654741,-7.1,-1.0,-6.6,4.3,-11.5,-11.7,10.7,3.0,1.3,-14.7,3386984000000.0,1806902000000.0,-1360655000000.0,-334043000000.0,114616000000.0,2778385000000.0,608599000000.0,177506741000000.0,0.0451086597684794,472013000000.0,18.697666084358453,26.122778103073657,43.0,-9.0,-7.9,40.8,2.2,-5.5,-3.5,9.3,31.5,26.1,False
VIB,Private_2,2022-Q2,4608602000000.0,3699595000000.0,905367000000.0,-1501223000000.0,-363332000000.0,2744047000000.0,221719578000000.0,0.0451405767459848,4604962000000.0,2740407000000.0,3640000000.0,3833683750000.0,2120756750000.0,-1345276500000.0,-415321750000.0,47671250000.0,3138413250000.0,695270500000.0,196610140500000.0,0.044527065550430026,771278250000.0,623290250000.0,-155946500000.0,51989750000.0,-44031250000.0,561181750000.0,210096500000.0,12.00461568450581,False,29.389992510927996,36.4,-4.9,-2.1,26.5,9.9,-7.3,2.4,6.0,20.5,29.4,36.4,-4.9,-2.1,29.4,26.5,9.9,-7.3,2.4,6.0,20.5,29.389992510927996,4163620000000.0,2278915000000.0,-1459919000000.0,-397282000000.0,-27504000000.0,3515891000000.0,647729000000.0,214119196000000.0,0.0453581261751411,465132000000.0,3.4877034598119536,20.410239083072426,19.4,-0.3,1.4,8.1,11.3,-1.8,1.5,1.7,6.4,20.5,3724499000000.0,2147185000000.0,-1345835000000.0,-313854000000.0,82375000000.0,2959605000000.0,764894000000.0,182945434000000.0,0.0456374386641458,596862000000.0,19.163576217456626,27.7974184804756,41.0,-9.5,-3.7,34.5,6.5,-7.2,-2.3,9.6,24.9,27.8,False
VIB,Private_2,2022-Q3,4626517000000.0,3836028000000.0,795473000000.0,-1669754000000.0,-165640000000.0,2791123000000.0,226152711000000.0,0.0461909399829819,4631501000000.0,2796107000000.0,-4984000000.0,4053799500000.0,2269972250000.0,-1384123500000.0,-427691250000.0,27987500000.0,3323410750000.0,730388750000.0,206303676500000.0,0.044402850070889774,577701500000.0,521150750000.0,-285630500000.0,262051250000.0,-32971500000.0,512617250000.0,65084250000.0,9.179669938393499,False,22.958463479013897,25.5,-1.0,-1.4,22.6,2.9,-12.6,11.5,4.6,18.0,23.1,25.5,-1.0,-1.4,23.1,22.6,2.9,-12.6,11.5,4.6,18.0,22.958463479013897,4604962000000.0,2744047000000.0,-1501223000000.0,-363332000000.0,3640000000.0,3699595000000.0,905367000000.0,221719578000000.0,0.0451405767459848,47076000000.0,1.979641566973571,1.7155682829047754,1.0,1.1,-0.3,5.0,-4.0,-6.1,7.2,1.0,4.0,1.8,3092619000000.0,1384669000000.0,-1428619000000.0,-266931000000.0,-12400000000.0,2678429000000.0,414190000000.0,187859178000000.0,0.0396668400640521,1406454000000.0,18.498760068216303,101.57330018943156,111.1,-10.1,0.5,83.6,27.5,-17.4,7.3,9.2,74.4,101.5,False
VIB,Private_2,2022-Q4,4686603000000.0,3911041000000.0,839812000000.0,-1566220000000.0,-353349000000.0,2767034000000.0,231944016000000.0,0.0471333375441766,4750853000000.0,2831284000000.0,-64250000000.0,4438520000000.0,2621585750000.0,-1444407250000.0,-402368500000.0,29841500000.0,3612810500000.0,825709500000.0,215877059750000.0,0.04603387505062223,312333000000.0,145448250000.0,-121812750000.0,49019500000.0,-94091500000.0,298230500000.0,14102500000.0,7.17561415486819,False,5.5481019455495595,11.9,-2.8,-3.6,11.4,0.5,-4.6,1.9,3.6,7.8,5.5,11.9,-2.8,-3.6,5.5,11.4,0.5,-4.6,1.9,3.6,7.8,5.5481019455495595,4631501000000.0,2791123000000.0,-1669754000000.0,-165640000000.0,-4984000000.0,3836028000000.0,795473000000.0,226152711000000.0,0.0461909399829819,-24089000000.0,2.528420160487198,-0.8630576294917851,4.3,-3.0,-2.1,2.7,1.6,3.7,-6.7,1.3,1.4,-0.8,4353997000000.0,2672258000000.0,-1146733000000.0,-683220000000.0,148214000000.0,3399728000000.0,954269000000.0,201516754000000.0,0.0474458572983811,94776000000.0,14.03922297281943,3.546663533236686,14.8,-3.4,-8.0,17.7,-4.3,-15.7,12.3,7.0,10.7,3.4,False
VIB,Private_2,2023-Q1,4929597000000.0,4304106000000.0,618431000000.0,-1567510000000.0,-668187000000.0,2693900000000.0,229177396000000.0,0.0502042614439462,4922537000000.0,2686840000000.0,7060000000.0,4537734000000.0,2645279750000.0,-1549279000000.0,-319900750000.0,-23274500000.0,3740638750000.0,797095250000.0,223483875250000.0,0.0459557451120711,384803000000.0,48620250000.0,-18231000000.0,-348286250000.0,30334500000.0,563467250000.0,-178664250000.0,2.5155767067404047,True,1.8380003097971018,15.1,-15.1,1.8,15.1,-10.8,-1.1,-15.1,1.3,13.8,1.8,15.1,-15.1,1.8,1.8,15.1,-10.8,-1.1,-15.1,1.3,13.8,1.8380003097971018,4750853000000.0,2767034000000.0,-1566220000000.0,-353349000000.0,-64250000000.0,3911041000000.0,839812000000.0,231944016000000.0,0.0471333375441766,-73134000000.0,-1.1999529529546114,-2.6430466701890905,6.2,-11.4,2.6,13.2,-8.0,-0.0,-11.4,-0.6,13.8,-2.6,4163620000000.0,2278915000000.0,-1459919000000.0,-397282000000.0,-27504000000.0,3515891000000.0,647729000000.0,214119196000000.0,0.0453581261751411,414985000000.0,6.793735964475902,18.209762101701905,33.3,-16.6,1.5,34.6,-1.3,-4.7,-11.9,3.4,31.2,18.2,True
VIB,Private_2,2023-Q2,5363904000000.0,4401862000000.0,786072000000.0,-1555747000000.0,-860152000000.0,2948005000000.0,234678172000000.0,0.0487220123760558,5187934000000.0,2772035000000.0,175970000000.0,4727463250000.0,2749026000000.0,-1576176750000.0,-387627000000.0,-14633500000.0,3937692500000.0,789770750000.0,227248425250000.0,0.047167278929272374,460470750000.0,198979000000.0,20429750000.0,-472525000000.0,190603500000.0,464169500000.0,-3698750000.0,3.2168516791333124,False,7.238163625953338,16.7,-16.4,6.9,16.9,-0.1,0.7,-17.2,1.6,15.3,7.2,16.7,-16.4,6.9,7.2,16.9,-0.1,0.7,-17.2,1.6,15.3,7.238163625953338,4922537000000.0,2693900000000.0,-1567510000000.0,-668187000000.0,7060000000.0,4304106000000.0,618431000000.0,229177396000000.0,0.0502042614439462,254105000000.0,2.3717624103199295,9.432607001002264,9.8,-6.7,6.3,3.6,6.2,0.4,-7.1,1.2,2.4,9.4,4604962000000.0,2744047000000.0,-1501223000000.0,-363332000000.0,3640000000.0,3699595000000.0,905367000000.0,221719578000000.0,0.0451405767459848,203958000000.0,5.678640615559564,7.432744409990062,21.2,-20.1,6.3,25.6,-4.3,-2.0,-18.1,2.8,22.8,7.4,False
VIB,Private_2,2023-Q3,6024496000000.0,4673187000000.0,710271000000.0,-1716919000000.0,-1624784000000.0,2682793000000.0,245630024000000.0,0.0499575002077481,5383458000000.0,2041755000000.0,641038000000.0,4873206250000.0,2800015500000.0,-1589807750000.0,-511832000000.0,28449000000.0,4113259250000.0,759947000000.0,230488073750000.0,0.04806263783679012,510251750000.0,-117222500000.0,-127111250000.0,-1112952000000.0,612589000000.0,559927750000.0,-49676000000.0,6.360585880501746,False,-4.186494681904439,18.2,-20.9,20.9,20.0,-1.8,-4.5,-20.9,3.2,16.8,18.2,18.2,-20.9,20.9,18.2,20.0,-1.8,-4.5,-20.9,3.2,16.8,-4.186494681904439,5187934000000.0,2948005000000.0,-1555747000000.0,-860152000000.0,175970000000.0,4401862000000.0,786072000000.0,234678172000000.0,0.0487220123760558,-265212000000.0,4.560343584059932,-8.99632124097483,6.6,-31.4,15.8,9.2,-2.6,-5.5,-25.9,2.3,6.9,-9.0,4631501000000.0,2791123000000.0,-1669754000000.0,-165640000000.0,-4984000000.0,3836028000000.0,795473000000.0,226152711000000.0,0.0461909399829819,-108330000000.0,8.256899439103044,-3.881233467675914,19.4,-19.4,19.4,19.4,-3.1,-1.7,-19.4,4.1,15.3,19.4,True
VIB,Private_2,2023-Q4,5842493000000.0,4333289000000.0,860116000000.0,-1770567000000.0,-1693469000000.0,2378457000000.0,266345545000000.0,0.0443926414013308,5193405000000.0,1729369000000.0,649088000000.0,5061195500000.0,2772933000000.0,-1601599000000.0,-876618000000.0,189954500000.0,4322549000000.0,738646500000.0,235357402000000.0,0.049004277892981674,132209500000.0,-394476000000.0,-168968000000.0,-816851000000.0,459133500000.0,10740000000.0,121469500000.0,12.353183566210943,False,-14.225947760007184,4.8,-35.6,16.6,0.4,4.4,-6.1,-29.5,6.2,-5.8,-14.2,4.8,-35.6,16.6,-14.2,0.4,4.4,-6.1,-29.5,6.2,-5.8,-14.225947760007184,5383458000000.0,2682793000000.0,-1716919000000.0,-1624784000000.0,641038000000.0,4673187000000.0,710271000000.0,245630024000000.0,0.0499575002077481,-304336000000.0,8.092386533389448,-11.343998586547677,-7.1,-4.6,0.3,-12.7,5.6,-2.0,-2.6,4.0,-16.7,-11.4,4750853000000.0,2767034000000.0,-1566220000000.0,-353349000000.0,-64250000000.0,3911041000000.0,839812000000.0,231944016000000.0,0.0471333375441766,-388577000000.0,13.807846558519415,-14.043087291301806,16.0,-55.8,25.8,15.3,0.7,-7.4,-48.4,6.9,8.4,-14.0,False
VIB,Private_2,2024-Q1,5318510000000.0,4357794000000.0,431794000000.0,-1871092000000.0,-945488000000.0,2501930000000.0,267708603000000.0,0.0429158499843711,4789588000000.0,1973008000000.0,528922000000.0,5171833500000.0,2675788750000.0,-1652685750000.0,-1211648000000.0,368289000000.0,4428111000000.0,743722500000.0,243957784250000.0,0.04831910385727022,-382245500000.0,-173858750000.0,-218406250000.0,266160000000.0,160633000000.0,-70317000000.0,-311928500000.0,9.283712724476997,False,-6.497476678605514,-14.3,1.8,6.0,-2.6,-11.7,-8.2,9.9,4.6,-7.2,-6.5,-14.3,1.8,6.0,-6.5,-2.6,-11.7,-8.2,9.9,4.6,-7.2,-6.497476678605514,5193405000000.0,2378457000000.0,-1770567000000.0,-1693469000000.0,649088000000.0,4333289000000.0,860116000000.0,266345545000000.0,0.0443926414013308,123473000000.0,0.5104568535248977,5.191306801005862,-17.0,26.0,-5.1,1.0,-18.0,-4.2,26.0,0.3,0.7,3.9,4922537000000.0,2693900000000.0,-1567510000000.0,-668187000000.0,7060000000.0,4304106000000.0,618431000000.0,229177396000000.0,0.0502042614439462,-191970000000.0,15.509073339778286,-7.126099706744868,-4.9,-21.6,19.4,2.0,-6.9,-11.3,-10.3,7.8,-5.8,-7.1,False
VIB,Private_2,2024-Q2,5039190000000.0,4316913000000.0,370336000000.0,-1806190000000.0,-1129885000000.0,2103115000000.0,278906037000000.0,0.0412838281787862,4687249000000.0,1751174000000.0,351941000000.0,5138596250000.0,2627796250000.0,-1728581250000.0,-1280973250000.0,498754500000.0,4441533000000.0,697063250000.0,253590586000000.0,0.04649700099237644,-451347250000.0,-524681250000.0,-77608750000.0,151088250000.0,-146813500000.0,-124620000000.0,-326727250000.0,9.50821090934881,False,-19.96658797271668,-17.2,2.8,-5.6,-4.8,-12.4,-3.0,5.8,4.8,-9.6,-20.0,-17.2,2.8,-5.6,-20.0,-4.8,-12.4,-3.0,5.8,4.8,-9.6,-19.96658797271668,4789588000000.0,2501930000000.0,-1871092000000.0,-945488000000.0,528922000000.0,4357794000000.0,431794000000.0,267708603000000.0,0.0429158499843711,-398815000000.0,4.097012110762346,-15.940294092960237,-4.1,-4.8,-7.1,-1.6,-2.5,2.6,-7.4,2.0,-3.6,-16.0,5187934000000.0,2948005000000.0,-1555747000000.0,-860152000000.0,175970000000.0,4401862000000.0,786072000000.0,234678172000000.0,0.0487220123760558,-844890000000.0,17.223218403118775,-28.659720726389544,-17.0,-17.7,6.0,-2.9,-14.1,-8.5,-9.1,8.6,-11.5,-28.7,False
VIB,Private_2,2024-Q3,4935980000000.0,4059739000000.0,409180000000.0,-1782264000000.0,-1155569000000.0,1998147000000.0,297549717000000.0,0.0372835341335697,4468919000000.0,1531086000000.0,467061000000.0,5013425000000.0,2416573750000.0,-1791192000000.0,-1348406500000.0,542747250000.0,4420295750000.0,593129250000.0,264647552250000.0,0.044637454943059054,-544506000000.0,-418426750000.0,8928000000.0,192837500000.0,-75686250000.0,-360556750000.0,-183949250000.0,11.70484687479652,False,-17.31487607195932,-22.5,8.3,-3.1,-14.9,-7.6,0.4,8.0,5.9,-20.8,-17.3,-22.5,8.3,-3.1,-17.3,-14.9,-7.6,0.4,8.0,5.9,-20.8,-17.31487607195932,4687249000000.0,2103115000000.0,-1806190000000.0,-1129885000000.0,351941000000.0,4316913000000.0,370336000000.0,278906037000000.0,0.0412838281787862,-104968000000.0,6.468381960153008,-4.991072765873478,-10.4,-0.1,5.5,-12.2,1.8,1.1,-1.2,3.2,-15.4,-5.0,5383458000000.0,2682793000000.0,-1716919000000.0,-1624784000000.0,641038000000.0,4673187000000.0,710271000000.0,245630024000000.0,0.0499575002077481,-684646000000.0,19.11694751516883,-25.519896615206616,-34.1,15.1,-6.5,-22.9,-11.2,-2.4,17.5,9.6,-32.5,-25.5,False
VIB,Private_2,2024-Q4,5275372000000.0,4073698000000.0,496417000000.0,-1751746000000.0,-1122516000000.0,2401110000000.0,324009713000000.0,0.0349282771415635,4570115000000.0,1695853000000.0,705257000000.0,4784790250000.0,2245412250000.0,-1807528250000.0,-1231102750000.0,499253000000.0,4266933750000.0,517856500000.0,277627475500000.0,0.04146896342451445,-214675250000.0,155697750000.0,55782250000.0,108586750000.0,206004000000.0,-193235750000.0,-21439500000.0,15.418673707867045,False,6.934038504510697,-9.6,7.3,9.2,-8.6,-1.0,2.5,4.8,7.7,-16.3,6.9,-9.6,7.3,9.2,6.9,-8.6,-1.0,2.5,4.8,7.7,-16.3,6.934038504510697,4468919000000.0,1998147000000.0,-1782264000000.0,-1155569000000.0,467061000000.0,4059739000000.0,409180000000.0,297549717000000.0,0.0372835341335697,402963000000.0,8.514067914632072,20.16683457223117,5.1,3.2,11.9,0.7,4.4,1.5,1.7,4.3,-3.6,20.2,5193405000000.0,2378457000000.0,-1770567000000.0,-1693469000000.0,649088000000.0,4333289000000.0,860116000000.0,266345545000000.0,0.0443926414013308,22653000000.0,19.535412692131896,0.9524241977046464,-4.2,4.2,1.0,-4.2,-4.2,0.3,4.2,9.8,-14.0,1.0,False
VIB,Private_2,2025-Q1,4601155000000.0,3737109000000.0,377730000000.0,-1759035000000.0,-421332000000.0,2420788000000.0,334158207000000.0,0.0304591712057549,4114839000000.0,1934472000000.0,486316000000.0,4628967750000.0,2251075500000.0,-1802823000000.0,-1088364500000.0,513295250000.0,4202036000000.0,426931750000.0,292043517500000.0,0.039102872359572625,-514128750000.0,169712500000.0,43788000000.0,667032500000.0,-26979250000.0,-464927000000.0,-49201750000.0,13.450837917646135,False,7.539174052580644,-22.8,31.6,-1.2,-20.6,-2.2,1.9,29.6,6.7,-27.3,7.6,-22.8,31.6,-1.2,7.6,-20.6,-2.2,1.9,29.6,6.7,-27.3,7.539174052580644,4570115000000.0,2401110000000.0,-1751746000000.0,-1122516000000.0,705257000000.0,4073698000000.0,496417000000.0,324009713000000.0,0.0349282771415635,19678000000.0,3.0838616382275212,0.8195376305125546,0.9,-0.9,0.8,0.9,0.4,0.0,-0.9,1.5,-0.6,0.8,4789588000000.0,2501930000000.0,-1871092000000.0,-945488000000.0,528922000000.0,4357794000000.0,431794000000.0,267708603000000.0,0.0429158499843711,-81142000000.0,22.08116576489739,-3.243176267921165,-16.2,16.2,-1.7,-16.2,-2.2,4.5,16.2,11.0,-27.2,-1.7,False
VIB,Private_2,2025-Q2,5116818000000.0,3968694000000.0,401038000000.0,-1885615000000.0,-635637000000.0,2595566000000.0,356066140000000.0,0.0311848145611758,4369732000000.0,1848480000000.0,747086000000.0,4460280500000.0,2230790000000.0,-1774808750000.0,-957325500000.0,502643750000.0,4046864750000.0,413415750000.0,308655918500000.0,0.035988702664918576,-90548500000.0,364776000000.0,-110806250000.0,321688500000.0,244442250000.0,-78170750000.0,-12377750000.0,14.264675255996487,False,16.35187534460886,-4.1,9.5,11.0,-3.5,-0.6,-5.0,14.4,7.1,-10.6,16.4,-4.1,9.5,11.0,16.4,-3.5,-0.6,-5.0,14.4,7.1,-10.6,16.35187534460886,4114839000000.0,2420788000000.0,-1759035000000.0,-421332000000.0,486316000000.0,3737109000000.0,377730000000.0,334158207000000.0,0.0304591712057549,174778000000.0,6.348061494851905,7.2198804686738365,10.5,-14.1,10.8,9.6,1.0,-5.2,-8.9,3.2,6.4,7.2,4687249000000.0,2103115000000.0,-1806190000000.0,-1129885000000.0,351941000000.0,4316913000000.0,370336000000.0,278906037000000.0,0.0412838281787862,492451000000.0,24.303459519927912,23.41531490194307,-15.1,19.7,18.8,-16.6,1.5,-3.8,23.5,12.2,-28.8,23.4,False
VPB,Private_1,2018-Q1,7660070000000.0,6026916000000.0,314477000000.0,-2388778000000.0,-2652317000000.0,2618975000000.0,189116170000000.0,0.0605023070772519,6341393000000.0,1300298000000.0,1318677000000.0,,,,,,,,,,,,,,,,,,False,0.0,,,,,,,,,,,,,,,,,,,,,0.0,,,,,,,,,,,,0.0,,,,,,,,,,,,,,,,,,,,,,0.0,,,,,,,,,,,False
VPB,Private_1,2018-Q2,6850594000000.0,6159594000000.0,289758000000.0,-2299870000000.0,-2794179000000.0,1756545000000.0,198870423000000.0,0.0896740585338866,6449352000000.0,1355303000000.0,401242000000.0,,,,,,,,,,,,,,,,,,False,0.0,,,,,,,,,,,,,,,,,,,,,0.0,6341393000000.0,2618975000000.0,-2388778000000.0,-2652317000000.0,1318677000000.0,6026916000000.0,314477000000.0,189116170000000.0,0.0605023070772519,-862430000000.0,5.0281392068617174,-32.93005851525883,4.1,-2.0,-35.0,5.1,-1.0,3.4,-5.4,2.5,2.6,-32.9,,,,,,,,,,,,0.0,,,,,,,,,,,False
VPB,Private_1,2018-Q3,7601533000000.0,6002414000000.0,399802000000.0,-3104244000000.0,-2747838000000.0,1749451000000.0,200075422000000.0,0.085795791199111,6402216000000.0,550134000000.0,1199317000000.0,,,,,,,,,,,,,,,,,,False,0.0,,,,,,,,,,,,,,,,,,,,,0.0,6449352000000.0,1756545000000.0,-2299870000000.0,-2794179000000.0,401242000000.0,6159594000000.0,289758000000.0,198870423000000.0,0.0896740585338866,-7094000000.0,0.6040915152280881,-0.4038609884745338,-0.4,-2.1,2.1,-1.3,0.9,-2.1,0.4,0.3,-1.6,-0.4,,,,,,,,,,,,0.0,,,,,,,,,,,False
VPB,Private_1,2018-Q4,8973466000000.0,6512651000000.0,608459000000.0,-2841032000000.0,-3058897000000.0,3073537000000.0,221460023000000.0,0.0887265310866561,7121110000000.0,1221181000000.0,1852356000000.0,,,,,,,,,,,,,,,,,,False,0.0,,,,,,,,,,,,,,,,,,,,,0.0,6402216000000.0,1749451000000.0,-3104244000000.0,-2747838000000.0,1199317000000.0,6002414000000.0,399802000000.0,200075422000000.0,0.085795791199111,1324086000000.0,10.14605118200677,75.68580085981259,41.1,-2.7,37.3,29.1,12.0,15.1,-17.8,5.1,24.0,75.7,,,,,,,,,,,,0.0,,,,,,,,,,,False
VPB,Private_1,2019-Q1,7962794000000.0,6785452000000.0,744910000000.0,-2975846000000.0,-3204410000000.0,1782538000000.0,231458178000000.0,0.0889632721766001,7530362000000.0,1350106000000.0,432432000000.0,6578517750000.0,2299627000000.0,-2658481000000.0,-2813307750000.0,1192898000000.0,6175393750000.0,403124000000.0,202380509500000.0,0.0811746719742264,951844250000.0,-517089000000.0,-317365000000.0,-391102250000.0,-760466000000.0,610058250000.0,341786000000.0,13.404829646503114,False,-22.48577704123321,41.4,-30.8,-33.1,26.5,14.9,-13.8,-17.0,6.7,19.8,-22.5,41.4,-30.8,-33.1,-22.5,26.5,14.9,-13.8,-17.0,6.7,19.8,-22.48577704123321,7121110000000.0,3073537000000.0,-2841032000000.0,-3058897000000.0,1852356000000.0,6512651000000.0,608459000000.0,221460023000000.0,0.0887265310866561,-1290999000000.0,4.414993691101409,-42.00369151241713,13.3,-9.1,-46.2,8.9,4.5,-4.4,-4.7,2.2,6.7,-42.0,6341393000000.0,2618975000000.0,-2388778000000.0,-2652317000000.0,1318677000000.0,6026916000000.0,314477000000.0,189116170000000.0,0.0605023070772519,-836437000000.0,20.13532598997217,-31.937570996286713,45.4,-43.5,-33.9,29.0,16.4,-22.4,-21.1,10.1,18.9,-32.0,False
VPB,Private_1,2019-Q2,8869423000000.0,7665856000000.0,488729000000.0,-3043733000000.0,-3265617000000.0,2560073000000.0,247632796000000.0,0.0967746439951183,8154585000000.0,1845235000000.0,714838000000.0,6875760000000.0,2090517750000.0,-2805248000000.0,-2951331000000.0,971336750000.0,6365027750000.0,510732250000.0,212966011500000.0,0.08828991324906345,1278825000000.0,469555250000.0,-238485000000.0,-314286000000.0,-256498750000.0,1300828250000.0,-22003250000.0,15.05291977986721,False,22.46119412284349,61.2,-26.4,-12.3,62.2,-1.1,-11.4,-15.0,7.5,54.7,22.5,61.2,-26.4,-12.3,22.5,62.2,-1.1,-11.4,-15.0,7.5,54.7,22.46119412284349,7530362000000.0,1782538000000.0,-2975846000000.0,-3204410000000.0,432432000000.0,6785452000000.0,744910000000.0,231458178000000.0,0.0889632721766001,777535000000.0,6.752211533002081,43.61954696056971,35.0,-7.2,15.8,49.4,-14.4,-3.8,-3.4,3.4,46.0,43.6,6449352000000.0,1756545000000.0,-2299870000000.0,-2794179000000.0,401242000000.0,6159594000000.0,289758000000.0,198870423000000.0,0.0896740585338866,803528000000.0,21.841890909189615,45.74480016168103,97.1,-69.2,17.8,85.8,11.3,-42.4,-26.9,10.9,74.9,45.7,False
VPB,Private_1,2019-Q3,9501293000000.0,7976968000000.0,708524000000.0,-3122221000000.0,-3522665000000.0,2856407000000.0,254186603000000.0,0.0954401581100521,8685492000000.0,2040606000000.0,815801000000.0,7302068250000.0,2291399750000.0,-2991213750000.0,-3069190500000.0,1049735750000.0,6741593250000.0,560475000000.0,225156604750000.0,0.09006505961437138,1383423750000.0,565007250000.0,-131007250000.0,-453474500000.0,-233934750000.0,1235374750000.0,148049000000.0,12.112406217776432,False,24.657733771682572,60.4,-25.5,-10.2,53.9,6.5,-5.7,-19.8,6.1,47.8,24.7,60.4,-25.5,-10.2,24.7,53.9,6.5,-5.7,-19.8,6.1,47.8,24.657733771682572,8154585000000.0,2560073000000.0,-3043733000000.0,-3265617000000.0,714838000000.0,7665856000000.0,488729000000.0,247632796000000.0,0.0967746439951183,296334000000.0,2.6120181934218127,11.575216800458424,20.7,-13.1,3.9,12.2,8.6,-3.1,-10.0,1.3,10.9,11.5,6402216000000.0,1749451000000.0,-3104244000000.0,-2747838000000.0,1199317000000.0,6002414000000.0,399802000000.0,200075422000000.0,0.085795791199111,1106956000000.0,23.823774835679913,63.2744786793114,130.5,-45.3,-21.9,112.9,17.7,-1.0,-44.3,11.9,101.0,63.3,False
VPB,Private_1,2019-Q4,10021995000000.0,8064068000000.0,1027571000000.0,-3192210000000.0,-3694933000000.0,3134852000000.0,257183959000000.0,0.0935341161216839,9091639000000.0,2204496000000.0,930356000000.0,7872887250000.0,2568138750000.0,-2995708000000.0,-3262897250000.0,953856750000.0,7235231750000.0,637655500000.0,238684400000000.0,0.09247615134210665,1218751750000.0,566713250000.0,-196502000000.0,-432035750000.0,-23500750000.0,828836250000.0,389915500000.0,7.461479912655608,False,22.067080682459235,47.5,-24.5,-0.9,32.3,15.2,-7.7,-16.8,3.7,28.6,22.1,47.5,-24.5,-0.9,22.1,32.3,15.2,-7.7,-16.8,3.7,28.6,22.067080682459235,8685492000000.0,2856407000000.0,-3122221000000.0,-3522665000000.0,815801000000.0,7976968000000.0,708524000000.0,254186603000000.0,0.0954401581100521,278445000000.0,1.1722833587749621,9.74808561945129,14.2,-8.5,4.0,3.1,11.2,-2.4,-6.0,0.6,2.5,9.7,7121110000000.0,3073537000000.0,-2841032000000.0,-3058897000000.0,1852356000000.0,6512651000000.0,608459000000.0,221460023000000.0,0.0887265310866561,61315000000.0,14.92714307228039,1.9949328737542447,10.0,-10.0,-10.0,10.0,10.0,-10.0,-10.0,7.5,2.5,-10.0,False
VPB,Private_1,2020-Q1,9905613000000.0,8021178000000.0,695151000000.0,-3282646000000.0,-3711575000001.0,2911391999999.0,263747911000000.0,0.0892212025305746,8716329000000.0,1722107999999.0,1189284000000.0,8365519500000.0,2583467500000.0,-3083502500000.0,-3421906250000.0,723356750000.0,7623086000000.0,742433500000.0,247615384000000.0,0.09367804760086361,350809500000.0,327924499999.0,-199143500000.0,-289668750001.0,465927250000.0,398092000000.0,-47282500000.0,6.309614772018395,False,12.693192385776095,13.6,-18.9,18.0,15.4,-1.8,-7.7,-11.2,3.2,12.2,12.7,13.6,-18.9,18.0,12.7,15.4,-1.8,-7.7,-11.2,3.2,12.2,12.693192385776095,9091639000000.0,3134852000000.0,-3192210000000.0,-3694933000000.0,930356000000.0,8064068000000.0,1027571000000.0,257183959000000.0,0.0935341161216839,-223460000001.0,2.5200807929067577,-7.128247202770657,-12.0,-3.4,8.3,-1.4,-10.6,-2.9,-0.5,1.3,-2.7,-7.1,7530362000000.0,1782538000000.0,-2975846000000.0,-3204410000000.0,432432000000.0,6785452000000.0,744910000000.0,231458178000000.0,0.0889632721766001,1128853999999.0,13.040927289567314,63.328467611854556,66.6,-45.7,42.4,69.3,-2.8,-17.2,-28.4,6.5,62.8,63.3,False
VPB,Private_1,2020-Q2,8948471000000.0,7700802000000.0,687414000000.0,-2555273000000.0,-2719716999999.0,3673481000001.0,270139499000000.0,0.082914528135962,8388216000000.0,3113226000001.0,560255000000.0,8662011250000.0,2865680999999.75,-3160202500000.0,-3548697500000.25,912569750000.0,7932017500000.0,729993750000.0,255687817250000.0,0.09374253018935723,-273795250000.0,807800000001.25,604929500000.0,828980500001.25,-352314750000.0,-231215500000.0,-42579750000.0,5.496740585127409,False,28.18876211278647,-9.6,50.0,-12.3,-8.1,-1.5,21.1,28.9,2.7,-10.8,28.1,-9.6,50.0,-12.3,28.1,-8.1,-1.5,21.1,28.9,2.7,-10.8,28.18876211278647,8716329000000.0,2911391999999.0,-3282646000000.0,-3711575000001.0,1189284000000.0,8021178000000.0,695151000000.0,263747911000000.0,0.0892212025305746,762089000002.0,2.394358016421477,26.176104076753038,-11.3,59.1,-21.6,-11.0,-0.3,25.0,34.1,1.2,-12.2,26.2,8154585000000.0,2560073000000.0,-3043733000000.0,-3265617000000.0,714838000000.0,7665856000000.0,488729000000.0,247632796000000.0,0.0967746439951183,1113408000001.0,8.693668323833355,43.49125981958327,9.1,40.4,-6.0,1.3,7.7,19.1,21.3,4.3,-3.0,43.5,False
VPB,Private_1,2020-Q3,9471526000000.0,7883845000000.0,940521000000.0,-2786691000000.0,-3872191000000.0,2812644000000.0,278025352000000.0,0.0825706469581892,8824366000000.0,2165484000000.0,647160000000.0,8720419000000.0,3144033000000.0,-3038087500000.0,-3412222500000.0,873924000000.0,7940754000000.0,779665000000.0,261314493000000.0,0.09027750122456815,103947000000.0,-331389000000.0,251396500000.0,-459968500000.0,-226764000000.0,-56909000000.0,160856000000.0,6.196782661217994,False,-10.540251963004204,3.3,-6.6,-7.2,-1.8,5.1,8.0,-14.6,3.1,-4.9,-10.5,3.3,-6.6,-7.2,-10.5,-1.8,5.1,8.0,-14.6,3.1,-4.9,-10.540251963004204,8388216000000.0,3673481000001.0,-2555273000000.0,-2719716999999.0,560255000000.0,7700802000000.0,687414000000.0,270139499000000.0,0.082914528135962,-860837000001.0,2.8771830173401614,-23.433822034216746,11.9,-37.7,2.4,5.0,6.9,-6.3,-31.4,1.4,3.6,-23.4,8685492000000.0,2856407000000.0,-3122221000000.0,-3522665000000.0,815801000000.0,7976968000000.0,708524000000.0,254186603000000.0,0.0954401581100521,-43763000000.0,8.958366596631599,-1.5320995922499838,4.9,-0.5,-5.9,-3.3,8.1,8.8,-8.8,4.5,-7.8,-1.5,False
VPB,Private_1,2020-Q4,10707504000000.0,8739998000000.0,1033041000000.0,-2767411000000.0,-4318155000000.0,3621938000000.0,290816086000000.0,0.0893459085360128,9773039000000.0,2687473000000.0,934465000000.0,8755137500000.0,3133092250000.0,-2954205000000.0,-3499604000000.0,831763750000.0,7917473250000.0,837664250000.0,267274180250000.0,0.08706012343660242,1017901500000.0,488845750000.0,186794000000.0,-818551000000.0,102701250000.0,822524750000.0,195376750000.0,8.436594283640222,False,15.60266059832742,32.5,-20.2,3.3,26.3,6.2,6.0,-26.1,4.2,22.1,15.6,32.5,-20.2,3.3,15.6,26.3,6.2,6.0,-26.1,4.2,22.1,15.60266059832742,8824366000000.0,2812644000000.0,-2786691000000.0,-3872191000000.0,647160000000.0,7883845000000.0,940521000000.0,278025352000000.0,0.0825706469581892,809294000000.0,4.497117525393781,28.77342457843936,33.7,-15.2,10.2,30.4,3.3,0.7,-15.9,2.2,28.2,28.7,9091639000000.0,3134852000000.0,-3192210000000.0,-3694933000000.0,930356000000.0,8064068000000.0,1027571000000.0,257183959000000.0,0.0935341161216839,487086000000.0,12.274497897167143,15.537767014200352,21.7,-6.3,0.1,21.6,0.2,13.5,-19.9,6.1,15.5,15.5,False
VPB,Private_1,2021-Q1,11051476000000.0,9119891000000.0,987486000000.0,-2592035000000.0,-4453265000000.0,4006176000000.0,301172723000000.0,0.0907836225880614,10107377000000.0,3062077000000.0,944099000000.0,8925487500000.0,3254863750000.0,-2848005250000.0,-3655409500000.0,832791000000.0,8086455750000.0,839031750000.0,275682212000000.0,0.08601307154018464,1181889500000.0,751312250000.0,255970250000.0,-797855500000.0,111308000000.0,1033435250000.0,148454250000.0,8.837754330731347,False,23.0827557681946,36.3,-16.6,3.4,31.8,4.6,7.9,-24.5,4.4,27.4,23.1,36.3,-16.6,3.4,23.1,31.8,4.6,7.9,-24.5,4.4,27.4,23.0827557681946,9773039000000.0,3621938000000.0,-2767411000000.0,-4318155000000.0,934465000000.0,8739998000000.0,1033041000000.0,290816086000000.0,0.0893459085360128,384238000000.0,3.4989299941310206,10.608629965504655,9.2,1.1,0.3,10.5,-1.3,4.8,-3.7,1.7,8.8,10.6,8716329000000.0,2911391999999.0,-3282646000000.0,-3711575000001.0,1189284000000.0,8021178000000.0,695151000000.0,263747911000000.0,0.0892212025305746,1094784000001.0,13.249582241317103,37.60345566661501,47.8,-1.8,-8.4,37.8,10.0,23.7,-25.5,6.6,31.2,37.6,False
VPB,Private_1,2021-Q2,12046946000000.0,9231836000000.0,1084925000000.0,-2816551000000.0,-4199237000000.0,5031158000000.0,310852523000000.0,0.0890811776204383,10316761000000.0,3300973000000.0,1730185000000.0,9273249500000.0,3528559750000.25,-2675352500000.0,-3840831999999.75,771494750000.0,8361134000000.0,912115500000.0,285038415000000.0,0.08640367655455636,1043511500000.0,1502598249999.75,-141198500000.0,-358405000000.25,958690250000.0,870702000000.0,172809500000.0,8.664037780685298,False,42.583897013495196,29.6,-14.1,27.2,24.7,4.9,-4.0,-10.2,4.3,20.4,42.7,29.6,-14.1,27.2,42.7,24.7,4.9,-4.0,-10.2,4.3,20.4,42.583897013495196,10107377000000.0,4006176000000.0,-2592035000000.0,-4453265000000.0,944099000000.0,9119891000000.0,987486000000.0,301172723000000.0,0.0907836225880614,1024982000000.0,3.163202846047302,25.58504668791386,5.2,0.7,19.6,2.8,2.4,-5.6,6.3,1.6,1.2,25.5,8388216000000.0,3673481000001.0,-2555273000000.0,-2719716999999.0,560255000000.0,7700802000000.0,687414000000.0,270139499000000.0,0.082914528135962,1357676999999.0,14.015002773996782,36.95886816887389,52.5,-47.4,31.9,41.7,10.8,-7.1,-40.3,7.0,34.7,37.0,False
VPB,Private_1,2021-Q3,10132609000000.0,7474232000000.0,790544000000.0,-2455568000000.0,-4978670000000.0,2698371000000.0,317290648000000.0,0.069092483880708,8264776000000.0,830538000000.0,1867833000000.0,9755385750000.0,3867979000000.0,-2740672000000.0,-4210712000000.0,1063977250000.0,8743892500000.0,1011493250000.0,295216671000000.0,0.08794533892567542,-1490609750000.0,-1169608000000.0,285104000000.0,-767958000000.0,803855750000.0,-1269660500000.0,-220949250000.0,7.207743096372699,False,-30.238220011018672,-38.5,-12.5,20.8,-32.8,-5.7,7.4,-19.9,3.6,-36.4,-30.2,-38.5,-12.5,20.8,-30.2,-32.8,-5.7,7.4,-19.9,3.6,-36.4,-30.238220011018672,10316761000000.0,5031158000000.0,-2816551000000.0,-4199237000000.0,1730185000000.0,9231836000000.0,1084925000000.0,310852523000000.0,0.0890811776204383,-2332787000000.0,2.0498909475527833,-46.36680064509999,-40.8,-8.3,2.7,-34.9,-5.8,7.2,-15.5,1.0,-35.9,-46.4,8824366000000.0,2812644000000.0,-2786691000000.0,-3872191000000.0,647160000000.0,7883845000000.0,940521000000.0,278025352000000.0,0.0825706469581892,-114273000000.0,13.191412963871288,-4.062831983002471,-19.9,-20.3,20.3,-14.6,-5.3,11.8,-20.3,6.6,-21.2,-19.9,False
VPB,Private_1,2021-Q4,11070444000000.0,8522870000000.0,1196076000000.0,-2854783000000.0,-5370906000000.0,2844755000000.0,355281219000000.0,0.0714987526934973,9718946000000.0,1493257000000.0,1351498000000.0,9615488250000.0,3839410750000.0,-2657891250000.0,-4487331750000.0,1369145500000.0,8641489250000.0,973999000000.0,305032995000000.0,0.08457579815630512,103457750000.0,-994655750000.0,-196891750000.0,-883574250000.0,-17647500000.0,-118619250000.0,222077000000.0,15.219488823543633,False,-25.90646885072143,2.7,-28.1,-0.5,-3.1,5.8,-5.1,-23.0,7.6,-10.7,-25.9,2.7,-28.1,-0.5,-25.9,-3.1,5.8,-5.1,-23.0,7.6,-10.7,-25.90646885072143,8264776000000.0,2698371000000.0,-2455568000000.0,-4978670000000.0,1867833000000.0,7474232000000.0,790544000000.0,317290648000000.0,0.069092483880708,146384000000.0,11.29710380823883,5.4249026542310155,27.1,-27.1,-19.1,27.1,15.0,-14.8,-14.5,5.6,21.5,-19.1,9773039000000.0,3621938000000.0,-2767411000000.0,-4318155000000.0,934465000000.0,8739998000000.0,1033041000000.0,290816086000000.0,0.0893459085360128,-777183000000.0,19.95523971424088,-21.457656094610122,-1.5,-31.5,11.5,-6.0,4.5,-2.4,-29.1,10.0,-16.0,-21.5,False
VPB,Private_1,2022-Q1,18269595000000.0,9887714000000.0,1249219000000.0,-2990976000000.0,-4132443000000.0,11146176000000.0,374457058000000.0,0.0763398172628779,11136933000000.0,4013514000000.0,7132662000000.0,9601965000000.0,3645115000000.0,-2679734250000.0,-4750519500000.0,1473403750000.0,8587207250000.0,1014757750000.0,321149278250000.0,0.08011400919567625,1534968000000.0,7501061000000.0,-311241750000.0,618076500000.0,5659258250000.0,1300506750000.0,234461250000.0,15.326996599076766,False,205.78393274286273,42.2,8.4,155.2,35.6,6.4,-8.4,16.9,7.7,27.9,205.8,42.2,8.4,155.2,205.8,35.6,6.4,-8.4,16.9,7.7,27.9,205.78393274286273,9718946000000.0,2844755000000.0,-2854783000000.0,-5370906000000.0,1351498000000.0,8522870000000.0,1196076000000.0,355281219000000.0,0.0714987526934973,8301421000000.0,5.255538760782312,291.81497176382504,49.9,38.8,203.1,47.9,1.8,-4.7,43.5,2.6,45.3,291.8,10107377000000.0,4006176000000.0,-2592035000000.0,-4453265000000.0,944099000000.0,9119891000000.0,987486000000.0,301172723000000.0,0.0907836225880614,7140000000000.0,21.693636681181168,178.22482087656658,25.7,-2.0,154.5,19.2,6.6,-10.0,8.0,10.8,8.4,178.2,False
VPB,Private_1,2022-Q2,13286489000000.0,10465653000000.0,1538007000000.0,-3524036000000.0,-5585723000000.0,4176730000000.0,392504254000000.0,0.0763274935607618,12003660000000.0,2893901000000.0,1282829000000.0,9859354000000.0,5430115000000.0,-2779469500000.0,-4670314000000.0,3020544500000.0,8779163000000.0,1080191000000.0,339470362000000.0,0.07650305786438039,2144306000000.0,-1253385000000.0,-744566500000.0,-915409000000.0,-1737715500000.0,1686490000000.0,457816000000.0,14.49063692667725,False,-23.082107837495155,39.5,-30.6,-32.0,31.1,8.4,-13.7,-16.8,7.2,23.9,-23.1,39.5,-30.6,-32.0,-23.1,31.1,8.4,-13.7,-16.8,7.2,23.9,-23.082107837495155,11136933000000.0,11146176000000.0,-2990976000000.0,-4132443000000.0,7132662000000.0,9887714000000.0,1249219000000.0,374457058000000.0,0.0763398172628779,-6969446000000.0,4.706155504229658,-62.52768662543997,7.8,-17.8,-52.5,5.2,2.6,-4.8,-13.1,2.4,2.8,-62.5,10316761000000.0,5031158000000.0,-2816551000000.0,-4199237000000.0,1730185000000.0,9231836000000.0,1084925000000.0,310852523000000.0,0.0890811776204383,-854428000000.0,23.217727807576097,-16.982730417132597,33.5,-41.6,-8.9,24.5,9.0,-14.1,-27.6,11.6,12.9,-17.0,False
VPB,Private_1,2022-Q3,13473138000000.0,10384901000000.0,1769456000000.0,-3536223000000.0,-5422915000000.0,4514000000000.0,402647324000000.0,0.0743404560228424,12154357000000.0,3195219000000.0,1318781000000.0,10281078750000.0,5216508000000.0,-2956340750000.0,-5016935500000.0,2908705500000.0,9087617250000.0,1193461500000.0,359883294750000.0,0.07331463684946124,1873278250000.0,-702508000000.0,-579882250000.0,-405979500000.0,-1589924500000.0,1297283750000.0,575994500000.0,11.21634415680308,False,-13.467016632582563,35.9,-18.9,-30.5,24.9,11.0,-11.1,-7.8,5.6,19.3,-13.5,35.9,-18.9,-30.5,-13.5,24.9,11.0,-11.1,-7.8,5.6,19.3,-13.467016632582563,12003660000000.0,4176730000000.0,-3524036000000.0,-5585723000000.0,1282829000000.0,10465653000000.0,1538007000000.0,392504254000000.0,0.0763274935607618,337270000000.0,2.5512292953029894,8.07497731478932,3.6,3.6,0.9,-1.9,5.5,-0.3,3.9,1.3,-3.2,8.1,8264776000000.0,2698371000000.0,-2455568000000.0,-4978670000000.0,1867833000000.0,7474232000000.0,790544000000.0,317290648000000.0,0.069092483880708,1815629000000.0,23.7122305864428,67.2861144742513,144.1,-56.5,-20.3,107.9,36.3,-40.0,-16.5,11.9,96.0,67.3,False
VPB,Private_1,2022-Q4,12767808000000.0,10282653000000.0,1881147000000.0,-4064846000000.0,-7320145000000.0,1382817000000.0,438338047000000.0,0.0722991730703414,12163800000000.0,778809000000.0,604008000000.0,11253474000000.0,5670415250000.0,-3226504500000.0,-5127996750000.0,2771442500000.0,9815284500000.0,1438189500000.0,381222463750000.0,0.07462662988499486,910326000000.0,-4287598250000.0,-838341500000.0,-2192148250000.0,-2167434500000.0,467368500000.0,442957500000.0,13.938100360089855,False,-75.6134791010235,16.0,-53.5,-38.3,8.2,7.8,-14.8,-38.6,7.0,1.2,-75.8,16.0,-53.5,-38.3,-75.8,8.2,7.8,-14.8,-38.6,7.0,1.2,-75.6134791010235,12154357000000.0,4514000000000.0,-3536223000000.0,-5422915000000.0,1318781000000.0,10384901000000.0,1769456000000.0,402647324000000.0,0.0743404560228424,-3131183000000.0,8.487834445339002,-69.36603898980948,0.2,-53.8,-15.8,-2.3,2.5,-11.7,-42.0,4.2,-6.5,-69.4,9718946000000.0,2844755000000.0,-2854783000000.0,-5370906000000.0,1351498000000.0,8522870000000.0,1196076000000.0,355281219000000.0,0.0714987526934973,-1461938000000.0,20.931152142669884,-51.39064699772037,85.9,-111.1,-26.3,61.9,24.1,-42.6,-68.5,10.5,51.4,-51.5,False
VPB,Private_1,2023-Q1,12358753000000.0,9533939000000.0,1668354000000.0,-3422919000000.0,-6386179000000.0,2549655000000.0,463469068000000.0,0.0624275905052304,11202293000000.0,1393195000000.0,1156460000000.0,11864687500000.0,5304930750000.0,-3529020250000.0,-5615306500000.0,2584570000000.0,10255230250000.0,1609457250000.0,401986670750000.0,0.07482673497920586,-662394500000.0,-2755275750000.0,106101250000.0,-770872500000.0,-1428110000000.0,-721291250000.0,58896750000.0,14.208097421319458,False,-51.93801540199182,-12.5,-12.5,-26.9,-13.6,1.1,2.0,-14.5,7.1,-20.7,-51.9,-12.5,-12.5,-26.9,-51.9,-13.6,1.1,2.0,-14.5,7.1,-20.7,-51.93801540199182,12163800000000.0,1382817000000.0,-4064846000000.0,-7320145000000.0,604008000000.0,10282653000000.0,1881147000000.0,438338047000000.0,0.0722991730703414,1166838000000.0,5.57348031125259,84.3812304881991,-69.5,114.0,39.9,-54.2,-15.4,46.4,67.5,2.8,-57.0,84.4,11136933000000.0,11146176000000.0,-2990976000000.0,-4132443000000.0,7132662000000.0,9887714000000.0,1249219000000.0,374457058000000.0,0.0763398172628779,-8596521000000.0,21.245789393133208,-77.1252939124593,0.6,-24.1,-53.6,-3.2,3.8,-3.9,-20.2,10.6,-13.8,-77.1,False
VPB,Private_1,2023-Q2,12781506000000.0,8762153000000.0,1657042000000.0,-3678666000000.0,-6490301000000.0,2612539000000.0,488644495000000.0,0.0526535787676276,10419195000000.0,250228000000.0,2362311000000.0,11881027500000.0,3155800500000.0,-3637006000000.0,-6178740500000.0,1090519500000.0,10166786500000.0,1714241000000.0,424239673250000.0,0.071348678289794,-1461832500000.0,-543261500000.0,-41660000000.0,-311560500000.0,1271791500000.0,-1404633500000.0,-57199000000.0,14.11018483833806,False,-17.214697190142406,-46.3,-11.2,40.3,-44.5,-1.8,-1.3,-9.9,7.1,-51.6,-17.2,-46.3,-11.2,40.3,-17.2,-44.5,-1.8,-1.3,-9.9,7.1,-51.6,-17.214697190142406,11202293000000.0,2549655000000.0,-3422919000000.0,-6386179000000.0,1156460000000.0,9533939000000.0,1668354000000.0,463469068000000.0,0.0624275905052304,62884000000.0,5.2883244138808685,2.4663729014317624,-12.3,-12.3,12.3,-12.3,-0.4,-10.0,-4.1,2.6,-14.9,-12.3,12003660000000.0,4176730000000.0,-3524036000000.0,-5585723000000.0,1282829000000.0,10465653000000.0,1538007000000.0,392504254000000.0,0.0763274935607618,-1564191000000.0,21.821568970984263,-37.45013443531183,-37.9,-25.4,25.8,-40.8,2.8,-3.7,-21.6,10.9,-51.7,-37.5,False
VPB,Private_1,2023-Q3,11262031000000.0,8836748000000.0,1889361000000.0,-3194749000000.0,-4950150000000.0,3117132000000.0,521566286000000.0,0.0494717103286671,10726109000000.0,2581210000000.0,535922000000.0,11484911250000.0,2764752750000.0,-3675663500000.0,-6404885000000.0,1360390000000.0,9740911500000.0,1743999750000.0,448274733500000.0,0.06543019959151045,-758802250000.0,352379250000.0,480914500000.0,1454735000000.0,-824468000000.0,-904163500000.0,145361250000.0,15.114137477456943,False,12.74541638488288,-27.4,63.7,-29.8,-32.7,5.3,17.4,52.6,7.6,-40.3,6.5,-27.4,63.7,-29.8,6.5,-32.7,5.3,17.4,52.6,7.6,-40.3,12.74541638488288,10419195000000.0,2612539000000.0,-3678666000000.0,-6490301000000.0,2362311000000.0,8762153000000.0,1657042000000.0,488644495000000.0,0.0526535787676276,504593000000.0,6.517806307196795,19.31427626534953,11.7,77.5,-69.9,2.9,8.9,18.5,58.9,3.3,-0.4,19.3,12154357000000.0,4514000000000.0,-3536223000000.0,-5422915000000.0,1318781000000.0,10384901000000.0,1769456000000.0,402647324000000.0,0.0743404560228424,-1396868000000.0,25.734085867876367,-30.945237040319007,-31.6,18.0,-17.3,-34.3,2.7,7.6,10.5,12.9,-47.2,-30.9,True
VPB,Private_1,2023-Q4,13341140000000.0,11041836000000.0,1881068000000.0,-3615483000000.0,-7017806000000.0,2707851000000.0,566271290000000.0,0.0585790730146966,12922904000000.0,2289615000000.0,418236000000.0,11127849250000.0,2415535750000.0,-3590295000000.0,-6286693750000.0,1164675250000.0,9353873250000.0,1773976000000.0,478004474000000.0,0.05921301316796662,1795054750000.0,292315250000.0,-25188000000.0,-731112250000.0,-746439250000.0,1687962750000.0,107092000000.0,16.90488643764024,False,12.101466517314016,60.5,-31.3,-30.9,60.5,4.4,-1.0,-30.3,8.5,52.0,-1.7,60.5,-31.3,-30.9,-1.7,60.5,4.4,-1.0,-30.3,8.5,52.0,12.101466517314016,10726109000000.0,3117132000000.0,-3194749000000.0,-4950150000000.0,535922000000.0,8836748000000.0,1889361000000.0,521566286000000.0,0.0494717103286671,-409281000000.0,8.219058614316518,-13.130050315482308,65.7,-65.7,-3.8,65.7,-0.3,-13.5,-65.7,4.1,61.6,-3.8,12163800000000.0,1382817000000.0,-4064846000000.0,-7320145000000.0,604008000000.0,10282653000000.0,1881147000000.0,438338047000000.0,0.0722991730703414,1325034000000.0,25.469252233318635,95.82135597118057,54.9,54.3,-13.4,54.9,-0.0,32.5,21.8,12.7,42.2,95.8,True
VPB,Private_1,2024-Q1,13410612000000.0,11323398000000.0,1553831000000.0,-3466567000000.0,-5762193000000.0,4181852000000.0,582691308000000.0,0.0580191196433503,12877229000000.0,3648469000000.0,533383000000.0,11317625250000.0,2746794250000.0,-3477954250000.0,-6211109000000.0,1118232250000.0,9543669000000.0,1773956250000.0,509987784750000.0,0.05578298815405543,1559603750000.0,1435057750000.0,11387250000.0,448916000000.0,-584849250000.0,1779729000000.0,-220125250000.0,13.307388003008903,False,52.24482139497707,56.8,16.8,-21.3,64.8,-8.0,0.4,16.4,6.7,58.1,52.3,56.8,16.8,-21.3,52.3,64.8,-8.0,0.4,16.4,6.7,58.1,52.24482139497707,12922904000000.0,2707851000000.0,-3615483000000.0,-7017806000000.0,418236000000.0,11041836000000.0,1881068000000.0,566271290000000.0,0.0585790730146966,1474001000000.0,2.8582336846442757,54.43434664610424,-1.7,51.9,4.2,10.4,-12.1,5.5,46.4,1.4,9.0,54.4,11202293000000.0,2549655000000.0,-3422919000000.0,-6386179000000.0,1156460000000.0,9533939000000.0,1668354000000.0,463469068000000.0,0.0624275905052304,1632197000000.0,22.79234479437023,64.0163865307267,65.7,22.8,-24.5,70.2,-4.5,-1.7,24.5,11.4,58.8,64.0,False
VPB,Private_1,2024-Q2,16137032000000.0,12408240000000.0,1883037000000.0,-3331107000000.0,-8313437000000.0,4492488000000.0,624277460000000.0,0.0615963589874263,14291277000000.0,2646733000000.0,1845755000000.0,11736359250000.0,3154843500000.0,-3488866250000.0,-6055112500000.0,962463000000.0,9991033750000.0,1745325500000.0,539793344750000.0,0.054680870438585404,2554917750000.0,1337644500000.0,157759250000.0,-2258324500000.0,883292000000.0,2417206250000.0,137711500000.0,14.51528805726626,False,42.399710159949294,81.0,-66.6,28.0,76.6,4.4,5.0,-71.6,7.3,69.3,42.4,81.0,-66.6,28.0,42.4,76.6,4.4,5.0,-71.6,7.3,69.3,42.399710159949294,12877229000000.0,4181852000000.0,-3466567000000.0,-5762193000000.0,533383000000.0,11323398000000.0,1553831000000.0,582691308000000.0,0.0580191196433503,310636000000.0,6.891007141619758,7.428192102446476,33.8,-37.1,31.4,25.9,7.9,3.2,-37.1,3.4,22.5,28.1,10419195000000.0,2612539000000.0,-3678666000000.0,-6490301000000.0,2362311000000.0,8762153000000.0,1657042000000.0,488644495000000.0,0.0526535787676276,1879949000000.0,24.37420960034884,71.95869611898617,148.2,-56.5,-19.8,139.5,8.6,13.3,-69.8,12.2,127.3,71.9,False
VPB,Private_1,2024-Q3,15063007000000.0,12155772000000.0,1147565000000.0,-3750960000000.0,-6125121000000.0,5186926000000.0,635344648000000.0,0.0584149710349794,13303337000000.0,3427256000000.0,1759670000000.0,12704379750000.0,3624830750000.0,-3401976500000.0,-6510896500000.0,833324000000.0,10902555500000.0,1801824250000.0,573701586000000.0,0.056916565493535076,598957250000.0,1562095250000.0,-348983500000.0,385775500000.0,926346000000.0,1253216500000.0,-654259250000.0,10.196973493074873,False,43.09429481638556,16.5,1.0,25.6,34.6,-18.1,-9.6,10.6,5.1,29.5,43.1,16.5,1.0,25.6,43.1,34.6,-18.1,-9.6,10.6,5.1,29.5,43.09429481638556,14291277000000.0,4492488000000.0,-3331107000000.0,-8313437000000.0,1845755000000.0,12408240000000.0,1883037000000.0,624277460000000.0,0.0615963589874263,694438000000.0,1.7572235243746612,15.457759709096608,-22.0,39.4,-1.9,-5.6,-16.4,-9.4,48.7,0.9,-6.5,15.5,10726109000000.0,3117132000000.0,-3194749000000.0,-4950150000000.0,535922000000.0,8836748000000.0,1889361000000.0,521566286000000.0,0.0494717103286671,2069794000000.0,19.66933817569054,66.40058874632194,82.7,-55.5,39.2,106.5,-23.8,-17.9,-37.7,9.8,96.7,66.4,False
VPB,Private_1,2024-Q4,17644405000000.0,13192997000000.0,1541890000000.0,-3791098000000.0,-7701873000000.0,6151434000000.0,692875738000000.0,0.0604357965099401,14734887000000.0,3241916000000.0,2909518000000.0,13348686750000.0,4142279250000.0,-3541029250000.0,-6804639250000.0,1139261000000.0,11732311500000.0,1616375250000.0,602146176500000.0,0.05915238067011315,1386200250000.0,2009154750000.0,-250068750000.0,-897233750000.0,1770257000000.0,1460685500000.0,-74485250000.0,14.012050372912821,False,48.503604627814504,33.5,-27.7,42.7,35.3,-1.8,-6.0,-21.7,7.0,28.3,48.5,33.5,-27.7,42.7,48.5,35.3,-1.8,-6.0,-21.7,7.0,28.3,48.503604627814504,13303337000000.0,5186926000000.0,-3750960000000.0,-6125121000000.0,1759670000000.0,12155772000000.0,1147565000000.0,635344648000000.0,0.0584149710349794,964508000000.0,8.662883148971634,18.594982847258663,27.6,-31.2,22.2,20.0,7.6,-0.8,-30.4,4.3,15.7,18.6,12922904000000.0,2707851000000.0,-3615483000000.0,-7017806000000.0,418236000000.0,11041836000000.0,1881068000000.0,566271290000000.0,0.0585790730146966,3443583000000.0,20.109557531354472,127.1703280571937,66.9,-31.8,91.9,79.5,-12.5,-6.5,-25.3,10.1,69.4,127.0,False
VPB,Private_1,2025-Q1,15566088000000.0,13355764000000.0,1168799000000.0,-3873901000000.0,-6677305000000.0,5014882000000.0,729968910000000.0,0.0573108734977159,14524563000000.0,3973357000000.0,1041525000000.0,13801682500000.0,5003175000000.0,-3584933000000.0,-6975656000000.0,1762081500000.0,12270101750000.0,1531580750000.0,633797288500000.0,0.05961656154392402,722880500000.0,11707000000.0,-288968000000.0,298351000000.0,-720556500000.0,1085662250000.0,-362781750000.0,14.103828296342687,True,0.23399141545118848,6.2,0.2,-6.2,6.2,-6.2,-6.2,6.2,7.1,-0.9,0.2,6.2,0.2,-6.2,0.2,6.2,-6.2,-6.2,6.2,7.1,-0.9,0.23399141545118848,14734887000000.0,6151434000000.0,-3791098000000.0,-7701873000000.0,2909518000000.0,13192997000000.0,1541890000000.0,692875738000000.0,0.0604357965099401,-1136552000000.0,5.213945465113069,-18.4762122132823,-3.4,15.3,-30.4,2.6,-6.1,-1.3,16.6,2.6,0.0,-18.5,12877229000000.0,4181852000000.0,-3466567000000.0,-5762193000000.0,533383000000.0,11323398000000.0,1553831000000.0,582691308000000.0,0.0580191196433503,833030000000.0,22.439562040570653,19.920121515539048,39.4,-31.6,12.2,48.6,-9.2,-9.7,-21.9,11.2,37.4,20.0,True
VPB,Private_1,2025-Q2,16534631000000.0,13478566000000.0,1343252000000.0,-4404427000000.0,-5915679000000.0,6214525000000.0,829126712000000.0,0.0527071365390084,14821818000000.0,4501712000000.0,1712813000000.0,14213516000000.0,5211432500000.0,-3686766500000.0,-7204434000000.0,1889117000000.0,12778193250000.0,1435322750000.0,670616689000000.0,0.059439500007515425,608302000000.0,1003092500000.0,-717660500000.0,1288755000000.0,-176304000000.0,700372750000.0,-92070750000.0,21.138285775327777,False,19.24792271606703,11.7,11.0,-3.4,13.4,-1.8,-13.8,24.7,10.6,2.8,19.3,11.7,11.0,-3.4,19.3,13.4,-1.8,-13.8,24.7,10.6,2.8,19.24792271606703,14524563000000.0,5014882000000.0,-3873901000000.0,-6677305000000.0,1041525000000.0,13355764000000.0,1168799000000.0,729968910000000.0,0.0573108734977159,1199643000000.0,12.719912826488585,23.921659572448565,5.9,4.6,13.4,2.4,3.5,-10.6,15.2,6.4,-4.0,23.9,14291277000000.0,4492488000000.0,-3331107000000.0,-8313437000000.0,1845755000000.0,12408240000000.0,1883037000000.0,624277460000000.0,0.0615963589874263,1722037000000.0,28.18889004812902,38.33147690099562,11.8,29.5,-3.0,23.8,-12.0,-23.9,53.4,14.1,9.7,38.3,False
